,DatasetID,Exp_Name,Condition,Level,Triplicate,Exp1ImputeRMSEAcc,Exp2ImputeModel,Exp2train_explained_var,Exp2train_r2,Exp2train_rmse,Exp2ori_explained_var,Exp2ori_r2,Exp2ori_rmse,Exp2impute_explained_var,Exp2impute_r2,Exp2impute_rmse,Exp2RegressorModel,Exp2duration,Exp2inference_duration,Exp3train_explained_var,Exp3train_r2,Exp3train_rmse,Exp3ori_explained_var,Exp3ori_r2,Exp3ori_rmse,Exp3impute_explained_var,Exp3impute_r2,Exp3impute_rmse,Exp3ImputeModel,Exp3TrainRMSEAcc,Exp3ImputeRMSEAcc,Exp3RegressorModel,Exp3duration,Exp3inference_duration
0,189,reg_simple_,MAR_,0.01_,1/,0.2921813419749239,SimpleImputer,0.9521313804313459,0.9517239509566588,0.058156173217845546,0.931185130160353,0.9310761502607859,0.06803414645901401,0.9208911930221076,0.9207943720500312,0.07293234838342055,MLPRegressor,12875.505339622498,0.05139279365539551,0.9648979442088584,0.9633204549331789,0.05069229245818987,0.9288496234745754,0.9277646489550152,0.06964935051651747,0.9210203540017731,0.92009768353714,0.07325240067239079,SimpleImputer,0.29772567861585725,0.28336231556752506,MLPRegressor,7831.87567448616,0.028229951858520508
1,189,reg_simple_,MAR_,0.1_,1/,0.27999770371949906,SimpleImputer,0.8872569420266949,0.8872030139417719,0.08889528143820667,0.8997666746886294,0.8996422260935933,0.08209518517991973,0.8245998193361728,0.8245007938823916,0.10856247986481699,MLPRegressor,12013.963321208954,0.05216693878173828,0.8793059040916136,0.8793036486469716,0.09195535647232905,0.9060556694455737,0.9058505894508033,0.0795153508931817,0.8269436929236488,0.8268330092342406,0.10783872193399767,SimpleImputer,0.2924120369764086,0.27854135848942707,MLPRegressor,7413.60248541832,0.027170181274414062
2,189,reg_simple_,MAR_,0.3_,1/,0.2802271480563471,SimpleImputer,0.6722319287722074,0.6692132275478502,0.1522313254840109,0.8406338001650661,0.8406163210573421,0.10345800526395611,0.604961382753898,0.6047722885537674,0.16291679992606106,MLPRegressor,12895.991881132126,0.08173608779907227,0.6746805378028746,0.6729860901169031,0.15136068155597865,0.8592423104033494,0.8521335734306097,0.0996499226446745,0.6259287335603714,0.6193519935004517,0.15988361418166372,SimpleImputer,0.2869275982036304,0.2938368838748942,MLPRegressor,8589.971301794052,0.029506683349609375
3,189,reg_simple_,MAR_,0.5_,1/,0.2827685041961467,SimpleImputer,0.5994323755107395,0.5983622384487711,0.16774409098509527,0.7868843072583512,0.7771995494685429,0.12232077090313045,0.5133553987457503,0.5082072206982136,0.18173277204108348,MLPRegressor,10759.751243591309,0.04923892021179199,0.4180983418004328,0.4180966972248781,0.2019088580865717,0.7391429958299539,0.7377725520664777,0.13270315591424336,0.41167085354727373,0.4110189259697249,0.19888079482010165,SimpleImputer,0.2888971897248449,0.28968698304540447,MLPRegressor,7283.505591392517,0.025101900100708008
4,189,reg_simple_,MNAR_,0.01_,1/,0.28058234977210583,SimpleImputer,0.94097356691742,0.9408444626420891,0.06437654476359712,0.9259690490223336,0.9259540871011256,0.07051682060834974,0.9010797430369932,0.9010620230512901,0.0815124018023427,MLPRegressor,10250.900631904602,0.07427191734313965,0.9461417249296048,0.9461362512181076,0.06142967950312253,0.9289131843380425,0.9288309497971947,0.06913337547729254,0.912837754324977,0.9127970451848925,0.07652578223810104,SimpleImputer,0.2936035200080718,0.2650543640485756,MLPRegressor,7278.606927871704,0.023934125900268555
5,189,reg_simple_,MNAR_,0.1_,1/,0.274131431085321,SimpleImputer,0.7777134675549439,0.7738014597034266,0.12588525400104006,0.8960544587978096,0.8943316766392156,0.08423926819511844,0.7153002245076321,0.711736348979122,0.13913523265945177,MLPRegressor,13380.299926519394,0.07613730430603027,0.7459911418112104,0.7449796568787739,0.1336648989454988,0.8755520228833827,0.8729604204482797,0.092365907380192,0.7042865060051235,0.7004349282577609,0.14183642114228162,SimpleImputer,0.2903080336698366,0.2891710456432881,MLPRegressor,10831.471890211105,0.013310909271240234
6,189,reg_simple_,MNAR_,0.3_,1/,0.26564522792726347,SimpleImputer,0.4933115364073586,0.49210067742337016,0.18863348061441015,0.7481511499431277,0.7479876603864868,0.1300927458072227,0.4209342346875229,0.4191117673250315,0.19750971691951416,MLPRegressor,10823.312502384186,0.022927284240722656,0.5172450383073259,0.5172434182876884,0.18390522285916225,0.7977424781092923,0.7968720600278785,0.11679574176053333,0.4347970778016864,0.4347214223402308,0.19483790034466292,SimpleImputer,0.28600373014216274,0.2862937840565454,MLPRegressor,4787.489459037781,0.026782989501953125
7,189,reg_simple_,MNAR_,0.5_,1/,0.27758744666466334,SimpleImputer,0.3174285752059416,0.31741810284968475,0.21867913360441124,0.6063321240304609,0.6035251496123166,0.16317363901989426,0.20873146314944457,0.20868377309583297,0.23052456591099227,MLPRegressor,11348.168682575226,0.09395360946655273,0.3047268240296038,0.3040870435595098,0.22080424708561266,0.595627350881137,0.5914944506979114,0.16563082207126936,0.22607854384295234,0.22546588243720433,0.22806700191683746,SimpleImputer,0.28855319992430384,0.28934764455697454,MLPRegressor,2546.1769666671753,0.010213375091552734
8,189,reg_simple_,MCAR_,0.01_,1/,0.2872527405936499,SimpleImputer,0.939571250623764,0.9394204300569059,0.06514679495706062,0.9283485095557488,0.927757612183807,0.0696527428625226,0.9140912917478228,0.9135251434327285,0.07620563780790605,MLPRegressor,13045.495557546616,0.036835432052612305,0.9538479976810111,0.9537415254655383,0.056927959178947544,0.9239002445784128,0.9229503485190278,0.07193289122780883,0.9013888478227602,0.900624681190785,0.0816923603897141,SimpleImputer,0.28544961903940136,0.27284907931779906,MLPRegressor,6127.273964643478,0.027709007263183594
9,189,reg_simple_,MCAR_,0.1_,1/,0.2738871441466242,SimpleImputer,0.7563487994262635,0.7563336917943746,0.13065550208270799,0.8881594647751989,0.8873343107505614,0.08698372781866466,0.7032392016346349,0.702610336808204,0.14132048253052723,MLPRegressor,8073.264157295227,0.08346343040466309,0.8089078870401949,0.8088231998687134,0.11573042703268903,0.8928316577869985,0.8928011533468299,0.08484714501937013,0.6978784208101035,0.6977681186225396,0.14246635546003428,SimpleImputer,0.2885281815347589,0.29315323034010543,MLPRegressor,5039.730956792831,0.043198585510253906
10,189,reg_simple_,MCAR_,0.3_,1/,0.27696117935526926,SimpleImputer,0.4624101108613067,0.46209807482017595,0.19412501881923935,0.7322798689243786,0.7266562055636077,0.13548673792654323,0.4189811896736213,0.41864220452823686,0.19758952958838089,MLPRegressor,10064.488223075867,0.15934991836547852,0.4555492639650872,0.4547305034382112,0.19544994972600604,0.7955579106420787,0.7846765219505203,0.1202507711798433,0.3985874940167454,0.3933393664838635,0.2018436468422991,SimpleImputer,0.28934822289328427,0.290915448445258,MLPRegressor,6641.24619102478,0.010741949081420898
11,189,reg_simple_,MCAR_,0.5_,1/,0.26684078303314696,SimpleImputer,0.30517613561410506,0.3014490187914217,0.22122235692027503,0.6474019048592929,0.6473190504043227,0.1538980715489429,0.2438385922489682,0.24060972502386335,0.2258263903140991,MLPRegressor,9187.636180877686,0.06794428825378418,0.30385639794752817,0.30055559819203626,0.22136377927984097,0.6555997861480339,0.6555424305316544,0.15209328618802057,0.25568194815988665,0.2539142779615543,0.2238394044048762,SimpleImputer,0.28777832943112486,0.2898532289050326,MLPRegressor,4160.33282995224,0.01548004150390625
12,189,reg_full_,MAR_,0.01_,1/,0.28416827778111897,IterativeImputer,0.953540755553026,0.9528973616134772,0.057445045612157325,0.9269678684294184,0.9256996734892278,0.07063786074684213,0.9144012251037403,0.9129635675472524,0.07645268068152429,MLPRegressor,12640.794567346573,0.06998157501220703,0.9557249701016919,0.955692237076166,0.055714709850643133,0.9326667823368603,0.9325785895051343,0.0672885382723022,0.9218971102541162,0.9218322196207085,0.072452949036475,SimpleImputer,0.28884607282732927,0.3079325165512475,MLPRegressor,10653.776366472244,0.02030038833618164
13,189,reg_full_,MAR_,0.1_,1/,0.2812620274875946,KNNImputer,0.9183874617404927,0.9183228158657858,0.07564501962965872,0.9229189220427857,0.9227223968040335,0.07203921952194535,0.8501672662730692,0.8499071251413863,0.10039734201609787,MLPRegressor,13575.436233758926,0.047295331954956055,0.8528347431898309,0.8528293218624015,0.1015408061528874,0.8990378278375576,0.8989115745969966,0.08239348887478018,0.7997192574069165,0.7996463200731506,0.11599541924484637,IterativeImputer,0.29051064947383565,0.293373122856786,MLPRegressor,11194.24602651596,0.02892923355102539
14,189,reg_full_,MAR_,0.3_,1/,0.2708960535793502,VAE,0.01350238663571135,0.013162455534765582,0.26293765991833784,0.006020079259805522,0.004977652932177334,0.25849883753917846,0.004782015843677767,0.0047250680230932485,0.25853164522559385,AdaBoostRegressor,3205.2350463867188,0.13282108306884766,0.6033570697206282,0.6027733370193098,0.16682039971125898,0.8474264165891299,0.8459900570453908,0.10169897062690882,0.6644134073710741,0.6637377741963966,0.1502730907219228,IterativeImputer,0.2893195370410494,0.29110101313030523,MLPRegressor,9119.333119869232,0.05369377136230469
15,189,reg_full_,MAR_,0.5_,1/,0.23157042780759668,VAE,0.03735414793711245,0.037152053755521,0.2597220461644282,-0.003615001272061491,-0.0047148886347081476,0.25975480867895917,0.0006652033687317704,-0.0010896164140967723,0.25928575377744734,AdaBoostRegressor,2039.5516192913055,0.13242864608764648,0.4269538078172854,0.4268052266009098,0.20039231958596507,0.7645882963684754,0.7642646128037904,0.12582141577856373,0.5740298997511726,0.572037119758031,0.1695294792475205,SimpleImputer,0.2877531254873699,0.28748836502557273,MLPRegressor,8638.018401145935,0.008907079696655273
16,189,reg_full_,MNAR_,0.01_,1/,0.2851336685292285,SimpleImputer,0.930562752864328,0.930552114601104,0.06975245133707889,0.9213243501633526,0.9213197375524421,0.07269006832376766,0.892567283031148,0.8925198337889644,0.08495840331530409,MLPRegressor,12207.93372797966,0.05109238624572754,0.9393987172620465,0.9393173976721275,0.06520217153098742,0.9258744665861599,0.9255615430643055,0.0707034910577165,0.9007530811022618,0.9004329716167653,0.08177112069903139,IterativeImputer,0.2842670841651859,0.2822616506187478,MLPRegressor,2060.5679800510406,0.028154611587524414
17,189,reg_full_,MNAR_,0.1_,1/,0.27529523490171065,KNNImputer,0.7693788409781925,0.7645786010589263,0.1284259921554577,0.8818267708625228,0.8795498644374007,0.08993853801714795,0.6840293800157704,0.6784663067329788,0.14694520586213025,MLPRegressor,11413.55075931549,0.10077404975891113,0.7269908926926645,0.7266998042503481,0.13837254632907145,0.8775360395065425,0.875657946419645,0.09138000868076272,0.7209322281145947,0.7206755613310225,0.13696091364662452,IterativeImputer,0.28890150092829076,0.2898398221024694,MLPRegressor,10003.981341123581,0.025502681732177734
18,189,reg_full_,MNAR_,0.3_,1/,0.24167178329051162,VAE,0.01926125815473767,0.018345171187010068,0.26224629736352895,0.01820616202594194,0.017100433537061477,0.25691931112458083,-0.014644567363648164,-0.014920151306345497,0.26107068873415823,AdaBoostRegressor,2543.2475056648254,0.1159665584564209,0.49783624830114803,0.4965082767243101,0.18781320736620197,0.7758098277851044,0.7696231411130303,0.12438316496889791,0.41797093834350596,0.4128172196873424,0.19857694847341417,SimpleImputer,0.2880047383481687,0.2898789933808213,MLPRegressor,10329.375928401947,0.018726348876953125
19,189,reg_full_,MNAR_,0.5_,1/,0.2038924863437755,VAE,0.059126532445048174,0.059126532445048174,0.25674120331516054,0.010879506681098494,0.006099462948087608,0.2583530778151264,0.004867574688299348,0.004840035519932395,0.2585167128719583,LGBMRegressor,2694.3786237239838,0.01155710220336914,0.3455618356071066,0.34518369904625423,0.21418532054162767,0.6809893609113846,0.679521146310099,0.1467039699369636,0.21674619186459265,0.2165787177004168,0.22937171394426106,SimpleImputer,0.28789175086266544,0.29022237177824606,MLPRegressor,4943.24457859993,0.020927906036376953
20,189,reg_full_,MCAR_,0.01_,1/,0.277698384292629,SimpleImputer,0.9457211178700513,0.9454260512017568,0.06183333217022467,0.9273436045914161,0.9272730319062416,0.06988595729085902,0.8969904204915456,0.8968346332889878,0.08323560493991541,MLPRegressor,13446.942538022995,0.044722795486450195,0.9461043351604074,0.9458400796626395,0.06159833451665519,0.9285759845792806,0.9278060236744861,0.06962940090001209,0.9049064398061395,0.9042409552078324,0.0801921910715075,KNNImputer,0.29332129352857345,0.30046775348012333,MLPRegressor,10245.574268102646,0.10038065910339355
21,189,reg_full_,MCAR_,0.1_,1/,0.27777234819177044,VAE,0.007860146605898066,0.007860124111175537,0.2636430859565735,0.013281458664936241,0.013099332007919351,0.2574417023611038,0.006460098988630869,0.006241798400878906,0.25833457708358765,ARDRegression,2769.329569578171,0.008703470230102539,0.7706474638821987,0.7706441891730778,0.1267607602853051,0.8851164281115014,0.8850636644601739,0.0878558834900613,0.722221327504778,0.7221703488068738,0.13659395311267708,SimpleImputer,0.28723713881292373,0.28759126004523505,MLPRegressor,10495.910816669464,0.029178142547607422
22,189,reg_full_,MCAR_,0.3_,1/,0.2611733079281252,KNNImputer,0.4831724067120996,0.48316022287367233,0.19028647752576539,0.7925124651093178,0.784766257070888,0.1202257115764867,0.4247048975420342,0.42341718143175644,0.19677640660976148,MLPRegressor,11214.23783159256,0.10214757919311523,0.5019727061157319,0.5018250000644573,0.18681894973698637,0.7962249282000821,0.7910217992403002,0.11846571227617679,0.38538894995746265,0.383091585985178,0.2035412905997502,SimpleImputer,0.2903224112524386,0.28841647444429747,MLPRegressor,8787.047958135605,0.0181577205657959
23,189,reg_full_,MCAR_,0.5_,1/,0.20523499225973504,VAE,0.006228155192496754,0.006228148937225342,0.2638598382472992,0.0167823882471565,0.016603428710582513,0.2569842587572776,-0.0002631473937624307,-0.0003794431686401367,0.2591937780380249,ARDRegression,1472.098133802414,0.024412870407104492,0.2766464455523989,0.27468242423117584,0.2242344952845173,0.7052284162377104,0.6890447269958888,0.14762987951837228,0.2618438875872088,0.257672161651482,0.22809889228268587,SimpleImputer,0.2883352035843106,0.28735293043471655,MLPRegressor,7842.878807783127,0.022336483001708984
24,189,reg_simple_,MAR_,0.01_,2/,0.29000603679653425,SimpleImputer,0.9459244357274268,0.9457938108276156,0.06162464063668736,0.931713408050532,0.9317057419958811,0.0677227012694519,0.912138909186494,0.9121012192898814,0.07683048991641883,MLPRegressor,12977.6156873703,0.13029050827026367,0.9461046449787802,0.9461036404970704,0.061448272370027035,0.930724990035931,0.9305590185545118,0.0682888976627489,0.9221599805057994,0.9219661980643844,0.07239083075484752,SimpleImputer,0.2830399309902551,0.2670238005670306,MLPRegressor,6913.014851331711,0.027037382125854492
25,189,reg_simple_,MAR_,0.1_,2/,0.2819737638129277,SimpleImputer,0.8788867037380207,0.8766065998160211,0.09297708525706475,0.9078215866810038,0.9063416863225789,0.07930769799677538,0.8174647508936804,0.8171172571756061,0.11082265243714766,MLPRegressor,12888.232158899307,0.21248984336853027,0.8629546351367303,0.8621987449532471,0.09825542714912823,0.9068727962909794,0.9057353980723074,0.07956397935985857,0.7977781057431877,0.7955301158863332,0.1171809062835018,SimpleImputer,0.2869033889445882,0.296107982509772,MLPRegressor,11824.736292362213,0.027645111083984375
26,189,reg_simple_,MAR_,0.3_,2/,0.2859849012660057,SimpleImputer,0.5525527566362205,0.5514304933469538,0.1772739146737064,0.8201930715458825,0.8120260311669896,0.11235464520889188,0.6023406703777492,0.5986753538925589,0.1641685993201254,MLPRegressor,12293.87785577774,0.1686387062072754,0.7618420543397373,0.760370702354322,0.1295686455658796,0.8776980642061594,0.8699640273957754,0.09344884377022522,0.7067785885075692,0.6978723854309563,0.14244177864585708,SimpleImputer,0.2894263331969554,0.28596793907206663,MLPRegressor,8242.954902887344,0.025473833084106445
27,189,reg_simple_,MAR_,0.5_,2/,0.2772901875475709,SimpleImputer,0.6079251490176814,0.6070626432953148,0.16591728067561445,0.7864342415827427,0.7770090282551695,0.12237305922141059,0.4412499642795432,0.4398595044955369,0.19395039246131063,MLPRegressor,11104.405413866043,0.04499483108520508,0.6139197923172707,0.6130325857608601,0.16465205644143827,0.8476669392774397,0.8471381860615409,0.10131918355934492,0.5055169027498408,0.5023815658156789,0.18280598374522605,SimpleImputer,0.2872105980841863,0.28815080394081527,MLPRegressor,10271.777615785599,0.030035018920898438
28,189,reg_simple_,MNAR_,0.01_,2/,0.2879959848937308,SimpleImputer,0.9398108642022772,0.9398098289239217,0.06493707916060033,0.9262692617775186,0.9262606325444359,0.07037070160953285,0.9058497452520662,0.9058362363496755,0.07952141172973759,MLPRegressor,12049.886294603348,0.07021760940551758,0.9414862648161039,0.9414803703941165,0.06402959367322685,0.9265057764764713,0.9263405100494717,0.07033257706815563,0.9017703924944904,0.9016654561462705,0.08126344527621997,SimpleImputer,0.2904974965822429,0.2847257101265556,MLPRegressor,7299.356471538544,0.02549266815185547
29,189,reg_simple_,MNAR_,0.1_,2/,0.2766563979646969,SimpleImputer,0.774446915067078,0.774446422089436,0.1257056568831413,0.8880897867896173,0.8877290926699225,0.08683119807485395,0.712761330262304,0.7127569768346997,0.13888870276774512,MLPRegressor,10238.625223636627,0.07325124740600586,0.7832777880028492,0.7831540770726824,0.12325529686857536,0.8890060067848221,0.888845409217951,0.08639843566575571,0.7040443653936816,0.7040398641991314,0.14098041546345974,SimpleImputer,0.2900771766791,0.2949761910312844,MLPRegressor,8837.09017276764,0.027714967727661133
30,189,reg_simple_,MNAR_,0.3_,2/,0.27366941557819696,SimpleImputer,0.5010784632939398,0.4990400277013822,0.18734041357279,0.7844027874187456,0.784374452816834,0.12033508923964314,0.40097764771636013,0.39932520722133136,0.20084539596801598,MLPRegressor,10013.267574071884,0.14307785034179688,0.4640048111267987,0.4637168728414556,0.19383269231072942,0.7525884000258585,0.7492215926105701,0.1297738673546241,0.3782568150607707,0.3781986350724429,0.20434688066564077,SimpleImputer,0.2883379734893021,0.2903371400331032,MLPRegressor,9374.286505937576,0.03665876388549805
31,189,reg_simple_,MNAR_,0.5_,2/,0.2667636554074718,SimpleImputer,0.3085498448652916,0.30222464299888585,0.22109950756813437,0.6398969037460291,0.6398247763470899,0.15552460048112396,0.20444672904659356,0.1983773242490453,0.2320209357455064,MLPRegressor,9717.051131248474,0.07100176811218262,0.24389023932951182,0.24214260902312512,0.23042187524113147,0.5509116512493353,0.5039984481975351,0.1825087517254557,0.20257449002312,0.19816959028278613,0.23205099696291565,SimpleImputer,0.2880940656329803,0.28769681225422256,MLPRegressor,1328.7782309055328,0.03260016441345215
32,189,reg_simple_,MCAR_,0.01_,2/,0.29067237519064015,SimpleImputer,0.9266783757657184,0.9266639839619171,0.07167845210523452,0.9232117151153023,0.9229628101603444,0.07192707395206525,0.905053574297575,0.9048989714271518,0.07991619247099153,MLPRegressor,13519.659808397293,0.10912561416625977,0.9485889786568309,0.948498867252233,0.06006733335042454,0.926350182569005,0.9261457886664707,0.07042547899877938,0.910675219074911,0.9104673301014078,0.07754127626852651,SimpleImputer,0.29577801199307563,0.27216379474134633,MLPRegressor,11953.536549568176,0.030270099639892578
33,189,reg_simple_,MCAR_,0.1_,2/,0.27620221105529963,SimpleImputer,0.7647791723249028,0.7646951733209868,0.1283941922379397,0.8855691130304231,0.8855260767442612,0.08767897431998217,0.733837603799579,0.7337680157356112,0.13371258707672576,MLPRegressor,12764.677790641785,0.04744243621826172,0.7257069160245324,0.7256880965106457,0.13862842477468482,0.8851397442621243,0.8840212428986773,0.08825339115895509,0.7202999784049957,0.7201373199941954,0.13709280784684733,SimpleImputer,0.2867603709422142,0.289057230751392,MLPRegressor,8055.345618724823,0.010550498962402344
34,189,reg_simple_,MCAR_,0.3_,2/,0.27180234757149424,SimpleImputer,0.46304736983212835,0.46122761971181403,0.19428202588707635,0.7526302231306627,0.7524543664680449,0.12893469944142955,0.43439553562554756,0.4330116714315134,0.19513233283976206,MLPRegressor,10124.74031162262,0.05821728706359863,0.46188508698278796,0.4612165399757546,0.1942840235604723,0.7641068908352739,0.7626204020140641,0.1262594438835641,0.4266081440671907,0.42627434632978867,0.19628825394895458,SimpleImputer,0.2888718157537249,0.2902836569180402,MLPRegressor,6994.630637168884,0.015952110290527344
35,189,reg_simple_,MCAR_,0.5_,2/,0.27060600904953863,SimpleImputer,0.2719486356195513,0.27152651720066245,0.225910717716586,0.5724334987885047,0.5722183173050646,0.16949358644069493,0.20332571838952262,0.20282278688886146,0.23137669600815833,MLPRegressor,7922.880725622177,0.08166074752807617,0.29806018944077406,0.2975564645032698,0.22183786228593386,0.6313164322402209,0.6311310714807102,0.1573903909776442,0.24674044571423692,0.2466494457463113,0.22492655581958093,SimpleImputer,0.2880734796409485,0.28959050392850405,MLPRegressor,5916.965634346008,0.010190963745117188
36,189,reg_full_,MAR_,0.01_,2/,0.28723553515114675,SimpleImputer,0.9642611898053509,0.9600856723209616,0.05288035605646936,0.9321210903364516,0.9271586954031673,0.06994087074392034,0.9271588470515867,0.9221495972762447,0.07230571231324971,MLPRegressor,8330.253689050674,0.29465365409851074,0.9548311507404775,0.9548041230936307,0.05627031807798518,0.9291579160693897,0.9289777641594338,0.06906203117601992,0.9133249376618846,0.9132203556892071,0.07633981619994712,KNNImputer,0.2897966805447816,0.32515506971679264,MLPRegressor,12242.330765008926,0.0662686824798584
37,189,reg_full_,MAR_,0.1_,2/,0.2829557879888516,KNNImputer,0.8252217166732826,0.8245950567859859,0.11085387418777727,0.8951964365938663,0.8951281997365239,0.08392117169312609,0.7880660836683014,0.787501967218518,0.11945920881461623,MLPRegressor,9234.601638317108,0.09799885749816895,0.8667024104796859,0.8666657331314642,0.09664977563245797,0.9047593974261208,0.9047401264907793,0.07998290566212608,0.823815724125776,0.8235763745936169,0.10884802372810864,KNNImputer,0.29258237709612517,0.28784775408672225,MLPRegressor,10387.533145666122,0.41357898712158203
38,189,reg_full_,MAR_,0.3_,2/,0.25365213878713444,VAE,0.025922250323549,0.025922250323549112,0.2612322391978727,0.011175329376922782,0.011025005909237495,0.2577121134299459,0.005070612098902361,0.004216555814304357,0.2585976821092707,LGBMRegressor,2353.3512241840363,0.017518997192382812,0.6236189785849523,0.6231099998941985,0.162493977285705,0.8473313566571867,0.8470814464896199,0.10133798574934198,0.5815421900879638,0.5803717150615529,0.1678705657718716,IterativeImputer,0.2880186812737607,0.29148700701174624,MLPRegressor,8435.66985630989,0.027454137802124023
39,189,reg_full_,MAR_,0.5_,2/,0.27444052042452005,IterativeImputer,0.39373542834563513,0.3937320081924658,0.20609254464388613,0.6713948435469577,0.6582698694457392,0.1514899469020183,0.439358820828443,0.4364731484753356,0.194535777215063,MLPRegressor,13019.259917259216,0.021099328994750977,0.668391268898523,0.6683902516179387,0.15242057865259978,0.5412369219068256,0.5411757231326035,0.1755356660651408,0.43856733794549074,0.43830019471874015,0.1942201627814611,KNNImputer,0.2895158005502328,0.28875653649300653,ExtraTreesRegressor,464.52414989471436,1.4762763977050781
40,189,reg_full_,MNAR_,0.01_,2/,0.2854412931546177,IterativeImputer,0.9373686782508864,0.9371987470958126,0.06633062899014715,0.9219602884490854,0.9215740977361576,0.07257247576563094,0.8995260222426297,0.8992443767903696,0.08225774959754178,MLPRegressor,11716.563341617584,0.10295224189758301,0.9483735650296542,0.9478844084209515,0.06042460185646003,0.9283519834014684,0.9278345755272341,0.06961563074144873,0.9014007725776099,0.900814196848341,0.08161442670389939,IterativeImputer,0.2909713291997069,0.2766245798717826,MLPRegressor,10486.973246335983,0.028998374938964844
41,189,reg_full_,MNAR_,0.1_,2/,0.27792950865068705,VAE,0.00865602946833377,0.008656024932861328,0.26353734731674194,0.014942563267705156,0.014734147375310536,0.2572283860144979,0.02054167769977,0.020302534103393555,0.2565004825592041,ARDRegression,1133.6240286827087,0.018936634063720703,0.7375732155511674,0.7375258856255702,0.13560421876712736,0.8830486141213953,0.8815565770758933,0.08918619832336222,0.6945354231334788,0.6931811527615261,0.1435433885163485,SimpleImputer,0.2892331082071163,0.2891054193131453,MLPRegressor,7299.253221988678,0.007783412933349609
42,189,reg_full_,MNAR_,0.3_,2/,0.24673094328218528,VAE,0.06264274931085567,0.06264274931085567,0.256261009748755,0.036125666754074914,0.03351552442742978,0.2547649147120732,0.012637458852688743,0.012450327352558577,0.2575263377296237,HistGradientBoostingRegressor,1288.718032360077,1.777756929397583,0.5112535588762772,0.5112535588762772,0.18504261854961288,0.529170963153939,0.5288274591781169,0.177882065382885,0.3644048411638874,0.3642812941771789,0.20662110148686896,KNNImputer,0.29888040492629303,0.29321104600372905,HistGradientBoostingRegressor,427.7193868160248,1.4954514503479004
43,189,reg_full_,MNAR_,0.5_,2/,0.2143152339478734,VAE,0.017056850217991193,0.017056100926530204,0.26241842660182624,0.06907953217463247,0.06827308448119696,0.2501419308531285,-0.011170536387698604,-0.011427466029184652,0.26062108509374365,AdaBoostRegressor,2643.229562520981,0.29795360565185547,0.27197025332943514,0.25968161852307947,0.2277399536127568,0.623253891827223,0.5844750276628683,0.1670477928238495,0.2396698055641444,0.22186978082668984,0.22859583745958628,SimpleImputer,0.2876112475849865,0.28908333945282294,MLPRegressor,8046.087761640549,0.03191661834716797
44,189,reg_full_,MCAR_,0.01_,2/,0.2884207558033093,KNNImputer,0.9419302491841207,0.9418557536905621,0.06382389936756633,0.9268970704624389,0.9268888231345288,0.07007031413541348,0.9048425721290355,0.9048412652609059,0.07994043488874056,MLPRegressor,10836.020540237427,0.09712576866149902,0.9581544334123181,0.9581283248406952,0.0541614309014716,0.9250564922246527,0.9250363908299981,0.07095245403323147,0.9090009588278802,0.9089911972806912,0.07817787791086711,IterativeImputer,0.29432346288404293,0.2793105145560033,MLPRegressor,13461.745857954025,0.047133445739746094
45,189,reg_full_,MCAR_,0.1_,2/,0.2762510070937539,KNNImputer,0.760737018855229,0.7586763281849287,0.13002591656043225,0.8855160242555934,0.8846811223885626,0.08800196720302977,0.7100371765889173,0.7072098969411053,0.1402233612988775,MLPRegressor,13896.272208929062,0.18320775032043457,0.7517446562979255,0.7512454862022611,0.13201261882026555,0.8768184766726311,0.8767361343307022,0.09098296146459099,0.705872225795562,0.7042283027719334,0.14093552702224896,IterativeImputer,0.2914553132601544,0.3008360279948154,MLPRegressor,7463.860465526581,0.022800922393798828
46,189,reg_full_,MCAR_,0.3_,2/,0.24107238675004056,VAE,0.007457544629521529,0.0074574947357177734,0.2636965811252594,0.015641896068678718,0.015402896913400577,0.25714107426829597,0.01199908331818933,0.01169043779373169,0.25762540102005005,ARDRegression,3469.3992478847504,0.020221948623657227,0.5744048757220362,0.5744048757220347,0.17267453035781577,0.6099910800787403,0.60911218866074,0.16201985581843115,0.3586326867543955,0.35863197157662996,0.20753714144931526,IterativeImputer,0.288614889768469,0.2886952955619131,HistGradientBoostingRegressor,6398.690700292587,0.02573394775390625
47,189,reg_full_,MCAR_,0.5_,2/,0.20506726437117137,VAE,0.03223393754750625,0.03223393754750614,0.26038451640800725,0.015303388111182037,0.015187487360559082,0.25716920131356164,0.001636274461785714,0.0014101486040981603,0.2589618274429337,HistGradientBoostingRegressor,1995.770497560501,1.7924509048461914,0.28696000474359884,0.282867591280329,0.224145299768734,0.6089515265016892,0.5898598892030559,0.16596186222719492,0.25339305904504583,0.24829602013624252,0.2246806139430579,SimpleImputer,0.2881245731498224,0.2883205595344144,MLPRegressor,9422.850645780563,0.010123729705810547
48,189,reg_simple_,MAR_,0.01_,3/,0.28613838757256793,SimpleImputer,0.9492533582094835,0.9492401978716736,0.05963344811123157,0.9331810188746046,0.9331760822131218,0.06698971716314657,0.9237777811071672,0.9237697710481897,0.07154936589582797,MLPRegressor,10187.009138584137,0.028508901596069336,0.9430582490351215,0.9394403856174008,0.06513606404655296,0.9295039143466549,0.9252091405792457,0.07087065375478614,0.9234698781300796,0.9189233695471946,0.0737887277971483,SimpleImputer,0.2778193546174259,0.28514215663383513,MLPRegressor,7335.112317562103,0.01315927505493164
49,189,reg_simple_,MAR_,0.1_,3/,0.28868029739403206,SimpleImputer,0.8821656864626106,0.8821508994725252,0.09086426074455066,0.9089067960851974,0.9071471137602685,0.07896595300890788,0.8309060795263836,0.8278480423880981,0.10752220447447479,MLPRegressor,14006.821412086487,0.04886746406555176,0.8583511884939682,0.8560727439976784,0.10041566860520328,0.9074985654593836,0.9023406019158985,0.08098399531714229,0.7923592899397004,0.789534754485832,0.11888645362459417,SimpleImputer,0.2874157760703563,0.2809504743577172,MLPRegressor,8787.106073617935,0.023897647857666016
50,189,reg_simple_,MAR_,0.3_,3/,0.2649476222375247,SimpleImputer,0.6548273431809157,0.6545348764211991,0.1555722261931924,0.8511899875112107,0.848927510267574,0.10072444206717264,0.6490988012472788,0.6482810750208987,0.15368803066824868,MLPRegressor,13622.342287778854,0.13561153411865234,0.6613582454521019,0.661340764956996,0.15403216619091412,0.846250356102965,0.8458322465604141,0.10175106159704422,0.6112609781794272,0.6112226011682312,0.16158188936019577,SimpleImputer,0.28932564933986693,0.29004694025522815,MLPRegressor,8527.301675081253,0.014404058456420898
51,189,reg_simple_,MAR_,0.5_,3/,0.2770225215323229,SimpleImputer,0.4870985328197044,0.4807717782461475,0.19072565120062315,0.7827048943631185,0.7804990551134418,0.12141165360502564,0.5987796201780784,0.5947821910422303,0.16496295937710592,MLPRegressor,9755.957078456879,0.06852912902832031,0.6715760897409664,0.6705187452890833,0.1519306224429734,0.8571091226271745,0.8559634677088166,0.09835093786556987,0.31201379023406994,0.30127506511648416,0.21661837723601557,SimpleImputer,0.28864302865341,0.2913132816332565,MLPRegressor,8360.42628622055,0.021806716918945312
52,189,reg_simple_,MNAR_,0.01_,3/,0.2825142899082313,SimpleImputer,0.9385513984311358,0.9337448104275886,0.06813023892831285,0.924576732843997,0.9211301293741703,0.07277760195324721,0.8954287432372078,0.891331911630641,0.08542661358565973,MLPRegressor,12671.772299528122,0.10663747787475586,0.9391211218479891,0.9389985455028235,0.06537324705240787,0.9253289060146282,0.9253012561666123,0.07082699666007411,0.8907694672915047,0.890661813838269,0.08568959883061182,SimpleImputer,0.29192997438464746,0.2919040363068219,MLPRegressor,8617.439823627472,0.023623943328857422
53,189,reg_simple_,MNAR_,0.1_,3/,0.2749894472766439,SimpleImputer,0.7632717864726319,0.7628656921500735,0.12889235445920247,0.8906052862726594,0.8906001923472521,0.08571374216635085,0.713622998761575,0.7136218866321293,0.13867944309270108,MLPRegressor,13378.757119178772,0.03753089904785156,0.7737100816738117,0.7737023216341246,0.12591283741047696,0.8951875222891054,0.8946086173839842,0.08412880656087968,0.6939407932752177,0.6937945314291563,0.14339983393703812,SimpleImputer,0.2899541730378081,0.2903111784100984,MLPRegressor,8220.710565328598,0.018738746643066406
54,189,reg_simple_,MNAR_,0.3_,3/,0.2767707324097702,SimpleImputer,0.49459733761249736,0.4945950926521676,0.1881696983740519,0.7540967984065663,0.7514853716413562,0.12918680453815168,0.43902339801132617,0.43892409604565374,0.1941122689536231,MLPRegressor,9506.058797597885,0.06783270835876465,0.4770826301607968,0.4770653452116079,0.19140517396260323,0.7953047754953626,0.7936613350455122,0.11771518385004412,0.46326826003904975,0.463173227072342,0.18987127234840226,SimpleImputer,0.28848666075084584,0.28630799048045713,MLPRegressor,7382.631131649017,0.010293245315551758
55,189,reg_simple_,MNAR_,0.5_,3/,0.2518180362906556,SimpleImputer,0.26899268260895826,0.2659438146533384,0.22677470609560604,0.5864244748090016,0.5824985646883933,0.16744460663858818,0.22555651682007827,0.223132701193423,0.22841025439928142,MLPRegressor,11358.050636053085,0.05922222137451172,0.2939254647153746,0.28834230606587996,0.223288078292639,0.6002698077581641,0.5864161474032866,0.16665715523183036,0.25535920249512734,0.24720462912473018,0.22484366047972268,SimpleImputer,0.28916369665709424,0.2877831644307676,MLPRegressor,4956.211111068726,0.018244266510009766
56,189,reg_simple_,MCAR_,0.01_,3/,0.28669791705690884,SimpleImputer,0.9399629695162826,0.9399539593577737,0.06485928390834377,0.9244400917821382,0.924333621047256,0.07128426116756342,0.9019521216620134,0.9019127010593064,0.08116121965942294,MLPRegressor,11506.573925733566,0.0500185489654541,0.9298489326048349,0.9277841400262011,0.07112892665633037,0.9204253220118377,0.9186731543184488,0.07390250189124468,0.9013426522851967,0.8990981602956204,0.08231741415540578,SimpleImputer,0.29174818087534404,0.27353561540066407,MLPRegressor,9331.387296676636,0.018536090850830078
57,189,reg_simple_,MCAR_,0.1_,3/,0.2830433335355026,SimpleImputer,0.8050159429760206,0.8050131649082586,0.11687795564268828,0.8718250199809415,0.8715581288200854,0.09287428622422265,0.6846871520485188,0.6844610066851442,0.14556893174036362,MLPRegressor,13773.815688371658,0.0682213306427002,0.777364721230137,0.7678733472030623,0.12752415838905784,0.889825577387111,0.8780681040891098,0.0904900525571322,0.7231361475797762,0.7133241633842662,0.13875151104572706,SimpleImputer,0.2880241408828176,0.28833851790521176,MLPRegressor,7287.7723224163055,0.01959705352783203
58,189,reg_simple_,MCAR_,0.3_,3/,0.2713626887708571,SimpleImputer,0.4623455706248565,0.46223774433329123,0.19409981431089157,0.8010111359563583,0.7990892863320429,0.11615655557715744,0.431106374389701,0.431104467415096,0.19546024499863132,MLPRegressor,11741.934926271439,0.07695960998535156,0.4891775108950175,0.4867090538767036,0.18963206024868642,0.789437426614199,0.7893486551688167,0.1189390033914463,0.4104428842721357,0.4081875080021431,0.19935826305721824,SimpleImputer,0.2874990826416865,0.2892921950188063,MLPRegressor,7568.272882461548,0.029354333877563477
59,189,reg_simple_,MCAR_,0.5_,3/,0.2709041409552819,SimpleImputer,0.26609279450628054,0.264345331044605,0.22702148456392474,0.6067220101217932,0.6054312461516927,0.1627809288252337,0.2714283225741647,0.2681691555110479,0.22169072924965025,MLPRegressor,8909.915249824524,0.1807396411895752,0.32237931227977634,0.32225169504073636,0.21790348773297644,0.6903611513148542,0.686946197572952,0.1449945467523692,0.25752430368751955,0.25747026432853604,0.2233053367033974,SimpleImputer,0.28814203329313554,0.2892231731286763,MLPRegressor,7543.295010566711,0.01771259307861328
60,189,reg_full_,MAR_,0.01_,3/,0.28372269087935464,IterativeImputer,0.9530757899578914,0.9527477599555758,0.057536198268006385,0.9259542819446673,0.9249558534925291,0.07099055777331945,0.9102498969210947,0.9091652770131025,0.07810307361868636,MLPRegressor,11162.363077878952,0.07341575622558594,0.9551429466567399,0.9550144149351225,0.056139255397110496,0.9269011854936445,0.9268924330270404,0.070068584239688,0.9124190434487089,0.9123981679460877,0.07670060181150865,KNNImputer,0.27528009043463103,0.29291304862174566,MLPRegressor,12152.442505598068,0.06541252136230469
61,189,reg_full_,MAR_,0.1_,3/,0.28672916480622,IterativeImputer,0.8382273404728393,0.8378432727269691,0.10658533310905954,0.8989837478840035,0.898925674063585,0.08238774269390278,0.7757317245297397,0.7741529178379796,0.12315425436617419,MLPRegressor,8525.100237369537,0.07561540603637695,0.8775515431493794,0.8772220363475254,0.09274492931234297,0.9121400034346722,0.9121378036622015,0.07681449943420027,0.832794134623641,0.8327801043975497,0.10597078490930179,KNNImputer,0.2912452838843333,0.2778090293626727,MLPRegressor,8619.486110448837,0.40898799896240234
62,189,reg_full_,MAR_,0.3_,3/,0.2697968628053097,KNNImputer,0.7045567891313218,0.7040734869504258,0.14398654138894773,0.8605777848224784,0.859086241866395,0.09727895035838852,0.5189530252522008,0.5188975880528418,0.1797467076035924,MLPRegressor,13983.220356225967,0.29604625701904297,0.701039757619236,0.7009621270654729,0.14474149664195698,0.8737211077962397,0.8722807649328475,0.09261265433494821,0.6542888292299585,0.6539654684543155,0.15244103796240246,SimpleImputer,0.28864166807441255,0.28830391533197186,MLPRegressor,8486.159977674484,0.008553266525268555
63,189,reg_full_,MAR_,0.5_,3/,0.24441019897052402,VAE,0.04548838978739966,0.04548838978739955,0.2585952654085748,0.007801069846411046,-0.0035829825679678518,0.25960844830171287,-0.006639786694438987,-0.026002749545474435,0.2624922221410315,LGBMRegressor,3292.2832465171814,0.02132105827331543,0.5108615514472854,0.5105543735567757,0.1851749293279058,0.8288106997467852,0.8270946354970861,0.10775722803557494,0.606199781453531,0.6049657806784108,0.1628769153532028,SimpleImputer,0.2864633741576865,0.2888448247518172,MLPRegressor,10844.95429968834,0.007973909378051758
64,189,reg_full_,MNAR_,0.01_,3/,0.2874432666085635,IterativeImputer,0.9538973216967311,0.9530774203757063,0.05733514319390184,0.9271337993481165,0.9267245009920095,0.07014901374212369,0.9070227531509392,0.9065372645523132,0.07922484915764007,MLPRegressor,12483.885163068771,0.09161067008972168,0.9371401347856977,0.9349439329352707,0.06751089473962504,0.9300732609020962,0.9282917301714795,0.06939477933675425,0.903916615668282,0.9016562540500007,0.08126724748307229,KNNImputer,0.2922708817470789,0.2762162599815727,MLPRegressor,8822.921055555344,0.09832215309143066
65,189,reg_full_,MNAR_,0.1_,3/,0.2773155942066587,KNNImputer,0.7963326676780416,0.7958807650034428,0.11958368371608422,0.8912476754635102,0.891228976139503,0.08546706404888331,0.7113192564811672,0.711291432375712,0.1392425644497565,MLPRegressor,10394.300158262253,0.1221768856048584,0.7969182375902619,0.7941962338778389,0.12007611289210039,0.8875477925196902,0.882900794632252,0.08867866594656874,0.7153728744622266,0.7134954409016351,0.13871005557227417,SimpleImputer,0.28767261735647026,0.29180873203828284,MLPRegressor,12118.447909355164,0.05066108703613281
66,189,reg_full_,MNAR_,0.3_,3/,0.2431508792603719,VAE,0.041080150066862164,0.041080150066862164,0.25919171534985547,0.015203395211476067,0.015182916710764549,0.25716979809161744,-0.006928482225852184,-0.007099422833685809,0.26006286978076965,LGBMRegressor,1877.5478188991547,0.013784170150756836,0.48752556744505315,0.4865321532763076,0.18966473483192026,0.7592551754035464,0.7489591174210636,0.1298417629774041,0.4092634859898646,0.40637751990529947,0.19966288708556149,SimpleImputer,0.2877302100324809,0.28834245122992547,MLPRegressor,9706.565644979477,0.008135795593261719
67,189,reg_full_,MNAR_,0.5_,3/,0.19921109035177673,VAE,0.08159360819779182,0.08159360819779193,0.25365732624285553,-0.008991724929263256,-0.028120619619983245,0.2627630000867404,-0.028300538550918075,-0.028461842123959524,0.26280660061814054,LGBMRegressor,3244.4914932250977,0.016308069229125977,0.2838440115571289,0.2828324486333066,0.22415079175498054,0.6368818137433352,0.6364254958532445,0.15625678606257637,0.24173097898809504,0.24113734775095086,0.22574792483757533,SimpleImputer,0.287665713679641,0.2897099148320428,MLPRegressor,7738.716503143311,0.006865978240966797
68,189,reg_full_,MCAR_,0.01_,3/,0.28287275367633014,KNNImputer,0.9500857446385433,0.9497997913715989,0.059303827319184196,0.9279148446687766,0.92739810277594,0.06982583888612143,0.9041280058278756,0.9035071963446353,0.0804988432598245,MLPRegressor,12177.197074890137,0.05974459648132324,0.9603212416069046,0.9602508269110991,0.052770840414857245,0.9287614207661228,0.9287610688460114,0.06916730820990724,0.9081118448651377,0.90811169516818,0.07855472216939892,IterativeImputer,0.289449386904228,0.28951125228400704,MLPRegressor,10825.823660612106,0.03613686561584473
69,189,reg_full_,MCAR_,0.1_,3/,0.27702473006966344,VAE,0.008971163878593424,0.008971154689788818,0.26349544525146484,0.015686316115121834,0.015442958155967856,0.25713584294286057,0.008863635993029861,0.00864487886428833,0.2580220401287079,ARDRegression,3244.6231667995453,0.02786731719970703,0.7439324145874051,0.741635474281878,0.13453844482096206,0.8761447884612854,0.875196167986567,0.09154953383638126,0.7145238322949958,0.7123827607475124,0.1389791444249143,KNNImputer,0.2956311040513445,0.2914959359475196,MLPRegressor,10821.35778427124,0.7625231742858887
70,189,reg_full_,MCAR_,0.3_,3/,0.24021807860946795,VAE,0.005034718291440754,0.005034744739532471,0.2640182375907898,0.012297535242424495,0.012083253205665945,0.2575741948048732,0.0019415764319579143,0.0016975998878479004,0.25892454385757446,ARDRegression,2016.0317435264587,0.01896190643310547,0.46532129970628255,0.46484056092838755,0.19362951446464924,0.7836126841426895,0.7758702541107326,0.12268512973281279,0.44412350792425037,0.4430558222246713,0.1933962332955307,IterativeImputer,0.2885838266987428,0.28643988817464355,MLPRegressor,7462.551158189774,0.02050304412841797
71,189,reg_full_,MCAR_,0.5_,3/,0.2040877779669513,VAE,0.0019908912920565403,0.0019909143447875977,0.2644217610359192,0.008874117997648479,0.008629596804149542,0.2580240285897942,0.0013426928830473361,0.0010738372802734375,0.25900542736053467,ARDRegression,3765.611121416092,0.02060723304748535,0.3202213414196283,0.3094405253812733,0.21995331189144576,0.6826721467059049,0.6778119900653572,0.14709464561575764,0.23766441233836078,0.2308859034823768,0.22726761938461734,SimpleImputer,0.28823128693129774,0.2882848646426259,MLPRegressor,8351.233117103577,0.006868124008178711
72,197,reg_simple_,MAR_,0.01_,1/,0.09539136192622158,SimpleImputer,0.9931819500422053,0.9931819500422053,1.5389465137676166,0.9843369761341715,0.98433485617503,2.179458364003111,0.959156307948811,0.9591242083942975,3.520582060330503,LGBMRegressor,5058.328911304474,0.03916621208190918,0.985690467414826,0.9852681472208931,2.262153764196564,0.9808165583794521,0.9804575071625787,2.434284670408249,0.9806841306484555,0.9803038099930668,2.4438384645198448,SimpleImputer,0.12118249287098333,0.12113395059620194,MLPRegressor,8024.277125120163,0.025740385055541992
73,197,reg_simple_,MAR_,0.1_,1/,0.11177765575476695,SimpleImputer,0.9989353128523994,0.9989353128523994,0.6081412218510034,0.98209212143967,0.9820856698093487,2.3306747482070596,0.9756081973855348,0.9755887531726681,2.7206731112027827,ExtraTreesRegressor,1749.9991495609283,0.15369224548339844,0.9943163990974426,0.9943163990974426,1.4050912857055664,0.9831606149673462,0.9831526279449463,2.2602014541625977,0.7938235998153687,0.7912579774856567,7.955845832824707,SimpleImputer,0.08878124734193764,0.13014452458780987,XGBRegressor,1689.4583263397217,0.012889623641967773
74,197,reg_simple_,MAR_,0.3_,1/,0.08557718286929941,SimpleImputer,0.9829246926564909,0.9829228188948228,2.4355751183521943,0.9789931302450862,0.9789884027075204,2.524125345456687,0.8951647239553221,0.8950804706431326,5.640395407982591,MLPRegressor,12082.42111158371,0.04897356033325195,0.9956783824933592,0.9956783824933592,1.225227115667817,0.980362954940649,0.9803164715580127,2.443052835576614,0.9696504663522888,0.9696149489640806,3.0353681202514387,SimpleImputer,0.09571513762629423,0.10358988942051259,ExtraTreesRegressor,1527.5448186397552,0.07035994529724121
75,197,reg_simple_,MAR_,0.5_,1/,0.09955764504930835,SimpleImputer,0.9243449639176005,0.9243449639176005,5.126398440644001,0.9625058520292729,0.962360697772671,3.378330742925523,0.9236661480056317,0.9229636582889286,4.833138147249891,LGBMRegressor,2048.0151040554047,0.03373408317565918,0.9836808717315452,0.9836808717315452,2.380904164155527,0.9749567137904231,0.972562527535149,2.884386367782883,0.9600467188941821,0.956556735858016,3.629464959440158,SimpleImputer,0.12336107372545085,0.08714219708065098,RandomForestRegressor,2072.437413454056,0.08953380584716797
76,197,reg_simple_,MNAR_,0.01_,1/,0.10749485127808697,SimpleImputer,0.9865145785071476,0.9863987548754276,2.1736157404774343,0.9822423947831987,0.9820288554526838,2.33436762881525,0.9811541090152491,0.980924989328059,2.4049927873844736,MLPRegressor,10794.836688756943,0.21127843856811523,0.9981748461723328,0.9981748461723328,0.7962337136268616,0.9837137460708618,0.9837063550949097,2.222748041152954,0.8987010717391968,0.8985223174095154,5.5471086502075195,SimpleImputer,0.10694280928518432,0.13195694051005136,XGBRegressor,3720.8143696784973,0.015567779541015625
77,197,reg_simple_,MNAR_,0.1_,1/,0.10550481895048351,SimpleImputer,0.9988875710773093,0.9988875710773093,0.6216265748576065,0.9811618549451175,0.9811002395693724,2.3939194486798643,0.8997777652834718,0.8983706815344017,5.551251327552633,HistGradientBoostingRegressor,9743.48408460617,1.8179540634155273,0.9832968045238746,0.9831283998951932,2.4208705828286092,0.9774433028425399,0.9766593432326885,2.6603447483002465,0.9568087045390397,0.9565505645903947,3.6297227393819167,SimpleImputer,0.11344059880930957,0.11011089085975648,MLPRegressor,4921.190970182419,0.028120040893554688
78,197,reg_simple_,MNAR_,0.3_,1/,0.09615130954376627,SimpleImputer,0.9755941602015777,0.9755941602015777,2.9116576835071153,0.9780407420086491,0.97797426942294,2.5843215241660027,0.9437146018656339,0.9431539931697421,4.151751630628516,LGBMRegressor,3077.5134737491608,0.04254412651062012,0.9837962478207923,0.9837962478207923,2.37247274976365,0.9734534435910753,0.9734528788525827,2.8372009677755683,0.9484587175500351,0.9484291233763331,3.954427706713868,SimpleImputer,0.09785517188344839,0.10342279525671004,LGBMRegressor,1031.372441291809,0.03910040855407715
79,197,reg_simple_,MNAR_,0.5_,1/,0.08909592398826682,SimpleImputer,0.9605517722015319,0.9605499445864653,3.701836603516499,0.9691955307194807,0.9683946206729055,3.0957215257248523,0.8036780644968099,0.8036311528551527,7.716452349379979,RandomForestRegressor,2258.7193880081177,0.13283300399780273,0.9361641526985939,0.9361624448207384,4.709031111347304,0.9421273995514431,0.9249734131619937,4.769677092754344,0.7993878966437438,0.7992862696092216,7.801352914326101,SimpleImputer,0.10784873128192983,0.10715413244958424,RandomForestRegressor,990.8630669116974,0.08174633979797363
80,197,reg_simple_,MCAR_,0.01_,1/,0.10322826124837559,SimpleImputer,0.9854888520522149,0.9854719897457357,2.246448699886859,0.9816956475005899,0.9816502748284791,2.3588274088462127,0.9809555602949352,0.980898729314532,2.4066476599085442,MLPRegressor,13386.303012609482,0.12807059288024902,0.9841771169659504,0.9841698984162359,2.3449591820509195,0.9801235346157735,0.9800233397044853,2.4611768741199453,0.9797060194957231,0.9796283359952669,2.4853905102135454,SimpleImputer,0.11125778115379029,0.10150758339996604,MLPRegressor,8470.354546070099,0.027226924896240234
81,197,reg_simple_,MCAR_,0.1_,1/,0.1249340100711109,SimpleImputer,0.9995879004786544,0.9995879004786544,0.3783506562956085,0.9799633785392073,0.9799364129495604,2.466525863466015,0.9765638161768858,0.9765436098439592,2.6669321805736392,RandomForestRegressor,4175.797735691071,0.17404580116271973,0.994151556520922,0.9941506972268469,1.4254286633694802,0.9802234176450768,0.9801969460938529,2.450459156879999,0.9768043528143905,0.9767959078794108,2.6525505797592026,SimpleImputer,0.1031874477376908,0.10330119506905204,RandomForestRegressor,1499.1108059883118,0.07096409797668457
82,197,reg_simple_,MCAR_,0.3_,1/,0.0791050471680938,SimpleImputer,0.9802051575145866,0.9802051357920585,2.6222234689981425,0.9747601753690859,0.9744659278167219,2.7825400522233914,0.9392132595054097,0.9392046736618699,4.293549561797578,RandomForestRegressor,5250.923826217651,0.11221790313720703,0.9645108593754751,0.964510721337287,3.511090491393489,0.9734163741162807,0.9706494708349884,2.9832479527378855,0.9342148524590094,0.9342144116314269,4.466288419570592,SimpleImputer,0.10694156010258057,0.11089827963960976,RandomForestRegressor,1499.802470445633,0.06728625297546387
83,197,reg_simple_,MCAR_,0.5_,1/,0.09535589546355516,SimpleImputer,0.9389795447869929,0.9389727467533293,4.6042123803267065,0.9612130513348041,0.9549698428737066,3.695158864993551,0.831249782145519,0.8312308894443986,7.153652902958667,RandomForestRegressor,5200.8598301410675,0.1184999942779541,0.9155687946839031,0.9155687946839031,5.415579444933321,0.9618798061439899,0.9591182916579527,3.520836851751944,0.8875287602945504,0.8875056958013845,5.8404545734576,SimpleImputer,0.0995358920080824,0.1005447057943418,LGBMRegressor,1010.6217966079712,0.023810386657714844
84,197,reg_full_,MAR_,0.01_,1/,0.057122789719082676,KNNImputer,0.9859379397135983,0.9858730894191139,2.21522087193815,0.9804489278841372,0.9802336189079799,2.448189131332087,0.9804559598178727,0.9802405612264389,2.4477591689348905,MLPRegressor,12286.592940092087,0.056006669998168945,0.993030846118927,0.9930019378662109,1.5495538711547852,0.978614091873169,0.9786139726638794,2.5465171337127686,0.9643293619155884,0.9623834490776062,3.6023082733154297,IterativeImputer,0.09290052719515508,0.09693207274451128,XGBRegressor,6745.124211549759,0.31827807426452637
85,197,reg_full_,MAR_,0.1_,1/,0.0543131331595381,KNNImputer,0.9859741967023474,0.9858460549428888,2.217339477830093,0.9809201421983027,0.9806710037460783,2.420951195011847,0.9804450661088471,0.9801670155421387,2.452310283042453,MLPRegressor,6662.451815128326,0.031446218490600586,0.9921619348297673,0.9921619348297673,1.650052914923204,0.9806768296898815,0.9806748061430578,2.4207130587383197,0.8862977346896639,0.8820271633876612,5.98098060988959,IterativeImputer,0.042480096314687646,0.07778316137694018,HistGradientBoostingRegressor,8502.637005329132,0.05157637596130371
86,197,reg_full_,MAR_,0.3_,1/,0.07057500708360438,IterativeImputer,0.9911934816240033,0.9911934816240033,1.749023156440217,0.9821590256540209,0.9821534177987649,2.3262635284274533,-1.9237538957577125,-2.3546247555251067,31.893586347135503,LGBMRegressor,2954.6438930034637,0.04275083541870117,0.9938782453536987,0.9938782453536987,1.4582513570785522,0.9828281402587891,0.982826828956604,2.281951665878296,0.9765589237213135,0.9765588641166687,2.6660637855529785,KNNImputer,0.05619581301261672,0.06733206324988501,XGBRegressor,7686.603930950165,2.228376626968384
87,197,reg_full_,MAR_,0.5_,1/,0.08317502210479372,IterativeImputer,0.9806348657140654,0.9806092954699512,2.595315921260241,0.9773311843063976,0.9771697384429188,2.6310968035498705,0.9725750339735756,0.9724589774716059,2.8898241339013104,MLPRegressor,3917.9399666786194,0.14132928848266602,0.9312591721585128,0.9312591721585128,4.886532770302796,0.9605086725426204,0.9572856384656314,3.5988880973821553,0.95637215657134,0.9516928595475853,3.82725191050994,SimpleImputer,0.11500767576037864,0.11298724468278287,RandomForestRegressor,8536.017022371292,0.06541037559509277
88,197,reg_full_,MNAR_,0.01_,1/,0.052533601547468056,KNNImputer,0.992317014951571,0.992317014951571,1.6336477938495237,0.9838416943928264,0.9838416685215238,2.2135005796429525,0.9836580368788115,0.9836579692849862,2.2260473332925965,LGBMRegressor,2199.262152671814,0.03381657600402832,0.9990038871765137,0.9990038871765137,0.5882315635681152,0.9807185530662537,0.9807041883468628,2.4188718795776367,0.9790071845054626,0.9789991974830627,2.523475408554077,IterativeImputer,0.06261190536269226,0.05735001887687592,XGBRegressor,10286.610843896866,0.3969542980194092
89,197,reg_full_,MNAR_,0.1_,1/,0.05807659814219808,KNNImputer,0.9885896071103808,0.9885883367890123,1.9909846401161257,0.9814656470643034,0.9814210888715441,2.3735124390711833,0.9625564026520008,0.962545796531338,3.3700136982963893,LGBMRegressor,5436.244448184967,0.03668832778930664,0.9889380625399441,0.9889380625399441,1.9602390475440643,0.9825151847571325,0.9825105394415725,2.302870893370666,0.9336686166413636,0.9336262095969985,4.486210972485292,IterativeImputer,0.061375865744176,0.0654189862146629,LGBMRegressor,8907.944131851196,0.7112836837768555
90,197,reg_full_,MNAR_,0.3_,1/,0.0759287733220074,IterativeImputer,0.8912666045545062,0.8910718861917981,6.151250712376468,0.9743571745109186,0.9743491006623958,2.78889832614279,0.8803483528272495,0.880322661239014,6.0240330391449834,MLPRegressor,9205.092285633087,0.11680364608764648,0.975897880506117,0.975897880506117,2.8934837936591222,0.977894145350052,0.9778378586254307,2.592311842971107,0.8703618900899008,0.8699238977842665,6.280296398880787,IterativeImputer,0.06414673593790099,0.06313821555147035,LGBMRegressor,8194.443331718445,1.2786836624145508
91,197,reg_full_,MNAR_,0.5_,1/,0.08327699750432256,IterativeImputer,0.9455514900615288,0.9455514900615288,4.34897024379288,0.9734206820566471,0.9733729730356423,2.8414676925912854,0.8430241199397017,0.842364844908559,6.9136584820604305,HistGradientBoostingRegressor,3826.037853240967,1.8162379264831543,0.9084779250064687,0.9084748845533763,5.638499928661558,0.9574790516276678,0.9553871364486691,3.677997531982594,0.87522511011674,0.874755439604638,6.162555163105995,SimpleImputer,0.10113920827914494,0.09769344786477668,RandomForestRegressor,7313.273797512054,0.06701016426086426
92,197,reg_full_,MCAR_,0.01_,1/,0.04110932266172049,IterativeImputer,0.985199126835451,0.9851963587661685,2.2676588139058063,0.9809910513334225,0.980979572512346,2.4015493762567277,0.9808310715738383,0.9808162862192523,2.4118357401980743,MLPRegressor,11114.28620147705,0.019870996475219727,0.9932128687564683,0.9932128687564683,1.5354531164720293,0.9836474778610802,0.9836473807755133,2.2267683791315283,0.9831199823713567,0.9831199452984006,2.2623943539443703,KNNImputer,0.05423455272649004,0.0485112600021945,LGBMRegressor,4544.840610265732,0.32917118072509766
93,197,reg_full_,MCAR_,0.1_,1/,0.05875816718764513,IterativeImputer,0.9972126815034654,0.9972126815034649,0.9839810507430058,0.9817072784845167,0.9817065134630815,2.3552099423653385,0.9599942855777693,0.9599834705850173,3.4833819211060764,HistGradientBoostingRegressor,3560.5906841754913,1.7957630157470703,0.9953823089599609,0.9953823089599609,1.2665058374404907,0.9816917181015015,0.9816827774047852,2.356738805770874,0.9802570939064026,0.9802447557449341,2.447497606277466,IterativeImputer,0.0527464929547613,0.05335045417219479,XGBRegressor,6209.0670347213745,0.6917657852172852
94,197,reg_full_,MCAR_,0.3_,1/,0.07770594960555785,IterativeImputer,0.9986007017976428,0.9986007017975956,0.69718586696355,0.9777507795581386,0.9777476392572867,2.597582976182103,0.963188484693065,0.9630914433142721,3.345375828437277,HistGradientBoostingRegressor,5711.029915571213,1.8273422718048096,0.9273675618435946,0.9273675618435946,5.022948762578266,0.9536082175677861,0.9532135169450303,3.7665313251190558,0.934131241814006,0.9340900691522274,4.470507331474535,IterativeImputer,0.06570215602014438,0.06532416788355712,LGBMRegressor,252.96130442619324,1.298144817352295
95,197,reg_full_,MCAR_,0.5_,1/,0.07959504111291185,IterativeImputer,0.9753800747451281,0.9753800747451281,2.9244001778471307,0.9691649153052833,0.9691440391157227,3.0587988702163815,0.8024094099420821,0.802409328489722,7.7404213479905515,HistGradientBoostingRegressor,5488.700688838959,1.808840036392212,0.9127735230602291,0.912773523060229,5.50449653245449,0.9636999921342201,0.9636347521205324,3.3206619023326462,0.7590928487202491,0.7587549936219717,8.55284397889183,IterativeImputer,0.07620268540356415,0.0784563073376692,LGBMRegressor,662.7222969532013,0.11964535713195801
96,197,reg_simple_,MAR_,0.01_,2/,0.09772131182566728,SimpleImputer,0.9865002292209827,0.9864532054124466,2.169260505548311,0.9816197627941624,0.9815640326149043,2.3643640593586195,0.9814444462407874,0.9814085489311005,2.3743133117332444,MLPRegressor,11947.595150709152,0.025911331176757812,0.9991268051093067,0.9991268051093067,0.5507430552887207,0.9826114808922048,0.9825892523032468,2.2976829126398246,0.9795451757583798,0.9794927183851193,2.49364961977454,SimpleImputer,0.15942364614859655,0.09817151129191262,HistGradientBoostingRegressor,7331.534618616104,0.015979528427124023
97,197,reg_simple_,MAR_,0.1_,2/,0.10033888602759,SimpleImputer,0.9836908560626574,0.9832043617445362,2.415414631371646,0.9794638665854988,0.9787095357202172,2.5408202939381437,0.9719411819120728,0.9717855146963943,2.9249432853722825,MLPRegressor,10974.72180891037,0.03142261505126953,0.9861031370872418,0.9860143435638167,2.204118116918894,0.9811787501524988,0.9808253442087574,2.4112662737619206,-0.7943728186656454,-0.9795079483709574,24.499657237914537,SimpleImputer,0.16572317202357514,0.21688245481135315,MLPRegressor,5787.816245555878,0.028385639190673828
98,197,reg_simple_,MAR_,0.3_,2/,0.10393446208246618,SimpleImputer,0.98112289437335,0.9810876538457111,2.5631034824663894,0.9777733111207052,0.9776520312817134,2.603157293972495,0.974347376715046,0.9743256934116054,2.790170514612052,MLPRegressor,8293.23124551773,0.06568384170532227,0.9921716967289655,0.9921716967289655,1.6490250675966414,0.9794614814956388,0.9794451096557584,2.4965425109090833,0.7679753153218402,0.7657086408864202,8.428679095812425,SimpleImputer,0.08731867473612939,0.10592691975619808,ExtraTreesRegressor,4148.436735868454,0.06333541870117188
99,197,reg_simple_,MAR_,0.5_,2/,0.10248854223811725,SimpleImputer,0.9873084161876204,0.9873084161876204,2.0996714723986427,0.980734243069108,0.9807240891073354,2.417624446208504,0.9393037669776166,0.9392832709762737,4.290773274335984,LGBMRegressor,3315.910678625107,0.03928995132446289,0.998763830700949,0.998763830700949,0.6552882992560107,0.9800025153334961,0.979830860791548,2.4730054030148803,0.9429494716798703,0.9429432838128747,4.159439098958074,SimpleImputer,0.12264867556390044,0.11177016087127155,ExtraTreesRegressor,1422.2357687950134,0.07755827903747559
100,197,reg_simple_,MNAR_,0.01_,2/,0.10440393589323124,SimpleImputer,0.9851878109359558,0.9851446091106367,2.2716189269206537,0.9811230187914592,0.9810526191241854,2.3969334496091634,0.9669069190042587,0.9668882146548279,3.1686384104206944,MLPRegressor,9101.870609045029,0.10213828086853027,0.9866651800838083,0.9866208999617065,2.155792154733507,0.9815217383091732,0.9814740932598948,2.370124284839163,0.9804837295176746,0.9804506758823109,2.4347100979111054,SimpleImputer,0.1256942293803237,0.10592284741213326,MLPRegressor,7323.087482213974,0.031809091567993164
101,197,reg_simple_,MNAR_,0.1_,2/,0.10675440281992973,SimpleImputer,0.9809396596389341,0.9808418106049028,2.5797086966521525,0.9785277288732457,0.9783639934088275,2.5613559482369235,0.953944091729822,0.9538644882481382,3.7402364185735864,MLPRegressor,11428.517090797424,0.12149810791015625,0.9936296939849854,0.9936296939849854,1.4875550270080566,0.9814412593841553,0.9814251661300659,2.3732516765594482,0.97427898645401,0.9742769002914429,2.792820692062378,SimpleImputer,0.10434268535602531,0.11220997401664591,XGBRegressor,1323.708557844162,0.012809276580810547
102,197,reg_simple_,MNAR_,0.3_,2/,0.10688380935391999,SimpleImputer,0.9206772240005386,0.9206772240005386,5.249191160708291,0.9516755820702983,0.9487124834422415,3.9435487919354246,0.9104780607244005,0.9092773863432845,5.244923524427435,LGBMRegressor,2409.5235247612,0.045784950256347656,0.9840541410255729,0.9840541410255729,2.3535173054435083,0.975610153097269,0.9753282839101555,2.735149459020237,0.9645313882616982,0.9643998662500562,3.285543323885151,SimpleImputer,0.10198901276699499,0.10236050279582427,RandomForestRegressor,1023.3033499717712,0.07701849937438965
103,197,reg_simple_,MNAR_,0.5_,2/,0.09085816938058926,SimpleImputer,0.9080920570991072,0.9080868487469319,5.650439961331149,0.9628801227600379,0.9588106383210643,3.5340599653997913,0.8079459451575722,0.8078643894342511,7.632825185522592,RandomForestRegressor,3173.4424755573273,0.10914492607116699,0.9103919744242899,0.9103897043154812,5.579205931803315,0.961429983670119,0.95862509517605,3.5420108510968484,0.8799412851929759,0.8784631312715014,6.070652940639805,SimpleImputer,0.10305356017894748,0.1083216893619546,RandomForestRegressor,1234.7502615451813,0.06671690940856934
104,197,reg_simple_,MCAR_,0.01_,2/,0.10133154147364651,SimpleImputer,0.9847874653925424,0.9847854440731791,2.298915863342756,0.980898723343571,0.9808972464191165,2.4067410761419126,0.9717453131810566,0.971743908762347,2.9270990958607803,MLPRegressor,9469.561912536621,0.16652631759643555,0.9857793209700643,0.9855046677802387,2.2439207950474604,0.9814581595281109,0.9812955269930606,2.381519389558993,0.9775709920015453,0.9772986806835683,2.6236562427639747,SimpleImputer,0.10445760090132468,0.11388048826527634,MLPRegressor,6075.364698171616,0.018456459045410156
105,197,reg_simple_,MCAR_,0.1_,2/,0.09262309254308425,SimpleImputer,0.9991195895539771,0.9991195895539771,0.5530138777949885,0.9801260547361899,0.9800803386664624,2.4576631552177757,0.9666809993831215,0.9666800428799157,3.178583322359896,RandomForestRegressor,4260.970064401627,0.15239572525024414,0.9908694401195001,0.9908694401195001,1.7809106913056638,0.978937571111361,0.9788083258414634,2.534918595522747,0.9695785832713361,0.9695776119859799,3.037232469253283,SimpleImputer,0.10935853713463231,0.10562400582998682,LGBMRegressor,1468.3840889930725,0.035327911376953125
106,197,reg_simple_,MCAR_,0.3_,2/,0.12232890588258158,SimpleImputer,0.9828588490324266,0.9828588490324266,2.4401325968329424,0.9711106475386825,0.9710465901891342,2.962997207529988,0.9155459170117539,0.9154913805104804,5.062113600538773,LGBMRegressor,3766.727600336075,0.04264426231384277,0.9841168488255174,0.9841168488255174,2.3488850910971997,0.9736611306621733,0.9719903389045209,2.91430707410209,0.9196533360171195,0.9196099570083063,4.937220390184114,SimpleImputer,0.10736644822061116,0.1096086930629126,RandomForestRegressor,1037.5284714698792,0.06806325912475586
107,197,reg_simple_,MCAR_,0.5_,2/,0.09040113137499435,SimpleImputer,0.9034029022040138,0.9033935109241735,5.792907397130065,0.9601122509972599,0.9526696836695058,3.7883586443689854,0.8673317580282073,0.8670307447071354,6.3497554818449204,RandomForestRegressor,3561.4248476028442,0.11435914039611816,0.8888452665899103,0.888840167950759,6.2139446078529135,0.9524412895388066,0.9485521961377849,3.949706310832408,0.8533863846973693,0.8532943532828542,6.669676941689956,SimpleImputer,0.10081672950955606,0.10194240757798612,RandomForestRegressor,1984.977352142334,0.06256508827209473
108,197,reg_full_,MAR_,0.01_,2/,0.05141569228400413,KNNImputer,0.9989387319086306,0.9989387319086306,0.607163967158638,0.9837763344967625,0.9837749675833725,2.2180644949672117,0.9837349183726566,0.983733331184937,2.22090865091188,HistGradientBoostingRegressor,10404.028693437576,1.791658639907837,0.9922313185748908,0.9922313185748908,1.642733420902547,0.9819430843907149,0.981938788950509,2.3402099266644134,0.981656969740413,0.9816480885455354,2.3589679262240457,IterativeImputer,0.047383195298910545,0.06581404592647778,HistGradientBoostingRegressor,12489.510182142258,0.03838706016540527
109,197,reg_full_,MAR_,0.1_,2/,0.06409639512186571,KNNImputer,0.9933319428965687,0.9933295314401013,1.5221996136063451,0.9831275961811852,0.9831275714341672,2.2618832396162634,0.9786213701463761,0.9786208040515143,2.5461094414207994,LGBMRegressor,2220.823170900345,0.05435514450073242,0.9889265217341042,0.9889265217341042,1.9612613296211179,0.9834496335327635,0.9834483648648689,2.2402775950435476,0.9826951777301528,0.9826925516553809,2.290856604500938,KNNImputer,0.07559404437466229,0.06574627787747565,LGBMRegressor,6180.968541383743,1.163492202758789
110,197,reg_full_,MAR_,0.3_,2/,0.06595086735208915,IterativeImputer,0.9975780245072435,0.9975780245072435,0.9172301223435593,0.9803355820758122,0.9803328935702934,2.442033500671846,0.9768927504884678,0.9768819587457315,2.6476276057426245,ExtraTreesRegressor,3551.606914281845,0.16389036178588867,0.8356593800781337,0.8172991100880843,7.9664304323275275,0.935412538639184,0.9352063448372209,4.432488561779169,0.9027620744392076,0.9026876668591156,5.432069602979561,SimpleImputer,0.2226951499966554,0.2165764291916401,AdaBoostRegressor,264.5966875553131,0.02122187614440918
111,197,reg_full_,MAR_,0.5_,2/,0.06608592109217164,KNNImputer,0.9899673248753404,0.9899673248753404,1.8668172756880574,0.9816077222387406,0.9815956522593274,2.3623356213524103,-1.7212726997051053,-2.0090046479825454,30.20597180996687,LGBMRegressor,8116.297399044037,0.03162121772766113,0.9976910569657715,0.9976910569657715,0.895571048899108,0.9794557201856668,0.9794543187488242,2.4959831922350815,0.9714349880593343,0.9712779756280181,2.9511338437372916,KNNImputer,0.05360328705382682,0.07151904415199765,HistGradientBoostingRegressor,5979.845565080643,3.260803699493408
112,197,reg_full_,MNAR_,0.01_,2/,0.05479524079780884,KNNImputer,0.9850915499620445,0.9849944822473974,2.2830684319459644,0.9815496829752249,0.981382568136276,2.3759717355622767,0.9812905294278106,0.9811245436946349,2.392379724533469,MLPRegressor,11073.3458507061,0.03370809555053711,0.9949824810028076,0.9949824810028076,1.3201943635940552,0.9833264350891113,0.9833246469497681,2.248636484146118,0.9832234382629395,0.983222246170044,2.2555301189422607,IterativeImputer,0.061467367285226955,0.058365810185615916,XGBRegressor,7454.918138504028,0.2689175605773926
113,197,reg_full_,MNAR_,0.1_,2/,0.05766689432714893,KNNImputer,0.9915502479494686,0.9915496345500364,1.7132911918963438,0.980749083632528,0.9807378198559823,2.416763223425095,0.978010757474107,0.9779999317173896,2.582815582098162,LGBMRegressor,3892.14346075058,0.048912763595581055,0.9913010693506255,0.9913010177783774,1.7383117198404465,0.9821719226211961,0.9821719223764649,2.3250571997331635,0.9810651873823419,0.9810632970013389,2.3962579534013013,IterativeImputer,0.056891266619334115,0.05438769084629352,LGBMRegressor,11437.021597385406,0.7189717292785645
114,197,reg_full_,MNAR_,0.3_,2/,0.0714387014186711,IterativeImputer,0.950218979412742,0.9497076982749598,4.179691161257075,0.9771587823847154,0.9766156815139967,2.662831845280523,0.8670919780334165,0.866764852994909,6.356100949341401,MLPRegressor,6109.655178785324,0.024823427200317383,0.9775342148554498,0.9775320041940226,2.7936732133669415,0.9704362048308759,0.9702871725522211,3.001603850983052,0.9052075688709083,0.9051518203178466,5.362852887147992,IterativeImputer,0.07216064485392132,0.06325536329054421,LGBMRegressor,8391.846856355667,1.4058349132537842
115,197,reg_full_,MNAR_,0.5_,2/,0.07719141067328791,IterativeImputer,0.8758145278874803,0.8758145278874803,6.567934800911773,0.9685617608048515,0.9685424829237028,3.0884715418576603,0.8493039102981297,0.8490697480182752,6.765026964998386,LGBMRegressor,3716.321879386902,0.027200937271118164,0.9187688266692069,0.9187674932568959,5.312003643399221,0.9565120640879377,0.9468856672786197,4.013167147190903,0.925419795119072,0.9253993710192233,4.756118077111018,SimpleImputer,0.10556763351927347,0.1115270936084069,RandomForestRegressor,3536.801782608032,0.0691232681274414
116,197,reg_full_,MCAR_,0.01_,2/,0.05395359150907009,KNNImputer,0.9864439426802789,0.9863605992840911,2.1766624288418415,0.981419049440078,0.9813714889983711,2.376678594692914,0.969475618359367,0.9693784607868342,3.0471574267643007,MLPRegressor,12810.433295249939,0.09631896018981934,0.9935914068673276,0.9935914068673276,1.492020487465259,0.9839012735616062,0.9839007916595796,2.209447282674853,0.9837262095414805,0.9837258031630758,2.2214224965913085,KNNImputer,0.05219834409364615,0.044531830108473,LGBMRegressor,6839.643307685852,0.3073770999908447
117,197,reg_full_,MCAR_,0.1_,2/,0.06403834372254699,KNNImputer,0.9896215454248951,0.9896215454248951,1.8987149984202143,0.982624981748548,0.982582516102745,2.2981273552414896,0.979905356701753,0.9798845358390645,2.469712572531833,LGBMRegressor,3336.653379678726,0.04095578193664551,0.9956665628674601,0.9956665628656974,1.2269014702258962,0.9800565767211645,0.9799645508446797,2.46479568440532,0.971635629523636,0.9715700743574853,2.936089198712589,KNNImputer,0.06007911076340122,0.062132272176380995,HistGradientBoostingRegressor,4108.392932653427,1.8033702373504639
118,197,reg_full_,MCAR_,0.3_,2/,0.07634140937615003,IterativeImputer,0.9727708053910797,0.9727708053910797,3.075465322818653,0.9749014706125797,0.9748970858550209,2.758947610906056,0.8973593366130538,0.8973055002864462,5.580266948926421,LGBMRegressor,3025.1976566314697,0.040637969970703125,0.9849655628204346,0.9849650859832764,2.2853055000305176,0.9696287512779236,0.9691920280456543,3.0564193725585938,0.9350433349609375,0.9350426197052002,4.438085556030273,SimpleImputer,0.10082212930270584,0.10440938323498265,XGBRegressor,8335.044186353683,0.02716541290283203
119,197,reg_full_,MCAR_,0.5_,2/,0.09191253578160016,IterativeImputer,0.8528405471956358,0.8528405471956358,7.149695052387665,0.9634881672318694,0.9634814969739518,3.3276517278664914,0.7964591557051853,0.7963605525863745,7.858005679995997,LGBMRegressor,3320.593762397766,0.028516292572021484,0.9042939187028383,0.9042864254489282,5.766073904765966,0.9582240395085504,0.9556131477329368,3.6686692310329456,0.8500468374209961,0.8500413686646542,6.74321671643137,SimpleImputer,0.10750591519309545,0.11037752720901808,LGBMRegressor,5844.8515837192535,0.023431777954101562
120,197,reg_simple_,MAR_,0.01_,3/,0.11282058819837257,SimpleImputer,0.999384117623792,0.999384117623792,0.4625325755695968,0.9829207422043,0.9829185948717586,2.2758476182027727,0.9632470069733963,0.9632297345828209,3.3391026159222785,ExtraTreesRegressor,7370.044446468353,0.15590453147888184,0.982623907380788,0.9825647312567399,2.4609781598348914,0.9802150811933732,0.9801200964398207,2.4552092977601077,0.9798000423811323,0.979709597095249,2.48042853518971,SimpleImputer,0.08582584223246559,0.12214838112097791,MLPRegressor,4109.080594062805,0.0430760383605957
121,197,reg_simple_,MAR_,0.1_,3/,0.10034651022031234,SimpleImputer,0.9973312142011124,0.9973310835501965,0.9628550794399414,0.9824623076574427,0.9824541098262374,2.3065829994768734,0.9771139018624039,0.9771135280507653,2.634333824325516,HistGradientBoostingRegressor,6085.050031423569,1.8174567222595215,0.99249042505629,0.99248861889632,1.6153005287293587,0.9820740920086597,0.9820724423380324,2.3315350439684055,0.9605204512369706,0.9600979872620052,3.4783940932325152,SimpleImputer,0.12326652254868131,0.10603591801012711,LGBMRegressor,1243.335074186325,0.03462624549865723
122,197,reg_simple_,MAR_,0.3_,3/,0.08608624382291157,SimpleImputer,0.9959083611519571,0.9959083611519571,1.1921806902341128,0.9799569858517826,0.9799447395282428,2.4660139945538853,0.37781276498120375,0.22873456920013124,15.292669982562543,HistGradientBoostingRegressor,2798.119251012802,1.795039176940918,0.9953301167907412,0.9953301167907412,1.273639284881822,0.9822223765956267,0.9822197271201015,2.3219378681037077,0.8143677288898264,0.8137867282797108,7.5142683189818165,SimpleImputer,0.12632744089551706,0.13108555096032254,LGBMRegressor,2743.8437366485596,0.03653907775878906
123,197,reg_simple_,MAR_,0.5_,3/,0.09468807833691367,SimpleImputer,0.9729912957777013,0.9729912957777013,3.0629881104642696,0.9722693956281633,0.9707602623370334,2.9776120914942346,0.9520005102429026,0.9491011689708088,3.9285771612983176,RandomForestRegressor,2982.804937839508,0.11008906364440918,0.9903358817100525,0.9903358817100525,1.8322055339813232,0.9722248911857605,0.9717245697975159,2.928100347518921,0.9689047932624817,0.9688969254493713,3.07102370262146,SimpleImputer,0.125497545682702,0.11370284013206809,XGBRegressor,1149.852127313614,0.018692970275878906
124,197,reg_simple_,MNAR_,0.01_,3/,0.09812384982887244,SimpleImputer,0.9865692734540916,0.9860881069463956,2.198297934269004,0.9814928115811375,0.980774109066433,2.4144856054573993,0.9805281347104386,0.9797375938212661,2.4787166951227255,MLPRegressor,4431.146518468857,0.11189746856689453,0.9847604549985323,0.9847504105304878,2.30156112153135,0.9809953915970708,0.9809928718165231,2.40070963381026,0.980430155342407,0.9804229507265989,2.436435958093726,SimpleImputer,0.10702026010437461,0.13597398493114654,MLPRegressor,10522.374601364136,0.009770393371582031
125,197,reg_simple_,MNAR_,0.1_,3/,0.10958719279246876,SimpleImputer,0.9981143011862171,0.9981143011861902,0.8093373825801814,0.981812347563531,0.9817730511968596,2.350922812908391,0.9338718088405975,0.9337640055738207,4.48155173125046,HistGradientBoostingRegressor,4901.424499750137,1.7939441204071045,0.9974848618179458,0.9974848618179458,0.9347045606442534,0.9813004561574329,0.9811655447804676,2.3897799597806215,0.9749776868651595,0.9749456245274927,2.756278987439941,SimpleImputer,0.11955322543467019,0.1141653123208454,ExtraTreesRegressor,2893.188235282898,0.08286905288696289
126,197,reg_simple_,MNAR_,0.3_,3/,0.09763952701240622,SimpleImputer,0.9835095481282492,0.9835095481282492,2.393369293305453,0.9708897633991914,0.9708807512237304,2.9714707996211334,0.9051909440271279,0.9048268366552892,5.372032553187098,RandomForestRegressor,2002.8735041618347,0.11113977432250977,0.9893840551376343,0.9893840551376343,1.9203152656555176,0.9768405556678772,0.9761709570884705,2.688032388687134,0.9418169856071472,0.9418157935142517,4.200334548950195,SimpleImputer,0.10053191283727651,0.10390193814819096,XGBRegressor,1060.3485445976257,0.02528834342956543
127,197,reg_simple_,MNAR_,0.5_,3/,0.12014940238765784,SimpleImputer,0.8928558046053381,0.8928558046053381,6.100673187675257,0.9444635368318867,0.9388241403481115,4.306965806587596,0.8351668181671171,0.8343830523443363,7.086532310358294,LGBMRegressor,3891.686408519745,0.027346372604370117,0.9588717574159327,0.9588673749687789,3.779955175954727,0.953323630015042,0.941804886677815,4.200728783263487,0.8060905213401761,0.8050523881388738,7.688477418315373,SimpleImputer,0.10399794162983597,0.10650890558389846,RandomForestRegressor,792.9614360332489,0.07537102699279785
128,197,reg_simple_,MCAR_,0.01_,3/,0.11394802488187936,SimpleImputer,0.9844469518075583,0.984443284951289,2.324622221643058,0.9804328154995207,0.9804072004590965,2.4374158504749706,0.9787850312648622,0.9787304816794014,2.539570132983371,MLPRegressor,11889.089847803116,0.083526611328125,0.9920268647515704,0.9920268646812896,1.6642095277648268,0.9810953879358593,0.9810781693698805,2.395316790849432,0.9731212832640757,0.9731212345931692,2.854868060687187,SimpleImputer,0.19086908297857727,0.18526750905951947,HistGradientBoostingRegressor,1108.5286073684692,0.012274503707885742
129,197,reg_simple_,MCAR_,0.1_,3/,0.096287729619654,SimpleImputer,0.9991494230796831,0.9991494230796831,0.543563434118934,0.979390232282978,0.9793697329939227,2.5011158468350763,0.9665970844724291,0.9665959551338958,3.182591603173266,RandomForestRegressor,5724.486136436462,0.1567695140838623,0.9923914369225619,0.9923911639178788,1.625745462945258,0.9799176673000345,0.9798897634587073,2.4693916364407507,0.9774515778780275,0.9774325072921536,2.615911450317582,SimpleImputer,0.09902554217450184,0.09973731454181833,RandomForestRegressor,1512.979999780655,0.0627894401550293
130,197,reg_simple_,MCAR_,0.3_,3/,0.08934488142139149,SimpleImputer,0.989305458669031,0.989305458669031,1.9274118209187183,0.9681057045801996,0.967934781102626,3.1181606597577387,0.9459481070916179,0.9459480637986656,4.048433512057341,HistGradientBoostingRegressor,5208.511890411377,1.8239772319793701,0.9840468168258667,0.9840467572212219,2.354062795639038,0.974606454372406,0.9740094542503357,2.807300329208374,0.9040451645851135,0.9040451049804688,5.394049644470215,SimpleImputer,0.10147107081055289,0.09956486316505524,XGBRegressor,1825.183400630951,0.025643348693847656
131,197,reg_simple_,MCAR_,0.5_,3/,0.09366519150112329,SimpleImputer,0.9029048781168149,0.902900386926543,5.807673411178974,0.9585285890465467,0.953324570752987,3.762058493125903,0.8395287264585755,0.8395202814269704,6.97575887798603,RandomForestRegressor,3091.2670390605927,0.1175537109375,0.9159824270288842,0.9159824270288842,5.402297571865389,0.9484594333257508,0.9461860453340721,4.039511396482005,0.8658965206262774,0.865892303032469,6.376879870067293,SimpleImputer,0.10001118757515746,0.10180283190078664,LGBMRegressor,1579.567714691162,0.02704024314880371
132,197,reg_full_,MAR_,0.01_,3/,0.054204575246306216,KNNImputer,0.9942560448307729,0.9942560448307729,1.412534153633199,0.984380248054095,0.9843802297488473,2.176299710379067,0.9843533666459492,0.9843533661052781,2.17817035966987,LGBMRegressor,2469.0165646076202,0.05127978324890137,0.9962713122367859,0.9962713122367859,1.1380748748779297,0.9836874008178711,0.983685314655304,2.224184989929199,0.9836832284927368,0.9836789965629578,2.2246134281158447,KNNImputer,0.03295622297447823,0.058837157064741144,XGBRegressor,7216.447738409042,0.16150856018066406
133,197,reg_full_,MAR_,0.1_,3/,0.058597176820190514,IterativeImputer,0.987508837485125,0.9875087776175124,2.083031832012709,0.9818653502491727,0.9818648608311914,2.3449945073134417,0.9325647799251696,0.9320913573990607,4.537784927610296,LGBMRegressor,3165.4191856384277,0.04346513748168945,0.9940483570098877,0.9940483570098877,1.4378448724746704,0.9800668358802795,0.9800560474395752,2.4591596126556396,0.9746478796005249,0.974636435508728,2.7732341289520264,IterativeImputer,0.052719454106834006,0.049344338499870945,XGBRegressor,7359.195392370224,0.38317322731018066
134,197,reg_full_,MAR_,0.3_,3/,0.06615638431920612,KNNImputer,0.9961346788705221,0.9961346788705221,1.1587406078107956,0.9813219495074718,0.9813162318760794,2.3802009152679235,0.7823080495429134,0.7807076333692174,8.15442120813419,ExtraTreesRegressor,6978.809974908829,0.12166547775268555,0.9835329444141394,0.983530716349715,2.3918326574148367,0.9804040816343296,0.9803369714522031,2.4417803154733217,0.9749478045984856,0.9749470332965492,2.7562014956833023,KNNImputer,0.050569545735673294,0.05255201119405492,MLPRegressor,10697.812278270721,2.385009527206421
135,197,reg_full_,MAR_,0.5_,3/,0.06525069400820122,KNNImputer,0.9907690346431226,0.9907690346431226,1.7906759350092787,0.9803718902409749,0.9803517567804931,2.4408621122389285,0.9783859763781265,0.9783573063628742,2.5617517371185197,LGBMRegressor,3483.184253692627,0.04612159729003906,0.9887286424636841,0.9887286424636841,1.97870934009552,0.9738337993621826,0.9738320112228394,2.8168694972991943,-2.7151663303375244,-4.302757740020752,40.09888458251953,IterativeImputer,0.08005519295144181,0.058929275341927864,XGBRegressor,9742.590748548508,0.07220983505249023
136,197,reg_full_,MNAR_,0.01_,3/,0.05286196394727362,KNNImputer,0.9935431305846784,0.9935431305846784,1.4976296796731434,0.9837930434115996,0.9837927019382502,2.2168519643371054,0.9835966099213329,0.983596524023108,2.2302283231963766,LGBMRegressor,2999.125721216202,0.04300284385681152,0.9944719076156616,0.9943926334381104,1.412480354309082,0.9838100075721741,0.9838084578514099,2.2157747745513916,0.9833848476409912,0.983384370803833,2.2640626430511475,IterativeImputer,0.07639350057323763,0.0841410101705798,XGBRegressor,10320.682373523712,0.5247735977172852
137,197,reg_full_,MNAR_,0.1_,3/,0.06842124176384305,KNNImputer,0.9995429870434402,0.9995429870407664,0.39843519520303405,0.9812296661873791,0.9812079988830639,2.3870850795984344,0.9769108924916258,0.9769105170509448,2.645991759475614,HistGradientBoostingRegressor,5100.044978141785,1.8436994552612305,0.9900800841174009,0.9900800841174009,1.856296865567523,0.9817803630031003,0.9817743314714018,2.350840246168466,0.9759555483365229,0.975954051205489,2.700239850972,IterativeImputer,0.05951556025972051,0.06046026060705095,HistGradientBoostingRegressor,8739.326339006424,0.7061235904693604
138,197,reg_full_,MNAR_,0.3_,3/,0.07570642327292282,IterativeImputer,0.9805623888979487,0.9805623888978406,2.5984530904316454,0.9779510396778893,0.9779437750669707,2.586109886240485,0.9138669460875875,0.9138499007593032,5.111039936998225,HistGradientBoostingRegressor,5573.1391615867615,1.8357582092285156,0.9746042071547945,0.9746042071547945,2.9701222452867917,0.9761972577269933,0.9760764446933301,2.693358995503491,0.9332940705034595,0.9332374150679236,4.499331117316957,IterativeImputer,0.05958295045230055,0.0662893038205887,LGBMRegressor,9441.847232103348,10.502742290496826
139,197,reg_full_,MNAR_,0.5_,3/,0.07692841318575191,IterativeImputer,0.9275944176406463,0.9275944176406463,5.015098439664427,0.9628942861127571,0.9628528871389302,3.3561697300687667,0.7349141295660298,0.7346284486754255,8.970332993948297,LGBMRegressor,4953.704122066498,0.036345720291137695,0.9026655028602308,0.9026655028602308,5.814693552360874,0.9539106748409594,0.9488451383243413,3.9384455061631125,0.8503444741074142,0.8501362338834979,6.741083468330379,SimpleImputer,0.1028141419146814,0.10071943757326161,LGBMRegressor,10799.98387002945,0.021405696868896484
140,197,reg_full_,MCAR_,0.01_,3/,0.055692973435752226,KNNImputer,0.9942994864011048,0.9942994864011048,1.407182513307046,0.9843134081851522,0.9843129914147617,2.1809788325871065,0.9839533103068168,0.9839523087272128,2.2059093618230783,LGBMRegressor,3314.6867406368256,0.04989171028137207,0.995678186416626,0.995678186416626,1.225258231163025,0.9842574596405029,0.9842574596405029,2.184835195541382,0.9841477870941162,0.9841475486755371,2.192448854446411,IterativeImputer,0.05893763475152626,0.05473984515048895,XGBRegressor,4820.337862491608,0.076812744140625
141,197,reg_full_,MCAR_,0.1_,3/,0.06827669038377905,KNNImputer,0.9849549147625234,0.9849537311837436,2.2861664385524496,0.9809722800064539,0.9809607024619265,2.4027403622019032,0.9268202698647358,0.9266240337113318,4.716917715211276,LGBMRegressor,4243.844743490219,0.04185652732849121,0.9877533912658691,0.9877533912658691,2.062535047531128,0.9817491769790649,0.981742799282074,2.352871894836426,0.9792826771736145,0.9792826175689697,2.50639271736145,IterativeImputer,0.058001055954240224,0.05920647231061739,XGBRegressor,7335.411780595779,0.6985104084014893
142,197,reg_full_,MCAR_,0.3_,3/,0.09318558410585762,KNNImputer,0.9673184106162503,0.9673184106162503,3.369341422355818,0.9764771815188706,0.97553410931174,2.723716482560879,0.9233068370690496,0.9232781072130213,4.823264046960605,LGBMRegressor,1999.202968120575,0.061087846755981445,0.9852213263511658,0.9852213263511658,2.265744686126709,0.9725856184959412,0.9718750715255737,2.9202988147735596,0.945245087146759,0.9452310800552368,4.075194835662842,SimpleImputer,0.11029084747988073,0.11032678884241406,XGBRegressor,2883.783653974533,0.042144775390625
143,197,reg_full_,MCAR_,0.5_,3/,0.0906255979976519,IterativeImputer,0.9412917073403537,0.9412897961901713,4.515961498251991,0.9716230037988789,0.9716119942983317,2.9339237676243592,0.7487338821540654,0.7486700634958265,8.729783921016159,HistGradientBoostingRegressor,5794.351697683334,3.9828245639801025,0.8802629459401263,0.8802585851397529,6.4493452925028985,0.9653997259194885,0.9628743914077387,3.3551981549112173,0.8002044342531364,0.8002009191288532,7.783557292290094,SimpleImputer,0.10079705888330855,0.10226429952369476,RandomForestRegressor,10435.164770841599,0.06039118766784668
144,198,reg_simple_,MAR_,0.01_,1/,0.14430490320992612,SimpleImputer,0.7445767799041174,0.7445767799041174,0.001201469510396621,0.639978746696495,0.6391148536927813,0.0014188331274118868,0.6405493023304576,0.6396860639413746,0.0014177098157678216,ExtraTreesRegressor,2661.2564351558685,0.12144041061401367,0.7508961667251491,0.7508959259541935,0.0011865143131545807,0.6401447429464713,0.6390521947838963,0.001418956294959732,0.633662940420738,0.6324198512485462,0.0014319334717416963,SimpleImputer,0.1345421735230918,0.1357953326317922,ExtraTreesRegressor,1272.636174917221,0.07365870475769043
145,198,reg_simple_,MAR_,0.1_,1/,0.14193503553104841,SimpleImputer,0.7001507937981792,0.7001505170725786,0.0013017698792949048,0.6389531572168494,0.637884393485731,0.0014212498687695744,0.6176456595645088,0.616158321970834,0.0014632646501573441,ExtraTreesRegressor,1573.519703388214,0.10761022567749023,0.6604928567432773,0.6604928567432773,0.001385182590454877,0.6474367576935492,0.6467365698414345,0.0014037706473434305,0.6286299216495586,0.628105098518545,0.0014403131591108561,SimpleImputer,0.15797624131670748,0.1588025222916595,LGBMRegressor,1660.2534277439117,0.016677379608154297
146,198,reg_simple_,MAR_,0.3_,1/,0.13413753150938282,SimpleImputer,0.6474800235339859,0.647479875672679,0.0014114793334051633,0.6410308251034236,0.6403297567359651,0.001416442896232349,0.6337202362336012,0.6324071087793718,0.0014319582911042988,LGBMRegressor,3576.020313501358,0.021575212478637695,0.6584129390986226,0.6584129390986226,0.00138941912372844,0.6471869008007831,0.6460293670014475,0.0014051750585423793,0.478406036804911,0.46925078590748204,0.0017206458692821797,SimpleImputer,0.14943524972011862,0.13715489477163836,LGBMRegressor,786.9443187713623,0.017824172973632812
147,198,reg_simple_,MAR_,0.5_,1/,0.17507629694047333,SimpleImputer,0.5965487114688707,0.5965487114688708,0.0015100040766627511,0.6345783348005641,0.6344385262408816,0.0014279961156407582,0.5100832417920542,0.5049599939813558,0.0016617548882982864,LGBMRegressor,2145.4991433620453,0.026101112365722656,0.5698832455406304,0.5698807249479094,0.0015591109400824737,0.6416720682385113,0.6413435078332803,0.0014144453251214882,0.540165352972465,0.5401044246915869,0.001601682505343639,SimpleImputer,0.14792668084969005,0.13823103484943194,LGBMRegressor,824.0853469371796,0.016198158264160156
148,198,reg_simple_,MNAR_,0.01_,1/,0.1370721653886364,SimpleImputer,0.6801434463478203,0.6801434463478203,0.001344498100981896,0.6471368748040072,0.6462039055457232,0.0014048285785987278,0.6399451110268205,0.6390624539206762,0.0014189361294815865,LGBMRegressor,3557.9898221492767,0.04076862335205078,0.675215935187147,0.675215935187147,0.0013548147706202271,0.6480790577556812,0.6470093364741313,0.001403228593310573,0.6442975373402986,0.643081608745151,0.0014110138600551272,SimpleImputer,0.15115356492272208,0.13372398018900417,LGBMRegressor,1337.892243862152,0.019222736358642578
149,198,reg_simple_,MNAR_,0.1_,1/,0.14450959279645934,SimpleImputer,0.7041004934177317,0.704098468149687,0.001293171644121947,0.6400117795759649,0.6389603041819076,0.0014191369034142975,0.5983902066622512,0.5974515655028374,0.001498497032872465,ExtraTreesRegressor,2540.851748228073,0.11136102676391602,0.6444747549659149,0.6444747549659149,0.0014174827699424406,0.6454331284915735,0.6453770662469007,0.001406469198190827,0.6007836460797853,0.6003798421932005,0.0014930367916994925,SimpleImputer,0.5443676005680007,0.5290594714523957,LGBMRegressor,419.44499826431274,0.021677732467651367
150,198,reg_simple_,MNAR_,0.3_,1/,0.13373556857179986,SimpleImputer,0.5389737176474128,0.538973696811229,0.0016141556791075527,0.6290101325426574,0.6289457970061563,0.0014386842658655281,0.4872707705322832,0.48716917709193563,0.0016913515131491298,LGBMRegressor,2889.3298025131226,0.01983809471130371,0.6020400372971046,0.6020399651721176,0.0014996927655808868,0.6358871362182408,0.6358859176191358,0.0014251663327625535,0.5055315526677924,0.5043800801210832,0.0016627279335287319,SimpleImputer,0.14165701339265244,0.141023759418957,ExtraTreesRegressor,1026.8751473426819,0.06959104537963867
151,198,reg_simple_,MNAR_,0.5_,1/,0.21285608640554549,SimpleImputer,0.4698337825097554,0.469828794859084,0.001730974358620437,0.6180895615864241,0.6180053675920231,0.001459739790907966,0.3826249635984661,0.38168098820558827,0.0018571762297574256,ExtraTreesRegressor,2035.5062544345856,0.1085972785949707,0.4387819731547191,0.43877815265830866,0.001780942306929923,0.6058688700531255,0.6031428212672585,0.0014878664010655495,0.3670074373949672,0.36697099652893017,0.001879137764821087,SimpleImputer,0.14362365938496413,0.14335172556795178,LGBMRegressor,799.3359897136688,0.016611814498901367
152,198,reg_simple_,MCAR_,0.01_,1/,0.14258191886678867,SimpleImputer,0.7534792864741486,0.7534792864741486,0.0011803458417984026,0.6407581303681621,0.6400173479726319,0.0014170579222637224,0.6386595126348555,0.6378620361920095,0.001421293742617806,ExtraTreesRegressor,1999.309843301773,0.12035393714904785,0.7483239905250877,0.7483239905250877,0.001192623811300694,0.6404690419784826,0.6395676009591028,0.0014179428518982943,0.634757385309461,0.6337773936067593,0.0014292868265449084,SimpleImputer,0.1398071102185347,0.1437005157301495,ExtraTreesRegressor,974.8517796993256,0.07645750045776367
153,198,reg_simple_,MCAR_,0.1_,1/,0.12995053520724548,SimpleImputer,0.6444275092257206,0.6444275092257206,0.0014175769514370754,0.6377125234669208,0.6373072184284987,0.0014223820808965757,0.6024876250748601,0.6016447324573366,0.0014906720154970882,LGBMRegressor,2208.717129945755,0.024250268936157227,0.7081312705579955,0.708130776677705,0.0012843302674978522,0.637458286026755,0.6364504493513321,0.0014240610971389467,0.5934809895917152,0.5928449426001778,0.001507046779252853,SimpleImputer,0.14176382631777362,0.1459781709423655,ExtraTreesRegressor,1163.2622458934784,0.07266712188720703
154,198,reg_simple_,MCAR_,0.3_,1/,0.12795196313670473,SimpleImputer,0.5861546172432501,0.5861534151293379,0.0015293336844175124,0.6301574873522839,0.6297496985161923,0.0014371249417077243,0.5010103839854821,0.4998582073110658,0.0016702958018827564,ExtraTreesRegressor,2365.2848987579346,0.1177053451538086,0.5877457433018443,0.5877457433018443,0.0015263886944684186,0.6282625814769457,0.6279978707847902,0.0014405207854919688,0.4845436745000078,0.4839901866341426,0.0016965856793229735,SimpleImputer,0.14203408712115956,0.14265695927856442,LGBMRegressor,960.8068208694458,0.021407604217529297
155,198,reg_simple_,MCAR_,0.5_,1/,0.20937978737501672,SimpleImputer,0.4642872325352393,0.4642872325352393,0.0017399972616904554,0.6264116240670493,0.6263668463528598,0.0014436752766884295,0.3710335190276386,0.3702486035498066,0.0018742666860884433,ExtraTreesRegressor,1304.7996909618378,0.10546112060546875,0.4854063895626619,0.485406388624818,0.0017053548531243117,0.6229297881140252,0.6225082297252282,0.001451110753029361,0.37750952558728634,0.37728505262914935,0.0018637663294726182,SimpleImputer,0.14219636125547763,0.13947519936628427,ExtraTreesRegressor,881.3703866004944,0.07249236106872559
156,198,reg_full_,MAR_,0.01_,1/,0.1299403830302965,IterativeImputer,0.6637324725373371,0.6637310388589401,0.001378560903132201,0.6476111243823595,0.6466690424762352,0.0014039048084191483,0.6452414366122327,0.6443384541562327,0.0014085273108599828,LGBMRegressor,2503.5866355895996,0.028903722763061523,0.6764429577841928,0.6764424536402881,0.0013522541814669823,0.6515457668713479,0.6507206027885837,0.001395832483042352,0.649420135393707,0.648479762745662,0.0014003028821402213,SimpleImputer,0.14208074813241553,0.14522139377907242,LGBMRegressor,9089.501552820206,0.01935267448425293
157,198,reg_full_,MAR_,0.1_,1/,0.13426612171227215,IterativeImputer,0.6555471063821539,0.6555471063821539,0.0013952353949136752,0.6464017968808189,0.6454605950871026,0.0014063035466656867,0.5990348131179528,0.5977645344427132,0.0014979144020906957,LGBMRegressor,2039.08891415596,0.024819612503051758,0.6617606895286956,0.6617606895286956,0.0013825938047024194,0.6477334310844844,0.6470998286631271,0.001403048716929386,0.6153467466761724,0.6147246853911585,0.0014659947270393423,KNNImputer,0.13743894699168824,0.126439927466501,LGBMRegressor,2252.904324054718,0.40769124031066895
158,198,reg_full_,MAR_,0.3_,1/,0.14577199334067742,SimpleImputer,0.6340922410048817,0.6340922410048817,0.0014380314217688403,0.6375900411546174,0.636090320400925,0.0014247662536782692,0.48571266530694557,0.48353343586216047,0.0016973363873457519,LGBMRegressor,3329.1563074588776,0.028548479080200195,0.5816724817962313,0.5816699098503366,0.0015375955677963318,0.6314778032938719,0.6303681645269229,0.001435924153477974,0.5784151475605257,0.5774332686872324,0.0015353043038642286,IterativeImputer,0.12441183398054285,0.13109191738365739,ExtraTreesRegressor,5325.860843658447,0.07229804992675781
159,198,reg_full_,MAR_,0.5_,1/,0.13958734508204237,VAE,0.03185212069518539,0.03184020430894052,0.002339139314720515,0.017387615488551944,0.016827979049976016,0.0023418634677308844,-0.002299275799223066,-0.0023059540965275627,0.002364541667449814,HistGradientBoostingRegressor,4556.444267988205,0.21261334419250488,0.6832571117533641,0.6832571117533641,0.0013379380429400793,0.6374674262162021,0.6361228037856907,0.0014247026633619742,0.5297824387705488,0.529776451998732,0.0016195673143409859,KNNImputer,0.129923270682652,0.14056392421762473,ExtraTreesRegressor,4904.332335472107,1.9031519889831543
160,198,reg_full_,MNAR_,0.01_,1/,0.1294548184082201,KNNImputer,0.6757990684444405,0.6757990684444404,0.0013535979737194371,0.6494447259390266,0.6484738737075849,0.001400314611767111,0.6417604868368837,0.640721615192254,0.0014156710831631743,LGBMRegressor,2389.2709171772003,0.020651817321777344,0.8046646460295458,0.8046646460295458,0.0010506861156784042,0.6392545362506532,0.6383830819781745,0.0014202708925422642,0.6363694668803516,0.6355782490043316,0.0014257683231626201,IterativeImputer,0.1272577813817558,0.12941285283489606,ExtraTreesRegressor,8266.563481092453,0.09378862380981445
161,198,reg_full_,MNAR_,0.1_,1/,0.137323500642703,SimpleImputer,0.6670241338103006,0.6670238041542242,0.0013717948245111013,0.6384595020938786,0.6379284917253849,0.001421163326620562,0.5946404582910709,0.5938308559566619,0.001505221039798749,ExtraTreesRegressor,2875.119040966034,0.11037945747375488,0.6275020333325395,0.627491285750404,0.0014509444472281567,0.6447075377149234,0.6438267158788001,0.001409540265813152,0.6033916241795518,0.6024705531923856,0.0014891260756970499,IterativeImputer,0.13283715383696718,0.13462985861512564,LGBMRegressor,9382.582177639008,0.030834674835205078
162,198,reg_full_,MNAR_,0.3_,1/,0.1367620889690937,SimpleImputer,0.577607360682673,0.5776071458820096,0.0015450439847243674,0.627160755776885,0.6271360635390805,0.0014421884279268227,0.4930171235934967,0.49289413536824533,0.0016818843633753249,ExtraTreesRegressor,3194.121126651764,0.11616635322570801,0.6023570834870637,0.6023570834870637,0.001499095124132577,0.6243574354261948,0.6241716436644242,0.0014479100702418119,0.4951978288531217,0.4936168646256881,0.0016806854219595826,SimpleImputer,0.5281142019096029,0.5376146384287934,LGBMRegressor,3324.3608660697937,0.022710800170898438
163,198,reg_full_,MNAR_,0.5_,1/,0.11751125358271253,VAE,0.04208101629527117,0.04208101629527117,0.0023267351800437923,0.002086411208103489,-0.010981266799729328,0.0023747525926785975,-0.014850761270987833,-0.01488419200017499,0.002379332080920038,LGBMRegressor,2172.1653773784637,0.020688295364379883,0.47377055157588843,0.47377055157588843,0.0017245275643674692,0.6235326903138758,0.6234668449284037,0.0014492670822713605,0.36964874592540586,0.3691566619798622,0.0018758909010797608,SimpleImputer,0.14211829296363346,0.14245970698013763,ExtraTreesRegressor,3160.102599620819,0.07146072387695312
164,198,reg_full_,MCAR_,0.01_,1/,0.13834530397507,KNNImputer,0.6775498630065754,0.6775498630065755,0.0013499380826818316,0.6498193270683188,0.648836604545554,0.0013995919508408307,0.6452595654412935,0.644294583235639,0.0014086141792396143,LGBMRegressor,2287.077185869217,0.0328369140625,0.6600608447412728,0.6600606782299167,0.0013860639500562761,0.6441358493223095,0.6432569459849654,0.0014106672350653647,0.6427538813432147,0.6419648823210546,0.0014132195265319373,KNNImputer,0.1301513462024672,0.12112995958884655,LGBMRegressor,10291.240416765213,0.09348106384277344
165,198,reg_full_,MCAR_,0.1_,1/,0.12475155910942023,SimpleImputer,0.6315022574280063,0.6315022574280063,0.0014431118145837953,0.6413853028037018,0.6404318590925803,0.0014162418336957161,0.5834502675405713,0.582859282869328,0.0015254153350554077,LGBMRegressor,1977.8452997207642,0.023370742797851562,0.6464162784698197,0.6464162784698197,0.001413607034366294,0.6487206499597256,0.6479843321752078,0.00140128932404528,0.599876061188124,0.5989967670591378,0.001495618241099924,KNNImputer,0.13413918521119364,0.13338090477286757,LGBMRegressor,10143.723536491394,0.762669563293457
166,198,reg_full_,MCAR_,0.3_,1/,0.132370803346546,VAE,0.020723000244597833,0.020723000244597722,0.002352530938179836,0.028672555725653637,0.028378359357343563,0.002328066630623762,0.0007583714304608691,0.0006582105042161057,0.0023610426957622363,HistGradientBoostingRegressor,2962.6487736701965,1.798203706741333,0.5584719062333899,0.5584711253215712,0.0015796545457015634,0.6295382682178305,0.6289564679509938,0.0014386635785499104,0.502925628837338,0.5021813317946566,0.0016664120817433995,SimpleImputer,0.1414585553073666,0.14504377776156582,ExtraTreesRegressor,4639.339317560196,0.06409478187561035
167,198,reg_full_,MCAR_,0.5_,1/,0.11180986962462898,VAE,0.0026683374147986605,0.0026518396895732765,0.0023741380137608514,0.006740351750093909,0.006573736534538632,0.0023540443194637476,0.007144546680604269,0.007000839027826111,0.0023535382294181595,LinearSVR,1978.6891820430756,0.01551675796508789,0.4680862089296186,0.4680862089296186,0.001733816739550906,0.6268519781927075,0.626819333635293,0.0014428008326065362,0.38330427237688425,0.38222919181790593,0.0018563527580028893,SimpleImputer,0.14167496193847984,0.1418780985835476,ExtraTreesRegressor,3799.4176251888275,0.07511448860168457
168,198,reg_simple_,MAR_,0.01_,2/,0.1428601876884558,SimpleImputer,0.6697774207298239,0.6697764390865144,0.0013661129067754857,0.6445035814836906,0.643613756727706,0.001409961591128643,0.642896205520513,0.6420851180396296,0.0014129822121947203,LGBMRegressor,2573.512957572937,0.024372339248657227,0.6795038750940052,0.6795038750940052,0.0013458416296665192,0.6468955074533453,0.6460311463629304,0.0014051715267274702,0.6443744107980669,0.6434460773015556,0.0014102932449907974,SimpleImputer,0.1278087893255674,0.12551486312136687,LGBMRegressor,1715.782316684723,0.018712759017944336
169,198,reg_simple_,MAR_,0.1_,2/,0.1376507255290991,SimpleImputer,0.7613257521162793,0.7613257521162793,0.0011614094293758673,0.6404449510992635,0.6395118698175624,0.0014180524709551635,0.6052273107017442,0.6027170379674603,0.001488664344091375,ExtraTreesRegressor,2363.217943906784,0.13942837715148926,0.7380068965677824,0.7380068675544393,0.0012168233083804966,0.6423842236927203,0.6415545408356105,0.0014140291350182865,0.6389787098752255,0.6378772973937143,0.0014212637942539476,SimpleImputer,0.1375325692238223,0.1532934892275229,ExtraTreesRegressor,1858.7833104133606,0.07355761528015137
170,198,reg_simple_,MAR_,0.3_,2/,0.14514207020270964,SimpleImputer,0.627456760176355,0.627456760176355,0.0014510116852917887,0.6356346104554241,0.6339103976216551,0.0014290272601687455,0.5552635631442127,0.5449244897064123,0.00159326695473012,LGBMRegressor,2531.7958884239197,0.0345156192779541,0.6658582377073542,0.6658582377073542,0.0013741936765160597,0.6445132685065784,0.6438174646430903,0.001409558571375569,0.6427688836298322,0.6415832454823304,0.001413972515498674,SimpleImputer,0.15874751759785988,0.13997039290048618,LGBMRegressor,1222.8936388492584,0.01587820053100586
171,198,reg_simple_,MAR_,0.5_,2/,0.17352430562767213,SimpleImputer,0.5303344531904227,0.5303344531904228,0.0016292094399433692,0.6266854162497989,0.6258346513735238,0.0014447030807360525,0.4068991940720278,0.40383661494409173,0.0018235995061911322,ExtraTreesRegressor,2273.2796046733856,0.10957193374633789,0.5813165256826509,0.5813153600832031,0.0015382470135120925,0.6375759411182773,0.6375482622361766,0.0014219093483329936,0.5158460359211026,0.5158434944436657,0.0016433864515759053,SimpleImputer,0.15309319079263867,0.132056607118382,LGBMRegressor,511.0473690032959,0.020895957946777344
172,198,reg_simple_,MNAR_,0.01_,2/,0.14341095244703767,SimpleImputer,0.7537107194416057,0.7537088071613314,0.001179796239146106,0.640829689930706,0.6398759539385195,0.0014173361910417182,0.6361658593694008,0.6352689187360285,0.001426373308658714,ExtraTreesRegressor,2419.4586889743805,0.13291692733764648,0.7181783324026505,0.7181770304140476,0.0012620331413594975,0.6425397740051246,0.6418041558323128,0.0014135366969924858,0.6406443874372989,0.6399727074410246,0.0014171457824114417,SimpleImputer,0.14650106575836422,0.1509748974947872,ExtraTreesRegressor,1050.1533205509186,0.07207441329956055
173,198,reg_simple_,MNAR_,0.1_,2/,0.14700033853928568,SimpleImputer,0.6349803676999134,0.6349767975613965,0.001436292199550992,0.6423711977398441,0.6415901240846463,0.0014139589472137615,0.59593336749693,0.5954907493959007,0.0015021421938803295,LGBMRegressor,2933.9358263015747,0.0212404727935791,0.7022300815834208,0.7022292448572476,0.0012972497256395342,0.6366627081520042,0.6354596547237684,0.0014260002991817212,0.6004293589170003,0.5986916010414247,0.0014961872203812742,SimpleImputer,0.14576946956739384,0.14188831952602893,ExtraTreesRegressor,708.7138240337372,0.07330203056335449
174,198,reg_simple_,MNAR_,0.3_,2/,0.13371366617481176,SimpleImputer,0.537743570653687,0.537743570653687,0.001616307717236464,0.6254134986807329,0.6241332862251652,0.0014479839559726755,0.49882363403051744,0.4987771563958431,0.001672099990363206,LGBMRegressor,1699.7685062885284,0.022449493408203125,0.5846542860327875,0.5846542860327875,0.00153210113037959,0.6312276334270758,0.6300226605167397,0.0014365950936224125,0.5023611730962476,0.5014945539884393,0.0016675611551548225,SimpleImputer,0.14140147361049518,0.14326275817431572,LGBMRegressor,997.1236689090729,0.01941061019897461
175,198,reg_simple_,MNAR_,0.5_,2/,0.206899667994164,SimpleImputer,0.4567627674810475,0.4567627674810476,0.00175217439831356,0.622121967771606,0.6171158163351106,0.001461438451271583,0.3546244845611768,0.35448084850311345,0.0018975856267680908,LGBMRegressor,1202.1359596252441,0.027405261993408203,0.4816155111975188,0.48161434803394654,0.0017116267004221556,0.6155737181928627,0.614826022682398,0.0014658019172497845,0.3667379051180576,0.36562207054984397,0.0018811388333400093,SimpleImputer,0.14291478688663112,0.14447139226297476,ExtraTreesRegressor,510.2435185909271,0.07362651824951172
176,198,reg_simple_,MCAR_,0.01_,2/,0.141183014696249,SimpleImputer,0.7570460485873751,0.7570460485873751,0.0011717758681379037,0.6394053111783762,0.6386038334876791,0.001419837319344937,0.6355766921576571,0.6347159974605046,0.0014274540685874236,ExtraTreesRegressor,1804.7695226669312,0.13408827781677246,0.7846623164914317,0.7846621654095532,0.001103170747220516,0.641804332455582,0.6412167792404619,0.0014146951948968325,0.6337205008930256,0.6329322358808784,0.0014309351091125319,SimpleImputer,0.15176761660462498,0.14382252300203702,RandomForestRegressor,864.0564670562744,0.07012176513671875
177,198,reg_simple_,MCAR_,0.1_,2/,0.1341952090902769,SimpleImputer,0.6534027807130232,0.6534027807130233,0.0013995715425898542,0.6395765428935042,0.6391028303925775,0.0014188567622368737,0.5864318232141081,0.5857884577703059,0.0015200501432089857,LGBMRegressor,1321.705973625183,0.028091907501220703,0.6797069481349552,0.679706676499333,0.0013454157559298946,0.6366883294433197,0.6355963395540161,0.0014257329338743464,0.6014789564262871,0.6006774553422471,0.0014924807259778501,SimpleImputer,0.14131010191406806,0.14263267871838672,ExtraTreesRegressor,353.6270401477814,0.06526947021484375
178,198,reg_simple_,MCAR_,0.3_,2/,0.13955863461091753,SimpleImputer,0.5765263559564275,0.5765263559564274,0.001547019398294283,0.6286811263784748,0.6282194672407677,0.0014400916725544487,0.49941866154600767,0.4990039546744195,0.0016717216433731004,LGBMRegressor,1918.5654063224792,0.028450965881347656,0.540307731335508,0.5403058228362235,0.0016118219572527055,0.6300535387624051,0.629573786240574,0.0014374663025339227,0.49437133388997523,0.4933555360984957,0.0016811190406606769,SimpleImputer,0.14269626959233564,0.1408066491261152,LGBMRegressor,1302.9996137619019,0.014480352401733398
179,198,reg_simple_,MCAR_,0.5_,2/,0.21001030507024612,SimpleImputer,0.48127334805758293,0.4812732394004473,0.001712189750950003,0.619347401803971,0.6192433597461076,0.0014573724631885814,0.3929805188214671,0.39247071256848554,0.001840900966948884,ExtraTreesRegressor,2024.6161966323853,0.12233996391296387,0.4293872260032294,0.4293872260032294,0.001795780747694083,0.6134772434503637,0.6133974955734967,0.0014685175730306324,0.39242097918541996,0.3919328493966947,0.0018417156879819022,SimpleImputer,0.14231902176361425,0.14171888983327005,LGBMRegressor,405.3992006778717,0.014766931533813477
180,198,reg_full_,MAR_,0.01_,2/,0.1298600876356287,KNNImputer,0.74842441155014,0.74842441155014,0.001192385853668083,0.6423130028932427,0.641515472366917,0.0014141061933912488,0.6423801391109196,0.6416335645214173,0.001413873256417204,ExtraTreesRegressor,1762.7739984989166,0.1303400993347168,0.7319916418120926,0.7319914725699705,0.001230713239640247,0.6417820588728984,0.6409415941913249,0.0014152376231995323,0.6407284148385909,0.6398626762442061,0.001417362319237586,KNNImputer,0.1353295300193165,0.1320868657090147,ExtraTreesRegressor,6705.014626026154,0.1275339126586914
181,198,reg_full_,MAR_,0.1_,2/,0.13256237549256203,IterativeImputer,0.6806696276444085,0.6806696276444085,0.0013433917598208796,0.6459127141776727,0.644944091768886,0.0014073275458107426,0.6266754042574278,0.626014577781735,0.001444355678852971,LGBMRegressor,1909.8362710475922,0.0274507999420166,0.6396749253246286,0.639674919197478,0.0014270191878261217,0.6048601658299966,0.6044259267491887,0.0014854591935878477,0.5984136216372291,0.5976311362753657,0.0014981627671515152,SimpleImputer,0.13121678818212534,0.14243147575193976,KNeighborsRegressor,201.04015564918518,1.9692437648773193
182,198,reg_full_,MAR_,0.3_,2/,0.14121965460263794,KNNImputer,0.6249780050921148,0.6249780048738818,0.0014558309110709957,0.6464526102011983,0.6454383891154254,0.0014063475866896247,0.590449681643394,0.5899637493502794,0.0015123696143599938,LGBMRegressor,3869.041465997696,0.02394390106201172,0.5903084770411358,0.5903071578317561,0.001521639433536695,0.6432897560085232,0.6432146274917848,0.0014107509024848255,0.5729208016794715,0.5729206888626175,0.0015434802727073767,KNNImputer,0.13684444535482562,0.1580119166582734,LGBMRegressor,3437.2351310253143,1.2141869068145752
183,198,reg_full_,MAR_,0.5_,2/,0.11946775975729787,VAE,0.08662025326078937,0.08662025326078915,0.0022719996233382363,0.011048872133722298,-0.04435870123219843,0.0024136353678298706,-0.02836246748877791,-0.05416516457874776,0.0024249408335394076,LGBMRegressor,2690.328830718994,0.01931142807006836,0.575118423965053,0.575118423965053,0.0015495889687310211,0.6354710555027083,0.6336728694886999,0.0014294907793923777,0.5168331761401732,0.5145353661270353,0.0016456050629056358,KNNImputer,0.14719307019097572,0.14023496759069787,LGBMRegressor,3917.956756591797,1.7379608154296875
184,198,reg_full_,MNAR_,0.01_,2/,0.13143957024383704,KNNImputer,0.6650692798755424,0.665064073946997,0.001375825748975858,0.6435261509687147,0.6425095212437235,0.0014121442307609153,0.6389651066620876,0.6379183688068514,0.0014211831931658391,LGBMRegressor,1513.397403717041,0.02703690528869629,0.6644416366584458,0.6644416366584458,0.0013771035571907685,0.646578537087724,0.6457518842693946,0.0014057257192377373,0.6462108263993247,0.6452780573643142,0.0014066655239387328,IterativeImputer,0.128935484808397,0.13353387878850403,LGBMRegressor,10486.878549575806,0.7006175518035889
185,198,reg_full_,MNAR_,0.1_,2/,0.13752776039240588,KNNImputer,0.7386655786694303,0.7386636619476359,0.0012152971152489336,0.6381003253040611,0.6364844810426058,0.0014239944427561627,0.5931459515939568,0.5908030258083042,0.0015108210361713193,ExtraTreesRegressor,1761.6978178024292,0.11704039573669434,0.639650326776698,0.639650326776698,0.0014270678844884184,0.6529830166163045,0.6521892515916692,0.001392894795893163,0.592425431672299,0.5920315284416247,0.0015085514167664754,KNNImputer,0.1375844136427731,0.13649497657437762,LGBMRegressor,9581.640518426895,0.8594119548797607
186,198,reg_full_,MNAR_,0.3_,2/,0.12963336795692204,VAE,0.0159133676655816,0.01591336766558149,0.0023583009861523406,0.026433917073812485,0.024443647364374876,0.002332775776706434,-0.004081860588286634,-0.004164505418755127,0.0023667329079094745,LGBMRegressor,4176.3898832798,0.0228273868560791,0.6411199806857473,0.6411199598901545,0.0014241548681965758,0.6354841289853794,0.6351707862965394,0.0014265651816382074,0.4882588734518608,0.48678430302343867,0.00169198606476023,SimpleImputer,0.14307530839104782,0.13979469912814296,ExtraTreesRegressor,5677.680624246597,0.07640194892883301
187,198,reg_full_,MNAR_,0.5_,2/,0.1108313778286621,VAE,0.025105055198763382,0.025105055198763715,0.002347261500481047,0.04491829078067855,0.04459221921374201,0.002308560195665098,-0.020953437488591797,-0.02103760395593257,0.0023865343237436027,LGBMRegressor,1008.4483280181885,0.01740097999572754,0.5050321507163845,0.5050321507163845,0.0016725190052317624,0.6140677066454573,0.6076714490510347,0.0014793528524370456,0.33578320102016657,0.33540661271473304,0.0019254170984676568,SimpleImputer,0.14197834490506595,0.14179572110629368,LGBMRegressor,3297.2637560367584,0.018205881118774414
188,198,reg_full_,MCAR_,0.01_,2/,0.13346267959137853,KNNImputer,0.6817149279179484,0.6817149279179484,0.0013411912193286358,0.6478778909280112,0.6467926920435072,0.0014036591359011669,0.645567218699036,0.644443483031198,0.0014083193224455092,LGBMRegressor,2377.049268722534,0.02881145477294922,0.6837496363777109,0.6837496363777109,0.001336897413735899,0.6473814948546974,0.6464040269076468,0.0014044312085039583,0.6406882855579639,0.6396989920811831,0.0014176843816764905,KNNImputer,0.12917091648805937,0.12259946083094737,LGBMRegressor,7098.553809404373,0.10473275184631348
189,198,reg_full_,MCAR_,0.1_,2/,0.1347803924817934,SimpleImputer,0.6492989647117832,0.6492989647117832,0.0014078328358742398,0.6450160148876071,0.6443405479278697,0.0014085231648693517,0.5987031440975281,0.5973313663007846,0.001498720738504607,LGBMRegressor,2594.187808275223,0.03076767921447754,0.6997074499330088,0.6997069906181077,0.0013027322888766659,0.640849465707569,0.6400210365508164,0.00141705066227175,0.5969043474906168,0.5964080033340384,0.001500438119351742,IterativeImputer,0.12965632363950566,0.12930636525099862,ExtraTreesRegressor,9270.7025308609,0.08545303344726562
190,198,reg_full_,MCAR_,0.3_,2/,0.1339709447330028,SimpleImputer,0.5486809030774575,0.5486809030774575,0.0015970717276414155,0.6350564861218115,0.6342083861205794,0.0014284455441415764,0.501910013056451,0.501196264571742,0.0016680599876762647,LGBMRegressor,1299.4925653934479,0.026278972625732422,0.579959439472193,0.5799581743245001,0.0015407381460306464,0.6287680515276259,0.6284091967054332,0.0014397241671772532,0.4828062700986756,0.48254255556513026,0.001698963841454735,SimpleImputer,0.14154287844757552,0.14475967803943068,ExtraTreesRegressor,4067.3976628780365,0.06615257263183594
191,198,reg_full_,MCAR_,0.5_,2/,0.09934411508775716,VAE,0.014785151959938236,0.014784519130389029,0.002359653205316666,-0.004147886219288743,-0.004953462478108239,0.0023676624787126147,0.000974751327440293,0.0008647729239134039,0.002360798671194352,ExtraTreesRegressor,4454.3514752388,0.06703686714172363,0.43186493556932815,0.43186493556932815,0.00179187769476893,0.6197816373455337,0.6194203484785403,0.001457033705489697,0.3599006067323316,0.35891291827351013,0.0018910600902310097,SimpleImputer,0.14259665839714286,0.14362708668487376,ExtraTreesRegressor,2989.5097835063934,0.06409811973571777
192,198,reg_simple_,MAR_,0.01_,3/,0.14240724384317008,SimpleImputer,0.6686634337538437,0.6686437576293063,0.0013684538150633082,0.6480545912685562,0.6473256480098925,0.0014025997425846084,0.6472036978185183,0.6464185293962752,0.0014044024073325266,LGBMRegressor,2583.9547498226166,0.026174068450927734,0.7541198106560615,0.7541198106560615,0.0011788114234943421,0.6421561337207305,0.6413142222671808,0.0014145030711645993,0.6373764654782088,0.636573732296684,0.0014238196206575,SimpleImputer,0.1391835787944183,0.12997478765658227,ExtraTreesRegressor,562.7076935768127,0.07620477676391602
193,198,reg_simple_,MAR_,0.1_,3/,0.13450168776513927,SimpleImputer,0.6620953789395883,0.6620928433355423,0.0013819147786702968,0.6428021785304885,0.6420374147615413,0.0014130763709473085,0.6117138718936774,0.6093083226030453,0.0014762635480830258,LGBMRegressor,3104.1215331554413,0.040152788162231445,0.682134836628807,0.6821348366288069,0.001340306220634081,0.6427903072933189,0.642230877294258,0.0014126944675139387,0.5901363954274783,0.5900261485972507,0.001512254533906092,SimpleImputer,0.14273708516581743,0.14649450479980264,LGBMRegressor,1892.1723048686981,0.01965928077697754
194,198,reg_simple_,MAR_,0.3_,3/,0.14183159765269565,SimpleImputer,0.627805699594409,0.627805699594409,0.0014503319872951374,0.636834960750559,0.6353628499767932,0.0014261896258731075,0.6319571052678492,0.6294472376631666,0.0014377118221207525,LGBMRegressor,1417.7622725963593,0.022223949432373047,0.5813450244557281,0.5813450244557281,0.001538192519107021,0.6304648203142842,0.6287761841903104,0.0014390130472240162,0.5794838611350113,0.5782985826027461,0.0015337315333418327,SimpleImputer,0.1496044118458741,0.1243464572065337,ExtraTreesRegressor,848.9815955162048,0.06237387657165527
195,198,reg_simple_,MAR_,0.5_,3/,0.17648883212327893,SimpleImputer,0.6360571878770211,0.636057187877021,0.0014341650661371347,0.6259047124566008,0.6249133345404001,0.0014464806516982715,0.3948600063923001,0.39283910844150904,0.0018403427361166748,ExtraTreesRegressor,2215.7701671123505,0.0943460464477539,0.6020501463759059,0.602050146375906,0.0014996735817759971,0.6302505936633873,0.6302301020547858,0.0014361922969532638,0.3792375735236151,0.37616436599746017,0.0018654426655854348,SimpleImputer,0.13429248564736002,0.14530786881461077,LGBMRegressor,913.867063999176,0.017785310745239258
196,198,reg_simple_,MNAR_,0.01_,3/,0.1434820437647165,SimpleImputer,0.7636026051025666,0.7636026051025666,0.0011558564731345487,0.6401418927806873,0.6392059950197552,0.0014186539533714675,0.6375108534345483,0.6365822733478022,0.0014238028896329505,ExtraTreesRegressor,2200.1033720970154,0.11718273162841797,0.6735868316696141,0.6735868316696141,0.0013582083680041745,0.6466163650305046,0.6455972461153583,0.0014060325029622038,0.643765148885139,0.6427590332070766,0.0014116513387785368,SimpleImputer,0.14367109954964968,0.1316862088206147,LGBMRegressor,1164.7854189872742,0.018674612045288086
197,198,reg_simple_,MNAR_,0.1_,3/,0.13491826196389206,SimpleImputer,0.6877481961294881,0.6877481516050182,0.001328418990062531,0.6391620953179926,0.638172231397078,0.0014206848959917868,0.6044938808385342,0.6037513889398389,0.0014867251658378503,ExtraTreesRegressor,2196.0674028396606,0.09503602981567383,0.6223722391007378,0.6223661379069971,0.0014608917329508612,0.6379356887928485,0.6376158670805683,0.001421776734203849,0.5997419762867009,0.5992450652732355,0.0014951551315645578,SimpleImputer,0.14159906727413768,0.14478781785419856,LGBMRegressor,966.3894069194794,0.014096975326538086
198,198,reg_simple_,MNAR_,0.3_,3/,0.13819608135326908,SimpleImputer,0.5676759700216036,0.5676759700216036,0.0015631017676852503,0.6269985471777042,0.62659735319594,0.0014432298820969915,0.49093965690351915,0.48695833761703056,0.0016916991590042692,ExtraTreesRegressor,2116.1198432445526,0.104644775390625,0.5694816530423472,0.5694816530423472,0.0015598340570822636,0.6336006164000136,0.6335998229102043,0.0014296332943699382,0.4898648068019702,0.48975727417075887,0.0016870782533188276,SimpleImputer,0.5421427140154097,0.5369342952767631,LGBMRegressor,1108.751755952835,0.02263331413269043
199,198,reg_simple_,MNAR_,0.5_,3/,0.19453725241793005,SimpleImputer,0.5012149693096206,0.5012149693096206,0.0016789558341910422,0.6218319298211334,0.620289561877043,0.001455368880305803,0.31461335291729375,0.3137380813898426,0.001956553674100934,ExtraTreesRegressor,1326.5594177246094,0.10363435745239258,0.4649309050263104,0.4649309050263104,0.0017389516220624604,0.6204051333449119,0.6204027153987892,0.0014551520145468088,0.34442399947126434,0.3443284328422366,0.0019124495699104212,SimpleImputer,0.5396492401468823,0.5358760854049035,LGBMRegressor,1784.7228753566742,0.016796112060546875
200,198,reg_simple_,MCAR_,0.01_,3/,0.14337543288667107,SimpleImputer,0.6775936727002984,0.6775554240876237,0.0013499264418936996,0.6463933795467126,0.6456979733791705,0.0014058326796399447,0.6444186094121984,0.6436838841244232,0.0014098228627092743,LGBMRegressor,1218.1769151687622,0.025934457778930664,0.6749154151366537,0.6749154151366537,0.0013554414252317216,0.648033292455378,0.6471785916275583,0.0014028921366102591,0.6358241405594403,0.6345640703191633,0.0014277508875959772,SimpleImputer,0.14147952981752768,0.17803931926633682,LGBMRegressor,603.7948999404907,0.018494606018066406
201,198,reg_simple_,MCAR_,0.1_,3/,0.13736625495162583,SimpleImputer,0.6185436794876653,0.6185436794876653,0.0014682667839461551,0.6417327226905016,0.6409009895146757,0.0014153176431079884,0.6104738583448872,0.6089156801088569,0.001477005179238403,LGBMRegressor,2031.4536159038544,0.022130727767944336,0.6360304823298057,0.6360304823298056,0.0014342176835526147,0.6451966546211577,0.6440971371120389,0.0014090050740801921,0.61723300243143,0.6159570752269456,0.0014636481919597748,SimpleImputer,0.14013890453894312,0.14026001851186035,LGBMRegressor,875.1252524852753,0.018491506576538086
202,198,reg_simple_,MCAR_,0.3_,3/,0.1430716095711902,SimpleImputer,0.555095434945976,0.555095434945976,0.0015856816387433627,0.6206400865849201,0.6202541241508959,0.0014554367922662741,0.502146172402848,0.5014229379902801,0.0016676809329513583,ExtraTreesRegressor,2117.7237498760223,0.10270261764526367,0.5719514468575445,0.5719514468575445,0.0015553534006346992,0.6326633526127158,0.6319614547505366,0.001432826050920977,0.49342727376334883,0.4932776990859917,0.0016812481728901505,SimpleImputer,0.14165803111123068,0.14364123425210915,LGBMRegressor,1124.4998857975006,0.02244114875793457
203,198,reg_simple_,MCAR_,0.5_,3/,0.21037639831883195,SimpleImputer,0.4573250476478339,0.45732497679615436,0.001751267479830765,0.621709013216394,0.6211007308154772,0.0014538135093142977,0.39715486425640745,0.39677249440752027,0.0018343718803582086,ExtraTreesRegressor,1312.5727615356445,0.0979759693145752,0.44672199628555664,0.44672199628555664,0.001768293166742242,0.6206727724912087,0.6204417006724734,0.0014550772893597898,0.38200349601439787,0.3811121910252543,0.0018580302498962472,SimpleImputer,0.14257726399302784,0.1414918454524198,ExtraTreesRegressor,894.3717868328094,0.06455492973327637
204,198,reg_full_,MAR_,0.01_,3/,0.12851982089237368,IterativeImputer,0.6818937017626865,0.6818937017626866,0.0013408145073655323,0.6488509218818149,0.6479122774200414,0.0014014327329926733,0.6486897600746752,0.6477478802725712,0.001401759873988392,LGBMRegressor,2355.6920342445374,0.02722644805908203,0.678243246213325,0.678243246213325,0.001348485876545342,0.6440251599541589,0.6429390289697557,0.0014112956639021918,0.6406420207512484,0.6393846557040594,0.0014183026600189691,IterativeImputer,0.14553150444179272,0.13301583673821166,LGBMRegressor,8858.433108568192,0.3507425785064697
205,198,reg_full_,MAR_,0.1_,3/,0.13718873199499976,KNNImputer,0.6579366151356073,0.6579355928654007,0.0013903895973146432,0.6440091192529567,0.6431860212240287,0.0014108074568061001,0.6111365339360376,0.6105163561952567,0.0014739794494416133,LGBMRegressor,1092.2141292095184,0.0193631649017334,0.6584269518333465,0.6584269518333465,0.0013893906247548168,0.648980028800931,0.6478610600518317,0.0014015346608384353,0.6285338731415493,0.6273714768585752,0.0014417330822395187,KNNImputer,0.12067652957434685,0.11782685468026956,LGBMRegressor,2294.09130358696,0.4144423007965088
206,198,reg_full_,MAR_,0.3_,3/,0.14295337680615888,SimpleImputer,0.6447504125560893,0.6447499342549747,0.0014169340924388132,0.6339456106423345,0.6320266104100154,0.0014326992152135674,0.5303825137872418,0.5152902948956749,0.0016443250541647474,ExtraTreesRegressor,1498.00958943367,0.09848332405090332,0.6332693501731199,0.6332693501731199,0.001439647509819841,0.6456208116306488,0.645387343596195,0.0014064488175575178,0.5242219333360534,0.5226869547991375,0.0016317306389553022,IterativeImputer,0.14087524537575083,0.1302253690731175,LGBMRegressor,6365.977070808411,0.024196863174438477
207,198,reg_full_,MAR_,0.5_,3/,0.1273387661095767,VAE,0.021119302495753334,0.021110339611011608,0.0023520656367549157,-0.05553046225986957,-0.05676011036751638,0.002427923630967764,-0.019637111286752384,-0.02797985763352462,0.002394633858831916,LGBMRegressor,4352.982250213623,0.021476030349731445,0.4560658629584369,0.4560399368078141,0.0017533397311506834,0.626926462918564,0.6262953507357694,0.0014438133954776345,0.5259260279380167,0.5226998913360388,0.0016317085265420063,IterativeImputer,0.12880050284260813,0.12629612306815174,LGBMRegressor,6764.711185216904,0.028574705123901367
208,198,reg_full_,MNAR_,0.01_,3/,0.11915269505196044,KNNImputer,0.6769714560278153,0.6769714560278153,0.0013511482911430508,0.6472519764616902,0.6462837606682623,0.0014046700281074409,0.6408170307853832,0.6399557433026393,0.0014171791692885972,LGBMRegressor,880.7621595859528,0.027350187301635742,0.676924968822427,0.6769189226161851,0.0013512581537930613,0.6489116844976399,0.6477943784075854,0.001401667353081741,0.6483228882179766,0.6472075471355283,0.001402834568833832,KNNImputer,0.12785072292621957,0.12153277221359926,LGBMRegressor,8753.5070374012,0.10122346878051758
209,198,reg_full_,MNAR_,0.1_,3/,0.1368270889374778,SimpleImputer,0.6845880146004663,0.6845879824877605,0.0013351242513454714,0.6352544800190643,0.6342190119257898,0.001428424796680782,0.6007715067515798,0.6002817355035193,0.0014932200506085262,ExtraTreesRegressor,1966.5796699523926,0.10494351387023926,0.6891569741028966,0.6891555717412975,0.0013254218017684375,0.641903059409966,0.6412595838329904,0.0014146108023526528,0.6075057073800338,0.6070672040559639,0.0014804916271168225,IterativeImputer,0.13020199511961,0.1424599965273419,ExtraTreesRegressor,8979.6722676754,1.5892314910888672
210,198,reg_full_,MNAR_,0.3_,3/,0.11658301151881315,SimpleImputer,0.5753170518744792,0.5753169707507736,0.0015492268656443168,0.6279975764642898,0.6279738543198865,0.0014405672847668464,0.4870185483285434,0.48331893781849244,0.0016976888182346668,ExtraTreesRegressor,1535.2449526786804,0.09425783157348633,0.6150412178236704,0.6150412178236704,0.0014749920592257706,0.6408859205089894,0.6402856536976655,0.0014165297362220015,0.5033542279755818,0.5017688774871907,0.0016671022693348504,SimpleImputer,0.5368953564966005,0.5413919919532564,LGBMRegressor,4995.86231803894,0.027718067169189453
211,198,reg_full_,MNAR_,0.5_,3/,0.11297444318061681,VAE,0.10188315941887571,0.10187701441495012,0.0022529443900538185,0.06350694540000268,0.015192832501395692,0.0023438100747600857,-0.10686842078462444,-0.10695016652195588,0.002484911072819272,LGBMRegressor,3790.2560365200043,0.023134946823120117,0.45744740757224167,0.45744740757224167,0.0017510699204058026,0.6246787726734209,0.6233906542600424,0.0014494137028821439,0.3624137044555348,0.36171295673320847,0.0018869258349136398,SimpleImputer,0.14086686541733748,0.13943372218087913,ExtraTreesRegressor,4205.959508895874,0.06732177734375
212,198,reg_full_,MCAR_,0.01_,3/,0.11843574326525028,KNNImputer,0.718497177447184,0.7184971770929491,0.0012613161122803599,0.6433986767765023,0.6425889753674274,0.0014119872938296455,0.6381644012693661,0.637535530267657,0.0014219343220663123,ExtraTreesRegressor,2837.4771564006805,0.11347842216491699,0.6771955041628954,0.6771933334392678,0.0013506841823399797,0.6452392174013415,0.6444137323055084,0.001408378240850083,0.6426282378818634,0.6417894645298121,0.001413565684601665,KNNImputer,0.13061254512446663,0.1533793651788374,LGBMRegressor,8637.83281326294,0.11148738861083984
213,198,reg_full_,MCAR_,0.1_,3/,0.13577218478710906,SimpleImputer,0.6420339946570699,0.6420339946570699,0.0014223401156056492,0.6441967425559187,0.6433831340502623,0.0014104177205878803,0.602590669947276,0.6019935419120903,0.0014900192384314185,LGBMRegressor,2605.891149520874,0.027820587158203125,0.6270141846241034,0.6270106454461843,0.0014518802073115334,0.6477788610509541,0.6470858261689065,0.0014030765519777476,0.5969676356089744,0.5962793274890545,0.0015006772900463161,KNNImputer,0.1308148882862632,0.13191926544515928,LGBMRegressor,6912.178853273392,0.8074989318847656
214,198,reg_full_,MCAR_,0.3_,3/,0.12134125366996804,SimpleImputer,0.582773061474459,0.5827712981037383,0.0015355701267984853,0.6245268683547087,0.6242260330363361,0.001447805296656523,0.5036185165397464,0.501910855715153,0.001666864719852326,ExtraTreesRegressor,1456.4432668685913,0.1037449836730957,0.5471184904673257,0.5471184904673256,0.0015998337746711351,0.6293231313015024,0.628821439830328,0.0014389253300052091,0.5056672636981516,0.5044554627862043,0.0016626014801474705,IterativeImputer,0.14044974988350403,0.14219464185406877,LGBMRegressor,6611.279864311218,0.03463625907897949
215,198,reg_full_,MCAR_,0.5_,3/,0.10829459833588258,VAE,0.06196604590552546,0.06196604590552557,0.0023024586838274077,0.0015550927831092798,0.001288030307410426,0.0023602985730656026,-0.00045733365668443327,-0.000529329857859917,0.0023624451193660447,HistGradientBoostingRegressor,2324.634527683258,1.8050158023834229,0.4464271283056064,0.44642712830560616,0.0017687643074505617,0.617030829889798,0.6162933931621535,0.001463007171226121,0.38730611471932086,0.386250992791657,0.0018503002932307433,SimpleImputer,0.14239931062717107,0.1424040844026602,ExtraTreesRegressor,2703.8599128723145,0.06224989891052246
216,215,reg_simple_,MAR_,0.01_,1/,0.4161754493861002,SimpleImputer,0.9398922556878627,0.9398922556878627,1.077071512108056,0.9481788995922853,0.9481788986700104,0.9993619078077519,0.938126286927488,0.9381254378792163,1.0920072999155945,LGBMRegressor,12454.093237638474,0.10481572151184082,0.9363299466449482,0.9363296766695542,1.1085310231358951,0.9480220971828038,0.9480216225916334,1.0008772812945033,0.9382777366436202,0.9382777310369742,1.0906625817222855,SimpleImputer,0.4289991743651961,0.4331231087388594,LGBMRegressor,5281.159074783325,0.05160856246948242
217,215,reg_simple_,MAR_,0.1_,1/,0.41349372402276446,SimpleImputer,0.9207139990198502,0.9207139990198501,1.2370224481278542,0.9479819858034103,0.9479819726541265,1.0012589511203391,0.7769394788374773,0.771335096950904,2.0992744885587107,LGBMRegressor,14272.416368484497,0.07088685035705566,0.8864384634493622,0.8864383697509766,1.4804549647895653,0.9480000973705774,0.9479987621307373,1.0010975192642595,0.8982640306985445,0.8972281813621521,1.4073639911525744,SimpleImputer,0.4281223503047118,0.4107196304761596,XGBRegressor,8150.552140712738,0.0270233154296875
218,215,reg_simple_,MAR_,0.3_,1/,0.39786315664910776,SimpleImputer,0.8277284916926559,0.8277226642268193,1.8234480613738477,0.9472149464711983,0.9472100638549485,1.0086605623439584,0.7354446178148113,0.728076310729399,2.289248794883297,MLPRegressor,15114.25899720192,0.010767221450805664,0.8612177028648413,0.8612177028648413,1.6366143692231003,0.9477894792960647,0.9477887450966309,1.0031168789999727,0.624206153555698,0.59671909740646,2.787875020229659,SimpleImputer,0.4085469399208796,0.4278947667938836,LGBMRegressor,6893.008828639984,0.06976962089538574
219,215,reg_simple_,MAR_,0.5_,1/,0.38202908551497644,SimpleImputer,0.7704047354039224,0.7704047354039224,2.10504210641033,0.9471354129769813,0.9471225957918362,1.0094958453258387,0.8293153729191058,0.8292418923419628,1.8140954705597025,LGBMRegressor,7998.299042224884,0.09267735481262207,0.6789416926805962,0.6789407698662093,2.4892694204516967,0.9446010893236183,0.9445856836339217,1.0334285662415945,0.8391459576000623,0.8391430359758281,1.7607163867125863,SimpleImputer,0.42874017077224197,0.40838258925119464,MLPRegressor,7919.23372220993,0.025597572326660156
220,215,reg_simple_,MNAR_,0.01_,1/,0.4235917121673788,SimpleImputer,0.9376370879875211,0.9376370879875211,1.0970906585213478,0.9480841754570504,0.9480841491236401,1.0002751057349275,0.9329970840956265,0.9329945028825184,1.1363828978431638,LGBMRegressor,4120.0804669857025,0.0877218246459961,0.9382614768788058,0.9382614768788058,1.091584705946386,0.948077600446821,0.9480775623515041,1.0003385581788038,0.9343127895715472,0.9343060034934165,1.125206711307278,SimpleImputer,0.420741467512189,0.4141310607133492,LGBMRegressor,7733.759770154953,0.05105090141296387
221,215,reg_simple_,MNAR_,0.1_,1/,0.406911201754832,SimpleImputer,0.837305081975301,0.8372648454702084,1.7722297161152656,0.9467174786946027,0.9466150329731245,1.0143292789853808,0.8487678230948368,0.8486156577090488,1.7080868589834137,MLPRegressor,15214.53917002678,0.32279324531555176,0.8437976871126425,0.8437976871126425,1.7362931590656314,0.9472837523726922,0.9472622586870919,1.0081617940903072,0.8453492941825588,0.8452903424430258,1.7267449110033055,SimpleImputer,0.4189941468150662,0.418340764344996,HistGradientBoostingRegressor,6183.2148377895355,0.0225980281829834
222,215,reg_simple_,MNAR_,0.3_,1/,0.3760404342523173,SimpleImputer,0.687678828598326,0.687678828598326,2.4551613376864294,0.9462045727142847,0.9461342639766912,1.018886414516073,0.4989357194756453,0.49893085965130224,3.1075512552591804,LGBMRegressor,5668.581134319305,0.1116783618927002,0.712415774010002,0.712415774010002,2.355927137147131,0.9442193768585468,0.9429575044358097,1.0485007150437937,0.5691442630493616,0.5690780340297705,2.8818328567798464,SimpleImputer,0.41914043469905626,0.4183453212192117,LGBMRegressor,5145.326653242111,0.11609697341918945
223,215,reg_simple_,MNAR_,0.5_,1/,0.34841307068660393,SimpleImputer,0.49717182834296925,0.49717182834296925,3.1152228870401935,0.9343421088609466,0.9342979828096107,1.1252753983432127,0.258502319434317,0.25779549018946546,3.7820848402713487,LGBMRegressor,7129.225330591202,0.14804744720458984,0.487995910726718,0.4879959107267179,3.143518632358528,0.93836550571385,0.9383399592237103,1.0901126418777478,0.40593017546394705,0.40592559875624334,3.3836847325362434,SimpleImputer,0.41843042811512904,0.4179044367370288,LGBMRegressor,2505.7910673618317,0.09790611267089844
224,215,reg_simple_,MCAR_,0.01_,1/,0.41611093402701427,SimpleImputer,0.9363369583902484,0.9362954069533034,1.1088293091444332,0.9480199004352785,0.9479841636001496,1.001237864897653,0.9360128547366274,0.935971384531973,1.1108528351262292,MLPRegressor,12350.669583797455,0.023183822631835938,0.9393783999203724,0.9393782836793527,1.081666645757878,0.9475875966600965,0.9475865850635542,1.0050570183622605,0.9347528576835669,0.9347528075052975,1.121373753571585,SimpleImputer,0.42036380546469626,0.4270497337242363,ExtraTreesRegressor,9636.298734903336,0.2243337631225586
225,215,reg_simple_,MCAR_,0.1_,1/,0.40577660623754924,SimpleImputer,0.8333576042625694,0.8333504386840989,1.7934175338156932,0.9477227219351682,0.9477050018193908,1.0039210220698938,0.8352650899827968,0.8352349620801357,1.78197662807251,MLPRegressor,13479.944422721863,0.040062904357910156,0.8320480843712311,0.8320479393005371,1.8004123078523637,0.947248713358849,0.9472272396087646,1.0084967240348581,0.830024515656569,0.8300188779830933,1.8099635190196803,SimpleImputer,0.41704751159225634,0.4192512384056502,XGBRegressor,8781.997771024704,0.0190279483795166
226,215,reg_simple_,MCAR_,0.3_,1/,0.3665577323574748,SimpleImputer,0.6180118227169977,0.6178388277249505,2.715830143263149,0.9459763088737939,0.9457891311742777,1.0221453474216637,0.6067465049176094,0.6066175558489018,2.753448509961883,MLPRegressor,14796.262700080872,0.030520200729370117,0.6090530564367149,0.608876460270686,2.747491145075514,0.9445148528797969,0.9444884776255182,1.0343345726415685,0.6146079178364701,0.6145779784870815,2.7254469609973,SimpleImputer,0.4188381996916083,0.41907398805306456,MLPRegressor,11188.340260744095,0.04450583457946777
227,215,reg_simple_,MCAR_,0.5_,1/,0.3455491793700443,SimpleImputer,0.411660573475675,0.41164333824009713,3.3697653604763107,0.9402924104444612,0.9399805619122079,1.0755124322150806,0.40607546088330193,0.40605544303449526,3.383314933643667,MLPRegressor,14674.240042209625,0.03360247611999512,0.40822439825544576,0.4081541525423844,3.3797426050323613,0.9386327846865097,0.9386293574082188,1.0875514397199504,0.4257969388014352,0.4257853498685378,3.326646138568118,SimpleImputer,0.4189316715601641,0.4183878556358793,MLPRegressor,12514.629961252213,0.011876583099365234
228,215,reg_full_,MAR_,0.01_,1/,0.41575366842011086,IterativeImputer,0.9447009242734499,0.9447009223338775,1.0330902621582532,0.9476124814039955,0.947612479415447,1.004808718234135,0.9448781409119346,0.9448776663338626,1.0307023592694593,ExtraTreesRegressor,3463.828357696533,0.24716401100158691,0.9445965434196517,0.944596529006958,1.0340647996469885,0.9481327626654088,0.9481327533721924,0.9998070359573045,0.9455530032087894,0.9455526471138,1.024372362398293,SimpleImputer,0.40601129669246194,0.41560470729681676,XGBRegressor,12714.265414476395,0.020479440689086914
229,215,reg_full_,MAR_,0.1_,1/,0.4098488503251869,KNNImputer,0.8724334930810247,0.8720574473697514,1.571400292585256,0.9478413047679178,0.9474070268109764,1.0067771122131217,0.9208455854681643,0.9204435832044852,1.2382464156533644,MLPRegressor,14587.35727596283,0.037540435791015625,0.9249050434224056,0.9249050434224056,1.2038841849599742,0.9480771434481354,0.9480770188092458,1.0003437941122522,0.7877509576932478,0.7831761809239045,2.0441980382574316,SimpleImputer,0.4054052529170726,0.4881426103302703,LGBMRegressor,12212.552611351013,0.04623270034790039
230,215,reg_full_,MAR_,0.3_,1/,0.38397627067330253,VAE,0.09062259587013444,0.09062259587013455,4.189395901097162,0.09841211436510433,0.09789508728305396,4.169634584890367,0.0018998665579296192,0.0016802436254236275,4.386360330302171,LGBMRegressor,5421.125305175781,0.07860708236694336,0.8811972131637776,0.8811972131637776,1.51423276143767,0.9479212049373922,0.9479194975957262,1.0018600402401243,0.8937262295314096,0.8937211957654392,1.4311752001658151,SimpleImputer,0.40881561511481024,0.4089561551253587,LGBMRegressor,8691.09863615036,0.0617985725402832
231,215,reg_full_,MAR_,0.5_,1/,0.3573678644132724,IterativeImputer,0.5016065199001825,0.5015379586874358,3.101668431742088,0.9405165610627964,0.940231542456656,1.0732613658332986,0.7345952824858132,0.7344563717346293,2.2622334245347253,MLPRegressor,14905.932166337967,0.2419729232788086,0.7934720577441239,0.7934720516204834,1.9964973269560704,0.9469784545402951,0.9469698071479797,1.0109532755283683,0.2688677413300641,0.15424811840057373,4.037299445964741,SimpleImputer,0.408335942805701,0.4814412885136819,XGBRegressor,13208.029681444168,0.02389979362487793
232,215,reg_full_,MNAR_,0.01_,1/,0.415342705134832,IterativeImputer,0.9369503217170991,0.9369388436987542,1.1032153322629463,0.9480158639224406,0.9480031955660779,1.0010546777222138,0.937449227596543,0.9374395553455345,1.0980430962843841,MLPRegressor,13913.943156719208,0.01958775520324707,0.9380700153898891,0.9380700153898891,1.0932759891198063,0.9480743629860904,0.9480742895571366,1.0003700845377177,0.9367406061169414,0.9367398747663674,1.1041663203084064,IterativeImputer,0.41777089081600616,0.4175510738218105,LGBMRegressor,12065.921470403671,0.08804607391357422
233,215,reg_full_,MNAR_,0.1_,1/,0.39869577484146623,KNNImputer,0.855368355425151,0.855368355425151,1.6707481399732842,0.9480233816380973,0.9480233446532018,1.0008607014524353,0.838097894211029,0.8380575907909722,1.7666469595389196,LGBMRegressor,6601.2083830833435,0.09018421173095703,0.8353983150232734,0.8352605950356309,1.7831097328378043,0.947121150777012,0.9470423054019896,1.0102619766380567,0.8222529244930306,0.821931135234093,1.852522397032395,KNNImputer,0.4226903828203388,0.4225322078903109,MLPRegressor,10319.856092691422,24.304946899414062
234,215,reg_full_,MNAR_,0.3_,1/,0.34973750528694836,VAE,0.1423834418024038,0.14238344180240392,4.068421144545461,-0.029684052280607665,-0.030125088920202492,4.455684736976797,-0.12061773641806783,-0.12062521578105034,4.647288859734728,LGBMRegressor,9220.710423231125,0.11409807205200195,0.640217321559776,0.6402173042297363,2.635114488312674,0.9456768604427244,0.9456647038459778,1.0233179404742994,0.6674120887922288,0.6673702597618103,2.5319201116074037,SimpleImputer,0.4174910581030291,0.4186556524877749,XGBRegressor,10800.401713132858,0.03146719932556152
235,215,reg_full_,MNAR_,0.5_,1/,0.2991006053966614,VAE,0.06752876325243318,0.06752876325243318,4.242257696079933,0.1125355460463231,0.09778675529981018,4.169884938933087,-0.022347902310488,-0.022369513643701433,4.43888013404252,LGBMRegressor,7049.18772482872,0.07145833969116211,0.4973379956408571,0.497337995640856,3.1147081078652175,0.9334312030677022,0.9301071018255528,1.1606091682641697,0.41756504998830546,0.41756394195869706,3.350376387812479,SimpleImputer,0.4184834831295703,0.4181340219610065,HistGradientBoostingRegressor,10284.686553001404,0.03060436248779297
236,215,reg_full_,MCAR_,0.01_,1/,0.40633346695261585,SimpleImputer,0.9303742923172513,0.9303742923172513,1.1592153819092388,0.9479324684252373,0.9478928170458807,1.0021166310270275,0.9275057923469314,0.9274967677281998,1.1820835031762875,LGBMRegressor,8039.633526325226,0.10171747207641602,0.9383374162189885,0.9382932783445797,1.0913035325124438,0.9478839129364142,0.9478404945801494,1.002619633245315,0.9375605186938213,0.9375362580673394,1.0971941187735168,IterativeImputer,0.4187830950447534,0.4170292049025343,MLPRegressor,13149.515181303024,0.03658771514892578
237,215,reg_full_,MCAR_,0.1_,1/,0.38535700156727903,SimpleImputer,0.782764904623114,0.7827648214850016,2.047596608918709,0.9411348304180416,0.9373269531244656,1.0990308330761875,0.7893253655454309,0.7892539618898413,2.0153439770478507,MLPRegressor,13700.93646979332,0.027957677841186523,0.8329186557560717,0.8329034841499557,1.7958208985598987,0.9473841760037708,0.9473819528989341,1.0070170761395614,0.8338186212854053,0.833818484705685,1.7896200208869042,SimpleImputer,0.4186086025182946,0.41673213378292506,MLPRegressor,10816.93500161171,0.09266376495361328
238,215,reg_full_,MCAR_,0.3_,1/,0.34329561337661957,VAE,0.026756834913913563,0.026756754001301286,4.334011140365293,0.0713866646028084,0.07138570320560389,4.230455734729206,0.022862636926576863,0.022862635130484477,4.339575839880462,LinearSVR,7058.001374006271,0.01253819465637207,0.6171362198444085,0.6171361804008484,2.7183257422521065,0.9463911985457771,0.9463592767715454,1.016756251186832,0.6256497779073702,0.6255132555961609,2.6865052407412446,SimpleImputer,0.4185602538210737,0.4171555251361645,XGBRegressor,9930.783249139786,0.020285844802856445
239,215,reg_full_,MCAR_,0.5_,1/,0.2916148830645351,VAE,0.01760553390629649,0.01759477101204665,4.3543632578973455,0.06907260437183682,0.06902480559760182,4.235830050406877,0.016196844624332685,0.01618224118599121,4.354384758643235,SGDRegressor,5470.821324110031,0.015211820602416992,0.5279439546758514,0.5279438384052537,3.018395602056797,0.9422538522635069,0.9422538452651796,1.0549478890514534,0.3981178084280679,0.3980686831582634,3.4059866537435317,KNNImputer,0.43256826503798396,0.4326028637866147,ExtraTreesRegressor,2019.837406873703,79.71442294120789
240,215,reg_simple_,MAR_,0.01_,2/,0.4176132089627614,SimpleImputer,0.9480188432913533,0.9480188432913533,1.0016183993117005,0.9481354944427312,0.948135436906048,0.9997808966669853,0.9459177645722402,0.9459175706340553,1.0209337670449958,LGBMRegressor,6992.533418893814,0.09038901329040527,0.938044725716799,0.9380439290937496,1.0935062210402653,0.9481178353907622,0.9481172739338523,0.9999559429992316,0.9389866825066425,0.9389846523675435,1.084398772544509,SimpleImputer,0.4231282815710763,0.43048207506875596,LGBMRegressor,8630.636494874954,0.08059310913085938
241,215,reg_simple_,MAR_,0.1_,2/,0.4092476582642998,SimpleImputer,0.8495049078441006,0.8494962930813019,1.7043269932448009,0.9478363435061078,0.9478323485003295,1.0026979229130482,0.8747767685272827,0.874767860625459,1.5535576442090686,MLPRegressor,14216.76400232315,0.0549769401550293,0.8785022481392539,0.8779842313108571,1.5345721217247679,0.9478010851296451,0.9472777264647328,1.0080139382507005,0.9260951379649918,0.925552608747595,1.1978273202957175,SimpleImputer,0.42995626203064025,0.4072125372366245,MLPRegressor,12919.027804851532,0.03774762153625488
242,215,reg_simple_,MAR_,0.3_,2/,0.39731219893079006,SimpleImputer,0.8735540045167294,0.8735522041338342,1.5621939652419239,0.9475401293081105,0.9475282481348112,1.0056161846963607,0.7922086730669952,0.7899108853096148,2.0122004779000378,MLPRegressor,12303.444222688675,0.02001357078552246,0.8611005719136893,0.8610988389538914,1.6373150808877226,0.9475087368092843,0.9475086346993103,1.0058041119591135,0.6109907531458988,0.6000168355696619,2.776453014077528,SimpleImputer,0.4084969856986048,0.4264787919693555,MLPRegressor,13156.313947677612,0.01701521873474121
243,215,reg_simple_,MAR_,0.5_,2/,0.3816732070788026,SimpleImputer,0.8292867470870958,0.8292867470870958,1.8151517678274762,0.9467894804880991,0.946784275646207,1.01272017364296,0.9019917954573615,0.9019786210340975,1.3744529452977354,LGBMRegressor,11152.584436178207,0.10859060287475586,0.854402204975088,0.8544021844863892,1.6763192446006319,0.9476542369182788,0.9476526975631714,1.0044226950680986,0.42958422484015835,0.34297871589660645,3.558436201773125,SimpleImputer,0.40867234327513635,0.4815170700331307,XGBRegressor,6751.45116019249,0.025693655014038086
244,215,reg_simple_,MNAR_,0.01_,2/,0.4157423602870908,SimpleImputer,0.9333805917330287,0.9332055581883194,1.1354015597385299,0.9480428565777282,0.9478796690306052,1.0022430532684283,0.9359490079175591,0.9358151991034636,1.1122068652681674,MLPRegressor,13457.417289018631,0.023706674575805664,0.9390244387123248,0.9390244387123248,1.0848188611311143,0.9481805314905463,0.9481801480308688,0.9993498608698781,0.9343726357277107,0.9343725806800649,1.1246363997803324,SimpleImputer,0.4217283527140085,0.4124439752105098,LGBMRegressor,6549.413742303848,0.058515310287475586
245,215,reg_simple_,MNAR_,0.1_,2/,0.39105785163613854,SimpleImputer,0.8002204921885852,0.7999328482914574,1.9650211026432625,0.9405655168832514,0.9393460584145046,1.0811824478677148,0.7589638927702267,0.757568740822199,2.161542509574481,MLPRegressor,13740.551406860352,0.050177574157714844,0.8376570831029246,0.8376570831029246,1.7700926408040856,0.9478649871706433,0.9478644191253546,1.0023896658616707,0.8248175542240438,0.8247861706694781,1.8376113430970293,SimpleImputer,0.4183817705944186,0.4193796685653263,LGBMRegressor,12144.562460899353,0.07721090316772461
246,215,reg_simple_,MNAR_,0.3_,2/,0.37441459859891874,SimpleImputer,0.6488151442861116,0.6488151442861116,2.6034378452436795,0.9452024646488957,0.9449972546533026,1.0295836939231402,0.5632041273800616,0.5632023145810477,2.901413560600184,LGBMRegressor,8057.969639778137,0.1588749885559082,0.6827989160224361,0.682798916022436,2.4742675274078847,0.9450653155941051,0.9448707055043151,1.0307674355867567,0.5805166258066137,0.5802586732211559,2.8442013472792524,SimpleImputer,0.41820966661688175,0.41896575907095956,HistGradientBoostingRegressor,5600.2988703250885,0.03199148178100586
247,215,reg_simple_,MNAR_,0.5_,2/,0.341604299392944,SimpleImputer,0.45030627984045446,0.45030627984045446,3.25716464290249,0.935048703870614,0.9350328712512233,1.118964501488256,0.40547413211607286,0.40530309671240183,3.3854570687623813,LGBMRegressor,5744.930218458176,0.15558648109436035,0.5500262121190825,0.5500262121190824,2.946951116617319,0.9369496094197389,0.9342335505138099,1.1258270276036844,0.43063707760700765,0.430593412890788,3.3126893827662975,SimpleImputer,0.4185236125604598,0.41739636580859485,LGBMRegressor,4137.158020496368,0.07386112213134766
248,215,reg_simple_,MCAR_,0.01_,2/,0.41475225569769103,SimpleImputer,0.9372454404723316,0.9371603044418441,1.1012764702014803,0.9478784057393311,0.9477901568969241,1.0031033166916132,0.9340063755535312,0.9338812355197151,1.1288385627388078,MLPRegressor,12481.168662309647,0.05240511894226074,0.9376698479644914,0.9376378542410007,1.0970839185208445,0.9480628190420334,0.948039412126123,1.0007059921401396,0.9355562693906958,0.9355024344116352,1.1149133962016504,SimpleImputer,0.4212646374786735,0.4226281419531774,MLPRegressor,12387.458002328873,0.03469991683959961
249,215,reg_simple_,MCAR_,0.1_,2/,0.3996872670869579,SimpleImputer,0.8315111155456503,0.8315105592656392,1.8032903906092863,0.947464099192119,0.9474610125224816,1.006260260528206,0.831877279164518,0.831867786784707,1.8000929759074191,MLPRegressor,12358.77343249321,0.03397083282470703,0.8279407664594667,0.8278971715974695,1.822524301590978,0.9472157708868804,0.9471603940064063,1.0091349732054993,0.8310817332155356,0.8310551704297025,1.8044378356481654,SimpleImputer,0.4190116627328584,0.41934845414880795,MLPRegressor,8597.105349779129,0.10092496871948242
250,215,reg_simple_,MCAR_,0.3_,2/,0.37884508932779803,SimpleImputer,0.6132949543686317,0.6132676739547362,2.732024323985437,0.944768283130361,0.9447530019350772,1.0318672167263465,0.613433479798041,0.6134311401865786,2.7294987861631643,MLPRegressor,13671.19385433197,0.33863353729248047,0.6182861976468119,0.6182823942543518,2.7142535818605733,0.9457950569593834,0.9457880830615218,1.0221552284512605,0.6100965421192592,0.6100918525002638,2.7412625152531973,SimpleImputer,0.41819854203305723,0.41867666433074274,MLPRegressor,12033.103982686996,0.01458287239074707
251,215,reg_simple_,MCAR_,0.5_,2/,0.34169662592331557,SimpleImputer,0.41380467220032036,0.4137462462749797,3.36373785162432,0.9382294724457341,0.9381202035038932,1.0920534889711977,0.4138850254678911,0.4137167270970178,3.3614234396208325,MLPRegressor,10118.552027702332,0.4754788875579834,0.4090060305601445,0.408995578629046,3.377339263788238,0.9395446648568786,0.9395362596852548,1.0794859073059027,0.41738003931961754,0.41737938329222546,3.3509071688428906,SimpleImputer,0.41828425502972294,0.4187285311396306,MLPRegressor,11540.714584350586,0.01670527458190918
252,215,reg_full_,MAR_,0.01_,2/,0.4187171476405829,IterativeImputer,0.9415713558128757,0.9415082398379663,1.0624944479533207,0.9480579760878777,0.9480039851006123,1.00104707754132,0.9342686981691116,0.9341768374855982,1.1263123457371074,MLPRegressor,14388.956428527832,0.04775547981262207,0.9450414163107954,0.9450414180755615,1.029904820492702,0.948055999924125,0.9480559825897217,1.0005464365754417,0.9329474427917882,0.9329090118408203,1.137107639656852,SimpleImputer,0.40340710619071696,0.4798224586623001,XGBRegressor,9554.406275749207,0.052478790283203125
253,215,reg_full_,MAR_,0.1_,2/,0.4092273389922461,KNNImputer,0.9444689571801423,0.9444517144315315,1.035415480428835,0.9480825916206602,0.948061974247677,1.0004887072456763,0.9300565260240629,0.9300282901576051,1.1612633389731766,MLPRegressor,13822.405337810516,0.037869930267333984,0.8375604847186899,0.8375589022872388,1.7706278131256692,0.9476973254373326,0.9476964029001446,1.0040035565498593,0.914974994849798,0.9149679883063595,1.280149524425676,SimpleImputer,0.4287475917979265,0.408796746120906,MLPRegressor,10968.643207788467,0.0356595516204834
254,215,reg_full_,MAR_,0.3_,2/,0.38333204176911817,IterativeImputer,0.8746344413253694,0.8746329447250505,1.5555036571199956,0.94791310330872,0.9479057449390368,1.0019923097755508,0.5748735268616125,0.5525768884469835,2.9364910343132893,MLPRegressor,14388.474292516708,0.025403976440429688,0.8255662740286688,0.8255662740286688,1.8348245942535337,0.9477514349117228,0.9477503756617925,1.0034854006827916,0.8679555355359743,0.8679295822556877,1.5954097730472672,SimpleImputer,0.40798114596227236,0.40710550106443055,LGBMRegressor,12754.295409440994,0.03958868980407715
255,215,reg_full_,MAR_,0.5_,2/,0.3785133819506072,IterativeImputer,0.4850375595868748,0.4850375595868749,3.152587151060798,0.942372091317464,0.9423678121866401,1.0539063604597718,0.7827937695908271,0.782699194251107,2.046445299565137,LGBMRegressor,4526.4326758384705,0.11262702941894531,0.7310777079862425,0.7313501834869385,2.2814495669938415,0.9461602766409665,0.9461453557014465,1.0187813276260136,0.2953334600899189,0.2234286069869995,3.8726829270273626,IterativeImputer,0.5792026343082877,0.6061478410504626,XGBRegressor,1684.2105779647827,0.28987717628479004
256,215,reg_full_,MNAR_,0.01_,2/,0.4170116342399197,SimpleImputer,0.9346362899595639,0.9346356998560708,1.123180698980506,0.947942103154146,0.9479403761881884,1.0016592018904562,0.936805986471127,0.9368057076586657,1.1035916345667016,LGBMRegressor,12862.83912563324,0.07661151885986328,0.9384778406586698,0.9384777307811982,1.0896712610098342,0.9479040350285143,0.9479037260311493,1.0020117256456482,0.935715629880716,0.9357117244257218,1.113103019025909,SimpleImputer,0.4164999758147965,0.42243034265663776,LGBMRegressor,10856.91793847084,0.051025390625
257,215,reg_full_,MNAR_,0.1_,2/,0.39922851110635565,IterativeImputer,0.8232527901240518,0.8231453504783185,1.8475132638947138,0.9475421903329421,0.9474529681303416,1.0063372932489565,0.8276617877686773,0.8275059442195365,1.8232933129587507,MLPRegressor,15071.703583717346,0.168182373046875,0.8480874480347617,0.8480752465684813,1.7123541637657211,0.9477347870736147,0.9476988220030902,1.0039803381081083,0.840592298011279,0.8405791999773808,1.752838745286352,SimpleImputer,0.4185622097122664,0.41937064359721216,MLPRegressor,10921.725170612335,0.0287628173828125
258,215,reg_full_,MNAR_,0.3_,2/,0.3515468490750543,VAE,0.05550597518387945,0.055505975183879674,4.269518811896763,0.07855474504310489,0.07837545253385869,4.214504182394069,-0.014516997748844407,-0.01451888975980431,4.421804539486723,LGBMRegressor,5148.337712526321,0.07288241386413574,0.6983864731824756,0.6983864903450012,2.412707823203401,0.9456557121088477,0.9456517100334167,1.0234398232650257,0.5987813381680858,0.5987675786018372,2.780785403022872,SimpleImputer,0.41868512318466444,0.41825895239376476,XGBRegressor,10734.923305273056,0.04560089111328125
259,215,reg_full_,MNAR_,0.5_,2/,0.29752184951919625,VAE,0.05947352318573029,0.05947352318573029,4.260541863730314,0.09647223529262405,0.08903511537596465,4.190060468554245,-0.022143905098840788,-0.022143986585717146,4.438390515182504,LGBMRegressor,6747.4671459198,0.08569741249084473,0.48378130330653213,0.48378130330653213,3.1564301934310546,0.9342034362112503,0.9329612517882473,1.136664824624427,0.3954522108044034,0.394291605815719,3.4166561076279587,SimpleImputer,0.41847379463968853,0.41862490610354064,LGBMRegressor,11322.601076602936,0.08960938453674316
260,215,reg_full_,MCAR_,0.01_,2/,0.4178227427163388,KNNImputer,0.9385087841246055,0.9384972505303185,1.0894983821700397,0.9480582401441995,0.9480474966773689,1.0006281391565408,0.936097636144301,0.9360863297367182,1.1098552767402468,MLPRegressor,13082.506182193756,0.018007993698120117,0.9382261745953637,0.9382256564484012,1.0919013264459914,0.9476199333529886,0.9476197800601565,1.0047387014919464,0.9344164269756061,0.9344163522464173,1.1242612874545554,SimpleImputer,0.41438927180120744,0.4231829670534128,HistGradientBoostingRegressor,12520.478108167648,0.017795801162719727
261,215,reg_full_,MCAR_,0.1_,2/,0.39660244779882653,KNNImputer,0.8328065568507996,0.8328064706754021,1.7963421348775888,0.9473208644919036,0.9473197387603627,1.0076122349794596,0.8402185267474498,0.8402057281545926,1.7548907138158722,MLPRegressor,11992.531764745712,0.03091573715209961,0.8335307047157342,0.8335307047157342,1.7924472950297572,0.9476284223056017,0.9476214318797852,1.0047228590594854,0.8325031570483483,0.8324999846112795,1.7967055029473156,SimpleImputer,0.4186128511278532,0.4193355516705826,LGBMRegressor,9030.843123435974,0.06823587417602539
262,215,reg_full_,MCAR_,0.3_,2/,0.3527195487019542,VAE,0.0248386055799813,0.024838117923592473,4.338281036918535,0.06801386238612894,0.06801369869799512,4.238129636242894,0.025052726068693576,0.025052677683020996,4.334710000502256,LinearSVR,6818.700644016266,0.010596513748168945,0.6076084636343401,0.6074966842076654,2.752333074392374,0.9420554671905405,0.9419663074906885,1.0575711000841972,0.6160902471365111,0.6160185427933529,2.720348838789189,IterativeImputer,0.41825312493506556,0.4182725839056994,MLPRegressor,13553.914389371872,0.1761472225189209
263,215,reg_full_,MCAR_,0.5_,2/,0.2937602630259186,VAE,0.018125605418233492,0.01812503756724637,4.353187935944787,0.07087034455851171,0.07086949064470571,4.23163141713431,0.022501002609610965,0.022500713606741884,4.340379432369901,SGDRegressor,3784.398695707321,0.012358903884887695,0.42467330988955965,0.4246727188678493,3.3322441031804604,0.9418071428728888,0.9417987221023272,1.0590969869429372,0.4101843868787042,0.41010481369181684,3.3717618961363245,KNNImputer,0.42178589234370384,0.42208549954994534,LGBMRegressor,1466.6880452632904,72.66410088539124
264,215,reg_simple_,MAR_,0.01_,3/,0.4171786488179359,SimpleImputer,0.9393208051557821,0.9393206300284198,1.0821808774133062,0.947922327854066,0.947922168441595,1.0018343507024567,0.945937924315919,0.9459370044200894,1.0207503212262719,LGBMRegressor,4491.108470201492,0.08558845520019531,0.9396082769448187,0.9396082769448187,1.0796128235783715,0.9481415878893279,0.9481412845372806,0.9997245333772081,0.9356381496337223,0.9356370839399759,1.1137490034451631,SimpleImputer,0.4306626330407354,0.42904745824306734,LGBMRegressor,12292.769001245499,0.07866859436035156
265,215,reg_simple_,MAR_,0.1_,3/,0.3943593011831574,SimpleImputer,0.7631179811063463,0.7630911507307934,2.1383065470549862,0.9266435864019945,0.9196771111054864,1.2441969497185037,0.8934823157332527,0.8865313994096051,1.4787927805809873,MLPRegressor,14738.276753664017,0.03238177299499512,0.9270080384957892,0.9270080384957892,1.186907410345327,0.9479815064934336,0.9479813606210147,1.0012648414035776,0.907496978708245,0.9074955776694833,1.3352135163011336,SimpleImputer,0.407681888129346,0.4095792972967124,LGBMRegressor,2807.5282628536224,0.04310870170593262
266,215,reg_simple_,MAR_,0.3_,3/,0.3969370957273869,SimpleImputer,0.7417417527774977,0.7414289467531936,2.2339285384829886,0.9472627622575533,0.9468819915134522,1.011789957052005,0.8749499166196637,0.8745395520159088,1.5549731317865942,MLPRegressor,11591.525839090347,0.1181802749633789,0.9053026969248079,0.9053026969248079,1.3519110861009025,0.9478297237414438,0.947826985336156,1.0027494634292107,0.5930028928837208,0.5558512547428275,2.925726275781632,SimpleImputer,0.4083894594675816,0.486231498264792,LGBMRegressor,3069.661294698715,0.060148000717163086
267,215,reg_simple_,MAR_,0.5_,3/,0.38158124642377556,SimpleImputer,0.5676409655733818,0.567537136595307,2.889041190304815,0.9463567195615866,0.9461680543407105,1.0185667869903465,0.4551488532795719,0.455140936334939,3.240496540851325,MLPRegressor,12208.053275346756,0.031122446060180664,0.7651034791662199,0.7651034791662199,2.129205680675826,0.9473424309997074,0.9473212747070984,1.0075975458912922,0.334774658281933,0.21691448604399255,3.8848483247827903,SimpleImputer,0.4088763421226583,0.4835825209070312,LGBMRegressor,2218.0855321884155,0.05357694625854492
268,215,reg_simple_,MNAR_,0.01_,3/,0.41457265686824557,SimpleImputer,0.9425415038207378,0.9425415038207376,1.0530680868658564,0.9479922956479143,0.9479921512063808,1.0011609863793824,0.9370245362311242,0.9370245336052434,1.1016792474148778,LGBMRegressor,9079.659984827042,0.07044625282287598,0.9371786484409164,0.9371786484409164,1.101115717599971,0.947885182789527,0.9478851776231223,1.0021900883853807,0.9341877191567614,0.9341876300614167,1.126220005068265,SimpleImputer,0.4176692123899109,0.41124122584984485,LGBMRegressor,8177.492707490921,0.04236316680908203
269,215,reg_simple_,MNAR_,0.1_,3/,0.40776165418763616,SimpleImputer,0.8479135938178028,0.8479135938178027,1.7132649211005697,0.9476300313059302,0.9476253860038529,1.0046849344467883,0.8132358507163899,0.8132300468063091,1.8972430793131345,LGBMRegressor,8481.597084522247,0.17471671104431152,0.8333272328506908,0.8333272328506908,1.7935423955299477,0.9478638407461399,0.9478513762623427,1.0025150429389953,0.7905336185288258,0.790396026610146,2.009875831582452,SimpleImputer,0.4185219770887668,0.4193994009530752,LGBMRegressor,4069.586184501648,0.07854557037353516
270,215,reg_simple_,MNAR_,0.3_,3/,0.372336083011479,SimpleImputer,0.6047325498509603,0.604662137520941,2.7622534771685747,0.9448015285806004,0.9445279194794471,1.0339670514448065,0.5949798591144153,0.5949773159535371,2.7938889885404987,MLPRegressor,15011.580430746078,0.04405331611633301,0.6951713623294582,0.6951713562011719,2.4255331062388485,0.9455868900574034,0.945580780506134,1.0241074761161915,0.6400999236656131,0.6400972604751587,2.633674234037928,SimpleImputer,0.4184205187295768,0.4170906432277179,XGBRegressor,3115.228935241699,0.06538653373718262
271,215,reg_simple_,MNAR_,0.5_,3/,0.3700399564007898,SimpleImputer,0.5000989412658139,0.5000989412658139,3.106142331307061,0.9419474822059191,0.9418432634668672,1.0586916465825778,0.4456454360749884,0.4456421752506977,3.2686209752051525,LGBMRegressor,3461.2652547359467,0.09591197967529297,0.5235732012682777,0.5235732012682774,3.032336651388342,0.9215787840221257,0.9182306491670722,1.2553497698032385,0.29726303480271565,0.29725227526097175,3.68018114905033,SimpleImputer,0.4184548921795351,0.4187809408485858,HistGradientBoostingRegressor,3284.8470306396484,0.026865720748901367
272,215,reg_simple_,MCAR_,0.01_,3/,0.41765453051740026,SimpleImputer,0.9374878869833486,0.9374448075071249,1.0987806595171443,0.9480748008961272,0.9480279447093427,1.0008164112104394,0.9360317464909155,0.9359803276804332,1.1107752536521278,MLPRegressor,14442.745703935623,0.08495163917541504,0.9396728375284926,0.9396728254215924,1.0790357081171582,0.9474852238581228,0.9474851901931557,1.0060287007859132,0.9341495661119259,0.9341456455923893,1.1265791792652886,SimpleImputer,0.41958644620510566,0.4195881881185473,ExtraTreesRegressor,11354.354798316956,0.23004722595214844
273,215,reg_simple_,MCAR_,0.1_,3/,0.401456914841747,SimpleImputer,0.8336221835772507,0.8330953647018787,1.7947895123478097,0.947566455811356,0.9469844818563294,1.0108133695242234,0.8317220129893025,0.8312379326623967,1.803461563318803,MLPRegressor,13876.431206464767,0.041594505310058594,0.8351040722581716,0.8351040722581716,1.7839566189401672,0.9479404724564029,0.947940407406603,1.001658901559656,0.8335825427601593,0.8335825413009321,1.7908900155367462,SimpleImputer,0.41794985932905115,0.4177352779847353,LGBMRegressor,3326.9985752105713,0.09176445007324219
274,215,reg_simple_,MCAR_,0.3_,3/,0.3724731006443896,SimpleImputer,0.6134135012292943,0.6102985668077361,2.742491723136956,0.945387465897028,0.9426855723961177,1.0509969412067988,0.6182879817708298,0.6157798558942589,2.7211942061151637,MLPRegressor,13977.582673549652,0.23516011238098145,0.6090261365913225,0.60902057046047,2.746984939352531,0.9446640228165046,0.9445755288513223,1.033523250813937,0.6220817557023988,0.6220116955525883,2.6990358521824835,SimpleImputer,0.4180334850186019,0.4181767115510189,MLPRegressor,12337.952713727951,0.021345853805541992
275,215,reg_simple_,MCAR_,0.5_,3/,0.3462573677398578,SimpleImputer,0.4120974579853428,0.4120732943468396,3.3685338659748574,0.9386676226958158,0.938641247016432,1.0874460865224096,0.41903518715953414,0.41901450861771516,3.346201702940988,MLPRegressor,11610.322660207748,0.23963403701782227,0.4187899573717654,0.41878008881917617,3.34926542301244,0.940980222890202,0.940936979458906,1.0669088043940074,0.4167641631472687,0.4167570815034328,3.3526962567482377,SimpleImputer,0.41822385568686843,0.4177436070754281,MLPRegressor,13771.223556041718,0.018138885498046875
276,215,reg_full_,MAR_,0.01_,3/,0.41730008967733667,IterativeImputer,0.947357306629396,0.947357306629396,1.0079717827315908,0.9481116932163433,0.9481116562777981,1.0000100771680915,0.9327205075106328,0.9326697609986496,1.1391333070793266,LGBMRegressor,11342.387053966522,0.08534693717956543,0.9468358294121897,0.9468358294121897,1.0129519515297511,0.948106138645013,0.9481057124481935,1.0000673512962126,0.9475323253498151,0.9475322535398373,1.0055778023587487,SimpleImputer,0.4105394670776928,0.4038505145412571,LGBMRegressor,9513.457237005234,0.0601048469543457
277,215,reg_full_,MAR_,0.1_,3/,0.4003535995784434,SimpleImputer,0.774604554731132,0.7745677834567786,2.0858703685992075,0.931858569831531,0.9272809807140984,1.183841278312385,0.8725896944958103,0.8681690661959149,1.5939626345165545,MLPRegressor,11220.217038869858,0.015958547592163086,0.9233627939334416,0.9233434162686384,1.2163373823885404,0.9481049648737151,0.9480817587335759,1.0002981335781724,0.9316309502645514,0.9316182432411829,1.1479939498196732,SimpleImputer,0.40624337575267255,0.41115688923485433,MLPRegressor,13078.096005678177,0.008634805679321289
278,215,reg_full_,MAR_,0.3_,3/,0.39088721055999287,IterativeImputer,0.6595050902843302,0.6594071125475249,2.5638765563655816,0.9464893155069443,0.9463801244432289,1.0165584932163982,0.7335738278674724,0.7334984952422644,2.2663099478283772,MLPRegressor,13064.692194461823,0.015951871871948242,0.6679746559667175,0.6679741382405826,2.531426256201674,0.9457904318366479,0.9457670102501914,1.0223538710442577,0.8344104571585531,0.834406322413287,1.7864519847212963,SimpleImputer,0.4289616683092205,0.4081457653732696,LGBMRegressor,11162.66976237297,0.07434797286987305
279,215,reg_full_,MAR_,0.5_,3/,0.36002885214990793,VAE,0.05163893855802093,0.05163893855802082,4.2782502173370025,0.09703036072222349,0.09608730916870623,4.173810375022559,-0.0018085141346004807,-0.001894311003677318,4.3942061504399925,LGBMRegressor,5637.2401242256165,0.0859231948852539,0.798862786853029,0.7988628149032593,1.970269085493653,0.9477328510647391,0.9477328062057495,1.0036543657196355,0.8194278019968193,0.8194242715835571,1.8655166781233667,SimpleImputer,0.4083782549048091,0.4082833911269865,XGBRegressor,9680.66021847725,0.03220009803771973
280,215,reg_full_,MNAR_,0.01_,3/,0.4282677461310806,KNNImputer,0.937722434676952,0.9370497672838953,1.1022446359796152,0.9479822867328475,0.947315046458619,1.0076571086689385,0.9344119519302416,0.9338127555477302,1.1294229870566048,MLPRegressor,12655.859606266022,0.02046966552734375,0.9323889137217471,0.9323053814522974,1.1430267566556827,0.9474171440574637,0.947402943739343,1.0068161921798666,0.933504662677823,0.9333841727215778,1.1330737677405325,SimpleImputer,0.4193155044762982,0.42306129447706964,MLPRegressor,11728.669515371323,0.008381843566894531
281,215,reg_full_,MNAR_,0.1_,3/,0.3986367906710617,KNNImputer,0.8439149514541235,0.8434774521144213,1.7380720608596019,0.9476070537569874,0.9470993815298069,1.0097174156724547,0.8333326589983969,0.8328201452235063,1.7949875643783246,MLPRegressor,14882.250767469406,0.03825688362121582,0.8425891756224194,0.8425891399383545,1.7429971251349354,0.9475319947795348,0.9475315809249878,1.0055840067084558,0.8260004073644719,0.8259971141815186,1.8312502072895183,SimpleImputer,0.41931043016797187,0.41818854571438996,XGBRegressor,8532.270064115524,0.019995689392089844
282,215,reg_full_,MNAR_,0.3_,3/,0.3595002819275387,VAE,0.17940260758442794,0.17940260758442794,3.979645525270619,-0.02270154063069363,-0.024160988584659426,4.442767506405907,-0.0576669879259919,-0.05766863457904936,4.514859969838867,LGBMRegressor,6947.286728143692,0.10117006301879883,0.6582046713481617,0.6582046713481617,2.56839836921479,0.9424822560103139,0.9421539075479137,1.0558603611361463,0.6010589340204626,0.6010084359548624,2.7730093187328757,SimpleImputer,0.4182325773683247,0.41999605972756776,HistGradientBoostingRegressor,14063.219259738922,0.02763533592224121
283,215,reg_full_,MNAR_,0.5_,3/,0.30022009284832807,VAE,0.08558652215868368,0.08558643160276813,4.2009803958348275,0.06058857942167595,0.06033493396287182,4.255553091002104,0.020979891956099728,0.020978978926169622,4.343756589484851,ExtraTreesRegressor,5501.248626708984,0.2638890743255615,0.37700573618188293,0.37700573618188293,3.467538949406254,0.9342070797098583,0.9308503161631706,1.1544219392291213,0.43124565136255677,0.43124535897637395,3.3107923960889516,SimpleImputer,0.41813161753266065,0.41889077025577276,LGBMRegressor,12415.0608689785,0.08466577529907227
284,215,reg_full_,MCAR_,0.01_,3/,0.4265304100250965,IterativeImputer,0.9413458934141105,0.9413458928104105,1.0639679314831907,0.9473302415905737,0.9473299690974926,1.0075143927030399,0.9349226515037667,0.9349211332149896,1.1199263508413495,ExtraTreesRegressor,4605.327180624008,0.2466731071472168,0.9386012421188787,0.9383239891456757,1.091031933439808,0.9479501292896757,0.9476852718049209,1.0041103853846165,0.9378642629717474,0.9376503977078713,1.0961912121247421,IterativeImputer,0.4174333620934828,0.4143867299307015,MLPRegressor,12767.951133966446,0.0487370491027832
285,215,reg_full_,MCAR_,0.1_,3/,0.3993111527432645,KNNImputer,0.830987965747963,0.83098399539253,1.80610601763857,0.9475695608352092,0.9475695575219355,1.005220261498854,0.8292868121561774,0.8292821981307174,1.8138813581375761,MLPRegressor,13964.364593029022,0.01393747329711914,0.8345845490300948,0.8345845115792629,1.7867648894810046,0.9473862322303044,0.9473709804440512,1.0071220674312085,0.8312344307324084,0.8312290815583756,1.8035088559860866,SimpleImputer,0.41965462423760563,0.41695598847842397,LGBMRegressor,7982.2449650764465,0.07318639755249023
286,215,reg_full_,MCAR_,0.3_,3/,0.3449472059492038,VAE,0.02670553168885159,0.026705682277679443,4.33412504196167,0.07219206759008878,0.072191510613273,4.228619842029118,0.017054743063810385,0.017053961753845215,4.352455139160156,ARDRegression,5227.734758853912,0.008803129196166992,0.6151007289062769,0.6150447992850241,2.7257399513192793,0.9453707591408922,0.9452517316412288,1.0271991846708723,0.6126275207330288,0.6125086273251601,2.7327537007998632,IterativeImputer,0.41878627767907306,0.4180154706125804,MLPRegressor,12607.10800075531,0.07773900032043457
287,215,reg_full_,MCAR_,0.5_,3/,0.29766634779785434,VAE,0.017898319371357108,0.017898380756378174,4.3536906242370605,0.06988593381586172,0.0698836367109349,4.2338758082124635,0.018879667802454092,0.01887953281402588,4.348411560058594,ARDRegression,4623.335438013077,0.008807659149169922,0.4519550447546439,0.4519547069210469,3.2522771668819845,0.9441397771419715,0.9441137280615759,1.0378200151946573,0.41070203354127044,0.41069021120674987,3.370088453958125,KNNImputer,0.4225099553508421,0.42308800843883904,ExtraTreesRegressor,14312.550140857697,71.41294741630554
288,216,reg_simple_,MAR_,0.01_,1/,0.11220159289917524,SimpleImputer,0.8966820984365466,0.896383947498016,0.002147150986694014,0.9057193700767696,0.9056489235410925,0.00211902635642333,0.8826233550658144,0.8822345623881181,0.002367401148135996,MLPRegressor,5816.824325084686,0.03037714958190918,0.8969940772792333,0.8969011377865171,0.0021417856267757726,0.9049714691312859,0.9049506114003998,0.002126853580033497,0.8996130770398193,0.8995903999092947,0.002186001962323075,SimpleImputer,0.5963566147060055,0.5444268844498852,MLPRegressor,7369.972048282623,0.02784872055053711
289,216,reg_simple_,MAR_,0.1_,1/,0.12656307528612157,SimpleImputer,0.9291888902053973,0.9291888902053972,0.0017750057489021673,0.8641948169414062,0.8640290608009871,0.0025438176568507603,0.7398930256033429,0.7374226437471235,0.0035350174702821592,LGBMRegressor,7311.37477850914,0.12439393997192383,0.9155625147749278,0.9149466774327355,0.0019453363653603238,0.919909279085552,0.9190592690877746,0.0019626664094886483,0.4515593778280136,0.41610999313206287,0.005271430074960886,SimpleImputer,0.11814573107344922,0.12537892376759818,MLPRegressor,8722.764880895615,0.025109291076660156
290,216,reg_simple_,MAR_,0.3_,1/,0.11124048124218935,SimpleImputer,0.9334676208255033,0.9334676208255032,0.0017205432355204592,0.8691969318177871,0.8691500737671934,0.0024954545812031,0.5739314603736629,0.5687448698435624,0.004530332376125383,LGBMRegressor,4806.132597446442,0.11906695365905762,0.9082126849169619,0.90821268491696,0.0020208793988074876,0.8688720376325749,0.8688372734084704,0.002498435527270221,0.4396777150010849,0.3626084620007395,0.00550764672296712,SimpleImputer,0.5104444022881347,0.6219014980799208,HistGradientBoostingRegressor,1351.969170331955,0.015785932540893555
291,216,reg_simple_,MAR_,0.5_,1/,0.16460791498347538,SimpleImputer,0.8244100576592678,0.8244100576592677,0.0027951098560995,0.8310996131440109,0.8310403175018433,0.0028356620508489263,0.5450305595888802,0.5373264601705003,0.004692456553783411,LGBMRegressor,2894.4134044647217,0.08218121528625488,0.7978393320774496,0.7978393320774495,0.002999144532129397,0.7980080169068391,0.7971732622865966,0.0031068875266413074,-2.1262664698949223,-5.453861634697067,0.01752559429679647,SimpleImputer,0.5714184181822414,0.6357870498823561,LGBMRegressor,1217.210821390152,0.06581401824951172
292,216,reg_simple_,MNAR_,0.01_,1/,0.12841463229827538,SimpleImputer,0.9372640964486566,0.9372640964486565,0.0016707333514314794,0.889218787749462,0.8891894208844155,0.0022964317413567505,0.8814735661508533,0.8814457649737487,0.002375316387920587,LGBMRegressor,3997.5314123630524,0.12393927574157715,0.9411267666531905,0.9411267666531904,0.0016184824987346784,0.8927779271271289,0.8927587092018447,0.0022591441611068725,0.8766695674964269,0.8766543128356079,0.002422840993693324,SimpleImputer,0.57144178712622,0.5647149187943874,LGBMRegressor,1096.5335013866425,0.08956742286682129
293,216,reg_simple_,MNAR_,0.1_,1/,0.1171649617672944,SimpleImputer,0.911255108112198,0.9112551081121979,0.0019871046783685453,0.8513232625060168,0.8512541095196865,0.002660635716438518,0.7336892338447674,0.7331094562224261,0.0035639329269991195,LGBMRegressor,2167.3469231128693,0.12252187728881836,0.9137390510723682,0.9137390510723681,0.0019590980808742733,0.864769113268816,0.8647593307268259,0.002536977318201979,0.7890061601157837,0.7889843597580364,0.0031689854977766134,SimpleImputer,0.577391460919109,0.5933349370091354,LGBMRegressor,3212.336092710495,0.08646440505981445
294,216,reg_simple_,MNAR_,0.3_,1/,0.10929050156852851,SimpleImputer,0.817776447742957,0.8177764477429569,0.0028474186008724776,0.7652298938697355,0.7652275719379474,0.0033426158989858607,0.600462857781624,0.600428739607716,0.004360738564294066,LGBMRegressor,2550.111962080002,0.11433601379394531,0.7761621449163545,0.7761621449163545,0.0031558462112806205,0.7597901710741848,0.7504177999661499,0.0034464321512168946,0.5716503801252089,0.5712072101452055,0.004517380427164787,SimpleImputer,0.5891561835754348,0.5900292853710366,LGBMRegressor,2142.1189794540405,0.0640411376953125
295,216,reg_simple_,MNAR_,0.5_,1/,0.2196593922279268,SimpleImputer,0.6687864159100187,0.6687864159100185,0.0038388675980245658,0.6562495169212278,0.6562370482171385,0.0040447572646228214,0.5006082300219588,0.499973877661416,0.004878196333427525,LGBMRegressor,3191.7211394309998,0.10412144660949707,0.6899576028526506,0.6899576028526505,0.003714151430938424,0.6398825307586413,0.63332794403883,0.0041773593435505,0.48626620377927066,0.48230529965716895,0.00496363442972089,SimpleImputer,0.11473271828203896,0.11449536733180862,LGBMRegressor,1339.6632807254791,0.05876612663269043
296,216,reg_simple_,MCAR_,0.01_,1/,0.11665635194488735,SimpleImputer,0.9371048153841607,0.9371048153841606,0.0016728529310837013,0.8887914095528857,0.8887658102644672,0.002300816994765825,0.8724027625081348,0.8723877173915698,0.0024643884646529586,LGBMRegressor,4138.399689912796,0.12615704536437988,0.8965313080528405,0.896529850788383,0.0021456387366791934,0.9049507999179085,0.904950643413011,0.002126853221871579,0.8861597461982319,0.8861576498247636,0.0023276348726646258,SimpleImputer,0.5797746111201195,0.5823615020034723,MLPRegressor,8184.599687576294,0.02495574951171875
297,216,reg_simple_,MCAR_,0.1_,1/,0.11207203721231965,SimpleImputer,0.9007060303686995,0.9007060303686993,0.0021018924986888395,0.8425634109276234,0.8425150862027262,0.0027376782604728663,0.7603370012037656,0.7603358272554217,0.0033772599277991353,LGBMRegressor,2456.4093968868256,0.12572383880615234,0.8674217449625179,0.8674217449625179,0.0024287634174406858,0.8602218240398,0.8602183030503067,0.00257921819013613,0.7781616069608801,0.7781237706459274,0.0032495132872386633,SimpleImputer,0.5877760989527004,0.5854564381262768,HistGradientBoostingRegressor,1452.9201023578644,0.015812158584594727
298,216,reg_simple_,MCAR_,0.3_,1/,0.10782396194369623,SimpleImputer,0.7766564812291241,0.776656481229124,0.0031523595095850157,0.7730440893106356,0.7730085304356813,0.0032867577605476405,0.6123178583555707,0.61225675865697,0.004295710912092886,LGBMRegressor,2862.396819829941,0.08455061912536621,0.8735956111760274,0.8735956111760274,0.002371538284899037,0.8214080825528876,0.8214080776846764,0.0029153710357169567,0.6266193052827355,0.6261733556361733,0.004217917247539023,SimpleImputer,0.5897379916459021,0.5874011135817485,HistGradientBoostingRegressor,4294.951265573502,0.01769113540649414
299,216,reg_simple_,MCAR_,0.5_,1/,0.21991448891778304,SimpleImputer,0.639583063341505,0.6395830633415049,0.004004530991372084,0.6877202643350767,0.6869915307093795,0.0038595882282872174,0.5169344056972216,0.5169305530955333,0.004794769276864366,LGBMRegressor,4800.7936890125275,0.0801858901977539,0.7092195768475973,0.7092195768475971,0.0035969271801837943,0.661681141518505,0.6613404549057497,0.004014621342991092,0.495516821604456,0.4954767528320053,0.004900083942279501,SimpleImputer,0.11312956688463575,0.11549150197470083,LGBMRegressor,1445.6301610469818,0.06574440002441406
300,216,reg_full_,MAR_,0.01_,1/,0.06781404799018187,IterativeImputer,0.8976571290164965,0.8976441159824587,0.0021340543226897155,0.8977807609030163,0.897778648057912,0.002205635478848875,0.8949802224993839,0.8949750989557785,0.002235677053248822,MLPRegressor,2986.0873131752014,0.024599313735961914,0.9561563776654181,0.956156377665418,0.0013966972484342726,0.8929997689219588,0.8929968579262533,0.0022566343474111354,0.8924499278195726,0.8924479459404273,0.002262415061392274,IterativeImputer,0.05441196995620478,0.07790855945869186,LGBMRegressor,8208.496375083923,0.11674809455871582
301,216,reg_full_,MAR_,0.1_,1/,0.08457966225415156,KNNImputer,0.8829358861515553,0.8827912036391914,0.0022836480194427695,0.9084757629142405,0.9081292547385335,0.0020909880387107783,0.8410669469495605,0.8405812986626117,0.002754435215854637,MLPRegressor,8829.375266313553,0.06737065315246582,0.8891734139085608,0.8889404495381243,0.002222936306654412,0.9063936681537514,0.9061911683721707,0.0021129284570069605,0.8603895298734854,0.8599917572192967,0.0025813074285080837,IterativeImputer,0.05079118392782914,0.04595045313689851,MLPRegressor,14789.620072126389,0.06561827659606934
302,216,reg_full_,MAR_,0.3_,1/,0.11474608194272692,SimpleImputer,0.8969730211242432,0.896973021124243,0.002141038840915821,0.8479264737558151,0.8477748255814235,0.002691573036181018,0.3300974204143855,0.330029177677974,0.005646650052207857,LGBMRegressor,5678.31302022934,0.13727021217346191,0.8808001761115549,0.8807343537773922,0.002303598284014889,0.8953784742600314,0.8952762906365113,0.002232469000735659,0.710534739407075,0.7100422684727128,0.0037147558515489994,IterativeImputer,0.06029441488079427,0.07301293675633372,MLPRegressor,11263.229506254196,0.07053375244140625
303,216,reg_full_,MAR_,0.5_,1/,0.1448085639509089,IterativeImputer,0.8799176410898677,0.8799176410898676,0.0023114721694953437,0.8105325597813342,0.8096650082006326,0.0030096933427553253,0.5717571218124081,0.5706628338307125,0.0045202470505698615,LGBMRegressor,4203.711159944534,0.11274504661560059,0.7705186548622484,0.7705186548622484,0.0031953817978705615,0.734931066351612,0.7348950943902134,0.003551990625146284,0.17992807690909252,-0.2433403084208028,0.0076923305024721765,SimpleImputer,0.5689039247695458,0.6257001923664506,HistGradientBoostingRegressor,10126.374677658081,0.01572871208190918
304,216,reg_full_,MNAR_,0.01_,1/,0.07327707690097221,KNNImputer,0.907286638678865,0.9065746882307357,0.0020388315308916003,0.9159590028801725,0.9153937337428302,0.0020066156433412746,0.9061053121309041,0.9054487278352081,0.0021212732581136337,MLPRegressor,10017.046547412872,0.04107475280761719,0.9125529536711141,0.9125478847599136,0.001972578170519453,0.9184857542674855,0.9184780980059868,0.0019696999805302196,0.9121883257996154,0.9121541525934984,0.0020446715166997143,IterativeImputer,0.06578660608235565,0.06556854939590488,MLPRegressor,13274.463860273361,0.09515380859375
305,216,reg_full_,MNAR_,0.1_,1/,0.09755880745596728,KNNImputer,0.8425634966792019,0.8417534966046629,0.0026534818711492743,0.9024992937027976,0.9021468480437974,0.0021579945246400136,0.8194197268558683,0.8190345310950162,0.0029346802208749696,MLPRegressor,10558.49418258667,0.10660362243652344,0.8030621166199723,0.7997993624651137,0.0029845701532894447,0.8512926242626933,0.8489596310394671,0.0026810779920006045,0.7716854308584327,0.768603350075296,0.003318497251899695,IterativeImputer,0.06481385308935794,0.06928145970469189,MLPRegressor,9914.938405036926,0.10387921333312988
306,216,reg_full_,MNAR_,0.3_,1/,0.10547971731013248,SimpleImputer,0.8066012799216129,0.8066012799216128,0.0029334308924176622,0.7749786852015238,0.7749722809612671,0.0032725096644978316,0.6140103477981731,0.6135846002373604,0.004288349190792359,LGBMRegressor,3089.895132780075,0.09961867332458496,0.8798851496354403,0.8798851496354401,0.0023117848632737753,0.8295976801529901,0.8289389348734597,0.002853241385478673,0.6397253436901537,0.6395287862865784,0.004141886780661083,IterativeImputer,0.06988259533486058,0.07053758261046927,LGBMRegressor,9135.008413553238,0.19137787818908691
307,216,reg_full_,MNAR_,0.5_,1/,0.18511627014558013,VAE,0.266397320091482,0.26639732009148187,0.005713201191498085,0.08493152346561583,0.0009956712552305902,0.006895195968922641,-0.10462116667952093,-0.10615683715244861,0.007255565762762576,LGBMRegressor,4012.9703521728516,0.038037776947021484,0.6994608945462619,0.6994608945462619,0.0036567861062843606,0.7379565332840365,0.7379107609438553,0.003531730238105898,0.5339244908068974,0.5339031480562266,0.004709784256341052,IterativeImputer,0.08524234894198587,0.08544328594564307,LGBMRegressor,9764.714231967926,0.13527369499206543
308,216,reg_full_,MCAR_,0.01_,1/,0.08143660443649217,KNNImputer,0.9122868322321481,0.9121283092277672,0.0019773045010001316,0.915897777992702,0.9157797076312209,0.0020020333197369976,0.90385381046594,0.9037162351000153,0.002140619417912766,MLPRegressor,8631.853200435638,0.034361839294433594,0.858303589014693,0.8583031872496095,0.0025108981938714533,0.867589237359556,0.8675531296969674,0.0025106361568004837,0.8641602108242092,0.8641548448319804,0.0025426407668660876,IterativeImputer,0.06362423384652587,0.05945720185809449,MLPRegressor,11478.58582663536,0.10839581489562988
309,216,reg_full_,MCAR_,0.1_,1/,0.10980977405260536,KNNImputer,0.8507527539230735,0.8442944654025496,0.0026320921412447545,0.9042831956804982,0.8984147509592605,0.0021987621564834568,0.8256055406754335,0.8191354259144991,0.002933862011425346,MLPRegressor,4525.333318710327,0.054474592208862305,0.8818156782648335,0.8817982704149021,0.0022933005711204334,0.868082541556082,0.8680778036716517,0.0025056584151977447,0.8160468573165378,0.8160457220263868,0.002958815429792503,IterativeImputer,0.06445932528474742,0.06340005071243711,LGBMRegressor,10603.21912240982,0.14951777458190918
310,216,reg_full_,MCAR_,0.3_,1/,0.11170193439536391,SimpleImputer,0.8166874295781521,0.816687429578152,0.002855914405583301,0.7648743135121568,0.7645234141828174,0.00334762493405881,0.6069906499613952,0.6069666222462964,0.004324915689075681,LGBMRegressor,1663.5297849178314,0.10385727882385254,0.7238390982542428,0.7231758089763902,0.0035095471644047966,0.877475853474277,0.8758061962005899,0.002431156369910367,0.7107226802804976,0.7102614871771076,0.0037133513400408316,IterativeImputer,0.06903670757892802,0.07008574064439986,MLPRegressor,14717.138840436935,0.1488819122314453
311,216,reg_full_,MCAR_,0.5_,1/,0.11268139447924652,VAE,0.004684710630929567,0.004684805870056152,0.006654713768512011,0.015073496733587266,0.013858705922604186,0.006850661378233769,0.0017139640761320019,0.0013140439987182617,0.006894097197800875,ARDRegression,5193.287800550461,0.03047037124633789,0.7060799200131727,0.7060799200131727,0.003616293677470078,0.7404926762150015,0.7404843755180608,0.003514347349634561,0.5263263705569341,0.5262656442925914,0.004748214932215502,IterativeImputer,0.08119259572627491,0.08198152784573018,LGBMRegressor,9807.891055345535,0.16931533813476562
312,216,reg_simple_,MAR_,0.01_,2/,0.11776018959695544,SimpleImputer,0.9005015410030864,0.9005003045933337,0.0021040688127163757,0.9134050799046577,0.9133977250854767,0.0020301474362149235,0.8869911903717436,0.886943982239938,0.00231958221798024,MLPRegressor,9209.711809873581,0.03746175765991211,0.9541089432238912,0.9541089432238911,0.0014289370366435308,0.8949633721428996,0.8949580837290941,0.0022358581484502953,0.8227717344424984,0.8227710445608309,0.00290422505427675,SimpleImputer,0.5833797848521989,0.5861588987869542,LGBMRegressor,1496.8611872196198,0.09715557098388672
313,216,reg_simple_,MAR_,0.1_,2/,0.11141474131922983,SimpleImputer,0.9173883259878066,0.9173883259878065,0.0019172103940214866,0.8731723143022565,0.8730819290224028,0.0024576761790065546,0.7798773925523907,0.7791174191252852,0.0032422288271067128,LGBMRegressor,3699.1065361499786,0.09027099609375,0.9319861063072254,0.9319861063072253,0.0017395939261300867,0.8759665511528257,0.8759243818090569,0.0024299993231194725,0.33180546257952626,0.2774650313805448,0.005863978428914311,SimpleImputer,0.5765149409924781,0.5044088573828932,LGBMRegressor,2146.3824994564056,0.09255146980285645
314,216,reg_simple_,MAR_,0.3_,2/,0.10688036475232407,SimpleImputer,0.882802768823692,0.8828027688236919,0.002283535351012452,0.8604908547964892,0.8602567079269032,0.0025788638470311716,0.46662217711419696,0.43147063685358955,0.005201629063184943,LGBMRegressor,2701.7284824848175,0.1208333969116211,0.8711177127645846,0.8711177127645845,0.002394670040936289,0.8476174259398084,0.8475640188556499,0.0026934360834647343,0.7602285352854895,0.7589188555397158,0.0033872289382803544,SimpleImputer,0.5974520343018025,0.575644236117785,LGBMRegressor,2600.904872894287,0.06576085090637207
315,216,reg_simple_,MAR_,0.5_,2/,0.15931519275908418,SimpleImputer,0.6775583873694571,0.6775583873694568,0.003787691556057123,0.7013332623771582,0.7013266727433045,0.0037701718706100043,0.5672800272157404,0.5670927190688321,0.004539001997316586,LGBMRegressor,2014.79776263237,0.08585357666015625,0.7954661595676757,0.7954661595676756,0.0030166967123340382,0.7929719936893006,0.7928626394505707,0.003139728879976828,0.10711868278779646,0.06138032415513006,0.0066835585309950735,SimpleImputer,0.6029690426372281,0.6063757653265041,LGBMRegressor,1083.8175880908966,0.06446027755737305
316,216,reg_simple_,MNAR_,0.01_,2/,0.11465438927938414,SimpleImputer,0.871033849723414,0.8707872472610607,0.0023977381476197462,0.8968674738460339,0.8962944001130725,0.0022215906185784453,0.8631795304040537,0.8629717350666666,0.002553689013825395,MLPRegressor,7745.597870826721,0.04604935646057129,0.9658074523649964,0.9658074523649964,0.0012334308137093009,0.8935169516756404,0.8935131027971593,0.002251184112896962,0.87842533275168,0.8784230670631767,0.002405406722198702,SimpleImputer,0.5917396312959418,0.6003560724862238,HistGradientBoostingRegressor,3899.604264497757,0.020097732543945312
317,216,reg_simple_,MNAR_,0.1_,2/,0.10698257604556649,SimpleImputer,0.8720605470888279,0.8720605470888277,0.002385894896168269,0.8389536018792771,0.8386139052022844,0.0027713794041859196,0.7615296801999408,0.7612833708011687,0.0033705770972318173,LGBMRegressor,3827.114606618881,0.08910512924194336,0.909184276940934,0.9091842769409338,0.0020101551830215567,0.8635540401119802,0.8632807895492562,0.0025508075844066923,0.7343524311960679,0.7342958139613667,0.003556003068540143,SimpleImputer,0.5872050862427012,0.5799436710138318,LGBMRegressor,992.2951231002808,0.07554244995117188
318,216,reg_simple_,MNAR_,0.3_,2/,0.10726008688938182,SimpleImputer,0.8228998415970987,0.8228998415970985,0.0028071042280113723,0.7826342918061415,0.7823914631130413,0.0032181100620392463,0.6240013236839135,0.6236405619776337,0.004232181987481551,LGBMRegressor,4113.619678497314,0.0917198657989502,0.7945784115103163,0.7945784115103162,0.003023236380768245,0.818656929910139,0.818651758456175,0.002937782254444995,0.6034220031775859,0.6023102934567857,0.004350459238415708,SimpleImputer,0.5849106780140725,0.585327083363323,LGBMRegressor,1798.9934964179993,0.07451844215393066
319,216,reg_simple_,MNAR_,0.5_,2/,0.2200720733665087,SimpleImputer,0.6597164697987667,0.6597164697987667,0.003891074341258387,0.6815706881934398,0.680050569004083,0.0039021467657782243,0.488583153013872,0.48856121316303336,0.0049335525605929825,LGBMRegressor,2506.579960823059,0.09138250350952148,0.6731900170178671,0.673190017017867,0.0038132626590438356,0.6754247303484276,0.6743567488505543,0.003936714952527604,0.5422724576751576,0.5417718781230791,0.004669859325827736,SimpleImputer,0.11334067900297008,0.1130380527009811,LGBMRegressor,2179.7241802215576,0.05226325988769531
320,216,reg_simple_,MCAR_,0.01_,2/,0.10967085422370962,SimpleImputer,0.945422119993568,0.9454221199935678,0.001558322691137509,0.8850939003802814,0.885080651636461,0.0023386191743084094,0.877994256482325,0.877975436024145,0.0024098308567945827,LGBMRegressor,9458.056601047516,0.1353752613067627,0.9375205321073095,0.9375205321073093,0.001667315258343025,0.8904651861200992,0.8904471166572058,0.0022833623456716156,0.8779579221868433,0.8779534490430562,0.0024100479545542245,SimpleImputer,0.5925900857703102,0.5858909361591702,LGBMRegressor,2522.6818692684174,0.07746219635009766
321,216,reg_simple_,MCAR_,0.1_,2/,0.11063387989641885,SimpleImputer,0.8975160676278514,0.8975160676278513,0.0021353887683701104,0.8454669146967898,0.8452039815978081,0.0027142060965365494,0.7752400608550094,0.775224939662828,0.0032706719792006556,LGBMRegressor,2726.535310983658,0.1195068359375,0.9267650868605494,0.9267650868605493,0.0018051286074342483,0.8747342431621891,0.8747311448482104,0.00244165603328288,0.77887939114865,0.7787258303116485,0.0032451015260891148,SimpleImputer,0.5901526582306579,0.5889286337383518,LGBMRegressor,2786.068124294281,0.0863351821899414
322,216,reg_simple_,MCAR_,0.3_,2/,0.10402503640956148,SimpleImputer,0.814862764710725,0.8148627647107249,0.002870092874690128,0.7634218040684827,0.7630624856881992,0.003357993435304922,0.6231090979963683,0.6231054174244535,0.004235189783212272,LGBMRegressor,1439.393975019455,0.1272726058959961,0.8983581684913551,0.898358168491355,0.002126597527269437,0.8330727057592882,0.8330725092209378,0.002818557255368925,0.6535565913867537,0.6534335705971549,0.004061216806410423,SimpleImputer,0.5882106496188254,0.5902860754963614,LGBMRegressor,1636.5657732486725,0.0847330093383789
323,216,reg_simple_,MCAR_,0.5_,2/,0.22028095156945918,SimpleImputer,0.7205699631948003,0.7205699631948002,0.003526026788627683,0.6810415517856199,0.6805869740806197,0.0038988743590044287,0.502299518498543,0.5022729013724048,0.004866968910037842,LGBMRegressor,2903.8726830482483,0.1492938995361328,0.6503315960647049,0.6503315960647049,0.003944366477098075,0.6760571276356266,0.6756648687456623,0.003928800037707953,0.49948371800591973,0.4992893409166069,0.004881534321577014,SimpleImputer,0.11424027673450504,0.11620502004040613,LGBMRegressor,1233.3274397850037,0.055057525634765625
324,216,reg_full_,MAR_,0.01_,2/,0.06784787880549506,IterativeImputer,0.9422392351610412,0.9422392351610411,0.0016031181502646537,0.8937683370614847,0.8937500080305957,0.0022486785734139297,0.8891379842365478,0.8891177816820044,0.0022971739446667784,LGBMRegressor,3226.1243858337402,0.09395551681518555,0.9151999463418334,0.9151716158710658,0.001942762270610541,0.9182175414753333,0.9181797548761325,0.001973300913386742,0.9149038644742518,0.9148483409991386,0.0020130728222178956,IterativeImputer,0.08115722997305337,0.059605927690320956,MLPRegressor,11331.246371984482,0.09172511100769043
325,216,reg_full_,MAR_,0.1_,2/,0.08068553216371899,IterativeImputer,0.9184935102491548,0.9143738093936367,0.0019518766789601257,0.9193162792108566,0.9156262668801001,0.0020038562397023114,0.9167116791732517,0.9131740123880074,0.0020327679033610158,MLPRegressor,12262.671253681183,0.04609513282775879,0.8172947554863641,0.8125751383169338,0.002887770416635566,0.8661959739556652,0.8632409921222759,0.002551178813116288,0.8632515651084226,0.8596874057641405,0.0025841115426445717,IterativeImputer,0.05827098794473527,0.09443650507220848,MLPRegressor,12223.22578382492,0.057824134826660156
326,216,reg_full_,MAR_,0.3_,2/,0.1087186106728052,SimpleImputer,0.8773969106696992,0.877396910669699,0.002335607011331265,0.8475231732652375,0.8472836097058769,0.0026959122610199083,0.6117585674299593,0.6087166095237562,0.004315276570061962,LGBMRegressor,2522.7177305221558,0.0921473503112793,0.9892706021287466,0.9892706021287013,0.0006909342773514457,0.862063151406452,0.8620482541519892,0.0025622796614505473,0.7115410740874692,0.7114524879264893,0.003705711419399649,IterativeImputer,0.07564515609538569,0.060808782486503295,HistGradientBoostingRegressor,10689.033003807068,0.08607888221740723
327,216,reg_full_,MAR_,0.5_,2/,0.17534793620958472,IterativeImputer,0.8986502809107746,0.8980092187562468,0.002130244843600857,0.90706487470653,0.9065116292625529,0.002109316376015443,0.8856289563398856,0.8845006142349929,0.002344513652700905,MLPRegressor,6512.084976196289,0.10475420951843262,0.8170232245200861,0.8170232245200861,0.00285329745140724,0.8394821869927833,0.8379961396306769,0.002776678582910779,-0.9930608326642416,-1.5226731182398319,0.010957044323339257,SimpleImputer,0.6335543662119905,0.6022893909844753,LGBMRegressor,7957.426481723785,0.0644536018371582
328,216,reg_full_,MNAR_,0.01_,2/,0.07398407713369994,IterativeImputer,0.9106612874471313,0.9097529159026805,0.002003852048301241,0.9095021634483368,0.9086107763814466,0.0020855010974169127,0.9002059545639177,0.89942397550724,0.0021878128123150806,MLPRegressor,11448.175443172455,0.04097771644592285,0.912758131737631,0.9127450407792568,0.0019703533809992354,0.9193554191427493,0.9193247865849157,0.001959444605454293,0.9054955914949246,0.9054567837077556,0.0021211828887794924,IterativeImputer,0.061889795216417416,0.06175326966213354,MLPRegressor,12107.815267324448,0.13492369651794434
329,216,reg_full_,MNAR_,0.1_,2/,0.09531968055516025,KNNImputer,0.8267500721295724,0.8267163814379921,0.002776692695048758,0.88883049790523,0.888726109004893,0.002301227557308516,0.8200293778188188,0.8200147304397225,0.0029267215824975296,MLPRegressor,8107.638823747635,0.03153634071350098,0.9837020032201823,0.9837020032201823,0.0008515618118465899,0.8639147690441508,0.8638915571761188,0.0025451035778123444,0.8139493915861942,0.8139397406744314,0.0029757040751951166,IterativeImputer,0.06370894919333257,0.06415825153446848,HistGradientBoostingRegressor,9939.584942817688,0.1036062240600586
330,216,reg_full_,MNAR_,0.3_,2/,0.1075915384124164,SimpleImputer,0.8489366663024985,0.8489366663024984,0.0025925586847338664,0.7984948353973149,0.7981543334655743,0.003099364424248701,0.6062683406914167,0.6050588563108857,0.004335399453449377,LGBMRegressor,2965.9895617961884,0.12302279472351074,0.752577124593528,0.7504862024297955,0.003331933665578701,0.85707771450431,0.8535878085150669,0.0026396816255062315,0.6723071665981017,0.6708287476391777,0.003957982582097958,IterativeImputer,0.0735630974892405,0.07024753018131903,MLPRegressor,8147.847083568573,0.12111496925354004
331,216,reg_full_,MNAR_,0.5_,2/,0.21376940467719874,IterativeImputer,0.700714723168901,0.7007147231689009,0.003649150202896059,0.6461089865124149,0.6457580904321645,0.004105942838021243,0.4668028476787296,0.4667858264342364,0.005037485061895526,LGBMRegressor,3431.5913894176483,0.06174206733703613,0.7730497513932215,0.7730497513932214,0.00317771098228421,0.7087127689518686,0.7086872642334978,0.0037234254653309897,0.5316744098427995,0.5313277789329913,0.004722778040844866,IterativeImputer,0.08060163030426559,0.08068311876722684,LGBMRegressor,8448.154508829117,0.1494600772857666
332,216,reg_full_,MCAR_,0.01_,2/,0.07832571042339571,IterativeImputer,0.9473813251453066,0.9473813251453065,0.001530097187365839,0.8950200899807453,0.8950187086493813,0.0022352128427929854,0.8908666098234465,0.8908590844026716,0.0022790650710957047,LGBMRegressor,3533.352611541748,0.13558173179626465,0.9070498478988795,0.9068879957778991,0.0020354099862270464,0.9141231775734179,0.9139029699980294,0.0020242167485894622,0.9067247630866337,0.90648739440317,0.002109589755864279,IterativeImputer,0.06046073776922404,0.06608248292543638,MLPRegressor,13280.60777425766,0.10929632186889648
333,216,reg_full_,MCAR_,0.1_,2/,0.09784663185256645,KNNImputer,0.8248167236240409,0.8227746144549588,0.0028080965013230832,0.8890186808145499,0.8873526994446063,0.0023153855746895742,0.8238054580107503,0.8215706531051102,0.0029140437763982203,MLPRegressor,5966.912024974823,0.04846477508544922,0.8652910288770476,0.8651666588408768,0.0024493323114590433,0.904988973314146,0.9047978068806328,0.002128562493327382,0.8475972091460066,0.8475001936141824,0.002693999897913922,IterativeImputer,0.0635987120283595,0.06544951668251262,MLPRegressor,11020.475627183914,0.1437537670135498
334,216,reg_full_,MCAR_,0.3_,2/,0.10603574732054713,SimpleImputer,0.8193125627869,0.8193125627868999,0.002835391561824072,0.77325230965712,0.7731986417608849,0.0032853810992097775,0.6370642169343258,0.6370137523711807,0.004156310787941197,LGBMRegressor,3743.41579079628,0.11711716651916504,0.7009980411759513,0.700072513966873,0.0036530632954911617,0.8438499866702158,0.8415584259149635,0.002745980842120948,0.6853934874591874,0.684615782994938,0.00387420776015018,IterativeImputer,0.06910428076950069,0.07052600014635878,MLPRegressor,11854.113621234894,0.13347673416137695
335,216,reg_full_,MCAR_,0.5_,2/,0.20719252751155434,IterativeImputer,0.5437258071044939,0.5420146797532626,0.004514138112536109,0.7210624720150539,0.7177471322493661,0.003665068621106598,0.518073671832471,0.5165769258912427,0.004796523942444516,MLPRegressor,4468.622489690781,0.03492856025695801,0.5728752687197378,0.5717699769076614,0.0043650338874838554,0.7458428091822435,0.7442715620349845,0.0034886101636753264,0.5217403706939794,0.5207945556232951,0.004775554443115491,IterativeImputer,0.08014659378610764,0.0808221534961184,MLPRegressor,12444.496289253235,0.16580533981323242
336,216,reg_simple_,MAR_,0.01_,3/,0.11935193620577107,SimpleImputer,0.8939327938145817,0.893577010900445,0.0021760395770518445,0.9062548046508622,0.906086887513195,0.0021141025298046477,0.8619514744358331,0.8608414380195237,0.002573462800561455,MLPRegressor,8455.352563142776,0.09013795852661133,0.9079749120574647,0.9079563133716637,0.002023699694314511,0.9143922409583811,0.9143833187120999,0.0020185621406224436,0.655746658141204,0.6537792570776214,0.004059190848490704,SimpleImputer,0.630437417212032,0.5809098613472018,MLPRegressor,8726.541868686676,0.011642217636108398
337,216,reg_simple_,MAR_,0.1_,3/,0.08599719669368719,SimpleImputer,0.9203976231436062,0.9203892946753505,0.0018820657841754917,0.9223003191471636,0.922298424768789,0.001922993606943206,0.878621056687678,0.8774496094561601,0.0024150174802140536,MLPRegressor,7905.621068954468,0.04526209831237793,0.9960952936824417,0.9960952936824276,0.0004168149150109935,0.881111578571233,0.8811075447552097,0.0023787022132272387,0.8725319601590568,0.8724740626511934,0.002463554594025762,SimpleImputer,0.1130340787892596,0.0892091807899247,HistGradientBoostingRegressor,2042.621268749237,0.02117180824279785
338,216,reg_simple_,MAR_,0.3_,3/,0.12199956248552742,SimpleImputer,0.8796940851459311,0.879694085145931,0.002313622789566652,0.8509093287573564,0.850906641412383,0.0026637415057380156,0.6523153538729811,0.6498110108038022,0.004082386997765464,LGBMRegressor,4713.746685743332,0.08287525177001953,0.8631036196665881,0.863103619666588,0.0024679993789568215,0.8449908497470175,0.8449692416967318,0.0027162632912751446,-0.7468735970714075,-1.208997581800042,0.010253226445559052,SimpleImputer,0.5801833481538372,0.5815722352027441,LGBMRegressor,1375.1789803504944,0.08106136322021484
339,216,reg_simple_,MAR_,0.5_,3/,0.18547725512624205,SimpleImputer,0.8548766611528074,0.8548766611528072,0.0025410762336922905,0.8199930752246204,0.8199305637682391,0.002927405815221487,0.25846184242477543,0.24840532532122783,0.005980737977590003,LGBMRegressor,1948.951954126358,0.09270286560058594,0.8886282869554318,0.8886282869554317,0.002226058193109077,0.8579186735251336,0.8575446704515465,0.0026037679662867515,0.33005686602274775,0.08471665542216911,0.006599950959616453,SimpleImputer,0.5756310926460263,0.5553669496807844,LGBMRegressor,2334.552004337311,0.08318471908569336
340,216,reg_simple_,MNAR_,0.01_,3/,0.11399146198465711,SimpleImputer,0.9415061924178247,0.9415061924178246,0.001613258676694465,0.8861185013378071,0.8861033440270563,0.0023281899780248647,0.8724714761044595,0.872471436831842,0.002463579956772203,LGBMRegressor,3329.669046640396,0.11876153945922852,0.946229994229927,0.9462299942299268,0.0015467463685154136,0.8883967455297351,0.8883767739888997,0.00230483698178002,0.8757444645469655,0.8757278725424806,0.002431922861643509,SimpleImputer,0.5796500720287137,0.5867881780963076,LGBMRegressor,3710.448616504669,0.08196091651916504
341,216,reg_simple_,MNAR_,0.1_,3/,0.10762604467823791,SimpleImputer,0.8973762000598781,0.897376200059878,0.002136845434753514,0.8476037151640743,0.8474088742429977,0.002694806382735597,0.7470818559880307,0.7467834650219258,0.00347143437448067,LGBMRegressor,3437.6216061115265,0.10213685035705566,0.9098197916627561,0.909819791662756,0.002003109453869882,0.8587198763403796,0.8581975525079868,0.002597794495111075,0.770838593793898,0.7708171679326397,0.003302584738662429,SimpleImputer,0.58522838131478,0.5905446903216612,LGBMRegressor,1294.8010115623474,0.07189822196960449
342,216,reg_simple_,MNAR_,0.3_,3/,0.10370816662567325,SimpleImputer,0.8051318124715093,0.8051318124715092,0.0029445540893273366,0.7650567893942035,0.7643278523435653,0.003349014736401603,0.5942454264628231,0.5936361326910273,0.004397648069868632,LGBMRegressor,2376.180352449417,0.13738512992858887,0.8453031897125491,0.845303189712549,0.0026235524016141004,0.8092759090350365,0.8086808489431387,0.0030174643745069832,0.606853735774634,0.6066282945643848,0.0043267767574029625,SimpleImputer,0.5957233934705358,0.5819833873369705,LGBMRegressor,1582.1653456687927,0.07608819007873535
343,216,reg_simple_,MNAR_,0.5_,3/,0.22715136600188557,SimpleImputer,0.7154692118110726,0.7154692118110726,0.003558063519588466,0.7002058089885943,0.6964898696667166,0.0038005769000971014,0.5145574244765267,0.5134945348739992,0.004811791386612299,LGBMRegressor,3145.022838830948,0.09107351303100586,0.7305780127504828,0.7305780127504827,0.0034623070581395726,0.6831725138740388,0.6820568048637923,0.0038898933642282445,0.5181037650804634,0.5155261277937241,0.004801734122270055,SimpleImputer,0.1151172693446089,0.11431901053087427,LGBMRegressor,2228.262797355652,0.07611083984375
344,216,reg_simple_,MCAR_,0.01_,3/,0.12264648162407485,SimpleImputer,0.931106013177084,0.9311060131770839,0.001750812837483541,0.8818554432850694,0.8818208809233153,0.002371555556454033,0.8714829575816698,0.8714320901786675,0.0024735985662516363,LGBMRegressor,6508.010635614395,0.129960298538208,0.9452292315065668,0.9452292315065667,0.0015610739650566946,0.8906414760674283,0.8906404816657041,0.0022813463449787275,0.8784376148950089,0.8784208065061644,0.0024054290847210424,SimpleImputer,0.5837429759661354,0.5932008963725354,LGBMRegressor,1427.2516584396362,0.0857231616973877
345,216,reg_simple_,MCAR_,0.1_,3/,0.10778772023506425,SimpleImputer,0.8994672133403949,0.8994672133403948,0.0021149637299716045,0.8408068544211451,0.840631606498345,0.002754000572343353,0.7678475954216863,0.7678422134757954,0.003323950563477228,LGBMRegressor,4066.368816614151,0.12747430801391602,0.9000358885616098,0.9000358885616097,0.002108973479546773,0.863822808417302,0.8638225536982045,0.0025457486470736135,0.7900672614333962,0.7900510289191456,0.003160965851289085,SimpleImputer,0.5895296450285578,0.5845431608899314,LGBMRegressor,2411.5075900554657,0.07696294784545898
346,216,reg_simple_,MCAR_,0.3_,3/,0.10445873358955352,SimpleImputer,0.7979008162581386,0.7979008162581385,0.002998688424695188,0.7680313804806987,0.7675841059631241,0.0033257977948346162,0.624353001052312,0.6243530004715483,0.004228174385548991,LGBMRegressor,3654.0112025737762,0.13446998596191406,0.8612906392065637,0.8612906392065636,0.002484288040830923,0.8140914408213349,0.8140726933239224,0.0029746407142084786,0.6531078093515759,0.6530982046860043,0.004063181313391559,SimpleImputer,0.5901809279566126,0.5900259082025485,LGBMRegressor,1365.8671464920044,0.08088421821594238
347,216,reg_simple_,MCAR_,0.5_,3/,0.22056879895502107,SimpleImputer,0.7012185592024478,0.7012185592024477,0.0036460773023033253,0.6745635865422255,0.6744242177502902,0.003936307114219276,0.49942872399497107,0.4994287219974637,0.004880854846441103,LGBMRegressor,2642.2058639526367,0.09506392478942871,0.6449501212088452,0.6449501212088451,0.003974602925519283,0.6625846679761827,0.6624571380059385,0.004007997047964594,0.4900828147104541,0.4899756853199505,0.0049267255418290945,SimpleImputer,0.1129517580104965,0.11436976745717416,LGBMRegressor,3442.933069705963,0.04995536804199219
348,216,reg_full_,MAR_,0.01_,3/,0.06813527178312692,IterativeImputer,0.9197045758899726,0.9192189683983114,0.0018958490749130842,0.9209182811885547,0.9204858615531417,0.0019452933743651765,0.9193979363424997,0.9189865223016476,0.0019635482004324387,MLPRegressor,13039.630640506744,0.13848876953125,0.8758727021300876,0.8740023850812371,0.0023677193619824196,0.8832152448528107,0.880995784973762,0.002379819949397412,0.8779357620896155,0.8758525161604475,0.0024307029593376344,KNNImputer,0.054195133329417756,0.05658771494956178,MLPRegressor,8075.232944726944,0.4908175468444824
349,216,reg_full_,MAR_,0.1_,3/,0.08024733806136493,IterativeImputer,0.9299991637639335,0.9299991637639334,0.0017648210597149255,0.8821800331690606,0.8821653142503167,0.0023680970824938316,0.8817755959143565,0.8817736133300711,0.0023720297794711962,LGBMRegressor,2871.114005804062,0.10980916023254395,0.9383233790284697,0.9383233790284696,0.0016565683122514868,0.884481415727787,0.8844794680593583,0.0023447282652208612,0.8644415312289322,0.8644374626368762,0.002539994482979677,IterativeImputer,0.036415782166533725,0.06313357498567407,LGBMRegressor,9365.763232707977,0.12757349014282227
350,216,reg_full_,MAR_,0.3_,3/,0.09675752716006472,SimpleImputer,0.8497960300702901,0.8497736810588429,0.00258536625726732,0.8593033058449153,0.8592796638476681,0.002587863473266735,0.6408251155576998,0.6367332416841247,0.0041579164471687345,MLPRegressor,3653.88028383255,0.04464435577392578,0.9043174854562006,0.9035771433279147,0.002071281186518626,0.9106302183472273,0.9098478409195787,0.0020713381060700935,0.5807192809110384,0.5799823062808892,0.004470918175931889,IterativeImputer,0.05764783711301632,0.09076167614621888,MLPRegressor,13131.28466963768,0.09125375747680664
351,216,reg_full_,MAR_,0.5_,3/,0.1520274977260013,IterativeImputer,0.6887513608209608,0.6877616515441729,0.0037272814170329397,0.8471996459060154,0.8465991002431027,0.0027019473507090583,0.8270971688962017,0.8268154908259567,0.002870895934803657,MLPRegressor,7816.881757974625,0.05161714553833008,0.7533227996201797,0.7533227996201796,0.003312939987724555,0.7743023537503098,0.7742090800590153,0.0032780544663368605,0.669050661328492,0.6561636903516334,0.004045188810445436,SimpleImputer,0.5840241243062672,0.47932847729363454,LGBMRegressor,6635.423583269119,0.061926841735839844
352,216,reg_full_,MNAR_,0.01_,3/,0.06223750195908828,KNNImputer,0.9359254556538487,0.9359254556538485,0.001688464082920964,0.8918261299996635,0.8918254043439298,0.0022689533616190114,0.8850140919080252,0.8850132933784813,0.002339304447240634,LGBMRegressor,3286.6255617141724,0.1330115795135498,0.909206761971602,0.9092059154075335,0.0020099156910833977,0.9173141046853794,0.91730413884316,0.0019838316551439084,0.9036652070540169,0.9036359501469987,0.0021415116956441027,IterativeImputer,0.06585845625413081,0.0758438540745998,MLPRegressor,11874.062591314316,0.11340188980102539
353,216,reg_full_,MNAR_,0.1_,3/,0.09478255972776044,KNNImputer,0.8216538511693116,0.8216398259800504,0.002817072390401059,0.8969747925296869,0.8967111466099437,0.0022171223347206732,0.8077146743758925,0.8076326802203044,0.0030257188843449017,MLPRegressor,5685.31055188179,0.04672503471374512,0.9586415005199033,0.9586415005199033,0.001356536395994982,0.8723693018157823,0.8723593164321084,0.0024646626823914258,0.8245509070814029,0.8245420477699571,0.002889678036188845,IterativeImputer,0.06388510459331372,0.06502498557737184,HistGradientBoostingRegressor,8313.792877197266,0.0794517993927002
354,216,reg_full_,MNAR_,0.3_,3/,0.1140958210331949,SimpleImputer,0.8128071417667717,0.8128071417667715,0.002885982553081987,0.789959297220479,0.789848327569545,0.0031624914064324566,0.5806901105686142,0.5796798738056169,0.00447252752186595,LGBMRegressor,2974.6121065616608,0.11605477333068848,0.8341915764542956,0.8341915764542955,0.002716141296199525,0.8320527403175821,0.8319144295914401,0.0028283173972850234,0.6821533697185901,0.6820860623506243,0.003889714383951359,IterativeImputer,0.06899389304520948,0.0697396828484825,LGBMRegressor,11286.907617807388,0.16116118431091309
355,216,reg_full_,MNAR_,0.5_,3/,0.181882577357035,VAE,0.12104126097551593,0.12104126097551582,0.006253646204924813,-0.03449755061150639,-0.034513767718572064,0.007016670232861857,-0.05320771669653568,-0.05385511275668975,0.007081958576930381,LGBMRegressor,3311.9598305225372,0.03583168983459473,0.7576049213342962,0.7576049213342961,0.0032840590884972774,0.7173295545040563,0.7162991812581448,0.0036744574560081808,0.5103340879204891,0.5102867716328768,0.004827628545127175,IterativeImputer,0.08262236441910331,0.08613725847631414,LGBMRegressor,11978.68121933937,0.1275036334991455
356,216,reg_full_,MCAR_,0.01_,3/,0.0735906469924446,KNNImputer,0.906745961918645,0.9066361708319775,0.0020381605494740667,0.9152945181228466,0.915185468293716,0.002009083852040906,0.9092214469952771,0.909095259214795,0.0020799658050735955,MLPRegressor,3779.4828197956085,0.024282217025756836,0.9102269220669332,0.9101043838266806,0.0019999462336128897,0.9128337935728918,0.9127724452473636,0.002037463220753335,0.906359828246184,0.9062731432121961,0.00211200506405446,IterativeImputer,0.06927349663807159,0.06825979936896133,MLPRegressor,13451.869004964828,0.7201094627380371
357,216,reg_full_,MCAR_,0.1_,3/,0.10524815655597819,SimpleImputer,0.8970899366966089,0.8970899366966087,0.002139823664847657,0.8436822874186709,0.8434078857375897,0.0027299071293205414,0.7708867639521801,0.7708681273463432,0.0033022175489892847,LGBMRegressor,5135.815566778183,0.1172170639038086,0.9235938716005856,0.9235938716005855,0.0018437972397699258,0.8747767557641669,0.87476018113714,0.002441373039003283,0.8247287849811509,0.8247272190535152,0.0028881528085326247,IterativeImputer,0.06394232748459215,0.06484750238032284,LGBMRegressor,11662.204707145691,0.1637721061706543
358,216,reg_full_,MCAR_,0.3_,3/,0.08679670956821743,SimpleImputer,0.7880877838719949,0.7880877838719947,0.0030706269702029986,0.7749741762582276,0.7749724226229462,0.0032725086344263174,0.6232479709810198,0.6232406130034105,0.004234430114172491,LGBMRegressor,5126.004344940186,0.08452916145324707,0.8454462583309583,0.8453961257688716,0.0026227642171512515,0.8153122781613455,0.8152629552146984,0.0029651039595629215,0.6718637851173228,0.6717938011552587,0.0039521763813989514,IterativeImputer,0.0695173831206586,0.06883427817127448,LGBMRegressor,11683.316062450409,0.18937945365905762
359,216,reg_full_,MCAR_,0.5_,3/,0.18110257612480493,VAE,0.005104820714595171,0.00510483980178833,0.006653309799730778,0.01429270257183013,0.013210225293602385,0.006852913485067999,-0.0038073605545592137,-0.0042154788970947266,0.006913156248629093,ARDRegression,4407.124231815338,0.011847972869873047,0.6332584240786758,0.6332584240786756,0.004039514179543785,0.6719011009209871,0.6713411952722272,0.003954900525576975,0.5022978406703661,0.5022716798398807,0.004866974882343937,IterativeImputer,0.09478698810911831,0.0860804087022236,LGBMRegressor,10603.841204404831,0.13003921508789062
360,218,reg_simple_,MAR_,0.01_,1/,0.14410348106548485,SimpleImputer,0.830008326480339,0.830008326480339,21784.66532221509,0.6920315460267545,0.6918307670421555,29345.89712478582,0.6881254153552048,0.6879490661969864,29530.139278234892,LGBMRegressor,4958.735972642899,0.08936429023742676,0.8347821337722756,0.8347821337722756,21476.602152739924,0.6970550491832104,0.6969263202690453,29102.269825333384,0.691149836705607,0.6910219931464909,29384.380271572652,SimpleImputer,0.05748264571479679,0.18606304318350939,HistGradientBoostingRegressor,3365.5386147499084,0.028660058975219727
361,218,reg_simple_,MAR_,0.1_,1/,0.07228058698012524,SimpleImputer,0.853877615822756,0.8538776158152386,20197.39887636973,0.686684640787464,0.6864980338511313,29598.71701040186,0.6455083269700166,0.644562414592297,31516.242031571677,HistGradientBoostingRegressor,7651.8894057273865,0.0332186222076416,0.8255583784471804,0.825558378434045,22067.956799412765,0.6904055168979821,0.6902217495370414,29422.40798896536,0.6454296238516425,0.6445280671849437,31517.764767344943,SimpleImputer,0.18414920709245688,0.19471991602909625,HistGradientBoostingRegressor,3697.4976046085358,0.023859500885009766
362,218,reg_simple_,MAR_,0.3_,1/,0.14649170247071447,SimpleImputer,0.725284239018847,0.7252764647096765,27693.956189898956,0.6816165300703028,0.6814499725975127,29836.067116658247,0.6069908156754984,0.6064584979567,33162.55791805482,LGBMRegressor,4299.616621494293,0.11279439926147461,0.7652091253906208,0.7652084599577647,25602.259180282377,0.6819675814264812,0.6817588494504874,29821.598579908663,0.5814682294422422,0.5814672478619844,34199.32045528771,SimpleImputer,0.1896150752122392,0.18589693476125732,LGBMRegressor,2157.927932739258,0.05036139488220215
363,218,reg_simple_,MAR_,0.5_,1/,0.16988389164683232,SimpleImputer,0.6448278902965695,0.6448278902965695,31488.827879826786,0.6338213194017053,0.6338120971572034,31989.300868040344,0.6046958479970397,0.6039173145903657,33269.45456896334,LGBMRegressor,4229.226336479187,0.07875609397888184,0.7081813481961983,0.7081813481961983,28542.603917054446,0.6466561575768017,0.6458645190357151,31458.461012551405,0.48735340222303203,0.4854069232260845,37921.431355542314,SimpleImputer,0.3321072995859047,0.0942996013619619,LGBMRegressor,4701.065666675568,0.05897951126098633
364,218,reg_simple_,MNAR_,0.01_,1/,0.07960724549326549,SimpleImputer,0.7920678730107235,0.7920604678622416,24093.816521202854,0.6964591512069935,0.6963636965651705,29129.26991806743,0.6873631589535182,0.6872204989377576,29564.59222642623,LGBMRegressor,4228.714949607849,0.09636402130126953,0.8191949974388152,0.8191857564747143,22467.429464936777,0.6953426695567497,0.6952461638793979,29182.825789259885,0.689255789173161,0.6891345131285378,29473.995042036113,SimpleImputer,0.4086581528069259,0.41036987418428106,LGBMRegressor,4395.63956451416,0.06783652305603027
365,218,reg_simple_,MNAR_,0.1_,1/,0.11699262784156646,SimpleImputer,0.77084231967595,0.77084231967595,25293.229011166703,0.6744028561445032,0.6743797241558134,30165.357175128396,0.6475606158933581,0.6471642321132902,31400.680079531186,HistGradientBoostingRegressor,6189.963749408722,1.5962028503417969,0.763822318322122,0.7638217503712854,25677.753023196954,0.6939598839022609,0.6939478878887371,29244.920326702973,0.6526442961584618,0.6524248687809928,31165.715349291273,SimpleImputer,0.1496687565345122,0.14839781068734625,LGBMRegressor,4983.5490899086,0.0681006908416748
366,218,reg_simple_,MNAR_,0.3_,1/,0.14418838991549893,SimpleImputer,0.6512333709777115,0.6512289675112206,31203.784582359145,0.6624287468418908,0.6623407535189678,30717.939133927972,0.546364195238247,0.5463535650734693,35605.04206212988,LGBMRegressor,4456.021040439606,0.0934760570526123,0.668221532491788,0.6682214736938477,30434.15077382233,0.6625727635447375,0.6622400879859924,30722.5193429864,0.5449706682228996,0.5447417497634888,35668.239945834495,SimpleImputer,0.14897191106828775,0.14564326946641348,XGBRegressor,3767.4092152118683,0.02794027328491211
367,218,reg_simple_,MNAR_,0.5_,1/,0.17005003363643428,SimpleImputer,0.5289371977241422,0.5289333509925856,36264.21212461829,0.6219165314089807,0.6213943694520883,32527.170506729937,0.39671826397956345,0.3963130097847962,41073.21139264893,LGBMRegressor,5751.472874164581,0.09643030166625977,0.5578319425777298,0.5578285695828549,35134.38911376307,0.6152990999267713,0.615293973725575,32788.17517946594,0.43001889993678244,0.42993673524844567,39912.99152574981,SimpleImputer,0.14503760836021742,0.150625526130476,LGBMRegressor,3560.4793496131897,0.06374931335449219
368,218,reg_simple_,MCAR_,0.01_,1/,0.1444415965584731,SimpleImputer,0.8884860435744235,0.8884860435744235,17644.188131393676,0.6993162393348082,0.6991974270881922,28993.024689836537,0.6929238699005126,0.6927652758675522,29301.36830912183,HistGradientBoostingRegressor,7540.371362686157,1.7594108581542969,0.9195893706608982,0.9195893706608982,14982.828144908344,0.6927217933542804,0.6926018204308841,29309.16174964201,0.6849462114584113,0.6848027146265372,29678.639345487576,SimpleImputer,0.15424519000692138,0.13778290843416155,HistGradientBoostingRegressor,3672.2746047973633,0.026510953903198242
369,218,reg_simple_,MCAR_,0.1_,1/,0.19295090801896733,SimpleImputer,0.75422009491003,0.7541932403223707,26195.93948190902,0.6853385180019991,0.6853363639092044,29653.504779463157,0.6258307334064696,0.6257658674795494,32338.840901202973,LGBMRegressor,5286.204086065292,0.07224440574645996,0.7658188818876122,0.7658188939094543,25568.957372821846,0.6895690580065033,0.6895006895065308,29456.63341513482,0.605656975229228,0.6054203510284424,33206.27160493932,SimpleImputer,0.14925159796489038,0.14760599243985575,XGBRegressor,1041.4941351413727,0.03361034393310547
370,218,reg_simple_,MCAR_,0.3_,1/,0.1769555429723369,SimpleImputer,0.6347338086107567,0.6347240293561223,31933.580754656563,0.6613338899244641,0.6608326077792377,30786.46311929425,0.5333428354756997,0.5332232716968432,36116.64079806999,LGBMRegressor,3518.975615501404,0.09433507919311523,0.7149709048190069,0.7149709048190069,28208.60857899089,0.6376593428431561,0.6376139784977456,31822.805951270704,0.5720613082798489,0.5720515429510376,34581.87084586509,SimpleImputer,0.14708428434182116,0.1454368909972425,LGBMRegressor,2032.3302447795868,0.07027173042297363
371,218,reg_simple_,MCAR_,0.5_,1/,0.17786072866635275,SimpleImputer,0.6519870957966654,0.6519805130786263,31170.146879176347,0.6175967677994969,0.6139646518031396,32844.77482952666,0.4554593225390483,0.4554359768790561,39010.11450519519,RandomForestRegressor,5516.266622543335,0.2132573127746582,0.7092567751612389,0.7092567751612389,28489.961945508123,0.6168048190387515,0.6144768301649548,32822.978941418565,0.4441738685296558,0.4440265919876095,39416.65462522085,SimpleImputer,0.14795740423302087,0.14795938066499176,RandomForestRegressor,2905.9067873954773,0.2228255271911621
372,218,reg_full_,MAR_,0.01_,1/,0.1326972242671315,KNNImputer,0.8225308381668841,0.8225243181573281,22259.043296381587,0.6980115168169745,0.6978540189072333,29057.695139908767,0.6975587727714032,0.6973877655237084,29080.106535134117,LGBMRegressor,6032.916836738586,0.07821869850158691,0.8257105940398315,0.8257105940398314,22058.326584797236,0.6912718449918402,0.6911068934568947,29380.34290588754,0.6906685114351789,0.6905146282332418,29408.496046768792,KNNImputer,0.10015545983605502,0.07717163279046273,LGBMRegressor,7906.094954967499,0.3860759735107422
373,218,reg_full_,MAR_,0.1_,1/,0.1313877436024365,KNNImputer,0.8423612828472334,0.8423612828472333,20978.21410475811,0.6898331221630658,0.6897741756480613,29443.65536249555,0.6718132389801108,0.6717966168709095,30284.76993335916,HistGradientBoostingRegressor,10067.236166477203,4.832020044326782,0.8512877166255526,0.8512876033782959,20375.60948116279,0.6822497597479132,0.6822184324264526,29800.057904313977,0.6498926786104405,0.649741530418396,31285.78760382139,KNNImputer,0.08410409696145761,0.10245819051002535,XGBRegressor,7495.802002429962,3.4778568744659424
374,218,reg_full_,MAR_,0.3_,1/,0.14527699352249773,KNNImputer,0.7422192872758189,0.742219287275819,26826.392691120935,0.6749460632935668,0.6740009890885725,30182.895024106627,0.55289769677983,0.548558406780602,35518.4117096086,LGBMRegressor,3731.8583567142487,0.07564425468444824,0.7926938211422503,0.7926937341690063,24057.100393733934,0.6739574314511864,0.6738197803497314,30191.28304525766,0.5832991310564,0.5809071063995361,34222.19812466383,KNNImputer,0.08458108140553672,0.10627005741219216,XGBRegressor,7030.864320039749,9.546481132507324
375,218,reg_full_,MAR_,0.5_,1/,0.1921553303233719,KNNImputer,0.7095061506681724,0.7095061506681724,28477.741157188557,0.6634429972873434,0.6618908446391178,30738.397144692753,0.5973364893242032,0.5961948589999805,33592.21752937147,LGBMRegressor,5332.372416496277,0.08208727836608887,0.6599087125030918,0.6599034906095314,30813.29592330716,0.6477766988646915,0.6476426664023627,31379.383686692825,0.3726031573318923,0.36553031603954955,42107.377110500696,SimpleImputer,0.4512281098658328,0.4940618341538272,LGBMRegressor,6457.399242639542,0.04384040832519531
376,218,reg_full_,MNAR_,0.01_,1/,0.1325363096766816,KNNImputer,0.7936639969329973,0.7936532173114164,24001.363726877407,0.6933671639799036,0.6932899147186284,29276.33988094497,0.6899304021530217,0.6898888459328962,29438.213158558417,LGBMRegressor,4363.139146566391,0.06798505783081055,0.8480820849472605,0.848082084935253,20594.04053789917,0.6963036496049191,0.696169623949134,29138.577584039882,0.693057731895593,0.6929049983166902,29294.704797162285,KNNImputer,0.1298821745477286,0.13033753933233624,HistGradientBoostingRegressor,7297.724638700485,0.6841301918029785
377,218,reg_full_,MNAR_,0.1_,1/,0.13826185091228305,KNNImputer,0.7768267499619547,0.7768267499619548,24960.77908421367,0.6899188346261698,0.6899182987073407,29436.815179755493,0.6633297717366237,0.6630827145600722,30684.17129188166,LGBMRegressor,6278.053578615189,0.07392024993896484,0.7840326628260612,0.7840326628260611,24554.50052326557,0.6911451649051946,0.6910659456385355,29382.290215574023,0.6334080704861589,0.6329833721942346,32025.478128326587,IterativeImputer,0.13783722771994686,0.13062674596726767,LGBMRegressor,11839.199736833572,1.079728603363037
378,218,reg_full_,MNAR_,0.3_,1/,0.1447899744920637,SimpleImputer,0.6917668715731196,0.6917668715731196,29334.367239219082,0.6497303694603074,0.6497285424960837,31286.36637826015,0.5702394994713369,0.5701952722738275,34656.790910466625,HistGradientBoostingRegressor,3815.9961891174316,0.030831098556518555,0.6483500386556227,0.6483426571986293,31332.634500454107,0.642813823210393,0.6428093373837802,31593.868103367633,0.5044559619284834,0.5035489780499911,37246.970636119666,SimpleImputer,0.14960407298225767,0.14506826541661455,LGBMRegressor,7442.900081157684,0.047153472900390625
379,218,reg_full_,MNAR_,0.5_,1/,0.17240510301771397,IterativeImputer,0.5824362420251512,0.5824093287903999,34143.84778375082,0.6068240245263461,0.6068160221993989,33147.49074928724,0.4224923131593675,0.42242055977907056,40175.25248353201,LGBMRegressor,4535.957985639572,0.1068878173828125,0.5889887223061626,0.5889887223061627,33873.801391377114,0.6213384322438935,0.6200251305028557,32585.935181689714,0.47334134011481555,0.472860308689632,38380.94035591157,SimpleImputer,0.14724811394205065,0.14615426228805722,HistGradientBoostingRegressor,10121.962362766266,0.027248620986938477
380,218,reg_full_,MCAR_,0.01_,1/,0.15043366070305758,KNNImputer,0.7894051933475335,0.7894051933474792,24247.160996592072,0.6887436548688529,0.6885756014956763,29500.479102811812,0.6836398194220143,0.6834519586218766,29742.164230885915,HistGradientBoostingRegressor,4922.265191555023,1.155041217803955,0.797196116041716,0.7971937136219789,23794.565231636716,0.6897030446046668,0.6895636298911964,29453.645158219257,0.6856078730280961,0.6854428187558408,29648.488269800302,KNNImputer,0.128693550371266,0.12084652267290615,LGBMRegressor,8871.696163892746,0.7162504196166992
381,218,reg_full_,MCAR_,0.1_,1/,0.1709502556147145,KNNImputer,0.7514914482740397,0.7514914471802936,26339.512805674905,0.6872068570961496,0.6871873617337025,29566.158284904126,0.6523242771099016,0.6521897228626771,31176.255878555257,HistGradientBoostingRegressor,3831.3803527355194,1.8074712753295898,0.7169056281320554,0.7169043581100839,28112.771287056177,0.6866913428724108,0.6865334078018259,29597.04707973784,0.6196309059564947,0.6193941964209762,32612.97782479804,IterativeImputer,0.14016845721719198,0.14228683742612214,LGBMRegressor,8816.379607200623,0.06265020370483398
382,218,reg_full_,MCAR_,0.3_,1/,0.06861672337017642,SimpleImputer,0.7181451912738707,0.7181451912738706,28051.09324989914,0.6583208602518138,0.658282722639534,30901.973856489447,0.5449345337220809,0.5446996915373473,35669.886243672605,HistGradientBoostingRegressor,5968.3312656879425,0.03035569190979004,0.655084390574227,0.6550843905740948,31030.837148746745,0.6450312669922775,0.6448626958268662,31502.926422740507,0.5372745897670208,0.5371934759414422,35962.71640549432,SimpleImputer,0.14723380458598018,0.14578304973105505,HistGradientBoostingRegressor,5652.945463895798,0.02011871337890625
383,218,reg_full_,MCAR_,0.5_,1/,0.1753489324962835,IterativeImputer,0.5149963982746126,0.5149963982746126,36796.757393492335,0.5837279245534294,0.5830126000398934,34136.12484039743,0.4057557649305201,0.4055984401433401,40756.10967585819,LGBMRegressor,4684.736934661865,0.0601351261138916,0.5363943041482537,0.5363737977154075,35976.67755891577,0.6151866149815155,0.6123457991841352,32913.57063168122,0.4722155497540502,0.47209082681879366,38408.94305464646,SimpleImputer,0.14859430258959963,0.14802331689430034,LGBMRegressor,6264.416015386581,0.054265737533569336
384,218,reg_simple_,MAR_,0.01_,2/,0.15166072986316442,SimpleImputer,0.784689591869502,0.7846816522785207,24517.5791956032,0.7012664719863462,0.7011231843098962,28900.068077491116,0.6981809696554209,0.6980826222894718,29046.700546660486,LGBMRegressor,4668.240327358246,0.050724029541015625,0.877984333767692,0.877984333767692,18456.3095402541,0.6950378706588611,0.6948353542373575,29202.488460157714,0.6919842057355632,0.691768006373524,29348.88521406554,SimpleImputer,0.10243033926109225,0.07004672528385189,HistGradientBoostingRegressor,1719.2697486877441,0.025604963302612305
385,218,reg_simple_,MAR_,0.1_,2/,0.150685279990957,SimpleImputer,0.7581982425676069,0.7581982274950898,25981.654757222346,0.6818555607757859,0.6817850753432841,29820.369772509537,0.6680276798262559,0.6679365651712564,30462.341323659577,HistGradientBoostingRegressor,7537.082957029343,1.8079707622528076,0.7647988208600646,0.7647904011772715,25625.042132896775,0.6899359083555383,0.6898304766156809,29440.98346774086,0.620342230306579,0.6184978233658307,32651.35900879752,SimpleImputer,0.07874909089576054,0.18159240351758582,LGBMRegressor,2509.4607672691345,0.047003984451293945
386,218,reg_simple_,MAR_,0.3_,2/,0.1841478624151282,SimpleImputer,0.7681183719986802,0.7681183719986802,25443.112484424786,0.6814483713038166,0.6814483571340155,29836.142770420727,0.5493584262788327,0.5460030852643469,35618.79334294825,LGBMRegressor,3357.748652458191,0.08167719841003418,0.7753167494281474,0.7753167494281474,25045.079622255547,0.6715414853776785,0.6715092453630556,30298.025548964673,0.5932065272594795,0.5926562629903491,33739.08292680885,SimpleImputer,0.174879002302986,0.07277248358806464,LGBMRegressor,4081.3260023593903,0.07636904716491699
387,218,reg_simple_,MAR_,0.5_,2/,0.16961060334319492,SimpleImputer,0.6895895964765368,0.6895800400290915,29438.24306399982,0.65193693272686,0.6519100114498815,31188.789438678326,0.5617838714785404,0.5591950182917083,35097.48515722367,LGBMRegressor,6610.843553066254,0.10586690902709961,0.7159902104791723,0.7159900665283203,28158.133126169087,0.6707759251384503,0.6706129312515259,30339.334867837908,0.4533532151476629,0.43322163820266724,39797.82990555028,SimpleImputer,0.3203310606885268,0.3186468932822958,XGBRegressor,3034.698087453842,0.020000219345092773
388,218,reg_simple_,MNAR_,0.01_,2/,0.15520049385460266,SimpleImputer,0.8130724798495765,0.8130677793157239,22844.368135570672,0.69069409782615,0.6906208116861656,29403.450632941276,0.6775405861972572,0.6773547172970888,30027.2397758871,LGBMRegressor,5007.706098556519,0.09729433059692383,0.8166444369613465,0.8166444301605225,22624.767120823326,0.6994181070617101,0.6992932558059692,28988.407520327102,0.6955611759172584,0.695427656173706,29174.13805932332,SimpleImputer,0.15853937970478418,0.14328059568616933,XGBRegressor,3299.668751478195,0.07642889022827148
389,218,reg_simple_,MNAR_,0.1_,2/,0.10283646396136877,SimpleImputer,0.780925615633774,0.780925405561842,24730.51017835916,0.6861445999070687,0.6860701049843994,29618.911183697084,0.6278428911311049,0.6273747035224875,32269.25354141885,HistGradientBoostingRegressor,5309.819380521774,1.8200254440307617,0.7353918032783069,0.7353865709578626,27179.596679076854,0.6702700987365267,0.6700387851738066,30365.763061674614,0.6163381236794268,0.616132521872665,32752.421304409447,SimpleImputer,0.15350591420315893,0.1526166313857485,LGBMRegressor,4442.214866161346,0.059479475021362305
390,218,reg_simple_,MNAR_,0.3_,2/,0.14123949067922198,SimpleImputer,0.6917821901899543,0.6917821668550741,29333.639408653904,0.6483073906037875,0.6476347773774,31379.73496553961,0.5305471533949673,0.5302819973398345,36230.25200073857,HistGradientBoostingRegressor,5916.896363019943,0.03491997718811035,0.6827487466845721,0.6827486753463745,29760.402464524617,0.656876912257236,0.6563764810562134,30988.046747532895,0.5282865518442097,0.5278363227844238,36324.45095627429,SimpleImputer,0.14639853750103965,0.147565739457355,XGBRegressor,4317.258372783661,0.024413108825683594
391,218,reg_simple_,MNAR_,0.5_,2/,0.17147548624609085,SimpleImputer,0.589931767941823,0.5898915531745953,33836.57719826963,0.5983837563587673,0.5958393491198686,33607.0015633737,0.47031061761990833,0.47030674364224423,38473.79033797519,LGBMRegressor,6736.8588988780975,0.08606672286987305,0.5733642033999549,0.5733642033999549,34511.649212127435,0.572735940368454,0.5699738639764023,34665.716257989574,0.4315410377591027,0.4314184046793368,39861.08821967226,SimpleImputer,0.14699018199627958,0.14833119994922156,LGBMRegressor,4972.125502109528,0.05932474136352539
392,218,reg_simple_,MCAR_,0.01_,2/,0.14520629842434676,SimpleImputer,0.7973768790356419,0.7973689964644555,23784.28034185099,0.6935311948279133,0.693425892220646,29269.84944407657,0.6908303280103917,0.6906801332949425,29400.63152990866,LGBMRegressor,3702.1700904369354,0.07106924057006836,0.7924828428063158,0.7924759872282399,24069.731505573818,0.696705621676855,0.696619340483104,29117.004769451156,0.6913647976065824,0.6912798316228211,29372.117254565284,SimpleImputer,0.15095796090978406,0.1525070973144196,LGBMRegressor,5196.525059223175,0.048299551010131836
393,218,reg_simple_,MCAR_,0.1_,2/,0.14303860173047633,SimpleImputer,0.8316534880939608,0.8316419273242341,21679.73853946889,0.6781083401979993,0.678059564192542,29994.423275076548,0.6461698462015666,0.64612086413113,31447.07316454246,RandomForestRegressor,7302.926196336746,0.24635577201843262,0.7725364555911177,0.7725364555911178,25199.5606290036,0.6746090942147926,0.6745829219682488,30155.943616451896,0.6206129109909979,0.6205099503725857,32565.139922970302,SimpleImputer,0.1459345829045156,0.1442561101031077,LGBMRegressor,3819.1716706752777,0.05352640151977539
394,218,reg_simple_,MCAR_,0.3_,2/,0.07771549806835912,SimpleImputer,0.7131930941678416,0.7131930941678417,28296.444538811877,0.6481680486569432,0.6481661322528756,31356.06624809705,0.5523019502646861,0.552115409651883,35378.20648410911,HistGradientBoostingRegressor,7753.178531885147,1.7885851860046387,0.6823677971913211,0.6823677971913211,29778.260910364475,0.658285366988417,0.6580315072198997,30913.330651426648,0.5227713370467544,0.5226655381754843,36522.80689241491,SimpleImputer,0.1476259406007916,0.14888857059322438,LGBMRegressor,3060.045180797577,0.045105695724487305
395,218,reg_simple_,MCAR_,0.5_,2/,0.17400445029164804,SimpleImputer,0.5685208410999825,0.5685208410999825,34706.992287433815,0.6340494092365166,0.6335394988664227,32001.205420858303,0.444170929705316,0.4441707005206018,39411.545887714856,LGBMRegressor,5251.459258556366,0.08952045440673828,0.5527869827268417,0.5527869827268417,35334.1204935915,0.6069946751175286,0.6049950670291002,33224.16016223483,0.4370539058128763,0.4369556385555252,39666.51616236566,SimpleImputer,0.1477100176390944,0.14593414603182517,LGBMRegressor,4234.620351076126,0.062091827392578125
396,218,reg_full_,MAR_,0.01_,2/,0.12772448273467962,KNNImputer,0.9736626387506743,0.9736626387506743,8574.784177065576,0.6796739879690177,0.679497851547483,29927.34737202189,0.6787387815484516,0.6785470005262781,29971.708032905553,RandomForestRegressor,5794.298820018768,0.4767305850982666,0.795527004629373,0.795527004629373,23892.139790930632,0.699489500986946,0.6992991150271489,28988.123651082755,0.6992561807152013,0.6990377554991692,29000.718686771368,KNNImputer,0.05911323926997817,0.06121650564985108,LGBMRegressor,7363.033738851547,0.3963751792907715
397,218,reg_full_,MAR_,0.1_,2/,0.1393374021273349,KNNImputer,0.7374999256618526,0.7374977611124078,27070.954784688263,0.6894580168087509,0.6893465893242194,29463.939568769925,0.6559729124766394,0.6556230746354876,31021.99861976785,LGBMRegressor,5824.535621643066,0.0652458667755127,0.8236344499111456,0.8236342668533325,22189.329920851447,0.6929944302746571,0.6929927468299866,29290.5203385256,0.6867666802452173,0.6867485046386719,29586.89165708256,KNNImputer,0.15827862702325246,0.18568117106457718,XGBRegressor,11444.15445303917,3.4510576725006104
398,218,reg_full_,MAR_,0.3_,2/,0.19103225429248255,KNNImputer,0.7637968894419086,0.7637589217288332,25681.16822143643,0.6631176472444008,0.6616789104765184,30748.029383002424,0.5983231328396956,0.5981657018862241,33510.14086013242,LGBMRegressor,5278.263266324997,0.07894778251647949,0.7778083502090375,0.7778083502090375,24905.82512345447,0.6805217055990933,0.6803274144209324,29888.591466568214,0.5966058277401585,0.5964500166543982,33581.602674574206,KNNImputer,0.17927995301193278,0.08920498832644774,LGBMRegressor,7255.819565534592,8.884847640991211
399,218,reg_full_,MAR_,0.5_,2/,0.11077988091548722,IterativeImputer,0.6929718509135354,0.6929431761920465,29278.339621218714,0.6372634819475995,0.6364104842471987,31875.604371691166,0.5631954901074242,0.5630350601470009,34944.27611280488,LGBMRegressor,5683.421978235245,0.04889249801635742,0.6422233150455756,0.6422232969128008,31604.075920895357,0.6125274193493802,0.6124092584797562,32910.87653280319,0.39722880412909267,0.39201768512924173,41219.073464557994,IterativeImputer,0.18464882069616553,0.1979337077714983,HistGradientBoostingRegressor,1775.1268422603607,0.0471646785736084
400,218,reg_full_,MNAR_,0.01_,2/,0.1337401363667414,KNNImputer,0.8612542746961,0.8612542746961,19680.98694826993,0.6988987004923581,0.6987382279264613,29015.146334810044,0.696330463165815,0.6961774899569835,29138.200390412156,HistGradientBoostingRegressor,8797.662760972977,0.03176760673522949,0.808640249302335,0.8086291264666281,23113.993519511918,0.6953941222118286,0.6953244081008436,29179.079266994893,0.6980845927031591,0.6979832012655914,29051.482674519662,KNNImputer,0.14561694858322421,0.13977530321767392,LGBMRegressor,7259.413857221603,0.8050920963287354
401,218,reg_full_,MNAR_,0.1_,2/,0.13129676027488274,KNNImputer,0.7669215175839581,0.7669215175839581,25508.690143199616,0.6819244519389333,0.6817279933027269,29823.04427187362,0.6483406956717768,0.6479243844122663,31366.83689915283,LGBMRegressor,3959.739336490631,0.06632018089294434,0.9158122255431163,0.9158122255423465,15330.685766837178,0.6818304939427484,0.6817484099214988,29822.08770724059,0.63348533048533,0.6334494979096743,32005.134851561837,KNNImputer,0.1329214313693761,0.14208000314511082,HistGradientBoostingRegressor,8397.6216070652,6.115891695022583
402,218,reg_full_,MNAR_,0.3_,2/,0.1423119237857375,SimpleImputer,0.6972397298976356,0.6972397298892066,29072.776496121016,0.6613416657062379,0.6611097799669404,30773.88099083115,0.5101000363099237,0.5093429238332869,37028.98308420035,HistGradientBoostingRegressor,6435.946829080582,1.2909600734710693,0.664607958122934,0.6646079581229338,30599.437588704168,0.6424182304897379,0.6421441239330853,31623.273813304928,0.567906608602936,0.5678358315343364,34751.786061487335,SimpleImputer,0.14727140646936865,0.1474722043963632,HistGradientBoostingRegressor,8472.759004831314,0.022767305374145508
403,218,reg_full_,MNAR_,0.5_,2/,0.1690001541335031,IterativeImputer,0.5413696750399319,0.5413696750399319,35782.31636440302,0.5774306411716346,0.5770721149800317,34378.41994269534,0.3868717127233241,0.3867802900135333,41396.23128710758,LGBMRegressor,6088.101373910904,0.08315038681030273,0.5777368123855198,0.5777368123855198,34334.33802151784,0.6314819060499257,0.6313512025004391,32096.60982342076,0.4370615143483242,0.436019509934244,39699.47763214282,SimpleImputer,0.149900720739902,0.14892544751264855,LGBMRegressor,8374.161637067795,0.05192756652832031
404,218,reg_full_,MCAR_,0.01_,2/,0.12768545420209604,KNNImputer,0.7809038873911934,0.7808893270474185,24732.546478685592,0.6961871524379202,0.6961139352862318,29141.247847127685,0.690025232768571,0.6899500247658357,29435.30922502482,LGBMRegressor,6222.1263971328735,0.06609058380126953,0.8188496956404812,0.8188496828079224,22488.298997582624,0.7015817342767107,0.7014948129653931,28882.09320691153,0.6991314474793587,0.6990165710449219,29001.74030509891,KNNImputer,0.12293602138731834,0.1239816297121855,XGBRegressor,7495.118915319443,0.7277443408966064
405,218,reg_full_,MCAR_,0.1_,2/,0.1326788795994723,KNNImputer,0.7970273190940275,0.7970273190940275,23804.324479596842,0.680652131345336,0.6806473376512268,29873.631709697762,0.6448479184626914,0.6446881358726244,31510.667757922238,HistGradientBoostingRegressor,4378.79508638382,0.03558158874511719,0.7344065854927027,0.7344045740303042,27229.982564715912,0.6893606066971676,0.6893511716987161,29463.722260189843,0.647393929712938,0.6472513397586304,31396.80376030322,IterativeImputer,0.14259362661689956,0.1349975306204655,LGBMRegressor,11480.10393357277,2.9536054134368896
406,218,reg_full_,MCAR_,0.3_,2/,0.14142824993848602,SimpleImputer,0.63135822961918,0.6313567583300027,32080.431838966902,0.6470970415562017,0.6468563590166092,31414.376702071477,0.5630426519610997,0.5627884532584673,34954.13535197,LGBMRegressor,3724.6179523468018,0.07055783271789551,0.7132064441436292,0.71320641040802,28295.788503418877,0.6638003746024317,0.6637605428695679,30653.292595560848,0.5382952783427113,0.5381152629852295,35926.8857964358,SimpleImputer,0.14849728740507392,0.1493741757911688,XGBRegressor,6571.804280042648,0.051267385482788086
407,218,reg_full_,MCAR_,0.5_,2/,0.15849736839139283,IterativeImputer,0.5583372318027948,0.5583372318027948,35114.174466426964,0.5857974712006222,0.5855159618370465,34033.50337806281,0.36687692438620756,0.3665261576798027,42074.318993353634,LGBMRegressor,7542.539343357086,0.04880094528198242,0.5366328957148078,0.5366328957148079,35966.62335163718,0.6076676832136676,0.6076129935536467,33113.87925622381,0.4573208626397386,0.4573176823350653,38942.6577287666,SimpleImputer,0.14776959139395535,0.1472622637431862,HistGradientBoostingRegressor,7343.6962769031525,0.026094675064086914
408,218,reg_simple_,MAR_,0.01_,3/,0.1446958556730717,SimpleImputer,0.8347238177416445,0.8347238177416445,21480.39205670508,0.6972908741535285,0.697077449580221,29095.01291930605,0.693934651853978,0.6936854147696063,29257.457996114837,LGBMRegressor,4771.203424692154,0.11633801460266113,0.8486808225891269,0.848680853843689,20553.418086137433,0.7048813281865671,0.7047759294509888,28722.923393277975,0.7036839036958505,0.703567624092102,28781.643768413527,SimpleImputer,0.07666466631042655,0.19345548328956907,XGBRegressor,4156.112408876419,0.044034481048583984
409,218,reg_simple_,MAR_,0.1_,3/,0.18002790200482388,SimpleImputer,0.7545852126579237,0.754579000660358,26175.375925517623,0.6933955317346341,0.6933225159534746,29274.783899838018,0.6739941041901973,0.6739938492320804,30183.225547132522,LGBMRegressor,4877.418518304825,0.07944011688232422,0.8096974208827451,0.8096974492073059,23049.388319367234,0.6956043620340939,0.6954998970031738,29170.677187576082,0.6514007073232035,0.6509412527084351,31232.160413164915,SimpleImputer,0.21770650535759747,0.08924342957769796,XGBRegressor,3343.847733259201,0.07827258110046387
410,218,reg_simple_,MAR_,0.3_,3/,0.09283018748273078,SimpleImputer,0.7934917005748295,0.7934917005748294,24010.7553529262,0.6930690096497075,0.6930529436446334,29287.64747484137,0.60340494551407,0.602757193357764,33318.14185212082,LGBMRegressor,5393.50194978714,0.08539533615112305,0.7746047872506575,0.7746047973632812,25084.729230303517,0.6759005577031653,0.6757915616035461,30099.89069445049,0.5560716914083028,0.5560637712478638,35221.92338867786,SimpleImputer,0.435543886153653,0.4413869028111663,XGBRegressor,3351.8062024116516,0.060085296630859375
411,218,reg_simple_,MAR_,0.5_,3/,0.1889958528758603,SimpleImputer,0.6753000317846145,0.6752986915771906,30107.804467464433,0.6386518475624045,0.6380828064141018,31802.21430665373,0.5383590637253812,0.5277697433657793,36327.010284903714,LGBMRegressor,5042.551705598831,0.10130047798156738,0.7128972784437169,0.7128964108089596,28311.076184908237,0.672740009822002,0.6727357849085278,30241.40830772537,0.562856413076704,0.559680200278184,35078.16441834438,SimpleImputer,0.18415813470920817,0.08506570637200322,LGBMRegressor,3288.444577693939,0.05016756057739258
412,218,reg_simple_,MNAR_,0.01_,3/,0.14370363140032033,SimpleImputer,0.8176969861861341,0.8176969861861341,22559.734890843214,0.6975870077324289,0.697353675543795,29081.74446020306,0.6939649164637549,0.6937672569816223,29253.549179558893,LGBMRegressor,4941.432818889618,0.1237335205078125,0.8989798399891953,0.8989798426628113,16793.496053237795,0.6988599683369081,0.6988043785095215,29011.962200745424,0.6933134266901841,0.6931949257850647,29280.872686212828,SimpleImputer,0.13989770516082928,0.14917715771611095,XGBRegressor,2774.9243173599243,0.10404133796691895
413,218,reg_simple_,MNAR_,0.1_,3/,0.09336010471990264,SimpleImputer,0.8192192126399334,0.819219212638479,22465.3507880616,0.6821652037938362,0.6821151041236606,29804.902029537832,0.6344751925912394,0.6342614592304698,31969.667244010274,HistGradientBoostingRegressor,7105.493577480316,0.033922433853149414,0.7399028595276458,0.7398983456877617,26946.88846310946,0.6878162574246327,0.687815270964462,29536.46928402296,0.638164297777496,0.6379530239267653,31807.91588784293,SimpleImputer,0.23566240791924886,0.23809066846120586,LGBMRegressor,3135.8193480968475,0.045295000076293945
414,218,reg_simple_,MNAR_,0.3_,3/,0.13949124880563635,SimpleImputer,0.700997484472932,0.700997484472932,28891.79259858224,0.6586703510691978,0.6586687393407435,30884.5149080041,0.55206386546034,0.5520318572342641,35381.50621455605,LGBMRegressor,5968.450302124023,0.06839537620544434,0.6626390554921491,0.6626386434815703,30689.141151931304,0.6461483449066863,0.6459542470261177,31454.47541458011,0.5213631200610622,0.5212677804600139,36576.24187555882,SimpleImputer,0.15122036303513217,0.14703604866269254,HistGradientBoostingRegressor,2675.7219502925873,0.02270054817199707
415,218,reg_simple_,MNAR_,0.5_,3/,0.2026469008595218,SimpleImputer,0.5491325873276451,0.5491325873276451,35478.19292571022,0.6168543563371731,0.6168154157069994,32723.27533076475,0.4785898462442658,0.4784072358203477,38178.47096362399,LGBMRegressor,4743.9140367507935,0.08471298217773438,0.6736222945596732,0.6736222937825818,30185.426080179546,0.6415865751322265,0.6409782266500353,31674.746361378035,0.4149441689621032,0.4140070344386564,40466.80842292706,SimpleImputer,0.15158742558940233,0.15090018516336579,HistGradientBoostingRegressor,2609.7011592388153,0.022474050521850586
416,218,reg_simple_,MCAR_,0.01_,3/,0.146418686302377,SimpleImputer,0.7595418784412986,0.7595400466004818,25909.465086113465,0.6870540135899434,0.6868878173943005,29580.310935888967,0.680252151135079,0.6800555093659215,29901.29998785703,LGBMRegressor,6079.709961652756,0.05357694625854492,0.8133358212424433,0.8133358212424433,22827.984001705365,0.6979504451570622,0.6977865008537255,29060.941599479367,0.6914049104792407,0.691195523842907,29376.127567482934,SimpleImputer,0.1496751509280556,0.15299850449264685,HistGradientBoostingRegressor,4388.820188045502,0.023046016693115234
417,218,reg_simple_,MCAR_,0.1_,3/,0.1443101360149545,SimpleImputer,0.8247021313718815,0.8247021308022496,22122.050842393925,0.6865045136278871,0.6865044808261629,29598.4126691358,0.6365487021002124,0.6364607416641098,31873.401281624607,HistGradientBoostingRegressor,6927.0027551651,0.035027503967285156,0.7882246161908765,0.788224616190417,24315.029807452545,0.6869621780103354,0.6867101121341499,29588.703824313212,0.6606926692280735,0.6605316965823673,30800.117052163198,SimpleImputer,0.15042681213695028,0.14843551927981433,HistGradientBoostingRegressor,5022.430831670761,0.016739368438720703
418,218,reg_simple_,MCAR_,0.3_,3/,0.14429246635454449,SimpleImputer,0.6468556355451518,0.6468556355451518,31398.811356436414,0.6631068327793844,0.6631068137621171,30683.073875246817,0.5521849618403375,0.5518871907329514,35387.21879213766,LGBMRegressor,5029.433352470398,0.07618331909179688,0.7059492308936943,0.705949068069458,28651.564378364306,0.6655571755912768,0.6654388308525085,30576.694266183495,0.500182043545762,0.4999609589576721,37381.32858485097,SimpleImputer,0.14935545060832772,0.1487679938150895,XGBRegressor,4232.549487829208,0.045304059982299805
419,218,reg_simple_,MCAR_,0.5_,3/,0.1733892031933796,SimpleImputer,0.5550423083637177,0.5550423083637177,35244.91169451771,0.6237575952517843,0.6221462893064094,32494.85458368905,0.4308818849369441,0.43085493453160006,39880.83470069998,LGBMRegressor,3027.572730064392,0.0719761848449707,0.5941507797404525,0.5941507797404524,33660.41185365758,0.6087286099155274,0.6053373591669454,33209.76181855025,0.4541729520532064,0.454135480986148,39056.66756283798,SimpleImputer,0.14734922340882287,0.1482939102606508,LGBMRegressor,5528.466526031494,0.05325460433959961
420,218,reg_full_,MAR_,0.01_,3/,0.13034643219385927,KNNImputer,0.8572140094879026,0.8572140094879026,19965.485107753713,0.6956993997453504,0.6955676918102884,29167.4271811445,0.6945134409779703,0.6943791178678294,29224.30989572383,HistGradientBoostingRegressor,6164.329372644424,0.032465457916259766,0.8485882980187338,0.848588228225708,20559.707209898606,0.6999722206622137,0.6998739838600159,28960.403041509995,0.701414526964331,0.7013149261474609,28890.79554175029,IterativeImputer,0.1894803051090325,0.0777241540459372,XGBRegressor,8882.176522254944,0.28588247299194336
421,218,reg_full_,MAR_,0.1_,3/,0.06601652308760778,SimpleImputer,0.7867931294942035,0.7867931294942035,24397.069609514667,0.6924338093457552,0.6922608441527562,29325.412592594872,0.6589708483144894,0.6582717744883628,30902.468880876426,LGBMRegressor,5355.70357131958,0.08384108543395996,0.7777191373597452,0.7777191400527954,24910.82645467079,0.6956382474220566,0.6955348253250122,29169.000134700047,0.6446715224339419,0.6444469690322876,31521.359915495268,IterativeImputer,0.1770932888132117,0.17873621523056996,XGBRegressor,11219.425459623337,0.04338669776916504
422,218,reg_full_,MAR_,0.3_,3/,0.16183954096692124,KNNImputer,0.8000526707159514,0.8000526698401842,23626.254198637598,0.6642613251036126,0.6642025647403494,30633.134617987558,0.5743192246114973,0.5728247936725788,34550.61410658368,HistGradientBoostingRegressor,5197.985660791397,0.028804302215576172,0.861203890321997,0.861203890321997,19684.5601185393,0.6498156188338329,0.6495951341320387,31292.323851407742,0.6178664996287453,0.6178590994902143,32678.680583908907,KNNImputer,0.09993086152239751,0.062050186273295886,ExtraTreesRegressor,4876.062002897263,9.158960103988647
423,218,reg_full_,MAR_,0.5_,3/,0.12757769742752517,KNNImputer,0.7508857433659214,0.7508761065203179,26372.102735185334,0.6770328298975694,0.6769717566517514,30045.05475960354,0.5877501877476475,0.5870877065894968,33968.9136920025,LGBMRegressor,4638.626090764999,0.09978914260864258,0.6032008563795214,0.6032008563795213,33282.99736689252,0.637415477390836,0.6370182428579987,31848.952371880732,0.49035157146112973,0.4902913064764456,37741.03209200059,SimpleImputer,0.3112750235981478,0.14188373306235166,LGBMRegressor,7682.9802277088165,0.05080580711364746
424,218,reg_full_,MNAR_,0.01_,3/,0.15836186090885396,KNNImputer,0.8369514505349979,0.836951450534998,21335.141979348628,0.6925096819454777,0.6923457555089153,29321.36658107203,0.6818178504063064,0.681642177311352,29827.064609137295,HistGradientBoostingRegressor,7157.668791294098,1.7642877101898193,0.8392710187478039,0.839270830154419,21182.851956495942,0.702354390441244,0.7022205591201782,28846.965469079205,0.6992497700161113,0.699039876461029,29000.616944362122,KNNImputer,0.13552468960703679,0.1321957785954947,XGBRegressor,8762.756956577301,0.8151729106903076
425,218,reg_full_,MNAR_,0.1_,3/,0.13406916319062026,KNNImputer,0.7542345289479994,0.7542345289479994,26193.739298800025,0.6816077574046243,0.6815908896125763,29829.467094312044,0.6543066850423702,0.6536205259142094,31112.06419830071,LGBMRegressor,4272.057769060135,0.07046198844909668,0.8008596331432245,0.8008453460049691,23579.375436011724,0.6805372852029469,0.6805188182306454,29879.642236765052,0.6132112831939214,0.6131442811046808,32879.655820238215,SimpleImputer,0.14965693693363927,0.14529405557024425,LGBMRegressor,8911.391987323761,0.08155465126037598
426,218,reg_full_,MNAR_,0.3_,3/,0.09537223025747735,SimpleImputer,0.6508412010065702,0.6508412010065701,31221.126075862645,0.6595350364084587,0.6593567898761366,30853.3709297217,0.5794682907394209,0.5794668041921689,34280.9535651012,LGBMRegressor,4687.630382061005,0.09939908981323242,0.7723571329103147,0.7723344592706711,25210.74723246902,0.6395176478486835,0.6382234257581008,31796.035488590293,0.5021833436444167,0.5021759570443494,37298.44153647479,SimpleImputer,0.14838266422505617,0.14194286551867766,RandomForestRegressor,6585.725337266922,0.2030043601989746
427,218,reg_full_,MNAR_,0.5_,3/,0.1671764702871724,KNNImputer,0.4595339347682328,0.4595339347682328,38843.761856650126,0.6007394269387789,0.6007179482677609,33403.55168425957,0.3678115330564947,0.36742764324054555,42044.37072059993,LGBMRegressor,5432.177755832672,0.06459856033325195,0.6206146119726841,0.6206146119726841,32544.482313456283,0.6215926129471907,0.6174084457307404,32697.943676431238,0.42387204695372194,0.4235390786723271,40136.332680792424,SimpleImputer,0.1468074444294108,0.14790490404616097,LGBMRegressor,8560.743904829025,0.0656285285949707
428,218,reg_full_,MCAR_,0.01_,3/,0.09602646835679358,KNNImputer,0.8507862443782594,0.8507862421707616,20409.929354474527,0.6963678621809333,0.696232009618693,29135.585909837,0.6879986925502456,0.6878326319430572,29535.64799282478,HistGradientBoostingRegressor,9742.351175785065,4.724982261657715,0.8634176272600155,0.8634175062179565,19526.955588625093,0.6983757880845741,0.6982658505439758,29037.88548913325,0.7004090548557311,0.7002624273300171,28941.654271207877,KNNImputer,0.1235447325762535,0.13703577968983854,XGBRegressor,6247.479865789413,0.7301595211029053
429,218,reg_full_,MCAR_,0.1_,3/,0.14700604377243293,IterativeImputer,0.8487824874995931,0.8487824874995931,20546.5122971505,0.676071787921711,0.6760082881260325,30089.82779812594,0.609519321425386,0.6093518802073212,33040.4247110691,RandomForestRegressor,4691.28195476532,0.23820066452026367,0.7966554490540981,0.7966554164886475,23826.123164802448,0.6854395706648825,0.6854386925697327,29648.685189559226,0.6456108783837613,0.6453979015350342,31479.179399113495,SimpleImputer,0.23887659458211052,0.24649700221244197,XGBRegressor,7346.251927614212,0.04625701904296875
430,218,reg_full_,MCAR_,0.3_,3/,0.15841563814906837,KNNImputer,0.6454616595848108,0.6454616595848108,31460.72099572151,0.655761837554703,0.6557282149387504,31017.262658831387,0.6032637742018185,0.6032233838937964,33298.585598416226,LGBMRegressor,4368.335829257965,0.09819269180297852,0.6455507229280791,0.6455453366380193,31457.008145129643,0.6531842199872919,0.6531814811828124,31131.775617659623,0.5364530551706608,0.5362393377619612,35999.7683178557,SimpleImputer,0.14970795800618278,0.15023435533398663,LGBMRegressor,8215.891073703766,0.04692697525024414
431,218,reg_full_,MCAR_,0.5_,3/,0.16267856806575076,KNNImputer,0.5226311888279066,0.5226311888279067,36505.986432791135,0.607188124612428,0.6067906304147683,33148.561062938476,0.3719023041548879,0.37175039821007616,41900.46696472568,LGBMRegressor,3979.0605278015137,0.09154486656188965,0.641409376577194,0.6413975264358382,31640.526968709055,0.6092683176792812,0.6053633389278503,33208.66873830689,0.43806354396394764,0.4379922241404517,39629.98557620144,SimpleImputer,0.14932086900148597,0.14823196325667737,RandomForestRegressor,8817.942546606064,0.19749832153320312
432,1193,reg_simple_,MAR_,0.01_,1/,0.33392472994536637,SimpleImputer,0.6291672672996582,0.6291672672996582,440.8927019449612,0.6107839236618432,0.6106381738182367,458.6343064660142,0.6065782419614619,0.6064362415837862,461.10242049013675,LGBMRegressor,6669.76272726059,0.09098458290100098,0.6275527314301187,0.6275527314301187,441.85144142526536,0.6102315963877732,0.6100555214796513,458.9773350289297,0.6058286558605345,0.6057058288389179,461.5301008319265,SimpleImputer,0.34503000586846694,0.3504304250938229,LGBMRegressor,5230.799796581268,0.045384883880615234
433,1193,reg_simple_,MAR_,0.1_,1/,0.38675089846538163,SimpleImputer,0.5912512878564996,0.5912512878564996,462.88390268195377,0.6107655609815749,0.6105959527861361,458.65917214051115,0.5630867068554055,0.5625457743390225,486.13418340835756,LGBMRegressor,3702.446933031082,0.0614469051361084,0.6232673749767064,0.6232673749767064,444.3861296844742,0.6099584719472431,0.6099124761609678,459.06151180636715,0.44660890391255625,0.4299882187321099,554.9217769951407,SimpleImputer,0.34604087230779207,0.37640353300015417,LGBMRegressor,4433.800407648087,0.06355881690979004
434,1193,reg_simple_,MAR_,0.3_,1/,0.3144107200692798,SimpleImputer,0.49339509888514776,0.49339509888514776,515.3218684777594,0.6057144604653155,0.6056622506604281,461.55560474105306,0.47949013595106027,0.47757578583865923,531.2531294947136,LGBMRegressor,4913.5299117565155,0.10346603393554688,0.6165536392433666,0.6165536392433665,448.3283367187871,0.6069873254444571,0.606714583544416,460.939337826383,0.213871648211177,0.1285892830129347,686.1219302392751,SimpleImputer,0.33270184426627186,0.3346727535741818,LGBMRegressor,4129.716008424759,0.04796886444091797
435,1193,reg_simple_,MAR_,0.5_,1/,0.284253089394766,SimpleImputer,0.40000852072748094,0.4000085207274807,560.8108672785035,0.6018320004283426,0.6014870577532382,463.9926141243208,0.5873722539501008,0.5846839356637064,473.6736404484774,LGBMRegressor,4561.5174379348755,0.07552003860473633,0.3791507678873992,0.3791507678873993,570.475441910031,0.5983896376583205,0.5983387184624324,465.82182993131653,0.38708870342305046,0.38694398934137986,575.4928466486979,SimpleImputer,0.3626066965251752,0.2861527326057346,LGBMRegressor,2801.5694670677185,0.0667116641998291
436,1193,reg_simple_,MNAR_,0.01_,1/,0.364769744099008,SimpleImputer,0.6278484565885596,0.6278484565885596,441.6759903663511,0.6099392181954852,0.6098161039899076,459.11821449451736,0.6033847336636897,0.6032385065266838,462.9718766806481,LGBMRegressor,5166.386138677597,0.06988716125488281,0.6201315574085624,0.6201315574085624,446.2317702541127,0.6106703450373256,0.6105907607732083,458.6622298339667,0.6026052409625342,0.6025215844900215,463.38996783171103,SimpleImputer,0.33922202954501535,0.3335928371784654,LGBMRegressor,2091.5359840393066,0.03975272178649902
437,1193,reg_simple_,MNAR_,0.1_,1/,0.2748117180072427,SimpleImputer,0.6044764811657668,0.6044764811657668,455.333953064856,0.6096732746151614,0.6094086215105079,459.3578884169585,0.5600452106747564,0.5600120314368416,487.5399997742627,HistGradientBoostingRegressor,6899.1435170173645,1.7900841236114502,0.5904161946929418,0.5904161946929418,463.35650838927853,0.6097761980110874,0.6097042570977584,459.1840132967146,0.5543047798137868,0.5542073539417605,490.7454733096544,SimpleImputer,0.32957679812263274,0.33973852501878976,LGBMRegressor,4637.89460849762,0.07097744941711426
438,1193,reg_simple_,MNAR_,0.3_,1/,0.29192005180610564,SimpleImputer,0.5311332350667763,0.5311332350667766,495.7567133666005,0.6059610074285657,0.6058000830761112,461.474934193947,0.4838575966264477,0.4836798191752879,528.1404150627463,LGBMRegressor,6502.5570867061615,0.07479190826416016,0.4828548083689752,0.4828548083689753,520.6550975818816,0.6056514993970167,0.605529453529049,461.633314903186,0.4490253018277405,0.448144166756163,546.0126079501408,SimpleImputer,0.3400508800039099,0.32885235302963567,LGBMRegressor,5831.560980558395,0.06924819946289062
439,1193,reg_simple_,MNAR_,0.5_,1/,0.25810463451987375,SimpleImputer,0.47759247213500233,0.4775924721350022,523.297418766914,0.5914237021706621,0.5898909331224385,470.69494887492436,0.29315460065403387,0.29312462108938897,617.9613024870359,LGBMRegressor,3184.295348405838,0.11170578002929688,0.46920742755125155,0.46920742755125133,527.4803647157161,0.597490800353333,0.5974372451304104,466.3442733731079,0.28670843985277417,0.28664295265346096,620.78802439276,SimpleImputer,0.33389706960354626,0.33316514848052403,HistGradientBoostingRegressor,3399.9778389930725,0.025096654891967773
440,1193,reg_simple_,MCAR_,0.01_,1/,0.33172989722377216,SimpleImputer,0.6356981242759552,0.6356981242759552,436.9931033553187,0.6106627660465008,0.6105565899276321,458.6823533067018,0.6036162000975767,0.6034805560696441,462.8306341086551,HistGradientBoostingRegressor,5305.021413326263,1.7773547172546387,0.6297769872716465,0.6297769872716465,440.53009685184924,0.6106132133281927,0.6104985904828752,458.7165076031866,0.603338364888129,0.603216004286607,462.98500516814136,SimpleImputer,0.3363512739711269,0.35336152495833806,LGBMRegressor,3992.8684906959534,0.05252981185913086
441,1193,reg_simple_,MCAR_,0.1_,1/,0.35898163850932746,SimpleImputer,0.5971323740562642,0.5971323740562642,459.54184542224783,0.6093583133758051,0.6090664245254462,459.5590660151947,0.5707902738260267,0.5705693049142104,481.6553563548426,LGBMRegressor,5786.503947973251,0.0899360179901123,0.5804910240877896,0.5804910240877896,468.93700791211313,0.6096516525933663,0.6096265713541551,459.22970976827304,0.5599351383596851,0.5598304183291588,487.64060993372743,SimpleImputer,0.3348491800361738,0.33255396238616053,LGBMRegressor,4577.616844177246,0.05418992042541504
442,1193,reg_simple_,MCAR_,0.3_,1/,0.3411209935795285,SimpleImputer,0.48439717333702015,0.48439717333702026,519.8781012476246,0.6051861856802523,0.6051496077118148,461.8555207098192,0.458515750382664,0.45828735349564675,540.9714424653334,LGBMRegressor,3732.816303730011,0.0775456428527832,0.48656805476383724,0.48656805476383735,518.7825058454765,0.6055275125248065,0.6052144407039278,461.8176016584904,0.4558577359749283,0.4556483714168237,542.2875272003032,SimpleImputer,0.337716493723668,0.33307800846380664,LGBMRegressor,3638.6384122371674,0.058312416076660156
443,1193,reg_simple_,MCAR_,0.5_,1/,0.26183576800604585,SimpleImputer,0.3562694607191321,0.35626946071913224,580.892722758638,0.5955414924932136,0.5950579059279808,467.720402276348,0.357547069592847,0.35730061719162265,589.2421341105661,LGBMRegressor,6380.517509698868,0.07110762596130371,0.36955625968028183,0.3695562596802817,574.8665617438787,0.6004900670241473,0.6004402314702493,464.6016296097341,0.34354944385406694,0.3433488501115908,595.6034529925224,SimpleImputer,0.33589926217040506,0.33378510105021436,HistGradientBoostingRegressor,5770.651029348373,0.019932985305786133
444,1193,reg_full_,MAR_,0.01_,1/,0.31724179714904854,KNNImputer,0.6407642230565491,0.6407642230565491,433.9439825717266,0.6109716916136287,0.6108533351135572,458.5075683251942,0.6106211901120218,0.6105188761497854,458.704562214526,HistGradientBoostingRegressor,4763.586992740631,0.03157186508178711,0.6345873396970748,0.6345873396970748,437.6588091698263,0.6122571632408107,0.6121316200985436,457.75388661690346,0.594080720037776,0.5935838514782938,468.57091777796455,KNNImputer,0.3465634507223569,0.3589668799627392,LGBMRegressor,4564.584073066711,0.8639771938323975
445,1193,reg_full_,MAR_,0.1_,1/,0.32233394889232614,IterativeImputer,0.6006409422447534,0.6006409422447533,457.5363979575962,0.6106758729700134,0.6103921988918194,458.7791521093402,0.6028623047194702,0.6027092392036486,463.28056871196054,LGBMRegressor,5559.388471841812,0.07837986946105957,0.610025719302314,0.6100257192000481,452.1284775877334,0.6107979484588812,0.6107126306069409,458.5904525645258,0.6022120272210911,0.6022080741690411,463.5726807745213,KNNImputer,0.3076945596425802,0.3231532050772274,HistGradientBoostingRegressor,6635.710750818253,7.9955832958221436
446,1193,reg_full_,MAR_,0.3_,1/,0.3117939328739257,KNNImputer,0.6170875331117122,0.6170875331117123,448.0161116580738,0.6073797589576564,0.6070296079571086,460.7546930013412,0.24983971937484295,0.11085891884039079,693.0669520335088,LGBMRegressor,5512.039818048477,0.048865318298339844,0.6186097307744518,0.6186097307744517,447.12472230926664,0.6079202573215933,0.6075269276525105,460.4630489852331,0.26049736490679376,0.09844770424550264,697.8873304536592,SimpleImputer,0.28847995598641824,0.35879402930796633,LGBMRegressor,11155.409999370575,0.0488896369934082
447,1193,reg_full_,MAR_,0.5_,1/,0.2987789497081237,IterativeImputer,0.4075049742249508,0.4075049742249508,557.29639484126,0.6010042902127222,0.6002475642246798,464.7136312864374,0.351954934250055,0.3413795297734594,596.4959024248438,LGBMRegressor,4775.917999267578,0.09272456169128418,0.5955982148529684,0.5955982148529684,460.41600407138526,0.604521217361335,0.6035654542219798,462.781083487907,-0.017253918067636098,-0.5227322028693082,906.9881616151162,SimpleImputer,0.33486607229881254,0.30481521964518254,LGBMRegressor,7236.4159734249115,0.03811311721801758
448,1193,reg_full_,MNAR_,0.01_,1/,0.32571482084899506,KNNImputer,0.62909130795501,0.62909130795501,440.93785465526634,0.6119900229023322,0.611862149039679,457.9128709706107,0.6063118573235408,0.606219958477515,461.2291025892415,HistGradientBoostingRegressor,3930.4063267707825,0.030556917190551758,0.6346720124688605,0.6346720124688604,437.60809947160766,0.6102906852630753,0.6101735316146458,458.9078788898839,0.6058459399671627,0.6057784412650264,461.48760164496105,IterativeImputer,0.33173507169525,0.3472340044885937,HistGradientBoostingRegressor,10588.370461940765,0.053420305252075195
449,1193,reg_full_,MNAR_,0.1_,1/,0.3068457438479112,IterativeImputer,0.60216005705255,0.60216005705255,456.6653615603474,0.6104064547879403,0.6102326329526382,458.8730902083485,0.5535909865896322,0.5535141790841211,491.12686171245076,LGBMRegressor,6294.643646478653,0.08056092262268066,0.601984112098054,0.6019841120979269,456.7663306639047,0.6090796717488005,0.6089096309949849,459.6512155124978,0.548059930777017,0.5478059527737187,494.25636722781525,SimpleImputer,0.33650512473008887,0.3313207737531558,HistGradientBoostingRegressor,11735.840065002441,0.02016615867614746
450,1193,reg_full_,MNAR_,0.3_,1/,0.28411168442209134,IterativeImputer,0.5000211055677868,0.5000211055677868,511.94076754090844,0.6073303826381504,0.6072557019406631,460.62212722232766,0.45203414074149517,0.4518021938476,544.1999517483547,LGBMRegressor,6333.10235619545,0.06894516944885254,0.4875825192671721,0.487582519267172,518.2697342260595,0.6023528673829415,0.6019991695640574,463.6943898268531,0.4678207523083777,0.46761671606375654,536.2929128163261,SimpleImputer,0.33699955911763163,0.34170564328611475,LGBMRegressor,8184.5560920238495,0.0410313606262207
451,1193,reg_full_,MNAR_,0.5_,1/,0.24993984144040585,KNNImputer,0.3450591205379011,0.3450591205379011,585.9289124181519,0.5932361424354271,0.5879187610731809,471.82535314759656,0.34644180850323936,0.3461442955840007,594.3343219161404,LGBMRegressor,4963.420784711838,0.06785416603088379,0.3598327428532565,0.3598328232765198,579.2827769206735,0.5975396069015779,0.59661865234375,466.81819057387384,0.3381244311180741,0.3376031517982483,598.2035498328083,SimpleImputer,0.33768519717707685,0.33506339899584026,XGBRegressor,9408.76596736908,0.02191901206970215
452,1193,reg_full_,MCAR_,0.01_,1/,0.29224724509355204,KNNImputer,0.6342326972771335,0.6342326972771335,437.8711372510735,0.6111875616478213,0.611088272468923,458.36914131485116,0.6044661725643661,0.604385082027542,462.30243637492055,LGBMRegressor,4724.535866975784,0.07981061935424805,0.6346482804801212,0.6346482804801212,437.62231292115064,0.6102589987065885,0.6101571007970025,458.9175500549187,0.6073794836350404,0.6072645533295848,460.61693660773904,KNNImputer,0.3446867162750644,0.3490005271098974,LGBMRegressor,8691.42421412468,1.543844223022461
453,1193,reg_full_,MCAR_,0.1_,1/,0.32361333072231596,KNNImputer,0.5950620486549465,0.5950620486549465,460.7211186115746,0.6098267778190861,0.6092858037354804,459.4301031183415,0.5676092318356964,0.5672879351350244,483.4920690262868,LGBMRegressor,4715.322123527527,0.07677721977233887,0.5941618761634382,0.5941618761446936,461.2329232672351,0.6086868161111847,0.6085100913791937,459.8859464141229,0.5660720134684003,0.566029508482947,484.19461192567996,SimpleImputer,0.33489031315754625,0.3321454289518948,HistGradientBoostingRegressor,8566.198729276657,0.020751237869262695
454,1193,reg_full_,MCAR_,0.3_,1/,0.3086885135126658,KNNImputer,0.48464712555317635,0.48464712555317624,519.7520735872113,0.6033032544331369,0.6031437526249218,463.02715645654905,0.45260465202695743,0.4524512304344991,543.8777046676914,LGBMRegressor,6688.914253950119,0.12496781349182129,0.48829997778151846,0.48829997778151846,517.9067808773476,0.6039833720380728,0.6039544144205042,462.55399985189405,0.4538310039294733,0.45370598394526895,543.2541767660751,SimpleImputer,0.33592790637104286,0.3354259140421302,LGBMRegressor,9391.779332637787,0.05123400688171387
455,1193,reg_full_,MCAR_,0.5_,1/,0.2709077335552202,IterativeImputer,0.36523107768766594,0.36523107768766594,576.8351375221624,0.5922094311875864,0.5921573306685657,469.39253947113843,0.345694093222366,0.34551310975959315,594.6211167760972,LGBMRegressor,4698.621932506561,0.07078742980957031,0.3622511160956403,0.3622510935494867,578.18755630483,0.594565342803203,0.5945650033805708,468.0049744031993,0.35623193470632053,0.3559205398750599,589.8744387652066,SimpleImputer,0.3356121561316287,0.333190222587508,LGBMRegressor,10240.586667776108,0.044564008712768555
456,1193,reg_simple_,MAR_,0.01_,2/,0.34066887767954157,SimpleImputer,0.636665853287459,0.636665853287459,436.4123046456469,0.6107153945238855,0.610597512442949,458.65825361947356,0.6101889845373707,0.6100972264494283,458.9527903196543,HistGradientBoostingRegressor,8094.450284004211,4.62530779838562,0.6331365726500913,0.6331365726500913,438.5267484640476,0.6112767496400198,0.6110797911014931,458.37413933321363,0.6100173936837403,0.6098696559893755,459.0867068614409,SimpleImputer,0.47447848735279224,0.4100632023371496,LGBMRegressor,2395.754945755005,0.050046443939208984
457,1193,reg_simple_,MAR_,0.1_,2/,0.3252689046832248,SimpleImputer,0.6274855928063368,0.6274855928063368,441.89126445985977,0.6083010094247867,0.6081032621011316,460.1248369732825,0.6013249184749596,0.6011638990347005,464.1807044688747,LGBMRegressor,4659.35485458374,0.07636904716491699,0.590332211607963,0.590332211607963,463.4040104071008,0.6111296795187743,0.6108802998323025,458.4916826156166,0.5628525089554047,0.5627091528317705,486.0433952954486,SimpleImputer,0.4127056421255681,0.33693075280794177,LGBMRegressor,3685.7123713493347,0.054743289947509766
458,1193,reg_simple_,MAR_,0.3_,2/,0.3439484648518386,SimpleImputer,0.5004292413682914,0.5004292413682914,511.73177470667633,0.6068735811929189,0.6065047448174061,461.0622892778785,0.43962504585178896,0.4324557670619825,553.7193620042375,LGBMRegressor,7407.337441921234,0.08973884582519531,0.5500573811915176,0.5500573811915175,485.648939993138,0.6076454406616417,0.6072935514336102,460.59993118522897,0.47411401249434426,0.4728290138622714,533.6611679413012,SimpleImputer,0.2827207081912961,0.37685427306287744,HistGradientBoostingRegressor,3516.745566368103,0.02490687370300293
459,1193,reg_simple_,MAR_,0.5_,2/,0.3001918797196302,SimpleImputer,0.408256976781877,0.408256976781877,556.9426185577314,0.5994516916485022,0.5993560975002675,465.2315093462559,0.3673373996396496,0.3510264481893922,592.111302704305,LGBMRegressor,6162.394854545593,0.054589033126831055,0.4150173800923135,0.41501738009231337,553.7520677111964,0.6034640350336775,0.6032851996821442,462.9446332935933,0.3839926325035786,0.3521119729527329,591.6158892284553,SimpleImputer,0.3758828532512547,0.3485231594263106,LGBMRegressor,1962.755877494812,0.04127359390258789
460,1193,reg_simple_,MNAR_,0.01_,2/,0.3328712030451153,SimpleImputer,0.6276875848548463,0.6276875848548463,441.7714427520817,0.6122188151747003,0.6121252087010881,457.75766989768624,0.6067451530525783,0.6066596440308013,460.97153187380343,LGBMRegressor,4267.721595048904,0.08808612823486328,0.622267464790069,0.6222666501998901,444.97598473707166,0.6096488520790537,0.609515905380249,459.2948112875966,0.6070391032196294,0.606856107711792,460.85643482896114,SimpleImputer,0.34582356483277604,0.33995492985245745,XGBRegressor,3483.263983488083,0.02042531967163086
461,1193,reg_simple_,MNAR_,0.1_,2/,0.32824009512387264,SimpleImputer,0.5830306605304278,0.5830306605304278,467.5154204359297,0.6091010939805233,0.6090166436728122,459.5883248398847,0.5508060865959657,0.5507695725252053,492.6340594545825,LGBMRegressor,3919.1982033252716,0.08289027214050293,0.6005926860028061,0.6005926860027995,457.5640401504546,0.6089816266390948,0.6088740865968358,459.67210282640724,0.5590162401975289,0.5590089959785569,488.09540305344603,SimpleImputer,0.3398609217258062,0.3426211060097971,HistGradientBoostingRegressor,5004.407784938812,0.021418333053588867
462,1193,reg_simple_,MNAR_,0.3_,2/,0.29837718918008255,SimpleImputer,0.5214112104677445,0.5214112104677445,500.8701383637807,0.6053189843737445,0.6048772456733851,462.01478384930084,0.4376596966344697,0.43758138188394446,551.2133112895906,HistGradientBoostingRegressor,7153.582621574402,1.7321105003356934,0.48934120402145553,0.4893412040214554,517.3795845594377,0.6046513282601441,0.6045889120701246,462.1833265263562,0.4564550632765323,0.4562473831029279,541.9890749115904,SimpleImputer,0.3367563038636134,0.33497322155725806,LGBMRegressor,3413.4658529758453,0.07566094398498535
463,1193,reg_simple_,MNAR_,0.5_,2/,0.2550599931915871,SimpleImputer,0.36025774137131394,0.36025774137131394,579.0904447518777,0.5983010829532183,0.5981231687115304,465.9468037796642,0.3675915981446012,0.36690576604092684,584.8224440093202,LGBMRegressor,5883.359129905701,0.07196569442749023,0.4047953686575074,0.40479451417922974,558.5697032653856,0.5983723658512232,0.5983695387840271,465.803958786505,0.3613370001711783,0.36131030321121216,587.4011937485202,SimpleImputer,0.33471433933718925,0.33966134155189404,XGBRegressor,1529.439885854721,0.03297090530395508
464,1193,reg_simple_,MCAR_,0.01_,2/,0.334371151960267,SimpleImputer,0.6300162942833142,0.6300161656637615,440.38777411713056,0.6115493476375613,0.6114397679632612,458.1619592005967,0.6060073295909544,0.6059065579247653,461.4126069457252,HistGradientBoostingRegressor,7845.569187402725,0.027125835418701172,0.6285175030103358,0.6285175030103358,441.27879374385327,0.610574034316459,0.6104376301235597,458.7524027609398,0.6041170709227949,0.6039712249696745,462.54418296520714,SimpleImputer,0.3498208974861864,0.3500514512006808,LGBMRegressor,2576.3082208633423,0.05043315887451172
465,1193,reg_simple_,MCAR_,0.1_,2/,0.31804942121652036,SimpleImputer,0.5965259238766303,0.5965259238766303,459.8875972468705,0.6105196044849839,0.6104070249728606,458.7704228672913,0.5556104216492121,0.5554869075450306,490.04067660559616,HistGradientBoostingRegressor,3960.21577000618,1.7656853199005127,0.5912313247469361,0.5912313247469361,462.8952060683204,0.6105615313647561,0.6104845893925079,458.72475208369895,0.5650944931886783,0.5649782345197759,484.78072699705723,SimpleImputer,0.33818263963035916,0.3348845028046541,HistGradientBoostingRegressor,3448.788626909256,0.019691944122314453
466,1193,reg_simple_,MCAR_,0.3_,2/,0.2837230518945191,SimpleImputer,0.48641287771830666,0.48641287771830655,518.8608970085917,0.6067842230372218,0.6064964475890211,461.0671502246084,0.4693377833238689,0.46918534238169185,535.5022571161031,LGBMRegressor,4567.105585575104,0.08229684829711914,0.48807927785516614,0.488079309463501,518.0184671473907,0.6069524578213757,0.6068766713142395,460.84434657298294,0.4630370541466936,0.4628632068634033,538.6817901790566,SimpleImputer,0.33536139836205153,0.3367285770712334,XGBRegressor,6141.957458496094,0.020976543426513672
467,1193,reg_simple_,MCAR_,0.5_,2/,0.2500559166582682,SimpleImputer,0.36696235312990744,0.3669590817884465,576.0494557241459,0.5965688441520274,0.5965017724510132,466.88580283110264,0.3437027255287234,0.3435952055694632,595.491716398329,LGBMRegressor,5349.902704238892,0.07770180702209473,0.38300971986566146,0.38300971986566135,568.6997541032704,0.6006336271889626,0.6005442584849678,464.54114520842637,0.34586894310836547,0.34579627154103876,594.4924723427355,SimpleImputer,0.33587919206171657,0.3357235223465125,LGBMRegressor,4202.291434764862,0.06160259246826172
468,1193,reg_full_,MAR_,0.01_,2/,0.31715025139465236,KNNImputer,0.6326982359379106,0.6326982359379106,438.7886510893392,0.608717597229369,0.6085758491150739,459.84732175494037,0.6036169502377674,0.6034901422298051,462.82503943294654,LGBMRegressor,8393.169621229172,0.06693482398986816,0.6399558686623608,0.6399555802345276,434.43211167166186,0.6092968728100867,0.6091692447662354,459.49864727914274,0.6088758414711286,0.6087830066680908,459.7256260637453,KNNImputer,0.3012203870142668,0.3062554000604645,XGBRegressor,4768.445099830627,0.8298811912536621
469,1193,reg_full_,MAR_,0.1_,2/,0.30595240960823494,KNNImputer,0.5972630053188522,0.5972630053188521,459.46733534166447,0.6093960851501865,0.6093671438317441,459.3822778353991,0.5702158095556813,0.5700494930623833,481.9467822417038,LGBMRegressor,3297.7158658504486,0.07945990562438965,0.6323876163358616,0.6323876163358615,438.9741491810101,0.6090605237975829,0.608978342703284,459.6108350657923,0.601830499100577,0.6017980996114944,463.8115042010367,KNNImputer,0.30093918024214183,0.333047629644308,HistGradientBoostingRegressor,10107.029804229736,8.333627223968506
470,1193,reg_full_,MAR_,0.3_,2/,0.3255121122190854,IterativeImputer,0.5116677228109401,0.5116677228109401,505.9430035647279,0.605836305070504,0.6058336934261583,461.4552605917521,0.5834978917456666,0.5724818933071133,480.5815667315278,LGBMRegressor,3975.438678264618,0.10791969299316406,0.5121859074858213,0.5121852329323846,505.6748459566977,0.6063120597135885,0.6060415288671236,461.33358681890627,0.46462549892125793,0.4645964291297332,537.8119947812226,SimpleImputer,0.37954796637515426,0.2992466517881347,HistGradientBoostingRegressor,11145.947485208511,0.020894289016723633
471,1193,reg_full_,MAR_,0.5_,2/,0.2393772252871472,KNNImputer,0.6063705931901181,0.606370593190118,454.24237633247157,0.6019519830798119,0.6012030346954784,464.15793012096424,0.05619329669977868,-0.25700615780586045,824.0594706333219,LGBMRegressor,5734.222715854645,0.05243992805480957,0.600118863916907,0.600118863916907,457.8353667875918,0.6061003881943136,0.605843318060691,461.4496267193556,0.08436392192229292,-0.4104412304326981,872.9057409688494,SimpleImputer,0.2695204750893041,0.36852876014082536,LGBMRegressor,5883.787026882172,0.03942155838012695
472,1193,reg_full_,MNAR_,0.01_,2/,0.31464945063590766,KNNImputer,0.6382621242014024,0.6382621242014013,435.45258326308243,0.611617055457375,0.611516254973944,458.1168630218074,0.6070156934229429,0.60691203760628,460.8236130024755,HistGradientBoostingRegressor,6330.398639678955,0.03351426124572754,0.6447935350013025,0.6447935350013025,431.50348748779635,0.6115434142229306,0.6114440895674502,458.1594113328732,0.6086364712804504,0.6085346765642046,459.87150599261963,KNNImputer,0.3166039341318427,0.30972770111431436,HistGradientBoostingRegressor,8665.032763242722,1.4939863681793213
473,1193,reg_full_,MNAR_,0.1_,2/,0.3131175452197158,IterativeImputer,0.5942440170995553,0.5942440170995553,461.1862445205635,0.6098526205939407,0.6096968268561025,459.18838412576827,0.5679722374979542,0.5679139223388889,483.14221815121147,LGBMRegressor,5062.651920557022,0.08814191818237305,0.6013367981170694,0.6013367981170694,457.13761121083974,0.6086002839615756,0.6084723136660094,459.9081347514163,0.5630746414665335,0.5629362917091552,485.9171478658549,SimpleImputer,0.3338258852355506,0.33071272427487486,HistGradientBoostingRegressor,9561.926258802414,0.019815921783447266
474,1193,reg_full_,MNAR_,0.3_,2/,0.27907752273457725,KNNImputer,0.5479877968852072,0.5479877968852072,486.7645692563834,0.6051060812897686,0.6049343837590396,461.9813770226378,0.4430861800204611,0.44273254232957737,548.6832389302743,HistGradientBoostingRegressor,7226.462205171585,1.7510721683502197,0.5234008330853714,0.5234008330853716,499.827927952549,0.6024201645733644,0.6014555675609561,464.0109459354829,0.46775454490382173,0.4675852307185484,536.3087708629231,SimpleImputer,0.34647627582561996,0.3327755877300103,HistGradientBoostingRegressor,9523.656857013702,0.020905494689941406
475,1193,reg_full_,MNAR_,0.5_,2/,0.24236987246927977,KNNImputer,0.4327732264545636,0.4327732264545635,545.2833540859436,0.592303819968483,0.590254862714847,470.4860558579898,0.30354435212910014,0.3033042338427423,613.4955797908276,LGBMRegressor,4269.445123434067,0.06777477264404297,0.38904220321490735,0.38904220321490735,565.9127582544427,0.5978208880196823,0.5975161105191598,466.2985907764918,0.32272256542127675,0.32271186766400284,604.8902512802492,SimpleImputer,0.33825702194448143,0.33953766199896823,LGBMRegressor,8282.93174624443,0.055624961853027344
476,1193,reg_full_,MCAR_,0.01_,2/,0.3225411489913683,IterativeImputer,0.6376332857411144,0.6376332857411146,435.83091029027275,0.6120384967795147,0.6119357971586513,457.8694250383881,0.6067787668501943,0.6066736621163866,460.96331761881703,HistGradientBoostingRegressor,5974.562038421631,1.7278821468353271,0.6229975999792641,0.6229975999792641,444.5452117558093,0.6094726693065973,0.6093631811101388,459.38460789984714,0.6028419585483598,0.6027518570715262,463.255719707735,KNNImputer,0.3276073493986807,0.34202922193979757,HistGradientBoostingRegressor,4587.253826379776,1.4708282947540283
477,1193,reg_full_,MCAR_,0.1_,2/,0.3084478526609981,KNNImputer,0.5894959751262371,0.5894959751262371,463.87673220438563,0.6081818105449152,0.6078961405167105,460.2464113414459,0.5642485188878602,0.5640826870289756,485.27946176456004,LGBMRegressor,4425.864932537079,0.0668642520904541,0.5924838548001056,0.5924838548001056,462.1854709351003,0.6091055453638835,0.6089592475709433,459.6220572352219,0.5626342515900546,0.5626036633400285,486.1020168962336,KNNImputer,0.32061217289458127,0.3215926060540912,LGBMRegressor,6421.947150945663,13.344462871551514
478,1193,reg_full_,MCAR_,0.3_,2/,0.28630334088436105,IterativeImputer,0.5009867012343314,0.5009867012343314,511.44617997593434,0.6057166179962019,0.605472331805297,461.6667373429414,0.46323499403713897,0.46303081205355945,538.5977506494897,HistGradientBoostingRegressor,6578.499816656113,1.7914180755615234,0.4835388388299813,0.48353815618470763,520.310990993877,0.6011511680877119,0.6011292616853332,464.20086016707876,0.4538656767559479,0.4536815935625158,543.2663039622573,SimpleImputer,0.3353785408083889,0.337720891627795,LGBMRegressor,9572.002102851868,0.060159921646118164
479,1193,reg_full_,MCAR_,0.5_,2/,0.19771154563781396,IterativeImputer,0.36832356761744645,0.36832356761744645,575.4282989355899,0.5963391341856853,0.5954241054890455,467.5088686409898,0.35538325955653527,0.35514739924794125,590.2283695638336,LGBMRegressor,4819.509719133377,0.08143472671508789,0.3780032725201503,0.3780032725201504,571.0023941029698,0.5955203810694513,0.5954933045873554,467.4688853201038,0.35066775975246445,0.35037534757852906,592.408254237528,SimpleImputer,0.3358965797346625,0.3352269945860258,LGBMRegressor,11752.426235437393,0.07829546928405762
480,1193,reg_simple_,MAR_,0.01_,3/,0.33791525597758376,SimpleImputer,0.6328815535870419,0.6328815535691614,438.6791393159408,0.6111345202525384,0.6110180183262159,458.41054001105607,0.6082213315549846,0.6081391225730752,460.10378465299914,HistGradientBoostingRegressor,7664.8850429058075,0.03090357780456543,0.6380699376188521,0.6380699375892444,435.5682430400591,0.6106465777041554,0.6105155926907977,458.7064957285668,0.6084391899981884,0.6082675992742812,460.02835295532896,SimpleImputer,0.37796246942456674,0.3784037115497017,HistGradientBoostingRegressor,3744.8113465309143,0.020893335342407227
481,1193,reg_simple_,MAR_,0.1_,3/,0.226694801352876,SimpleImputer,0.6380480840692886,0.6380480840692877,435.581392756812,0.6102753770741224,0.6101829287977434,458.90234762443384,0.5983691027055028,0.5976778317909588,466.2049000974875,HistGradientBoostingRegressor,5817.311133861542,0.9763071537017822,0.6046535815199754,0.6046535790870493,455.232002458422,0.6104230038690334,0.610420926765997,458.76223767297375,0.571062172402105,0.5707583730228782,481.5493139898971,SimpleImputer,0.3610550409050165,0.38867373568302477,HistGradientBoostingRegressor,4667.181523561478,0.015733003616333008
482,1193,reg_simple_,MAR_,0.3_,3/,0.26304527117082915,SimpleImputer,0.5333055158420335,0.5333055158420326,494.6069485356179,0.6103958180416165,0.6100800122719363,458.9629215730453,0.4515252523736969,0.45070829569853543,544.7426414832813,HistGradientBoostingRegressor,5125.7034430503845,0.0299532413482666,0.5201391377297009,0.5201391377297009,501.5353445362723,0.6067297048917792,0.6066741657236171,460.9630225145846,0.5961944104966561,0.5955400316463368,467.44188443572017,SimpleImputer,0.2944380805268294,0.28468202875687637,LGBMRegressor,2672.796375274658,0.050928592681884766
483,1193,reg_simple_,MAR_,0.5_,3/,0.30099973867225954,SimpleImputer,0.4219318271604393,0.4219318271604393,550.4696872730435,0.6048910619847767,0.6045578861334293,462.2014587813543,0.5692909559373922,0.5465470852830788,494.9438716728856,LGBMRegressor,5383.180119752884,0.0677022933959961,0.6034178089311095,0.6034178089311095,455.94292731546136,0.600929557082841,0.6008709806674959,464.35112798144615,0.11522595024644766,-0.12634612745770446,780.0560103495706,SimpleImputer,0.3007879107221715,0.27997655061780297,LGBMRegressor,4475.477289915085,0.0592191219329834
484,1193,reg_simple_,MNAR_,0.01_,3/,0.3364896315388726,SimpleImputer,0.6345386918370893,0.6345386918370892,437.6879412418643,0.6109055276673326,0.6108134549181001,458.53106191339737,0.6048681085550212,0.6047834780098843,462.06960159441485,HistGradientBoostingRegressor,5575.094537258148,0.03067922592163086,0.6324200650983158,0.6324200650983156,438.95477485785534,0.6104663449598744,0.6103582568200214,458.7991357643647,0.6043030876618907,0.6041785141292203,462.42311481222697,SimpleImputer,0.32922799527174196,0.3349979462740894,HistGradientBoostingRegressor,1703.0937721729279,0.022495031356811523
485,1193,reg_simple_,MNAR_,0.1_,3/,0.30750818990280243,SimpleImputer,0.6084020452177308,0.6084020452177308,453.068727682305,0.6093142349584761,0.6092084697904612,459.47556830076945,0.5597534011457999,0.5596808803057318,487.72343553518425,LGBMRegressor,6114.5581843853,0.0751039981842041,0.5995967477307109,0.5995962805759603,458.1344294301289,0.60974155914054,0.6096902835692368,459.19223317048124,0.5595017514567016,0.5594161664784438,487.87001983390587,SimpleImputer,0.33941936228281744,0.33573089845009396,HistGradientBoostingRegressor,4615.150095701218,0.020883798599243164
486,1193,reg_simple_,MNAR_,0.3_,3/,0.28650440630848234,SimpleImputer,0.5329140994683809,0.5329140994683809,494.8143183345844,0.602990302183849,0.6018298284080921,463.7930255423202,0.4423306721394876,0.44232833973175556,548.8821909651801,LGBMRegressor,6154.610512495041,0.0745537281036377,0.4913393863036378,0.4913393863036377,516.3663522104938,0.6039828941415892,0.6037440184306835,462.67684756005025,0.4608703080701113,0.46082108916014275,539.7048252251128,SimpleImputer,0.33690432896003136,0.3396468730105542,LGBMRegressor,2961.570280313492,0.07075023651123047
487,1193,reg_simple_,MNAR_,0.5_,3/,0.2442428810823955,SimpleImputer,0.39575469544613273,0.39575469544613284,562.7953771451719,0.5923682099121794,0.5919810749646979,469.4939562452751,0.3299785855657762,0.3294884274584202,601.8565499418588,LGBMRegressor,5746.88854598999,0.12100887298583984,0.4024761726986066,0.4024761726986066,559.6564243078656,0.6024764621913623,0.6022200565379452,463.5656988068835,0.333961837212541,0.3339428181048588,599.8540703116734,SimpleImputer,0.33556371818374875,0.33404873638510074,LGBMRegressor,1559.0468702316284,0.05983233451843262
488,1193,reg_simple_,MCAR_,0.01_,3/,0.3381750949978598,SimpleImputer,0.6425599063826071,0.6425599063826071,432.8580631990948,0.6102811209684517,0.6101757746437952,458.90655862905834,0.6045225636671459,0.6044452866106341,462.2672584997257,HistGradientBoostingRegressor,5684.166886329651,0.030308246612548828,0.6208407374836897,0.620839605678897,445.81570384281264,0.608730351993099,0.6086169408705979,459.82318370720924,0.6045398694928301,0.604421822397047,462.2809690895239,SimpleImputer,0.3226478688452988,0.30900062809046924,LGBMRegressor,6196.149562120438,0.05468034744262695
489,1193,reg_simple_,MCAR_,0.1_,3/,0.3225706558224897,SimpleImputer,0.5842739180598139,0.584273918059814,466.8179159385419,0.6091042783313234,0.6087397443837106,459.7510391276164,0.5581488219237839,0.5580633480867658,488.6184513779582,LGBMRegressor,3652.6713528633118,0.06189465522766113,0.5886922942478209,0.5886922942478208,464.330596898794,0.608113785651829,0.607554654334638,460.4467837443991,0.5611807538910816,0.5609021741512137,487.0465773068547,SimpleImputer,0.3377251405640767,0.3318751343694891,LGBMRegressor,3494.1028287410736,0.05506277084350586
490,1193,reg_simple_,MCAR_,0.3_,3/,0.2866503188853407,SimpleImputer,0.4948625933572546,0.49486259335725447,514.5749546252516,0.6038522816793435,0.6036835327190245,462.71215840939294,0.4577462894774662,0.45759231879332163,541.3183730771124,LGBMRegressor,4002.9976778030396,0.06743216514587402,0.47959721791565135,0.47959721791565124,522.2923732468603,0.6047612064621501,0.6047609846420918,462.0827505305502,0.4646910915783775,0.46443958276957564,537.8907649664282,SimpleImputer,0.3362656636302332,0.3348567648579475,LGBMRegressor,2607.039450407028,0.06467032432556152
491,1193,reg_simple_,MCAR_,0.5_,3/,0.2681503171659111,SimpleImputer,0.3731876895708658,0.3731876895708658,573.2085212571683,0.5982467772701323,0.5982467467750854,465.8751584066469,0.34294530950613156,0.3428863117946903,595.8131845393523,LGBMRegressor,6497.846478462219,0.07718491554260254,0.36527610554464385,0.36527610554464385,576.8146780212393,0.5980550364329136,0.5978312893562271,466.11597945383136,0.3519207234968671,0.35179622253638065,591.7600346681977,SimpleImputer,0.33468684907103724,0.3341238105202901,LGBMRegressor,3741.555101633072,0.05799531936645508
492,1193,reg_full_,MAR_,0.01_,3/,0.31369683569306367,KNNImputer,0.6287657146829646,0.6287657146829646,441.131345545596,0.6117251246959767,0.6116236392478112,458.05354255170005,0.6064490746435881,0.6063602387420346,461.1469411069128,LGBMRegressor,4588.191108226776,0.06781721115112305,0.6324866941499319,0.6324866941499319,438.91498968045784,0.6105860865845332,0.6104433983600671,458.7490063829042,0.6087779273015393,0.6086283914849453,459.81645718145217,KNNImputer,0.29861075287278027,0.2955559311700636,LGBMRegressor,7520.165799617767,1.1012256145477295
493,1193,reg_full_,MAR_,0.1_,3/,0.3439219552604734,KNNImputer,0.6266958421673293,0.6266958421673292,442.35943311505133,0.6100285413451327,0.6099625884708924,459.03202435776393,0.6006690382454256,0.5985949307826395,465.6732366562274,LGBMRegressor,6451.683874607086,0.07351160049438477,0.6302583323388404,0.6302583323388404,440.2436263330166,0.6109187413350354,0.6107328950187916,458.5785164121184,0.6042226012381431,0.6039899051967033,462.5332739949686,SimpleImputer,0.3254800904284531,0.32028978984139367,LGBMRegressor,10114.51822757721,0.05392336845397949
494,1193,reg_full_,MAR_,0.3_,3/,0.27585182227871147,KNNImputer,0.5159942501992764,0.5159942501992764,503.6967396615867,0.6067654234406714,0.6066610550512288,460.9707050570003,0.581984514176439,0.5796731026899546,476.5225348602366,LGBMRegressor,5060.298974990845,0.049680233001708984,0.5302638952420606,0.53026282787323,496.2166878335411,0.6090935264742916,0.6086697578430176,459.7921874964093,0.5893153258320512,0.5881974697113037,471.6657902272595,IterativeImputer,0.3469022339065776,0.23234757669188802,XGBRegressor,8999.085709571838,0.04388546943664551
495,1193,reg_full_,MAR_,0.5_,3/,0.26188062459811345,KNNImputer,0.4266060395808954,0.42660603958089527,548.2396434839873,0.6075068425631889,0.6072319345456494,460.6360645633396,0.37487519532034996,0.37487123577254844,581.1317366367804,LGBMRegressor,6621.514143705368,0.11466479301452637,0.43158081493450406,0.43158081493450406,545.8561944665321,0.6015045605149136,0.6014800205896439,463.99671082629897,0.3816454439464131,0.366273648735429,585.1143311702126,IterativeImputer,0.36070063401489205,0.3339953324779571,LGBMRegressor,10802.876556873322,0.08430171012878418
496,1193,reg_full_,MNAR_,0.01_,3/,0.373120730961525,KNNImputer,0.6297470483671629,0.6297470483671629,440.5479087130923,0.6111940894935618,0.6110711162914603,458.3792512897528,0.607735777849532,0.6076350553249745,460.3996150441947,LGBMRegressor,4409.702105045319,0.11398458480834961,0.6310468590221547,0.6310468590221547,439.7739347105582,0.6111669419499624,0.6110647952956054,458.38297613727167,0.6062489733193913,0.6061106257463666,461.29312810139936,IterativeImputer,0.3175958050016085,0.30433638804397156,LGBMRegressor,5354.815129041672,0.07230496406555176
497,1193,reg_full_,MNAR_,0.1_,3/,0.305786415218316,KNNImputer,0.5930818496597972,0.5930818496597972,461.84623774619615,0.6074327627627549,0.6072242919167962,460.64054615650105,0.552395524382171,0.5521774542154945,491.8614996578433,LGBMRegressor,4520.121601343155,0.06078624725341797,0.5934726904894965,0.5934726904894965,461.62438510635496,0.6082657277134025,0.6078588218113254,460.2683129258785,0.5644778851885448,0.5644171971677889,485.0932314300078,SimpleImputer,0.33528726919137475,0.33670605632874734,LGBMRegressor,11114.477199316025,0.0699014663696289
498,1193,reg_full_,MNAR_,0.3_,3/,0.30352495122449363,KNNImputer,0.5041268814364459,0.5041268814364459,509.83443159502826,0.6057721395123109,0.6051518920458893,461.8541847179474,0.46764025830306777,0.46745775301036585,536.372972050669,LGBMRegressor,5760.1032102108,0.11476469039916992,0.5006137902945149,0.5006137902945151,511.6372452818027,0.6052849704007018,0.6050843469441077,461.8936868116097,0.4521173267120817,0.4518078452775379,544.1971466333109,SimpleImputer,0.3367631830905766,0.33365632776604387,LGBMRegressor,8930.012303590775,0.05053353309631348
499,1193,reg_full_,MNAR_,0.5_,3/,0.24986891345276244,IterativeImputer,0.42921748825530126,0.42921748825530137,546.9897754746775,0.5916009287155446,0.5915350283434414,469.75051173548883,0.3338157105032161,0.33380251318381515,599.9172466038307,LGBMRegressor,3204.6950714588165,0.09350395202636719,0.38031799545560996,0.3803179860115051,569.9389346451653,0.593729777539418,0.5904620289802551,470.36709991992666,0.3239299525572439,0.3231855630874634,604.6786982188767,SimpleImputer,0.33847146650200577,0.33624034979250156,XGBRegressor,9838.109373092651,0.02223968505859375
500,1193,reg_full_,MCAR_,0.01_,3/,0.3574522384806512,KNNImputer,0.6248676543796676,0.6248676543796674,443.44129676335075,0.6106821634714243,0.6105662609798579,458.67665803953474,0.6055363338989046,0.6053574715792436,461.73393578192804,LGBMRegressor,5968.5232672691345,0.08697032928466797,0.6335367162669538,0.6335367162669538,438.28752926118835,0.6119147382316007,0.6117858491168169,457.95787688765347,0.6047810064465013,0.6046752211433852,462.1328818210312,KNNImputer,0.33603440154430375,0.3453867518064358,LGBMRegressor,10226.187526464462,1.6490235328674316
501,1193,reg_full_,MCAR_,0.1_,3/,0.30813958529541563,IterativeImputer,0.5984310845133165,0.5984310845133165,458.8005429212984,0.6090737603668286,0.608736619153215,459.75287527769564,0.5593829024967548,0.559083534389567,488.05415119918825,LGBMRegressor,5552.14258980751,0.052356719970703125,0.5793080353414706,0.5790662148619834,469.73267553393407,0.5831319629593636,0.5831166241698694,474.56656888915205,0.5260077187808457,0.5259653945062346,506.0516857943164,IterativeImputer,0.3235004487419093,0.32403054123633934,KNeighborsRegressor,1098.69376039505,0.9178986549377441
502,1193,reg_full_,MCAR_,0.3_,3/,0.2732229330414234,IterativeImputer,0.4915610129824457,0.4915610129824458,516.2538478952941,0.6039055729879748,0.6031955117666655,462.99696080024165,0.4552891655419108,0.45528310351019674,542.469438121399,LGBMRegressor,5826.4215433597565,0.07741165161132812,0.5088422755132235,0.508841333360442,507.40504985927305,0.6019826859811777,0.6015694977151937,463.9446188048854,0.46069580835510626,0.46069251324052907,539.7691720554027,KNNImputer,0.3331204403271283,0.3347095778439182,ExtraTreesRegressor,10501.202855110168,25.398418188095093
503,1193,reg_full_,MCAR_,0.5_,3/,0.25940756932497433,IterativeImputer,0.3677844568287244,0.3677844568287244,575.6737991841267,0.59015868124546,0.5891330979082126,471.1296436899329,0.3436878060913712,0.343410312495149,595.575578173047,LGBMRegressor,6189.924510717392,0.07678747177124023,0.3729449326801927,0.37294442486888957,573.3197410522818,0.5994953347127596,0.5988109431934063,465.54792093042795,0.35138609442886615,0.35106829294765207,592.092213210088,SimpleImputer,0.33619458336201324,0.33324366388306836,HistGradientBoostingRegressor,9363.214941263199,0.019227981567382812
504,1199,reg_simple_,MAR_,0.01_,1/,0.276215917705549,SimpleImputer,0.6143835671816591,0.6143831086749463,9.801492034682395,0.47343706283610454,0.4734001528828672,11.4898213361832,0.46970136776798455,0.46968474724511966,11.530283096088715,RandomForestRegressor,3764.6735169887543,0.15884828567504883,0.544324944657986,0.5443248748779297,10.65471523028835,0.4773332553207299,0.4773188829421997,11.446989817086973,0.4770291392890633,0.4770178198814392,11.450285928060227,SimpleImputer,0.16006266613485412,0.2751034582113038,XGBRegressor,3125.150770187378,0.02136826515197754
505,1199,reg_simple_,MAR_,0.1_,1/,0.29923410373534465,SimpleImputer,0.5824852642079904,0.5824842754146364,10.19883545418846,0.47404791735157015,0.4740137950718706,11.483124890709243,0.4673740976730798,0.4673431721569986,11.555710694099112,RandomForestRegressor,4925.397915363312,0.1484386920928955,0.6685102105847562,0.6684995293617249,9.087747319852554,0.4734930578380834,0.4734668731689453,11.489092714355694,0.4667642225107176,0.46663719415664673,11.563365384198715,SimpleImputer,0.31794984638691237,0.28661754970942577,XGBRegressor,2381.873646736145,0.07072043418884277
506,1199,reg_simple_,MAR_,0.3_,1/,0.25583110082040844,SimpleImputer,0.5196042865208369,0.5196042865208368,10.939909479157992,0.4621697155851595,0.46203792997535265,11.613115335451171,0.3782020905024235,0.3771759489062637,12.49555639007153,HistGradientBoostingRegressor,4599.574666023254,1.7291035652160645,0.44099147444024356,0.44099147444024345,11.80112423668101,0.46158660466671997,0.46152198679146017,11.618682895049565,0.4261724375570647,0.4126699592027474,12.13428018088831,SimpleImputer,0.2921570868553798,0.26727438845858864,LGBMRegressor,4402.469671964645,0.021440505981445312
507,1199,reg_simple_,MAR_,0.5_,1/,0.2394080054147954,SimpleImputer,0.4830524617293611,0.483052461729361,11.348472313993703,0.4601230980253076,0.45977541803908684,11.637510404745003,0.4451966888308828,0.44343974525790075,11.812151426602355,LGBMRegressor,3177.2102127075195,0.026229381561279297,0.3851229056933627,0.3851229056933625,12.376798603293324,0.45376161927316216,0.45374417375358245,11.702292584348815,0.43018161281067235,0.419121553249982,12.067450956153664,SimpleImputer,0.3003993473118982,0.22613944053593463,LGBMRegressor,2677.9630818367004,0.03270602226257324
508,1199,reg_simple_,MNAR_,0.01_,1/,0.33392826479395615,SimpleImputer,0.5677423835387615,0.5677423835387614,10.377326806094453,0.47638378146416194,0.47637288381979237,11.457344600621749,0.47507121746632597,0.47505726332200304,11.471728940842977,HistGradientBoostingRegressor,4152.326614379883,0.02689528465270996,0.5994391557297575,0.5994391557297574,9.989607242841785,0.4748023003046369,0.47478959450065317,11.47465329108264,0.4718041576607752,0.4717745318912995,11.507542288988486,SimpleImputer,0.2808468849570671,0.2845403880722782,HistGradientBoostingRegressor,2253.995968103409,0.01598668098449707
509,1199,reg_simple_,MNAR_,0.1_,1/,0.2929385567389349,SimpleImputer,0.5291296005197337,0.5291296005197337,10.830907872316182,0.4663376377244076,0.46633737498960026,11.56661566984119,0.4343776073211426,0.43427530373250633,11.909005071285012,HistGradientBoostingRegressor,5948.038536310196,0.027992725372314453,0.5770562833161366,0.5770562833160398,10.26491731440341,0.46527672546596577,0.46524886731533144,11.578405830666286,0.4275403460088262,0.42747541058165195,11.980363166073134,SimpleImputer,0.283473645162418,0.3065738532924048,HistGradientBoostingRegressor,1978.1299376487732,0.017656564712524414
510,1199,reg_simple_,MNAR_,0.3_,1/,0.24462675387360142,SimpleImputer,0.4266517606559429,0.4266517606559428,11.951527312801034,0.45111978395457464,0.45087883823408326,11.73294410053313,0.380973303818844,0.3809347314372087,12.457793592162194,HistGradientBoostingRegressor,3241.553553581238,1.72322678565979,0.392850850872666,0.3928503394126892,12.298780665468598,0.4559404126781552,0.45574110746383667,11.680882315541842,0.35870920076250357,0.35844117403030396,12.682099538878349,SimpleImputer,0.274572953911026,0.29979312912929934,XGBRegressor,4344.2255318164825,0.014447212219238281
511,1199,reg_simple_,MNAR_,0.5_,1/,0.2278434924078256,SimpleImputer,0.38470371947258164,0.3847037194725814,12.381016762933148,0.43636795792881444,0.4279542876141249,11.975351747310807,0.2376193636825149,0.23614995918135961,13.838115920192484,HistGradientBoostingRegressor,3187.3786368370056,0.028608322143554688,0.3180588867123225,0.3180588867123225,13.034296736148363,0.44237487852577817,0.44230851144331307,11.8241496981486,0.28094605760921043,0.28051845169713385,13.430208082602654,SimpleImputer,0.2800722899220504,0.29187626186345444,LGBMRegressor,2988.592531442642,0.027308225631713867
512,1199,reg_simple_,MCAR_,0.01_,1/,0.29819518863238337,SimpleImputer,0.6125653868619667,0.6125649697915223,9.824571311279685,0.4732983696781572,0.47328411861054154,11.491087135661854,0.4638962359844294,0.4638935024104147,11.593069692793895,RandomForestRegressor,6594.703642606735,0.15832781791687012,0.5781641251606143,0.578163743019104,10.251468801445986,0.47608177566982546,0.47606515884399414,11.460710144264558,0.4728293726142998,0.4727863073348999,11.49651601026211,SimpleImputer,0.2722971679859079,0.2882482626273999,XGBRegressor,1692.8837270736694,0.02604198455810547
513,1199,reg_simple_,MCAR_,0.1_,1/,0.21294391708572386,SimpleImputer,0.5513557434630845,0.5513557434630844,10.57219641103601,0.4692668488732964,0.4692557888174794,11.534945428833366,0.44126787187514105,0.441220325945364,11.835679906198823,HistGradientBoostingRegressor,5917.257776498795,1.6935985088348389,0.5526037168797773,0.5526033144172131,10.557486819875011,0.4645647262842947,0.46455647531935407,11.585899224966516,0.4395729063845978,0.43954105711461133,11.853451112951989,SimpleImputer,0.27991698951230826,0.286659555972019,RandomForestRegressor,2283.4519670009613,0.09615921974182129
514,1199,reg_simple_,MCAR_,0.3_,1/,0.23841176871924774,SimpleImputer,0.4157882176987945,0.4157882176987945,12.064222060802255,0.4578771384458613,0.4577890790503292,11.658885617655798,0.3811843889104838,0.38116184912024753,12.455508175007287,LGBMRegressor,7510.313431501389,0.04848051071166992,0.4838729940091039,0.48387222138954233,11.339470713098823,0.4557429163448057,0.45573114165352113,11.68099005391791,0.3785215812009569,0.37827010148023865,12.484575716581032,SimpleImputer,0.2743652354516799,0.27950143530922494,RandomForestRegressor,7069.891210079193,0.10075783729553223
515,1199,reg_simple_,MCAR_,0.5_,1/,0.2250811725443694,SimpleImputer,0.32008435089715426,0.32008435089715415,13.014925464057313,0.44304849015618275,0.4426357009420583,11.820680660793917,0.2914545162849629,0.29128432099975854,13.329348768924016,LGBMRegressor,2663.8613493442535,0.040023088455200195,0.309922665869222,0.309922665869222,13.11182210314754,0.4456624805347823,0.44566244967349344,11.7885410568388,0.30113166218280185,0.3011245312050904,13.236489196644689,SimpleImputer,0.2763631382200133,0.27976034996374394,LGBMRegressor,2270.0978519916534,0.025485515594482422
516,1199,reg_full_,MAR_,0.01_,1/,0.2442532638322823,IterativeImputer,0.5611029772495821,0.5611029772495771,10.45672012199736,0.4778526907019389,0.4778137560262198,11.441570072095,0.4769624888649683,0.476933068846382,11.451214331396418,HistGradientBoostingRegressor,5314.2313368320465,1.7855348587036133,0.5421283645199522,0.542128324508667,10.667181065485575,0.4898946132789065,0.48989421129226685,11.366179262685693,0.4886993637677747,0.4886983036994934,11.379494884352539,KNNImputer,0.23316876643360884,0.30357748856507655,XGBRegressor,4601.76598572731,0.24889016151428223
517,1199,reg_full_,MAR_,0.1_,1/,0.2372429227925255,IterativeImputer,0.5816845204628383,0.581684520462838,10.208598759399448,0.4750348115689853,0.4750170771425155,11.472168032674805,0.45208162948574515,0.45203977283598984,11.720534828476861,HistGradientBoostingRegressor,2526.08571267128,0.027603864669799805,0.5623014333053946,0.5623014333053944,10.444200194977451,0.4830038736390304,0.4828494604695295,11.38073007486909,0.42930263571480154,0.42880606977904445,11.960612595848335,SimpleImputer,0.21148580232807776,0.2571361572956559,HistGradientBoostingRegressor,8317.473742723465,0.01738286018371582
518,1199,reg_full_,MAR_,0.3_,1/,0.23054607925580686,KNNImputer,0.5359940955127815,0.5359921522797495,10.75169236646256,0.46220911467420367,0.46182374225233613,11.61542696607775,0.37127251934235106,0.36784947403228274,12.588766060450096,RandomForestRegressor,5342.469868421555,0.11547398567199707,0.553538582905323,0.553538582905323,10.546446002162012,0.46133177855013574,0.461298161541986,11.621097370990547,0.4554466417210503,0.45539251141529535,11.684623296309798,KNNImputer,0.21797097511188263,0.23300816960414658,ExtraTreesRegressor,7893.431525230408,5.851840019226074
519,1199,reg_full_,MAR_,0.5_,1/,0.15196397428060726,KNNImputer,0.4765366911549389,0.4765366911549388,11.419768228893934,0.4572906781905428,0.457221117160831,11.664990317215015,0.21815003471548933,0.12610373481294068,14.801401959998296,LGBMRegressor,5090.565613269806,0.027218341827392578,0.5899867545851921,0.5899862051010132,10.106794020432426,0.45149495785751037,0.4510984420776367,11.730596980431763,0.3514473069278391,0.3512963056564331,12.75252268356135,KNNImputer,0.27701962029192956,0.28840367720852245,XGBRegressor,838.9059464931488,9.81314492225647
520,1199,reg_full_,MNAR_,0.01_,1/,0.24312134150552128,IterativeImputer,0.6254974332743534,0.6254948936287466,9.659241814205869,0.4751517804404557,0.47514943931628373,11.470721721988335,0.47328311644988574,0.47327382161213083,11.491199457249136,RandomForestRegressor,3735.2446427345276,0.1379866600036621,0.6018667155104815,0.6018667155104815,9.959290722118174,0.4690199200601738,0.4690175120514546,11.537534435947945,0.4692055097929161,0.46919819709143973,11.535571247620005,IterativeImputer,0.24258408192752826,0.2389998020168637,ExtraTreesRegressor,11001.845382928848,0.14559364318847656
521,1199,reg_full_,MNAR_,0.1_,1/,0.24184533486161897,IterativeImputer,0.5527621229582398,0.5527621229582398,10.555612903568777,0.4756485910250341,0.47562919081824573,11.465477987371864,0.4407893456556764,0.44078758731088263,11.840262002654123,HistGradientBoostingRegressor,6271.64119386673,1.7144522666931152,0.49167048623178944,0.49167048623178944,11.253479640539526,0.47013281396288953,0.4701284433115912,11.525458596172637,0.4408479033997552,0.4407823702530038,11.840317233177174,IterativeImputer,0.23465735422586897,0.24244200704827384,LGBMRegressor,7985.7663786411285,0.05220222473144531
522,1199,reg_full_,MNAR_,0.3_,1/,0.22366185664314076,IterativeImputer,0.4614024116274964,0.4614024116274964,11.583675128174548,0.4576978236926881,0.4576820238395999,11.660036537717984,0.36406820172600307,0.363989645191786,12.627140256234414,LGBMRegressor,3546.9072568416595,0.027953624725341797,0.4145865586443326,0.4145865586443326,12.07662307276974,0.4507480639448248,0.45005603802884886,11.74173110043983,0.37809422666128434,0.3776385600342582,12.490914904866228,SimpleImputer,0.28155511570965996,0.28194820170816665,LGBMRegressor,7946.668995380402,0.03194880485534668
523,1199,reg_full_,MNAR_,0.5_,1/,0.2132803497922425,KNNImputer,0.41233069808391676,0.41233052563058625,12.099870798071551,0.4320834694873549,0.43206439050088086,11.932253218575902,0.23983444494154627,0.2393675187882145,13.80894006924615,ExtraTreesRegressor,4743.3515067100525,0.14388537406921387,0.3457442492419315,0.34574424924193137,12.766973033012315,0.4507940911420538,0.4498971284467427,11.743427399464858,0.2655313877909493,0.26452223134755604,13.578684140580917,SimpleImputer,0.2830502509766863,0.28903234297518005,LGBMRegressor,7106.436658382416,0.03378558158874512
524,1199,reg_full_,MCAR_,0.01_,1/,0.2614895715042528,IterativeImputer,0.5622020897064712,0.5622020897064712,10.443618739203652,0.4785128242544059,0.4784859485401023,11.434203529503169,0.47392349588795335,0.47387923347634653,11.484593644813241,HistGradientBoostingRegressor,4889.110160112381,1.7601304054260254,0.6038168721150228,0.6038156942423042,9.934883997245626,0.474010161781135,0.47400542481832675,11.483216258394867,0.4715995504294368,0.4715868106864436,11.50958688731216,IterativeImputer,0.243631816069156,0.24254019156066883,RandomForestRegressor,9615.808228254318,0.1233212947845459
525,1199,reg_full_,MCAR_,0.1_,1/,0.20969203630553448,IterativeImputer,0.5406446235650821,0.5406446235650822,10.69765452886473,0.4742320716092011,0.47419527707442843,11.481143697788022,0.44392135470233296,0.44390465418451586,11.807216900748095,HistGradientBoostingRegressor,6112.131834745407,1.756204605102539,0.5559383470218107,0.5559377712313864,10.508305224659383,0.49086327650988915,0.4907376013983622,11.340262324716328,0.464683925546319,0.46465943829666556,11.626991912154521,KNNImputer,0.25074982111698974,0.2425689835570252,RandomForestRegressor,7651.438392877579,4.024672031402588
526,1199,reg_full_,MCAR_,0.3_,1/,0.2571011785277538,IterativeImputer,0.44238946190620476,0.44238946190620476,11.786358673626744,0.45745668218365376,0.4574259483291423,11.662789071796603,0.37484489046639646,0.3748360293695093,12.519006982529863,HistGradientBoostingRegressor,3527.801894426346,1.734013319015503,0.42199352476846885,0.42199352476846885,11.999979898970386,0.45893192769710744,0.4588083825909426,11.647921679685082,0.38115658676717556,0.38115610913898734,12.455565939882987,IterativeImputer,0.253456183799807,0.25353501491300184,LGBMRegressor,11377.600897073746,0.06059622764587402
527,1199,reg_full_,MCAR_,0.5_,1/,0.23853938792410073,IterativeImputer,0.309572278266778,0.309572278266778,13.115150452486827,0.44514921691921727,0.44512224052493754,11.794283701357866,0.2846397685384944,0.28453854251360255,13.392634995629754,LGBMRegressor,6642.174374580383,0.03631114959716797,0.3194264064460196,0.3194264064460197,13.03746809183728,0.449356308067135,0.44583190734235234,11.729930655028575,0.2972095732875597,0.2971121477051155,13.210452842555311,KNNImputer,0.2683665531803555,0.26871361855408166,LGBMRegressor,322.583783864975,12.049699068069458
528,1199,reg_simple_,MAR_,0.01_,2/,0.27281724049446565,SimpleImputer,0.5796160708662927,0.5796160708662926,10.233806926744313,0.4775771668830917,0.4775492646118251,11.444467327609756,0.47444368403725745,0.47434632135670396,11.479494525013491,HistGradientBoostingRegressor,5231.113191127777,1.7351293563842773,0.6065118199308314,0.6065090513886418,9.901056530035198,0.4733023236785008,0.47329517641473107,11.490966513840043,0.47151799921431214,0.4715130298847988,11.510390384389849,SimpleImputer,0.3291938835451123,0.2832356115567126,RandomForestRegressor,3960.225722551346,0.10171008110046387
529,1199,reg_simple_,MAR_,0.1_,2/,0.2647309384479367,SimpleImputer,0.6015382973093839,0.6015382973093838,9.96339756049284,0.46985483310828635,0.46981452255442413,11.528872201717283,0.4484891067845175,0.4483984630563066,11.75941304387744,HistGradientBoostingRegressor,6162.458500623703,1.7339060306549072,0.5654632169576796,0.5654632169576782,10.404649125510243,0.47470319563557406,0.47470312772120515,11.47559780348394,0.441711387957727,0.44121393640986695,11.835747575339468,SimpleImputer,0.300167985359744,0.35109657134276406,HistGradientBoostingRegressor,1198.9146654605865,0.017193078994750977
530,1199,reg_simple_,MAR_,0.3_,2/,0.24934140638914176,SimpleImputer,0.4879168503027973,0.4879168503027972,11.294952514425685,0.46477694480818266,0.4646829581815869,11.584530729337475,0.41160765075222183,0.41158038295793453,12.145530326810572,HistGradientBoostingRegressor,6628.864835500717,1.7980754375457764,0.4839482480114645,0.4839482480114645,11.338635519336657,0.46437356602427227,0.46437128816032835,11.587902586834698,0.4533760037345864,0.45329597611143313,11.70709240915393,SimpleImputer,0.3440081308572111,0.21713341548525517,LGBMRegressor,1894.7039959430695,0.04004621505737305
531,1199,reg_simple_,MAR_,0.5_,2/,0.27034364614196577,SimpleImputer,0.5057792739413793,0.5057792739413793,11.0962094013846,0.4555400006084973,0.4553353943315839,11.685236007412074,0.4308176357413057,0.4213859986065026,12.043906644198072,LGBMRegressor,3496.9359471797943,0.05923175811767578,0.3897507545772202,0.3897508382797241,12.330133931535483,0.4590777810170321,0.45906537771224976,11.645155404093005,0.3783995712371758,0.3781892657279968,12.485387455468334,SimpleImputer,0.3048505361749772,0.2724352527096493,XGBRegressor,2234.753431081772,0.020160436630249023
532,1199,reg_simple_,MNAR_,0.01_,2/,0.2643337537257099,SimpleImputer,0.5820957326331913,0.5820957326331914,10.20357990112257,0.4791448516469834,0.47912465856942044,11.427199520788841,0.47518111745338,0.47514073440387083,11.470816845459055,HistGradientBoostingRegressor,5021.103302001953,0.023769140243530273,0.573997426397636,0.573997426397636,10.301969934963607,0.4769666671234044,0.4769537552065599,11.450987891650225,0.47130744318502704,0.47126414725190646,11.513100384096772,SimpleImputer,0.2764019637557639,0.31606573488442347,HistGradientBoostingRegressor,3445.0404374599457,0.015347003936767578
533,1199,reg_simple_,MNAR_,0.1_,2/,0.28656288958221143,SimpleImputer,0.5697887036950667,0.5697856794435734,10.352770770644224,0.46773584388802714,0.46769867946523747,11.551853778084695,0.44019500817020574,0.4401928397643311,11.846556654963146,RandomForestRegressor,5659.894814014435,0.12192726135253906,0.5470522736555368,0.5470522736555258,10.622780524793262,0.4699946260108808,0.4699904002022711,11.526959815205014,0.4438168162359447,0.4437578715643459,11.808775068693759,SimpleImputer,0.27248121454653806,0.28891109125823006,HistGradientBoostingRegressor,2971.5828680992126,0.017520904541015625
534,1199,reg_simple_,MNAR_,0.3_,2/,0.2458348910544029,SimpleImputer,0.478536425748309,0.478536425748309,11.39793445663742,0.4567761480653413,0.45676512351572574,11.66988922257283,0.37783365118047585,0.377746016247797,12.489836524784385,HistGradientBoostingRegressor,4180.681270360947,0.026488780975341797,0.4761201761551006,0.476119658871931,11.42431626863671,0.4534851917530829,0.45257472010919897,11.714812333643836,0.35085943261995045,0.35082375833188273,12.757166385943465,SimpleImputer,0.2775223686418351,0.28288435289297104,ExtraTreesRegressor,3818.3873777389526,0.12108874320983887
535,1199,reg_simple_,MNAR_,0.5_,2/,0.22841150405443283,SimpleImputer,0.4309226854943097,0.4309226539025709,11.906930411568348,0.44027095475497235,0.44019019507119705,11.846584638233342,0.26931043047545977,0.2690870059089845,13.53648020850138,RandomForestRegressor,5508.287383317947,0.13485217094421387,0.42597772509967846,0.4259756023572122,11.958572545241209,0.4286535390012197,0.4286498200163039,11.968069306113758,0.25551805197833644,0.252664534791855,13.68770723152499,SimpleImputer,0.27697601712189807,0.2927956985356538,RandomForestRegressor,3355.8855106830597,0.10152530670166016
536,1199,reg_simple_,MCAR_,0.01_,2/,0.27931173766331446,SimpleImputer,0.5326668845782807,0.5326668845782802,10.790149076037462,0.4770499184973057,0.47702849836531436,11.45016969097204,0.475405382921926,0.4753761138439273,11.468244444243908,HistGradientBoostingRegressor,3340.317857980728,0.025549888610839844,0.5567918087416627,0.5567918087416627,10.507951409365663,0.47728815097716937,0.4772627476826051,11.447605024595472,0.47473015153140496,0.47471656850204547,11.47545098937759,SimpleImputer,0.271316429415404,0.2930512518447387,HistGradientBoostingRegressor,1725.7204344272614,0.01663351058959961
537,1199,reg_simple_,MCAR_,0.1_,2/,0.26317804247887355,SimpleImputer,0.5555309079071415,0.5555309079071415,10.522888040552774,0.46734047488411445,0.46731735951072895,11.555990686622739,0.4395881371702134,0.43958757802278603,11.85295915474418,HistGradientBoostingRegressor,4922.288198232651,1.7767360210418701,0.5937972543288109,0.5937972543288109,10.059713078589736,0.4728427540813991,0.4728162216366606,11.496189935444454,0.4418169922678936,0.44173044118251126,11.830276220713827,SimpleImputer,0.2757860512939378,0.2708909190524071,HistGradientBoostingRegressor,4785.657591342926,0.017273664474487305
538,1199,reg_simple_,MCAR_,0.3_,2/,0.27227870732655335,SimpleImputer,0.41933008747207556,0.41933008747207545,12.027595904073387,0.45907053852294644,0.4590687513130872,11.645119419598137,0.3791962739170136,0.3791908318862496,12.475327981021913,LGBMRegressor,3540.0520539283752,0.03628945350646973,0.397814637728368,0.39781224727630615,12.248421003462802,0.4554178232153058,0.455375611782074,11.684804366674225,0.37509894216793227,0.3750848174095154,12.516515783330421,SimpleImputer,0.27651674341433313,0.27458356854879373,XGBRegressor,4830.263482093811,0.014264345169067383
539,1199,reg_simple_,MCAR_,0.5_,2/,0.22758435315589928,SimpleImputer,0.32934736995391467,0.32934736995391445,12.925965211434356,0.44904917775136755,0.44821112633368454,11.76140975956699,0.3086260712190193,0.30858552988963384,13.165645086386217,LGBMRegressor,5310.889664649963,0.03454136848449707,0.29736918067756024,0.29643870158985164,13.239303483105283,0.4404580181282671,0.4390984782615629,11.85813035984536,0.2803274808739127,0.27875539582613074,13.446653062620122,SimpleImputer,0.2776168724685177,0.28120375721207863,MLPRegressor,7175.167954206467,0.08970284461975098
540,1199,reg_full_,MAR_,0.01_,2/,0.23860750088773322,IterativeImputer,0.549432755694951,0.5494327556949172,10.594829561598269,0.4790052975854281,0.4789840716089028,11.428741547002224,0.4778102335133926,0.47778256989781587,11.44191172504947,HistGradientBoostingRegressor,5530.157348394394,1.7890844345092773,0.5086589079655357,0.5086588557705891,11.063836091070732,0.4617832843244709,0.4617824501495854,11.615872560060476,0.46084975065357825,0.46084869428532904,11.62594440632359,SimpleImputer,0.23284041929098234,0.22797613047830306,ExtraTreesRegressor,817.328049659729,0.09934639930725098
541,1199,reg_full_,MAR_,0.1_,2/,0.23582319356217654,KNNImputer,0.6026351933450628,0.6026333030992607,9.949698020939168,0.4718413193616291,0.4718366604115365,11.506865525332692,0.4513152509569329,0.4511412705849621,11.730140099984936,RandomForestRegressor,4723.878850698471,0.15996503829956055,0.5225363905089793,0.5225363905089793,10.906472411736063,0.47374076016073563,0.4737401063224659,11.48611203499214,0.452751860133325,0.45267754533146853,11.713712060422193,IterativeImputer,0.20885853752622768,0.21768741497181726,HistGradientBoostingRegressor,10413.460160017014,0.03499007225036621
542,1199,reg_full_,MAR_,0.3_,2/,0.1598875507013392,SimpleImputer,0.5631550812353426,0.5631550812353426,10.432245795127093,0.46210076920857135,0.46208389184903675,11.612619229897376,0.35165483933271413,0.3452958408848644,12.811366669578323,ExtraTreesRegressor,3787.6802287101746,0.15679669380187988,0.4995060134016698,0.4995060134016698,11.16641073818653,0.4655198749163404,0.4652916694321251,11.57794244670554,0.4506421135008124,0.4503344117445347,11.73875897666541,KNNImputer,0.2759143049309625,0.25041318888061886,HistGradientBoostingRegressor,5424.001822948456,6.039494752883911
543,1199,reg_full_,MAR_,0.5_,2/,0.2524748387336412,KNNImputer,0.4480854248863694,0.44808542488636927,11.72600562823241,0.44858663977431723,0.44858286831663996,11.757447241803163,0.3073786894313424,0.3054175028316656,13.195772783687207,ExtraTreesRegressor,5281.734457731247,0.15153026580810547,0.390417725964719,0.390417725964719,12.323393935519281,0.4470513048016711,0.44698506421976714,11.77446929931047,0.3716149629654215,0.37036915944558446,12.563652262441712,KNNImputer,0.21215614082192288,0.2111898802843793,LGBMRegressor,6120.6084525585175,7.886242151260376
544,1199,reg_full_,MNAR_,0.01_,2/,0.24060030121154918,IterativeImputer,0.5559578270763353,0.5559578270763353,10.517833131248842,0.47755140608015734,0.4775270197692767,11.444710965570902,0.4746764536041542,0.4746432495126054,11.476251832372045,HistGradientBoostingRegressor,2425.688830137253,1.760225534439087,0.556844265130747,0.5568442651306641,10.5073295509385,0.4768822313103652,0.4768678076696381,11.451928672496246,0.4721724220069371,0.47216147133180797,11.503326723877159,IterativeImputer,0.27090770958682325,0.33831210634406816,HistGradientBoostingRegressor,9012.772328138351,0.4582223892211914
545,1199,reg_full_,MNAR_,0.1_,2/,0.24404473165608037,IterativeImputer,0.5559868302672168,0.5559868302672168,10.517489632678295,0.47407812039802755,0.4740775618019829,11.48242880446864,0.44142554916473,0.4413829626987794,11.83395735191732,HistGradientBoostingRegressor,4238.393443822861,1.5329830646514893,0.5577703240073353,0.5577702375333433,10.4963462958673,0.46893688440281145,0.4687615225786884,11.540315254088947,0.43694940976596996,0.43684856226943225,11.881889517910695,SimpleImputer,0.3058142753196475,0.26576014030233536,RandomForestRegressor,1763.856192111969,0.10264086723327637
546,1199,reg_full_,MNAR_,0.3_,2/,0.2289347149003496,IterativeImputer,0.4570970410039181,0.4570970410039181,11.629881003359523,0.4588673046827768,0.458631451353405,11.649825545818912,0.3986978518219456,0.39865588182334666,12.278192694862128,HistGradientBoostingRegressor,5055.620714426041,1.7732844352722168,0.36782622483359906,0.36819693452027147,12.52829457914764,0.45221726990180056,0.45215687081407085,11.719282434422762,0.3481335722064155,0.35194343911810666,12.797155824407966,IterativeImputer,0.3608782492208237,0.35662033969005236,ExtraTreesRegressor,803.7603862285614,0.38120245933532715
547,1199,reg_full_,MNAR_,0.5_,2/,0.22298601710097338,VAE,0.10631486619780617,0.10631486619780595,14.921292144573473,0.12089845604993266,0.1147578110256281,14.897176488488327,-0.03457871135635715,-0.036032704951795225,16.116088508320125,LGBMRegressor,4583.257625102997,0.027662992477416992,0.3949037188172072,0.3949034810066223,12.277968286105946,0.4478256905868957,0.44354546070098877,11.811028940783046,0.25215659806644075,0.250302791595459,13.70931809181016,SimpleImputer,0.28616447217382307,0.28789078913408045,XGBRegressor,6285.350949525833,0.020622730255126953
548,1199,reg_full_,MCAR_,0.01_,2/,0.24521529109930484,IterativeImputer,0.5780653613815543,0.5780653613815209,10.252664752082815,0.47714305481495434,0.4771196190732514,11.449172128947877,0.4728236549279612,0.47279945863690487,11.496372707662697,HistGradientBoostingRegressor,3442.457134962082,0.029093027114868164,0.5658327347020846,0.5658327347020846,10.400224275497031,0.4772592460708357,0.47724422721753923,11.44780781585449,0.4700927408858451,0.47006642585868574,11.526133060260225,IterativeImputer,0.2439222466178211,0.23725738583121755,HistGradientBoostingRegressor,9595.66860818863,0.02929520606994629
549,1199,reg_full_,MCAR_,0.1_,2/,0.2378810941052632,IterativeImputer,0.510650717375322,0.5106507173753219,11.041387319277304,0.4730933415023417,0.4730749110142535,11.493368995897868,0.44936871899435493,0.44936602228140266,11.749094977600489,LGBMRegressor,5310.778613328934,0.03840327262878418,0.49934629122927743,0.4993462912292773,11.168192359102914,0.46762341974191923,0.4675891169678097,11.553042564192475,0.4307131861815924,0.4307094136819659,11.946478682161134,IterativeImputer,0.24818877164354114,0.24249370164814854,HistGradientBoostingRegressor,1114.8940069675446,0.0441431999206543
550,1199,reg_full_,MCAR_,0.3_,2/,0.23027864717699056,IterativeImputer,0.4471060517831449,0.4471060517831449,11.736404922707147,0.45282380934187483,0.45282371092745066,11.7121478490378,0.38041698363683285,0.3803826393078674,12.463347382190612,ExtraTreesRegressor,5181.977424621582,0.13671374320983887,0.43099346782106573,0.4309934678210656,11.906189560928665,0.45381470704962656,0.4538142237437389,11.701542229182806,0.36705449374215693,0.3670128764622125,12.597093387965138,IterativeImputer,0.2540998696993089,0.25782374465731367,ExtraTreesRegressor,10624.078108549118,0.13558578491210938
551,1199,reg_full_,MCAR_,0.5_,2/,0.24426490547174215,VAE,0.02192513345412439,0.02192461337354401,15.609907576732532,0.07126780639482289,0.07085233110642919,15.262134694229365,0.003195689094494969,0.0027672226961323876,15.811431231288164,SGDRegressor,3645.0712213516235,0.0235443115234375,0.3476938112838067,0.3476938112838065,12.747937223563543,0.4461265163864293,0.4461020454684944,11.783865908216477,0.28370148062969536,0.2835232270221869,13.402134409538313,SimpleImputer,0.2762682702560778,0.2791111767498951,LGBMRegressor,6905.59529042244,0.03211688995361328
552,1199,reg_simple_,MAR_,0.01_,3/,0.27638667713692383,SimpleImputer,0.5872771943064778,0.5872771663105745,10.14012748313404,0.4735196469485894,0.4735129694611506,11.488590504301865,0.47252380762014845,0.47250994898521237,11.499528863424263,RandomForestRegressor,4512.806898117065,0.14019441604614258,0.6191503202197425,0.6191503202197424,9.740717858004695,0.47394621124806624,0.4739357302947943,11.483976998918306,0.4731339498214191,0.4731117785600979,11.492966908647388,SimpleImputer,0.2996057188663683,0.2201709276291998,RandomForestRegressor,6053.580801725388,0.10570216178894043
553,1199,reg_simple_,MAR_,0.1_,3/,0.3210169372462342,SimpleImputer,0.568285030667151,0.568285030667151,10.370811021504132,0.4739789402882679,0.4739640968293398,11.48366737418178,0.4682483176457438,0.46822688578726,11.546120862893584,HistGradientBoostingRegressor,5288.305556058884,1.521080732345581,0.5515285968810408,0.5515285968810408,10.57015958975607,0.47549281665348275,0.47548186897045097,11.467088485850136,0.44558457054862044,0.44557006503934027,11.78952334162176,SimpleImputer,0.30925330259696865,0.3234905619591113,HistGradientBoostingRegressor,2929.8782436847687,0.017232656478881836
554,1199,reg_simple_,MAR_,0.3_,3/,0.19890671365070006,SimpleImputer,0.5278154306016221,0.5278154306016221,10.846011535502882,0.4661973668039361,0.46617332490783503,11.568393345806044,0.3052684526570476,0.2791762628942889,13.44272923480658,HistGradientBoostingRegressor,3176.8692948818207,0.02535080909729004,0.5648014331917697,0.5648014331917692,10.412569062905511,0.45926897881992523,0.4592547233275951,11.64311745308781,0.3481715526104059,0.3450945622143735,12.813335846536416,SimpleImputer,0.24388484358249612,0.3214050886907359,HistGradientBoostingRegressor,6185.549442529678,0.01898479461669922
555,1199,reg_simple_,MAR_,0.5_,3/,0.25236348426308985,SimpleImputer,0.40758877506378366,0.40758877506378355,12.14858806279958,0.4588190677620211,0.4584372947887244,11.651914406861813,0.40318581778450413,0.3882521956058457,12.383948032458116,LGBMRegressor,2562.5112857818604,0.04539179801940918,0.5662695328247165,0.5662695328247165,10.39499133653753,0.4634091471079069,0.46309028494353044,11.601751056391802,0.2535646092235738,0.22659450058233543,13.924401557796791,SimpleImputer,0.28170305875270435,0.3497414368857318,HistGradientBoostingRegressor,3378.648285627365,0.021387815475463867
556,1199,reg_simple_,MNAR_,0.01_,3/,0.27258377525116806,SimpleImputer,0.5620146051139754,0.5620146051139754,10.445854711526412,0.4774840319090996,0.47743461891585914,11.445722935901381,0.47357476505009344,0.4735088755453706,11.488635171338085,HistGradientBoostingRegressor,4750.124260663986,0.03929591178894043,0.5848019055050633,0.5848019055050633,10.170489190406084,0.4760540080680724,0.47600748599820886,11.461341489370424,0.47607722536004615,0.47600542793072664,11.461363997507878,SimpleImputer,0.2555684506318444,0.26650773381372633,HistGradientBoostingRegressor,3040.062705039978,0.016060829162597656
557,1199,reg_simple_,MNAR_,0.1_,3/,0.23214835401987188,SimpleImputer,0.5117270966556853,0.5117270966556853,11.029237242016876,0.46683790963741856,0.46683657485196794,11.56120456963854,0.440388012009975,0.4403879619380344,11.844491901681344,HistGradientBoostingRegressor,4203.770768404007,1.7314238548278809,0.5150103832084998,0.5150103832084997,10.992092822557167,0.4707784940819796,0.47077808862981607,11.518391075263203,0.4458234916558429,0.4457874957694422,11.78721136685462,SimpleImputer,0.26644505712414424,0.273206979472549,LGBMRegressor,1836.700748682022,0.0259857177734375
558,1199,reg_simple_,MNAR_,0.3_,3/,0.25029170572185305,SimpleImputer,0.44037949124251574,0.4403794912425155,11.807582200982752,0.4579855313642923,0.45710384984848607,11.66625035903813,0.37711270225593996,0.3769182287873195,12.498141408426473,HistGradientBoostingRegressor,4610.602005243301,0.027461528778076172,0.4197847124652949,0.4197847124652948,12.022886587915995,0.4577466341753258,0.45772722835700175,11.659550570691323,0.3733317371314867,0.3732991100363855,12.534386062114239,SimpleImputer,0.2780960181134568,0.28340901111644645,LGBMRegressor,845.3212838172913,0.02611994743347168
559,1199,reg_simple_,MNAR_,0.5_,3/,0.22925027096317357,SimpleImputer,0.412601375322202,0.41260137532019814,12.09708213531919,0.44448725072624784,0.4415882772122893,11.83178242139491,0.26848369437700703,0.2684025745047105,13.542816546988846,HistGradientBoostingRegressor,3466.5822920799255,1.7427036762237549,0.3904381810901085,0.3904381810865468,12.323187172093142,0.44237994684109794,0.43759644377934115,11.8739971490588,0.259686794429846,0.2596030441299424,13.624018462104095,SimpleImputer,0.28840285897588086,0.2759784605435449,HistGradientBoostingRegressor,2976.5651199817657,0.017271757125854492
560,1199,reg_simple_,MCAR_,0.01_,3/,0.2891270657076968,SimpleImputer,0.6511844620060325,0.6511816675686573,9.322101290129885,0.4745136802033577,0.47449847111334675,11.47783304258166,0.4733277149412275,0.47331144057110197,11.490789097277062,RandomForestRegressor,3755.1086003780365,0.14951324462890625,0.5552352855129415,0.5552352855129414,10.526386916317962,0.4765323775005298,0.476515280652425,11.455786621227347,0.4720456112183927,0.47203295411536994,11.50472704374101,SimpleImputer,0.26541587456850896,0.28216595523384025,LGBMRegressor,1144.4278345108032,0.03091144561767578
561,1199,reg_simple_,MCAR_,0.1_,3/,0.2735537389299535,SimpleImputer,0.48984861610870944,0.48984861610870944,11.273628028863866,0.46738223309088844,0.46738106264610024,11.555299679639015,0.44411951070655964,0.4441117668957002,11.805017950101611,LGBMRegressor,5833.941479206085,0.04143691062927246,0.5620082215431798,0.5620082215431798,10.445930834624217,0.4659339685895171,0.465932257109014,11.571005103966522,0.4411597878546434,0.4411586663439323,11.836332903442955,SimpleImputer,0.27429553212381286,0.28609222052185995,LGBMRegressor,2491.0085451602936,0.05062150955200195
562,1199,reg_simple_,MCAR_,0.3_,3/,0.24799999941486553,SimpleImputer,0.4266248743853335,0.4266248743853335,11.951807533623628,0.4626355926858834,0.4626174586249594,11.606858438415792,0.3755941038961752,0.3755433734805227,12.51192263944208,LGBMRegressor,4372.4857704639435,0.0396733283996582,0.4639194600622577,0.4639194600622576,11.556576217452752,0.4544154971729495,0.4543365683037581,11.695945508020253,0.3770637379259062,0.3770613837432414,12.496705582710026,SimpleImputer,0.2750465632910626,0.2786775997185489,LGBMRegressor,2100.9472301006317,0.03785204887390137
563,1199,reg_simple_,MCAR_,0.5_,3/,0.25369943861980193,SimpleImputer,0.33632410489331666,0.3363241048933169,12.858555651595339,0.44374339460622614,0.4436904975528613,11.809490207314404,0.29632508328248897,0.29628989390210625,13.282193571500201,LGBMRegressor,12042.663323402405,0.03402400016784668,0.32115533121951423,0.32115477323532104,13.004676081684554,0.4486698934859362,0.44823628664016724,11.761141479226367,0.29906847298967354,0.29906636476516724,13.255964907605955,SimpleImputer,0.2758776396848439,0.27934805838609994,XGBRegressor,8173.913293838501,0.014844417572021484
564,1199,reg_full_,MAR_,0.01_,3/,0.24644015584921358,IterativeImputer,0.5613303260940276,0.561330326091349,10.45401147847896,0.4807272592595102,0.48067633806150345,11.41016610146821,0.47832939562047505,0.47828881352401775,11.436364419432195,HistGradientBoostingRegressor,3542.879375219345,0.02697134017944336,0.569722258657921,0.5697222586579211,10.353533828297833,0.47923863691916446,0.47920550952754504,11.426312613873236,0.47441058555708593,0.4743543258456975,11.47940712161357,IterativeImputer,0.3057539417922497,0.30676954317990496,HistGradientBoostingRegressor,6929.904579401016,0.30022525787353516
565,1199,reg_full_,MAR_,0.1_,3/,0.20273986156706764,KNNImputer,0.5532095302744627,0.5532095302744626,10.550331776470843,0.47607496554344053,0.47604154809156085,11.46096896150222,0.45113177976379004,0.4510445115377061,11.7311740155458,HistGradientBoostingRegressor,4324.67658829689,0.029801368713378906,0.5983543423938643,0.5983542906486525,10.003125848383778,0.4707206158315894,0.47070325619280795,11.519205401718814,0.45929957864100224,0.45924923643657434,11.643176523742056,KNNImputer,0.22028859375749138,0.285979711922245,RandomForestRegressor,8352.381147146225,2.5782153606414795
566,1199,reg_full_,MAR_,0.3_,3/,0.25491304907342305,KNNImputer,0.43761143567333405,0.43761143567333416,11.836748150468075,0.46226928539023615,0.4620140502703205,11.613373081030977,0.39432489400714044,0.39202289047903116,12.345722910887488,LGBMRegressor,4501.751110076904,0.03852343559265137,0.532242090070171,0.532242090070171,10.795051954515968,0.47114146508079935,0.47106590111290025,11.515258563631926,0.2861036599323856,0.25687299832132116,13.649113089372618,SimpleImputer,0.259072591814179,0.4021782547426537,LGBMRegressor,7829.165214061737,0.036176443099975586
567,1199,reg_full_,MAR_,0.5_,3/,0.20925407528159418,IterativeImputer,0.39531139331646636,0.39531139331646625,12.273828753526002,0.4463785653781881,0.4461243093776055,11.783629079795464,0.43130944370041524,0.43099191367564826,11.943514204073987,LGBMRegressor,4125.520117282867,0.029941558837890625,0.48018457674055903,0.4801843762397766,11.379910156679673,0.46104692108279166,0.4604909420013428,11.629800839472113,0.43520346076578964,0.43424737453460693,11.909298684714699,SimpleImputer,0.32682640080493297,0.26072561566073976,XGBRegressor,6613.082651615143,0.02441859245300293
568,1199,reg_full_,MNAR_,0.01_,3/,0.2213068559563776,IterativeImputer,0.5455463315631137,0.5455463315631135,10.640424964398086,0.4775429856826753,0.47752596959949745,11.444722467489665,0.47249714772384643,0.47248209139857245,11.49983251359889,HistGradientBoostingRegressor,2270.1997973918915,1.725480079650879,0.5877132335698496,0.5877132335698495,10.134769230782585,0.47929525389017624,0.4792789240419735,11.425507222521802,0.47605032421499516,0.47604585566588775,11.460921849868702,IterativeImputer,0.23511580413407426,0.2771426090805467,HistGradientBoostingRegressor,5500.370664834976,0.0455930233001709
569,1199,reg_full_,MNAR_,0.1_,3/,0.2314393333805354,IterativeImputer,0.5268598144132888,0.526859814406944,10.856981171330444,0.4715625558457709,0.47155481928268683,11.50993529105733,0.4325563877232981,0.4325193307796157,11.92747314310903,HistGradientBoostingRegressor,5705.126192331314,1.7338662147521973,0.5532331526490558,0.5532331526490558,10.550052868122886,0.47112233332408304,0.4711210539969507,11.514658189900766,0.4313573406709571,0.43135655853113875,11.939686631953517,IterativeImputer,0.2457120852389384,0.24755141241630782,HistGradientBoostingRegressor,11314.685894012451,0.1989607810974121
570,1199,reg_full_,MNAR_,0.3_,3/,0.23793656916674505,IterativeImputer,0.4515740334234404,0.4515740334234404,11.688887300974677,0.45398098749941684,0.4538303376090359,11.701369615326685,0.3815568974747062,0.38099392482866956,12.457197987208525,HistGradientBoostingRegressor,6241.619908332825,1.8124487400054932,0.4727681175060986,0.4727681175060985,11.460801723206337,0.45554505231446574,0.4553966088243301,11.684579341009774,0.34303588728590206,0.34111049604302035,12.85225121643842,SimpleImputer,0.27097811383603704,0.28740399134802325,HistGradientBoostingRegressor,7037.352778196335,0.01763296127319336
571,1199,reg_full_,MNAR_,0.5_,3/,0.20696333967259922,VAE,0.188381574093627,0.18838157409362688,14.219689581497535,0.02279767151328993,0.02279727352212213,15.651834469256853,-0.0992263647813294,-0.1009822533751783,16.61357401290108,LGBMRegressor,4009.3291862010956,0.029087305068969727,0.3746298542534855,0.3746298539528812,12.48195864131216,0.44402334008098643,0.44334376641446827,11.813169885744522,0.2633389296824207,0.26151198151619215,13.606443981884938,SimpleImputer,0.27746795986857525,0.2864517278561042,RandomForestRegressor,4128.606801986694,0.10878324508666992
572,1199,reg_full_,MCAR_,0.01_,3/,0.21303347427210664,IterativeImputer,0.5847635054036409,0.5847635054036314,10.17095949457179,0.4795796028853625,0.47955980283324506,11.422425327353357,0.473936923264786,0.47389716982414853,11.484397878522717,HistGradientBoostingRegressor,3071.408533811569,1.764167308807373,0.5482088804922998,0.5482088804922998,10.609209164075029,0.4782138648215337,0.47819335463114787,11.437410642688338,0.47337683534821096,0.47334278215742087,11.49044720175857,KNNImputer,0.24892078646720595,0.243739513214193,HistGradientBoostingRegressor,4269.764379024506,0.4754679203033447
573,1199,reg_full_,MCAR_,0.1_,3/,0.25359497017857074,IterativeImputer,0.624619613456899,0.6246162374865644,9.67056633253756,0.46961971346189046,0.4695447174836197,11.531805281444495,0.44258842110279184,0.44258642670482895,11.821203157616502,RandomForestRegressor,6500.961430072784,0.13283967971801758,0.594073854867591,0.5940714963604425,10.056316668817155,0.46645394362403036,0.46645293472129223,11.565363279934546,0.4405828417966178,0.44056206394439223,11.842649276720717,IterativeImputer,0.24858966708395092,0.2413937415860464,RandomForestRegressor,8001.995255947113,0.14033818244934082
574,1199,reg_full_,MCAR_,0.3_,3/,0.2138444004019131,IterativeImputer,0.43175704342025867,0.4317570434202588,11.89819815190213,0.4545442641517513,0.45434305087114,11.695876032977914,0.37180697277761665,0.37154798868800554,12.551885574383046,LGBMRegressor,3892.88347530365,0.039783477783203125,0.40128606999117156,0.4012855258937935,12.213047478873934,0.452721513331961,0.4523485726859081,11.717231842904967,0.38124611209651205,0.38124611094991956,12.454660166820165,IterativeImputer,0.254073102795989,0.2555869755379721,LGBMRegressor,12743.538447618484,0.05976414680480957
575,1199,reg_full_,MCAR_,0.5_,3/,0.22614531111766162,IterativeImputer,0.31694946517852296,0.31694946517852285,13.044894904132793,0.44142321844297916,0.4406551697486273,11.841663765018298,0.2864344179573223,0.2864319223673969,13.374902283737791,LGBMRegressor,5939.726892948151,0.051059722900390625,0.31397008001877647,0.31397008001877647,13.073314087288304,0.4536327610992186,0.4532662255905442,11.707410942897821,0.30422867248011964,0.30420856120331374,13.207251609818512,SimpleImputer,0.27889051164098816,0.2810048503653966,LGBMRegressor,9012.901634454727,0.02458477020263672
576,1200,reg_simple_,MAR_,0.01_,1/,0.20038739310323614,SimpleImputer,0.9427105236648516,0.9427105236648515,1.5636911275557186,0.8104796605230963,0.8104780797899414,2.851749033631404,0.8036999304786714,0.8036985619816626,2.9023068015775504,HistGradientBoostingRegressor,15298.69156718254,1.819993257522583,0.9099714734487129,0.9099714734486748,1.9602145878550723,0.8100504233357637,0.8100501944092654,2.854966428667886,0.8064521595938121,0.8064512719128487,2.881885619583907,SimpleImputer,0.4182168310902526,0.39677891002971133,HistGradientBoostingRegressor,4831.920640230179,0.03808927536010742
577,1200,reg_simple_,MAR_,0.1_,1/,0.1917940727333123,SimpleImputer,0.9961645174019029,0.9961645174019029,0.40459783453595566,0.807956346069103,0.8079374613112145,2.870799828514987,0.7248447707496359,0.7246830162633976,3.437146795002826,RandomForestRegressor,6734.6086621284485,1.070631742477417,0.8498896617549985,0.8498896617549984,2.5311556217575104,0.8036384729788859,0.803638284123561,2.902752369912141,0.7571185073049693,0.7568447275989867,3.2301554607889225,SimpleImputer,0.5785752322683869,0.5430881993849557,HistGradientBoostingRegressor,6696.535111904144,0.04353165626525879
578,1200,reg_simple_,MAR_,0.3_,1/,0.204575051124471,SimpleImputer,0.8689645416669385,0.8689645416669385,2.3648737559968134,0.7989914573972803,0.798991152338849,2.936900045637295,0.7111190632096928,0.7065565767956451,3.54849149985682,HistGradientBoostingRegressor,10288.348181247711,1.7331812381744385,0.8430909298117983,0.8430909514427185,2.587840956835134,0.7981478837522135,0.798051655292511,2.9437556765522452,0.7592676118950512,0.7592425346374512,3.2141892924179962,SimpleImputer,0.21040711711333918,0.20215395362704594,XGBRegressor,4947.965891361237,0.0925133228302002
579,1200,reg_simple_,MAR_,0.5_,1/,0.2142543799588989,SimpleImputer,0.8510909275795046,0.8510909275795046,2.5210074255546595,0.7876985457075619,0.7876730197480981,3.0184512817683475,0.7204318564229826,0.7169073076775319,3.4853460822983817,HistGradientBoostingRegressor,10517.210151672363,1.757990837097168,0.8071310452222775,0.8071310520172119,2.869093747805197,0.7857401493542505,0.7856884598731995,3.032524705111583,0.5888595305213141,0.5827833414077759,4.231188611274494,SimpleImputer,0.21089687798264678,0.23105237573085813,XGBRegressor,4654.153660535812,0.11441564559936523
580,1200,reg_simple_,MNAR_,0.01_,1/,0.18935265206088622,SimpleImputer,0.8986570560698374,0.8986570560698374,2.079746028930716,0.8093909533493304,0.8093792829992185,2.86000392049501,0.8006638425574827,0.8006625507214663,2.9246643237492216,HistGradientBoostingRegressor,5713.4317128658295,0.04519295692443848,0.9520160777098725,0.9520160777098725,1.4310717816685568,0.8109782478664402,0.8109778043618179,2.847986857441527,0.8040438278973032,0.8040422335756843,2.899765105091063,SimpleImputer,0.5775363829628185,0.5727323642697215,RandomForestRegressor,7140.284934997559,0.6293478012084961
581,1200,reg_simple_,MNAR_,0.1_,1/,0.20402421026202983,SimpleImputer,0.8455257232440471,0.8455257232334887,2.567684331707109,0.8017967273590251,0.8017839226954157,2.916426378414573,0.7704798229239003,0.7704750998126579,3.1383146393281005,HistGradientBoostingRegressor,9393.185688734055,1.8468914031982422,0.8640528873174087,0.8640528873174087,2.408787782967371,0.8026460455137002,0.802644462941389,2.9100887690812662,0.7697633660953269,0.7697481234337743,3.143280716923513,SimpleImputer,0.20762538071301925,0.20197551136227285,HistGradientBoostingRegressor,5639.44401550293,0.05090641975402832
582,1200,reg_simple_,MNAR_,0.3_,1/,0.20519137380873706,SimpleImputer,0.7628277505364882,0.762827750536484,3.1815992972184923,0.7849757067585591,0.7849737097779057,3.037577450815218,0.6921711691834536,0.692158962399934,3.6345013638805344,HistGradientBoostingRegressor,9020.509447813034,0.038248538970947266,0.8128257638096262,0.8128257635723534,2.826419239983748,0.7860581470887494,0.7859833478899927,3.0304377134465392,0.6859201967227841,0.6852804002774784,3.674882640395337,SimpleImputer,0.19829864538627592,0.20041726911437582,HistGradientBoostingRegressor,4567.767483711243,0.04667067527770996
583,1200,reg_simple_,MNAR_,0.5_,1/,0.2326463652173904,SimpleImputer,0.7036540333902508,0.7036540333902508,3.5564200995750728,0.7624521009795385,0.7620976902836021,3.1950739055543624,0.561520510407153,0.5614797312991657,4.337868823230734,HistGradientBoostingRegressor,8487.47853255272,0.04846692085266113,0.6763900140740193,0.6763900140740193,3.7164175561346937,0.7649404573024663,0.7649403725979955,3.175927653393876,0.5631385179717325,0.5630001475895499,4.330342269030727,SimpleImputer,0.5456332675185939,0.5559217879543026,LGBMRegressor,3261.9847638607025,0.1746819019317627
584,1200,reg_simple_,MCAR_,0.01_,1/,0.2010218969324336,SimpleImputer,0.9738846681255853,0.9738846681255853,1.055750559676,0.8104237352787662,0.8104203297734738,2.852183484721937,0.8017206206165038,0.8017204564627494,2.916893242111376,RandomForestRegressor,7522.421100616455,0.9122145175933838,0.9613087209990384,0.9613087209990384,1.2850501860397028,0.8117747941887274,0.8117747815854489,2.8419765097256375,0.8054851855783007,0.8054834085248203,2.889082239468182,SimpleImputer,0.5574787546992499,0.5540317183606553,RandomForestRegressor,6184.041762828827,0.6854913234710693
585,1200,reg_simple_,MCAR_,0.1_,1/,0.19108166683863675,SimpleImputer,0.860702287661014,0.860702287661014,2.4382910120397883,0.8014506112981754,0.8014441825315052,2.9189246696381215,0.7651421117062156,0.765121425837612,3.174704298357708,HistGradientBoostingRegressor,6528.85709810257,0.044326066970825195,0.9246274401000717,0.9246274401000717,1.7935776294244299,0.8033542366305397,0.8033444776091598,2.9049231820075643,0.7691961554426803,0.7691817975438777,3.147143938423343,SimpleImputer,0.20118800462610373,0.20250420199431637,HistGradientBoostingRegressor,3990.9343390464783,0.056829214096069336
586,1200,reg_simple_,MCAR_,0.3_,1/,0.20669121272258137,SimpleImputer,0.7819429735809292,0.7819429735809292,3.05069358225071,0.7826129755663379,0.7826083886024104,3.0542386590728685,0.6821613244891175,0.6821443583865514,3.693146546925388,HistGradientBoostingRegressor,8159.74098944664,1.7502012252807617,0.7713021886045711,0.7713021886045711,3.1242411620741652,0.7830321956697687,0.7829245401429816,3.052016968975722,0.6864363924522208,0.686436368969046,3.6681274887541084,SimpleImputer,0.20135498313631725,0.2018119030238261,HistGradientBoostingRegressor,4439.906143188477,0.04504704475402832
587,1200,reg_simple_,MCAR_,0.5_,1/,0.23191629358236865,SimpleImputer,0.6414247845730715,0.6414247845326831,3.912043540102134,0.763310158670427,0.7632231171274668,3.187507596810833,0.5692750632996427,0.5692625733580761,4.299202321822206,HistGradientBoostingRegressor,6131.544724225998,0.03913450241088867,0.681875458887245,0.6818754588872298,3.684784827072784,0.7692978818722066,0.7692973531419385,3.1463560550935594,0.5668862984458236,0.5668842423478151,4.311055077218853,SimpleImputer,0.5573685010815337,0.559623735933388,HistGradientBoostingRegressor,4271.765301465988,0.045957088470458984
588,1200,reg_full_,MAR_,0.01_,1/,0.13799767854122064,KNNImputer,0.9300933258905867,0.9300933244377116,1.7273202740956233,0.8122372771858226,0.8122358011834221,2.838493952673276,0.8113370972704438,0.8113359802948312,2.8452872695984954,HistGradientBoostingRegressor,7014.906601190567,0.04512166976928711,0.933488590949143,0.933488590949143,1.6848514653050497,0.8106624956616914,0.810656227134724,2.8504084210016636,0.8100338269408554,0.810028245846714,2.855131368555565,KNNImputer,0.1347696732271531,0.12550765490796906,RandomForestRegressor,10738.124106168747,4.139683246612549
589,1200,reg_full_,MAR_,0.1_,1/,0.15457574505787455,KNNImputer,0.9747278153590194,0.9747278153590194,1.0385680036538,0.805697068843793,0.8056801990075844,2.8876204419046463,0.796849483122722,0.7968150402424695,2.952754620103502,RandomForestRegressor,7793.35991191864,1.0080435276031494,0.9294689393447698,0.9294689366607307,1.7350171077291525,0.8079464243297638,0.8079463964973159,2.870733049669807,0.7978591728617679,0.7978587159080199,2.945161327480159,KNNImputer,0.14001144208466076,0.13600022519783797,HistGradientBoostingRegressor,9691.636695861816,25.759126901626587
590,1200,reg_full_,MAR_,0.3_,1/,0.17608599109286993,IterativeImputer,0.8363627225342865,0.8363627225342865,2.6427414007141654,0.789560092715687,0.7895401606036265,3.0051502906901093,0.7636804001603151,0.7636545711811911,3.184602139722624,LGBMRegressor,8490.864152431488,0.2465953826904297,0.8423153096398139,0.8423153096398139,2.594229004006326,0.7915917805593415,0.7913654152662394,2.992090532490041,0.7084215977110708,0.7082319575760856,3.5383471517907186,KNNImputer,0.13140692818054492,0.15103132878352588,HistGradientBoostingRegressor,14627.249949216843,64.58289098739624
591,1200,reg_full_,MAR_,0.5_,1/,0.1843847419745887,KNNImputer,0.861960266192096,0.861960266192096,2.427256106034956,0.7701566405010929,0.770007418313647,3.1415103378981093,0.6586913927605639,0.6586807799030545,3.8270307465611815,RandomForestRegressor,9649.610714673996,0.6897270679473877,0.8702214405695522,0.8702214405695522,2.3535044307415025,0.7853580057232113,0.7853508010912281,3.0349127843206705,0.7082678283643367,0.7081993047948145,3.538545140649087,SimpleImputer,0.2036800063652883,0.20157240425424547,RandomForestRegressor,14526.619855880737,0.489001989364624
592,1200,reg_full_,MNAR_,0.01_,1/,0.13547754101592613,KNNImputer,0.9450680671560344,0.9450680671560343,1.5311790767635718,0.8120434552861926,0.8120427066911016,2.8399531145112182,0.8095359911786774,0.8095359651019115,2.8588282782169534,HistGradientBoostingRegressor,7842.393967628479,0.04644513130187988,0.9638614269633198,0.9638614269633198,1.2419355126563731,0.811579705900335,0.8115796552457941,2.843449215757664,0.8071924814508229,0.807191967433437,2.8763659606763112,KNNImputer,0.1378082517233718,0.13492652505043506,HistGradientBoostingRegressor,8543.715677022934,6.079002141952515
593,1200,reg_full_,MNAR_,0.1_,1/,0.14518476827118493,KNNImputer,0.9239783084024185,0.9239783084024185,1.8012844929759648,0.8032946661180546,0.80329463160449,2.905291312122624,0.7764594716184159,0.7764081924385434,3.097487215256985,RandomForestRegressor,8441.386956214905,0.7726447582244873,0.9357421314285113,0.9357421314285113,1.6560624259989638,0.8023455347284477,0.8023375614626183,2.912350584527303,0.7705181646822097,0.7704472105540835,3.138505299709142,KNNImputer,0.1410189464686088,0.13699969236982543,RandomForestRegressor,12207.112565279007,45.27675747871399
594,1200,reg_full_,MNAR_,0.3_,1/,0.1805272402119265,KNNImputer,0.8030940725949705,0.8030940725949705,2.8989647901956364,0.7707575263601205,0.7707153464197962,3.1366717525557477,0.6513403229770928,0.6511804206820402,3.8688510168446935,HistGradientBoostingRegressor,11316.155881404877,1.7702653408050537,0.8500372020271283,0.8500372020271282,2.5299114063286785,0.7851682855996788,0.785136235570901,3.036429270270452,0.668622716244957,0.6686224451987166,3.7708835723142653,SimpleImputer,0.5491174339638543,0.550932751363725,HistGradientBoostingRegressor,13111.009009361267,0.044692277908325195
595,1200,reg_full_,MNAR_,0.5_,1/,0.15601413067165437,VAE,0.07112913228848738,0.07112913228848727,6.296384147814313,0.051519794232246174,0.04231364008508942,6.410519565549229,-0.031550360899647245,-0.03165929275140478,6.653493337175966,LGBMRegressor,8128.971028089523,0.11365175247192383,0.7137156774120572,0.7137156774120572,3.495524325070361,0.7578832358272753,0.757858063951409,3.22341768516786,0.5507951018016071,0.5507140284116209,4.390793456526602,SimpleImputer,0.5557306621671696,0.5463771298036812,LGBMRegressor,13743.973966121674,0.24547243118286133
596,1200,reg_full_,MCAR_,0.01_,1/,0.14314313405479365,KNNImputer,0.9477253705378353,0.9477253705378353,1.4936850259475394,0.8116840810957942,0.8116786134592157,2.8427024290720104,0.8092011517794373,0.8091960391852256,2.861378252063051,RandomForestRegressor,9499.810914993286,0.8732960224151611,0.8988683662916858,0.8988683662916856,2.0775766577714436,0.8123719147069628,0.81237187019417,2.837465265986829,0.8091755704398531,0.8091755664467657,2.8615317569406464,KNNImputer,0.1346517934750985,0.13984799793743008,HistGradientBoostingRegressor,9509.423921823502,6.214618682861328
597,1200,reg_full_,MCAR_,0.1_,1/,0.14678048018230733,KNNImputer,0.833922113682686,0.833922113682623,2.662376370800108,0.8031311641232165,0.8031292986475466,2.9065120198158647,0.7780772135834453,0.7780644770965478,3.0859933755737523,HistGradientBoostingRegressor,6634.976320981979,1.86269211769104,0.8641593666703467,0.864159345626831,2.4078442682895345,0.8004562023690618,0.8004559278488159,2.9261795281889516,0.7714237100686596,0.7714228630065918,3.1318286002285616,KNNImputer,0.1385515932627738,0.13951360628943604,XGBRegressor,14639.688565731049,50.33662962913513
598,1200,reg_full_,MCAR_,0.3_,1/,0.1759691180915585,VAE,0.007878393161641961,0.007878392431808767,6.507227641383508,0.019890078212390083,0.019673769292805288,6.485849855137851,0.0063564695932205595,0.006169393799120293,6.530369613718042,LinearSVR,6544.178192615509,0.018050670623779297,0.7708913464703638,0.7708913464703637,3.1270461604074975,0.7859388680683869,0.7859068360714966,3.0309793619084844,0.679075165750303,0.6790643528961082,3.7109966135527523,SimpleImputer,0.20148389269954517,0.20165353790689725,HistGradientBoostingRegressor,11995.97626042366,0.04592561721801758
599,1200,reg_full_,MCAR_,0.5_,1/,0.15675985359838748,VAE,0.005870363283704827,0.005870401859283447,6.513809680938721,0.020027256009211625,0.019832220030773562,6.485325677984618,0.0016370386311723717,0.001451253890991211,6.5458526611328125,ARDRegression,5136.02715754509,0.013369560241699219,0.6660191755196085,0.6660191755196085,3.7754985860353982,0.7647254734190598,0.7647244672949239,3.1773858838998934,0.5530600548560942,0.5530593527842329,4.379318238377878,SimpleImputer,0.5575974641728696,0.5566168746238773,HistGradientBoostingRegressor,12728.21636223793,0.04690885543823242
600,1200,reg_simple_,MAR_,0.01_,2/,0.2071555835932871,SimpleImputer,0.8946901447904623,0.8946901447904623,2.1200595188119022,0.810125692651889,0.8101218233259564,2.8544280826710926,0.8072341332056376,0.8072277931246049,2.8760987192535916,HistGradientBoostingRegressor,10852.21459364891,1.7800931930541992,0.8970106586186768,0.8970106585843459,2.096571540220581,0.8122601945940118,0.8122601942987316,2.838309567258831,0.8096039558677737,0.809600486766741,2.8583440083537655,SimpleImputer,0.5901252403464345,0.5810757997950818,HistGradientBoostingRegressor,4596.550203561783,0.03868365287780762
601,1200,reg_simple_,MAR_,0.1_,2/,0.19884266355695987,SimpleImputer,0.958170846413288,0.958170846413288,1.33614344087982,0.804086330356399,0.8040845964642361,2.89945164707389,0.6949120058906348,0.6925337711943966,3.6322881144965566,RandomForestRegressor,9846.659774780273,0.8099288940429688,0.8710672102812125,0.8710668087005615,2.3458264503603674,0.8053627175804159,0.805362343788147,2.8899815086124168,0.7814908740961246,0.7812291979789734,3.0639118259851896,SimpleImputer,0.5507278038845506,0.5376673776746209,XGBRegressor,6588.548828601837,0.23514962196350098
602,1200,reg_simple_,MAR_,0.3_,2/,0.18703083233848458,SimpleImputer,0.838390665729747,0.838390665729747,2.626314711001422,0.7988676259488748,0.798866228304809,2.9378125239166355,0.742432226437013,0.7423965790795817,3.324737731429525,HistGradientBoostingRegressor,8716.318004608154,1.8319380283355713,0.8275539613454095,0.8275539613454095,2.712939800139539,0.797086029324146,0.7970808336323207,2.9508226870205747,0.7652630766943465,0.7648998858004683,3.176201153366957,SimpleImputer,0.5505824709758893,0.5745929635796084,HistGradientBoostingRegressor,5282.321646690369,0.04488635063171387
603,1200,reg_simple_,MAR_,0.5_,2/,0.21192923782918646,SimpleImputer,0.8145634076164741,0.8145634076164726,2.813269026342867,0.7704865956293612,0.7703467150600215,3.139192224770719,0.6351172224313968,0.6340736857655316,3.962583252696823,HistGradientBoostingRegressor,9151.0655002594,1.2943520545959473,0.8684986668298776,0.8684986668298775,2.3690739841927466,0.790378600158837,0.7902600428188173,3.000006298908662,0.719143947665194,0.7178434525215259,3.4795785533055614,SimpleImputer,0.20685898891082932,0.21485188362834387,HistGradientBoostingRegressor,2976.0641543865204,0.05371284484863281
604,1200,reg_simple_,MNAR_,0.01_,2/,0.19969157720944936,SimpleImputer,0.9811739299346554,0.9811739299346554,0.8963825243458823,0.8107913567821312,0.8107888500004645,2.8494099842773655,0.8020843685622411,0.8020807229396563,2.914242094620311,RandomForestRegressor,9543.543248414993,0.9251928329467773,0.9362805184272412,0.936280518426981,1.6491101418272602,0.811053320276167,0.8110519208225595,2.8474284484116263,0.8073607783758233,0.8073593276008529,2.8751173259828855,SimpleImputer,0.5442791473565155,0.5707708396838184,HistGradientBoostingRegressor,6241.713797569275,0.0492556095123291
605,1200,reg_simple_,MNAR_,0.1_,2/,0.1844958940803218,SimpleImputer,0.9270365365741414,0.9270365365741414,1.7646812291751257,0.8018157928316536,0.801814170889372,2.9162038434978257,0.7652162168155738,0.7651772327109565,3.1743271229460466,HistGradientBoostingRegressor,10623.279146194458,0.04844951629638672,0.8647951394934696,0.8647951483726501,2.4022029687164195,0.8009055687246099,0.8009033203125,2.922897408835888,0.7622826998022987,0.762276828289032,3.1938708842372243,SimpleImputer,0.20468669966772685,0.20429694469514045,XGBRegressor,6405.3138256073,0.11658740043640137
606,1200,reg_simple_,MNAR_,0.3_,2/,0.21060064681254217,SimpleImputer,0.8070663358166321,0.807066335816632,2.8695748141554787,0.7890237523890153,0.7890236359188998,3.0088357517224673,0.672970045146088,0.6729412279294833,3.7462303676456576,HistGradientBoostingRegressor,12265.170708179474,1.4532644748687744,0.8625309779954309,0.8625309779954309,2.4222332823591946,0.7875212123268805,0.7875045884351126,3.0196482585438984,0.6764310725459091,0.6763595149830233,3.7266018973936426,SimpleImputer,0.5521213685591065,0.5551136057808255,HistGradientBoostingRegressor,6713.52662563324,0.04686403274536133
607,1200,reg_simple_,MNAR_,0.5_,2/,0.23097025232096602,SimpleImputer,0.678837039633345,0.6788368935742741,3.702340609650368,0.756510723068611,0.7565092976438699,3.2323826744581576,0.5465966811787257,0.5463371617242053,4.41212879861697,HistGradientBoostingRegressor,7107.193949460983,0.0849616527557373,0.7414603172964445,0.7414603172964445,3.3218280761968733,0.7626556407359019,0.7623952424605442,3.1930751888300124,0.493658534792182,0.49361608409929447,4.6614553698863395,SimpleImputer,0.5615589083181566,0.5583133353851147,HistGradientBoostingRegressor,6106.594863176346,0.044278621673583984
608,1200,reg_simple_,MCAR_,0.01_,2/,0.2004623776437636,SimpleImputer,0.8817326860321449,0.8817326860321222,2.2467042788583202,0.8085801303385376,0.8085751889213207,2.866029740085758,0.8027050010362665,0.802704668626377,2.9096448563986455,HistGradientBoostingRegressor,9722.2982776165,1.7889103889465332,0.9474478018133305,0.9474478018133305,1.4976453729187118,0.8107511429827259,0.810750966772049,2.8496952197054437,0.8041275896666344,0.8041268167378315,2.8991392105948313,SimpleImputer,0.5542923144577094,0.549394471478829,RandomForestRegressor,7162.545465230942,0.612513542175293
609,1200,reg_simple_,MCAR_,0.1_,2/,0.19412470583722,SimpleImputer,0.8591656847544604,0.8591656847544604,2.451702607628082,0.8023371997188402,0.8023320440356008,2.9123912310198468,0.7669843559602507,0.7669843451967054,3.162089286782659,HistGradientBoostingRegressor,9486.2283141613,1.7235584259033203,0.8826330541878091,0.8826329708099365,2.2381366483415617,0.8033636049456385,0.8033604621887207,2.9048049393797393,0.7660211986268308,0.7660179138183594,3.1686401152769688,SimpleImputer,0.20089907210405447,0.20191802007168905,XGBRegressor,4770.838617801666,0.23113131523132324
610,1200,reg_simple_,MCAR_,0.3_,2/,0.18064327540600958,SimpleImputer,0.7863878043196054,0.7863878043196042,3.0194411380100084,0.7853744925495764,0.7853384483750883,3.0350001102389035,0.6818282896612535,0.6817929971458709,3.695187206233626,HistGradientBoostingRegressor,8097.459156513214,1.7509639263153076,0.7949330721576469,0.7949330721576469,2.958430412127909,0.7878074346614777,0.7876962307068791,3.0182862931667462,0.6857143491685628,0.6857118760920806,3.6723626721102707,SimpleImputer,0.2014627274738851,0.2021751060325509,HistGradientBoostingRegressor,4195.93510222435,0.0489039421081543
611,1200,reg_simple_,MCAR_,0.5_,2/,0.22851612371446114,SimpleImputer,0.6628754548998936,0.6628754548987985,3.7932261199982813,0.7614977091416318,0.7614193210271124,3.199625977828215,0.5648402565619431,0.5648143637194498,4.321344156676159,HistGradientBoostingRegressor,10777.094065189362,1.7647860050201416,0.6417109610317596,0.6417109610317596,3.910482140514588,0.760859292090439,0.7608525340376122,3.2034243377611267,0.5726476794219669,0.5725455209992258,4.282787388422359,SimpleImputer,0.20113283909334786,0.20182532221184088,HistGradientBoostingRegressor,3771.2198190689087,0.04517531394958496
612,1200,reg_full_,MAR_,0.01_,2/,0.1357179063629038,KNNImputer,0.9038956458520164,0.9038956458519943,2.0252800183900206,0.8116523590743805,0.8116520462732095,2.8429029372092063,0.8104203656047626,0.810420022020179,2.852185799760537,HistGradientBoostingRegressor,9402.150230884552,0.048119306564331055,0.8743271680099041,0.8743271680099041,2.3159770242270583,0.8114541549945145,0.8114540641027576,2.8443967051315258,0.8079087119504821,0.8079086985770242,2.87101478183628,KNNImputer,0.12799886647024541,0.14998492948972936,HistGradientBoostingRegressor,10065.001289606094,3.54988431930542
613,1200,reg_full_,MAR_,0.1_,2/,0.1411662600821639,KNNImputer,0.9444219601320896,0.9444219601320896,1.540157583856847,0.8071583375512205,0.8071501847478677,2.876677606883584,0.7846869306303152,0.7846041215303821,3.0401868315899936,HistGradientBoostingRegressor,6217.59433221817,0.05026412010192871,0.8916815364444736,0.8916815519332886,2.1501303795061153,0.8046584099125258,0.8046578764915466,2.8952066400470073,0.7812507045435548,0.7811941504478455,3.0641571974669106,KNNImputer,0.14819804485221158,0.136943688814759,XGBRegressor,10767.75186085701,29.207542181015015
614,1200,reg_full_,MAR_,0.3_,2/,0.15273992833117722,KNNImputer,0.9139213843813673,0.9139210129897853,1.9167352040262426,0.7970112841378344,0.7969876418537217,2.9515002002731348,0.7693946092308551,0.7693580498565894,3.1459421325812658,RandomForestRegressor,9234.213009119034,0.74295973777771,0.8392954946616196,0.839295506477356,2.61895220086602,0.7865740637141109,0.7863725423812866,3.027681112339981,0.725180669958082,0.7251780033111572,3.434055382187,KNNImputer,0.14937112278593737,0.1463944874416743,XGBRegressor,14350.337488651276,64.93337512016296
615,1200,reg_full_,MAR_,0.5_,2/,0.16455257402891985,KNNImputer,0.7975724318212674,0.7975724318212671,2.9393301852027,0.7861513503036188,0.7861424360447133,3.0293111740738596,0.575706178306733,0.5718408900482261,4.286315883346551,HistGradientBoostingRegressor,6923.627762794495,0.04082202911376953,0.8779849272033686,0.8779849272033627,2.282024419406172,0.790463261073035,0.7904631639554651,2.998553279887491,0.5339106103616325,0.5338824907357543,4.472283106203213,KNNImputer,0.15257188936886026,0.17043990781692542,HistGradientBoostingRegressor,14640.816998243332,84.1916434764862
616,1200,reg_full_,MNAR_,0.01_,2/,0.1479915077367254,KNNImputer,0.8617947918409162,0.8617947918409162,2.42871050007717,0.8088287782663633,0.8088210638167437,2.864188517972152,0.8051119421697143,0.80510691022468,2.891876882097644,HistGradientBoostingRegressor,9615.135468006134,1.779808521270752,0.8916063808475452,0.8916063904762268,2.150876189920411,0.8093562921256626,0.8093550205230713,2.8601863327920753,0.8070254828597678,0.807022213935852,2.8776319311176,IterativeImputer,0.1450334895412307,0.14147454923509034,XGBRegressor,11409.005974531174,1.7265033721923828
617,1200,reg_full_,MNAR_,0.1_,2/,0.14574147843052734,KNNImputer,0.8436058427310064,0.8436058427310006,2.5835912666124514,0.8042800605865321,0.8042743343465704,2.8980472932881622,0.775122463499315,0.7751193833715166,3.106401525409332,HistGradientBoostingRegressor,9718.26870059967,1.741271734237671,0.8568091991813424,0.8568091991813424,2.472128860174277,0.8034801631016202,0.8034801358542494,2.903921062258195,0.7761311279173436,0.7761262834813953,3.099439286608857,KNNImputer,0.13901746766924883,0.1412415445260156,HistGradientBoostingRegressor,12661.272865772247,49.26954746246338
618,1200,reg_full_,MNAR_,0.3_,2/,0.18435218317299004,VAE,0.021835107741402626,0.021835107741402737,6.461295171294786,0.05651360239911718,0.055601302651300366,6.365892035139872,0.0024665745682810325,0.0022214206580793983,6.543327642004841,LGBMRegressor,6152.281383514404,0.07505488395690918,0.7613902974632029,0.7613902974613683,3.1912262476972084,0.7832586466165777,0.7831625427196716,3.050343387088076,0.6740452356482148,0.6738632294037485,3.7409461986489516,SimpleImputer,0.20182909390518128,0.2053125834410617,HistGradientBoostingRegressor,13620.34686088562,0.04803919792175293
619,1200,reg_full_,MNAR_,0.5_,2/,0.15479865105040264,VAE,0.06252954391377052,0.06252954391377052,6.325463305890468,0.06792570332242698,0.03644663084541744,6.430125749828529,-0.033739788201185617,-0.0338522818152307,6.660561219202152,LGBMRegressor,7010.592068433762,0.08575606346130371,0.6735225734177874,0.6735225734177874,3.7328464439561873,0.7635331156842937,0.7633897160499098,3.186386016088987,0.5560088530240144,0.5558635392937512,4.365558303731163,SimpleImputer,0.20732612562109193,0.20059286496510842,LGBMRegressor,12135.439913988113,0.18465065956115723
620,1200,reg_full_,MCAR_,0.01_,2/,0.13673926528699,KNNImputer,0.9814636194078676,0.9814636194078676,0.8894591654032423,0.8108467348470927,0.8108466667855226,2.8489746074203186,0.8088363026933397,0.8088358867873066,2.8640774790525008,RandomForestRegressor,7773.535157203674,0.9741158485412598,0.8889417840978525,0.888941764831543,2.1771528579629815,0.8080750752211706,0.8080742359161377,2.869777498157419,0.8049960552869215,0.8049960732460022,2.892699287459085,KNNImputer,0.13387862734783437,0.1323283785000127,XGBRegressor,6214.79319858551,6.0905256271362305
621,1200,reg_full_,MCAR_,0.1_,2/,0.16683741392552645,KNNImputer,0.93837037142507,0.93837037142507,1.621841170819624,0.8032531856314523,0.8032338885970197,2.9057398573539337,0.7716842851128541,0.771677460516135,3.130083852867112,RandomForestRegressor,9491.722791194916,0.8462438583374023,0.8907416645918752,0.8907416645911705,2.159438477568499,0.8057776452303946,0.8057765377736071,2.8869045491415766,0.7732076016666297,0.773207475211917,3.1195787044722803,KNNImputer,0.13865926900294506,0.1390823214223825,HistGradientBoostingRegressor,12838.610963821411,41.12271165847778
622,1200,reg_full_,MCAR_,0.3_,2/,0.18698003371810804,VAE,0.006297907646084622,0.006297874988131613,6.51240880762681,0.017861799495242914,0.017653985088512902,6.492527875203588,0.00654356798548017,0.006311794088429079,6.529901747348346,LinearSVR,6200.280206680298,0.014401435852050781,0.7911933007726353,0.7911932468414307,2.9852848170024746,0.787135202328719,0.7870641350746155,3.022776086262316,0.681972135360885,0.6819635629653931,3.694196580449044,SimpleImputer,0.20123683391233074,0.20115918125272358,XGBRegressor,11764.375386476517,0.11052560806274414
623,1200,reg_full_,MCAR_,0.5_,2/,0.1520550444822392,VAE,0.006466660039396999,0.006466659705139932,6.511855703366627,0.021349706699578253,0.021150376143775684,6.480963390263376,0.005382119335186286,0.005199003974103444,6.53355700705123,LinearSVR,6032.206401348114,0.012343645095825195,0.6492867270754317,0.6492866277694702,3.8689197483613462,0.7554833220714886,0.7548110485076904,3.243635556742734,0.5779644265662198,0.577964186668396,4.255555572077727,SimpleImputer,0.20112055282092392,0.20108538380882915,XGBRegressor,12772.795077085495,0.13616442680358887
624,1200,reg_simple_,MAR_,0.01_,3/,0.20511689511850437,SimpleImputer,0.8757455523091603,0.8757455523091601,2.302870504651621,0.8089449806515381,0.8089415973049997,2.8632854763715834,0.803270216563272,0.8032688261067078,2.905481876392426,HistGradientBoostingRegressor,6403.5401883125305,0.04460334777832031,0.9474222102349974,0.9474222102349974,1.498009986058158,0.8110761154484356,0.8110734547022332,2.847266187093697,0.8004552808300562,0.8004534667308356,2.9261977541819246,SimpleImputer,0.21645150704976665,0.2119092867793227,RandomForestRegressor,6073.814955472946,0.607088565826416
625,1200,reg_simple_,MAR_,0.1_,3/,0.19788868524065398,SimpleImputer,0.8836376682871881,0.8836376682871881,2.2285365090442486,0.8100737204156381,0.8100474873750196,2.8549867721063373,0.7896707967776447,0.7896431065247983,3.0044152197931497,HistGradientBoostingRegressor,7497.421746730804,0.03695273399353027,0.8735674743938516,0.8735674743938516,2.322966530196978,0.801378087737729,0.8013780720905059,2.9194105666002934,0.7698075409326747,0.7697316170439654,3.1433933832950647,SimpleImputer,0.20288869367072798,0.21877151904757344,HistGradientBoostingRegressor,5180.296500921249,0.04986119270324707
626,1200,reg_simple_,MAR_,0.3_,3/,0.194946780473411,SimpleImputer,0.8547913398939412,0.8547913398939412,2.48948666742368,0.7943412157422516,0.794326209674326,2.97078385415746,0.6934437127588216,0.6928943390930784,3.630157684281533,HistGradientBoostingRegressor,10483.600925922394,0.04716944694519043,0.8698170473920934,0.8698170473920934,2.3571683675265276,0.7970509516977287,0.7970508605707288,2.9510406110489535,0.7653341131392185,0.7652995915308191,3.173499993756285,SimpleImputer,0.21772968256690803,0.19916585546516632,HistGradientBoostingRegressor,6346.083289384842,0.0505831241607666
627,1200,reg_simple_,MAR_,0.5_,3/,0.21271801094098977,SimpleImputer,0.7809979704561292,0.7809979704561292,3.057296896787252,0.7806208235188493,0.7806079659857296,3.068258926308446,0.5375313031761499,0.5345039347696461,4.469300810351823,LGBMRegressor,5190.395615577698,0.2725386619567871,0.8088249988597753,0.8088249988597753,2.856466245564555,0.7880073345390914,0.7880046300015333,3.0160932665101527,0.2691743932661258,0.22009338856986094,5.784993563145331,SimpleImputer,0.2240869074477633,0.20387980148276394,HistGradientBoostingRegressor,6245.522625684738,0.03932690620422363
628,1200,reg_simple_,MNAR_,0.01_,3/,0.1996938461422844,SimpleImputer,0.9244332053988917,0.9244332053988917,1.7958871626545914,0.809753926097366,0.8097517199616728,2.8572086000693058,0.8038649709426735,0.8038644599715729,2.9010801456734283,HistGradientBoostingRegressor,12392.494566202164,1.7723884582519531,0.8872260797668279,0.8872260797668279,2.193905336348045,0.8113464000469565,0.8113461709513459,2.845210424694919,0.8053335555765905,0.8053315102838696,2.8902100632345307,SimpleImputer,0.553104846853095,0.5344030954724239,HistGradientBoostingRegressor,5719.603171110153,0.04204297065734863
629,1200,reg_simple_,MNAR_,0.1_,3/,0.19638422671590164,SimpleImputer,0.8637800545833235,0.8637800545830949,2.4112036737589744,0.7997700430695174,0.7997571594755954,2.931298715650558,0.7703946130082595,0.7703854858348581,3.1389272295362733,HistGradientBoostingRegressor,9868.583656787872,1.7656581401824951,0.9116655313543168,0.9116655313543168,1.941684421511967,0.8036083349619955,0.8035921888078263,2.9030930560658454,0.77121761761955,0.7711314130683177,3.1338245120774455,SimpleImputer,0.1983705236221697,0.20137922070300482,HistGradientBoostingRegressor,5349.522069692612,0.05666327476501465
630,1200,reg_simple_,MNAR_,0.3_,3/,0.20199822728966338,SimpleImputer,0.8044660570754766,0.8044660570754767,2.8888475549479398,0.7852932031380309,0.7852776168166626,3.03543011437133,0.6747982631471526,0.6747405971505627,3.735910894095965,HistGradientBoostingRegressor,9850.79597735405,1.8137497901916504,0.8044178482812322,0.8044178482812321,2.889203654948407,0.7865633931096648,0.7864971074393574,3.0267981559888804,0.6696721941548784,0.6696721500160354,3.7649063202984343,SimpleImputer,0.20099261503719718,0.2022628333477265,HistGradientBoostingRegressor,6089.4707090854645,0.04752469062805176
631,1200,reg_simple_,MNAR_,0.5_,3/,0.22539935245940085,SimpleImputer,0.6712457048584015,0.6712457048584014,3.7458403495199963,0.7521351630427568,0.7517326444147625,3.263934150036707,0.5158539993962941,0.5157098361663052,4.558630619759221,HistGradientBoostingRegressor,7679.114632844925,1.8222239017486572,0.667398161031707,0.667398161031707,3.767696127372434,0.7598199327781854,0.7596757170377606,3.2112965053323363,0.5092879590654571,0.5078356159321143,4.595541266317668,SimpleImputer,0.20289989729125382,0.2058256292809615,LGBMRegressor,5996.545718669891,0.2642061710357666
632,1200,reg_simple_,MCAR_,0.01_,3/,0.19629873485539642,SimpleImputer,0.8908186640526281,0.8908186640526281,2.158677414785153,0.8104152126261095,0.8104048739000018,2.852299747421818,0.8044111894366646,0.8044073257423958,2.897062545462585,HistGradientBoostingRegressor,10541.903027534485,1.809053659439087,0.896439928379341,0.896439928379341,2.1023727402072168,0.8075284230298033,0.8075281412732062,2.873857297437167,0.8028888526469115,0.8028888413960515,2.9082864804417055,SimpleImputer,0.5622264740971226,0.5561848664760194,HistGradientBoostingRegressor,6121.32839512825,0.04552721977233887
633,1200,reg_simple_,MCAR_,0.1_,3/,0.19648266014363414,SimpleImputer,0.819604207573535,0.819604207573535,2.7747684488003648,0.7988267498085878,0.7988189418426055,2.9381578428447477,0.7654025917585094,0.7654023046629537,3.172805500301808,HistGradientBoostingRegressor,11656.201021194458,1.7664642333984375,0.8606415362830875,0.8606415362830874,2.438822655341782,0.798575426729226,0.7985738696147621,2.9399468823787482,0.7582623827008114,0.7582618249323132,3.220729110638248,SimpleImputer,0.20158113096229688,0.20093172642422588,HistGradientBoostingRegressor,4858.981100797653,0.04977607727050781
634,1200,reg_simple_,MCAR_,0.3_,3/,0.20478339878550128,SimpleImputer,0.7758665714737945,0.7758665714737945,3.092907010482737,0.7829683481719639,0.7829666164001127,3.051721164755594,0.6832907981788884,0.6832690233741945,3.6866070480103117,HistGradientBoostingRegressor,8421.418303251266,1.7692062854766846,0.7793858157606616,0.779385507106781,3.0685314223960716,0.7814282959635037,0.7812304496765137,3.063903160747561,0.687398529009583,0.6873970031738281,3.662504186810154,SimpleImputer,0.20167919768004852,0.20184950166909796,XGBRegressor,4383.694983005524,0.12303566932678223
635,1200,reg_simple_,MCAR_,0.5_,3/,0.23208228687373927,SimpleImputer,0.6744483359892386,0.6744483358817177,3.7275502395422877,0.7684000130734465,0.7681808203689677,3.153960582979564,0.5694376696075196,0.569411959448094,4.298456743797582,HistGradientBoostingRegressor,7957.272799491882,1.8423354625701904,0.6548362911997132,0.6548362911997132,3.8381868143645197,0.7608816037587509,0.7608780015188781,3.2032537624194632,0.5685584522111857,0.5685507325419836,4.30275330689314,SimpleImputer,0.20127368544020746,0.20178610680801687,LGBMRegressor,5648.93049454689,0.28290271759033203
636,1200,reg_full_,MAR_,0.01_,3/,0.13748316549593853,KNNImputer,0.9530654815481203,0.9530654815481203,1.4153365719910298,0.8104669540241692,0.8104640690568888,2.8518544419028826,0.8076138597538086,0.8076075305160917,2.8732645435455533,RandomForestRegressor,8721.347443819046,0.8127791881561279,0.8670849535543061,0.8670849535543061,2.381774380081099,0.8088616597371112,0.8088562051903014,2.8639252668358735,0.8077200875639802,0.8077141208057638,2.872468502692673,KNNImputer,0.1414590878254238,0.12590890614360103,HistGradientBoostingRegressor,9369.91258764267,3.952153205871582
637,1200,reg_full_,MAR_,0.1_,3/,0.14060718592282734,KNNImputer,0.8919919378286159,0.8919919378286159,2.147047402191116,0.8080754477001024,0.8080537709864611,2.8699304440827085,0.7909021807477952,0.7908638559297805,2.9956848792662694,HistGradientBoostingRegressor,10884.206954479218,1.7886691093444824,0.8575520486750563,0.8575520515441895,2.4657082240700943,0.8041125583512738,0.8041038513183594,2.8993090945815805,0.7949973836526663,0.7949804067611694,2.9660552952148955,KNNImputer,0.14105113088027918,0.15035435674371497,XGBRegressor,10223.75872540474,31.288923978805542
638,1200,reg_full_,MAR_,0.3_,3/,0.15125888162787865,KNNImputer,0.8177759193065981,0.8177759193065981,2.788793963228089,0.795777824778645,0.7957371361457142,2.960576498908248,0.7590298786680276,0.7587183769633099,3.2176863033850602,HistGradientBoostingRegressor,8022.811410665512,0.040351152420043945,0.869922928748079,0.869922928748079,2.3562095977863877,0.7971602710606689,0.797132789631206,2.9504448943312274,0.7652823678290432,0.764988019391982,3.175605755411263,KNNImputer,0.14366718372904427,0.146831732786786,HistGradientBoostingRegressor,13952.867648124695,59.60934090614319
639,1200,reg_full_,MAR_,0.5_,3/,0.18826618576318924,VAE,0.05205870471317087,0.05205870471317098,6.360690545035148,0.028386360038034075,0.024948401764527617,6.468377806218072,0.006529899477724865,0.0015473727957029393,6.545537436579161,LGBMRegressor,6590.315840959549,0.09802031517028809,0.8058871104902235,0.8058871030807495,2.878331120466554,0.7706792363205437,0.7706581950187683,3.137062624004671,0.6168317103380021,0.6087452173233032,4.097428694463674,SimpleImputer,0.2183774355113828,0.21845565852749807,XGBRegressor,13330.064315080643,0.1677553653717041
640,1200,reg_full_,MNAR_,0.01_,3/,0.1263047630185955,KNNImputer,0.9461953782507528,0.9461953782507528,1.5153862314986553,0.8106231561429659,0.8106228717396867,2.850659478405311,0.8079989172690824,0.8079987093776816,2.8703420480438098,RandomForestRegressor,7965.71289396286,0.7424683570861816,0.8931821808173499,0.8931821584701538,2.135184508666925,0.8083266385320624,0.8083223104476929,2.867922324158849,0.8033558404746425,0.8033521175384521,2.904867101180796,IterativeImputer,0.14453694100358894,0.15546710403174638,XGBRegressor,7047.997606039047,2.266613721847534
641,1200,reg_full_,MNAR_,0.1_,3/,0.14581060814057512,KNNImputer,0.9061631823020089,0.9061631823020089,2.0012446376794077,0.804068742896933,0.8040425199446001,2.8997629862597765,0.77032356952961,0.7703159332205448,3.139402600323174,RandomForestRegressor,9214.023369073868,0.6843082904815674,0.899709704265104,0.8997097042383009,2.0689166836081365,0.804299474660817,0.8042989040698165,2.8978653895647932,0.7756306423743711,0.7756174959075022,3.1029592648965174,KNNImputer,0.14278025119112533,0.14035452289665432,HistGradientBoostingRegressor,13274.729617595673,44.853384017944336
642,1200,reg_full_,MNAR_,0.3_,3/,0.17175066730699365,KNNImputer,0.7408854300372223,0.7408854300372223,3.32551922374273,0.7539241142924072,0.7536526709947724,3.251288500625513,0.6239502121559436,0.6239491296532151,4.017028177967287,HistGradientBoostingRegressor,6725.8527574539185,0.04501843452453613,0.7701479812479789,0.7701479812479789,3.1321150542155594,0.7837280480262612,0.7836996084356874,3.046563480852886,0.6832780228698891,0.6832407646675547,3.686771503701661,SimpleImputer,0.20460777679766393,0.20288878788065118,LGBMRegressor,13515.593007564545,0.2061760425567627
643,1200,reg_full_,MNAR_,0.5_,3/,0.15593245147884688,VAE,0.04642852140148246,0.04642852140148235,6.379551858607705,0.0751365755275275,0.0745510247755613,6.30170136807339,-0.03202693354141006,-0.0322697230121789,6.655461473887928,LGBMRegressor,5691.404878377914,0.14683771133422852,0.6708373902865375,0.6708373902865375,3.748165804441707,0.7543966859302378,0.7541383196125944,3.248082127854587,0.5322346860676123,0.5317019350320992,4.482731848743114,SimpleImputer,0.20135511172870668,0.20313361532433988,LGBMRegressor,12850.389123916626,0.22177815437316895
644,1200,reg_full_,MCAR_,0.01_,3/,0.1321420636425265,KNNImputer,0.8824467261177815,0.8824467251650627,2.23991177021306,0.8103412389459899,0.8103395428804107,2.8527911303086615,0.8045718183295496,0.8045712394823722,2.8958483693961705,HistGradientBoostingRegressor,8476.063754558563,0.0368657112121582,0.8636596982027738,0.8636596982027738,2.4122686414178087,0.8107508678138622,0.8107499289001148,2.849703033786669,0.8096821492536797,0.8096814774218285,2.8577360136868353,KNNImputer,0.1357197889852933,0.12895607604338477,HistGradientBoostingRegressor,8233.656510353088,5.5436365604400635
645,1200,reg_full_,MCAR_,0.1_,3/,0.14358071542347903,KNNImputer,0.8718557946797527,0.8718557946797527,2.3386381596006256,0.803747904414022,0.8037476561319263,2.9019438516226663,0.7688737784333206,0.7688691585689986,3.1492745912366593,HistGradientBoostingRegressor,10991.71881866455,1.2625539302825928,0.837838384062751,0.837838384062751,2.630798450711048,0.8016785659457465,0.8016765605272795,2.9172161011152267,0.7690508310096195,0.769039722148173,3.148112369273075,KNNImputer,0.13762804089042668,0.13770056431100994,HistGradientBoostingRegressor,12354.201407432556,49.58296298980713
646,1200,reg_full_,MCAR_,0.3_,3/,0.18569529500231913,VAE,0.00790154202703719,0.007901520647500493,6.507151793100183,0.02015960576257969,0.019961226138485277,6.484898876486464,0.005705462759566404,0.005543340759966653,6.532426158397932,LinearSVR,6793.120429754257,0.033650875091552734,0.8703251643141303,0.8703251643141301,2.3525637395777785,0.7872404924039107,0.7871248985858632,3.022344829923299,0.6823568066613679,0.6823338375379051,3.6920456091098535,SimpleImputer,0.20156197285810307,0.2011161455679885,HistGradientBoostingRegressor,14118.754108667374,0.0562136173248291
647,1200,reg_full_,MCAR_,0.5_,3/,0.16072739163302754,VAE,0.004943993908586908,0.004943988273873101,6.516843769746934,0.01872165686249805,0.018522007909542726,6.489658770134794,0.006703740364161326,0.006498312216579594,6.529288877938209,LinearSVR,5872.617124795914,0.01355290412902832,0.6997393308813638,0.6997393369674683,3.5798330625725088,0.7647317874434802,0.7646356821060181,3.1779857504368887,0.5676232397997365,0.5676146745681763,4.307418342161481,SimpleImputer,0.20116377793803586,0.20150165895416586,XGBRegressor,12281.311604499817,0.23863983154296875
648,1213,reg_simple_,MAR_,0.01_,1/,0.3065009022546462,SimpleImputer,0.4508305880975282,0.4508305880975283,7.694024256037773,0.25503478863079976,0.25451177246821177,8.990540271548852,0.2540095238382237,0.2534299120039042,8.997061490441311,LGBMRegressor,8476.989270687103,0.10593295097351074,0.4486481060888212,0.44864810608882133,7.709297702323554,0.25095416303487983,0.25056291906820805,9.014320281973026,0.24905089186454332,0.24873033572677505,9.025334820241616,SimpleImputer,0.5485673706398635,0.545591229430723,LGBMRegressor,3394.502845287323,0.12888669967651367
649,1213,reg_simple_,MAR_,0.1_,1/,0.2816083728415318,SimpleImputer,0.4991498978768466,0.4991498978768466,7.347748193779753,0.2556784493451987,0.2552951466014908,8.985815309016969,0.24518864939850404,0.2451355165748339,9.046902127550254,ExtraTreesRegressor,9711.442459821701,0.6194918155670166,0.4366102039140116,0.43661020391401173,7.793003473601519,0.251419955105603,0.2509619824878814,9.011919970745259,0.24653009049943753,0.24603899250658712,9.041486516087232,SimpleImputer,0.32984692453579034,0.3332234637730369,LGBMRegressor,4657.441707611084,0.11196780204772949
650,1213,reg_simple_,MAR_,0.3_,1/,0.298490088977438,SimpleImputer,0.4517135369613987,0.4517135369613988,7.687836581863841,0.2505751931090846,0.24986313224423073,9.01852786047455,0.21797581700455537,0.21756658712424692,9.210624769721436,LGBMRegressor,7832.038823843002,0.11731171607971191,0.44501849338955146,0.44501849338955146,7.7346316717190335,0.2509259735218624,0.25057863459888696,9.014225767321149,0.24644711436894962,0.24611630752691127,9.041022924052248,SimpleImputer,0.2835348466737283,0.27920736982126976,LGBMRegressor,5810.73593211174,0.09962987899780273
651,1213,reg_simple_,MAR_,0.5_,1/,0.2903927649883204,SimpleImputer,0.4202233016635889,0.420223301663589,7.905525788685888,0.24867462473958712,0.24818974773107738,9.028581397682688,0.10933085715762614,0.10924840921156842,9.827514634609349,LGBMRegressor,8652.361596345901,0.12283992767333984,0.33351227892676494,0.33351227892676505,8.476107530888243,0.26251351724507177,0.2613327569258056,8.949315438449618,0.1525537545245682,0.11833658590462759,9.77725192717812,SimpleImputer,0.5638038019908274,0.6217066330261002,LGBMRegressor,6455.979756593704,0.14318418502807617
652,1213,reg_simple_,MNAR_,0.01_,1/,0.2799232817665426,SimpleImputer,0.4570518621176489,0.45705186211764903,7.650319189808225,0.2529864336301745,0.25246704402441267,9.002861475698964,0.2484954019111586,0.24809276681368586,9.02916370676169,LGBMRegressor,9018.593115091324,0.15704774856567383,0.4597860654918946,0.4597860654918946,7.631031961467626,0.252567959899779,0.2519750503644508,9.005823634203423,0.2500498136913236,0.24949289742475045,9.020753161807349,SimpleImputer,0.35042919500494724,0.3593247687820387,LGBMRegressor,7564.140531778336,0.10628032684326172
653,1213,reg_simple_,MNAR_,0.1_,1/,0.2729838560125991,SimpleImputer,0.41613916033210774,0.41613916033210774,7.933321510293409,0.25343301094363657,0.2528256087713042,9.000702041846992,0.23400881124087913,0.23357201443737896,9.115931919107778,LGBMRegressor,5900.026784896851,0.13160991668701172,0.4230551637590101,0.4230551637590101,7.886195274827169,0.253206763563277,0.25252366757729605,9.002520498319535,0.24246283870047203,0.24187291105675734,9.066431890073877,SimpleImputer,0.30823945463461444,0.302954276694962,LGBMRegressor,4938.694151639938,0.11935687065124512
654,1213,reg_simple_,MNAR_,0.3_,1/,0.2888864590658387,SimpleImputer,0.3465285404542122,0.3465285404542121,8.392931789974154,0.25163870952130674,0.250750868687291,9.013189870666162,0.1869988114555441,0.18681717503824413,9.38986816212867,LGBMRegressor,8549.008848428726,0.13540148735046387,0.34211624181620115,0.34211624181620104,8.421219039598984,0.2543709811502608,0.25345271152241333,8.996924108674074,0.2035082222127379,0.2031135704423791,9.295304292664474,SimpleImputer,0.30905822295713636,0.3073332451512077,LGBMRegressor,6307.581681251526,0.11073637008666992
655,1213,reg_simple_,MNAR_,0.5_,1/,0.2789851030388696,SimpleImputer,0.27442353427242605,0.2744235342724263,8.843862367586437,0.2491140866415842,0.24606023548458333,9.041359142489584,0.1256007737415743,0.12545895703540644,9.737679895005439,LGBMRegressor,8859.31979894638,0.1392958164215088,0.27845961064893954,0.2784595489501953,8.819230824295806,0.24168622973993092,0.24145931005477905,9.068904834798765,0.14638535461067048,0.1463363766670227,9.62074647574289,SimpleImputer,0.3077002710287207,0.30782194767293475,XGBRegressor,4828.971834659576,0.05818629264831543
656,1213,reg_simple_,MCAR_,0.01_,1/,0.3051889379294149,SimpleImputer,0.46260369817296676,0.46260369817296676,7.611105082796304,0.2514469483581485,0.2509561855964525,9.011954842820733,0.2511610348868445,0.2507044107121048,9.01346930246197,LGBMRegressor,7808.778757095337,0.13447284698486328,0.8257636757151926,0.8257636757151926,4.3335936864076805,0.8084454251195463,0.808444643908828,4.565766294403196,0.8028074811673576,0.8028073149347851,4.632462667693455,SimpleImputer,0.30902666831414843,0.3044300737058188,LGBMRegressor,5139.646975040436,0.18346619606018066
657,1213,reg_simple_,MCAR_,0.1_,1/,0.27112747773209295,SimpleImputer,0.4248357196967072,0.4248357196967072,7.874016760018329,0.25313310897925523,0.2527826667469538,9.000960684820802,0.2303715944080923,0.22996962597100612,9.137330296498249,LGBMRegressor,7570.185017585754,0.1832575798034668,0.7656592364509343,0.7656592364509343,5.031699561968318,0.8103240549078584,0.8103070197815978,4.522298660291449,0.7584677309131884,0.7584676573225311,5.102949347762492,SimpleImputer,0.3072116725717663,0.30518919341563555,LGBMRegressor,8993.904458522797,0.13533973693847656
658,1213,reg_simple_,MCAR_,0.3_,1/,0.3052401301914259,SimpleImputer,0.34472619754029155,0.34472619754029143,8.404498113838903,0.25067950151499774,0.25033248150146403,9.015706040985545,0.19553690142684577,0.19530915667831317,9.340710792407735,LGBMRegressor,8423.97431921959,0.15775823593139648,0.6474290409409609,0.6474290409409609,6.172694288114869,0.8008519770849534,0.8008056504117784,4.631525265660631,0.6283213653035289,0.6282769332441646,6.326962870195648,SimpleImputer,0.3070230781970329,0.30610075575494183,LGBMRegressor,7296.4617331027985,0.16279339790344238
659,1213,reg_simple_,MCAR_,0.5_,1/,0.2763552460877435,SimpleImputer,0.26263471088312107,0.2626347108831212,8.915418334154538,0.24839539567371804,0.2476561412895526,9.031784901906963,0.1454891677448199,0.1454472393675229,9.625755733138847,LGBMRegressor,8531.775788784027,0.12604713439941406,0.25917078635959245,0.25917078635959256,8.936334800237432,0.25054235155300963,0.2504485055956791,9.015008345288702,0.1448763161042057,0.14476599581526184,9.629591761735503,SimpleImputer,0.3073055428593914,0.3070575127071432,LGBMRegressor,5418.0774974823,0.16019701957702637
660,1213,reg_full_,MAR_,0.01_,1/,0.29631998754457545,IterativeImputer,0.4567478040851016,0.4567478040851016,7.652461029205743,0.25223128385047655,0.25175794242147054,9.007130471624366,0.250977542363514,0.2505057564062154,9.014664055140365,LGBMRegressor,8501.85572552681,0.14789366722106934,0.45673970490310334,0.45673970490310334,7.652518073101813,0.2523809470331201,0.2519048213686951,9.006246384210483,0.2511578864343016,0.25066560320416886,9.013702712185397,KNNImputer,0.3126875235249005,0.261901996936249,LGBMRegressor,11482.78386092186,11.465043306350708
661,1213,reg_full_,MAR_,0.1_,1/,0.29248383963165037,IterativeImputer,0.4452583495482004,0.44525834954820054,7.732960084908389,0.25401393480172274,0.25353749020341476,8.99641324417386,0.2414870915482633,0.24143204192082934,9.069067681035984,HistGradientBoostingRegressor,7591.621093988419,0.04264020919799805,0.4302138409730827,0.4302138409730827,7.837116975622392,0.25347260545777084,0.2530092939902089,8.999595608350175,0.22719909434997576,0.2269309746951238,9.155341159365623,SimpleImputer,0.5441777875131723,0.6132481608730174,LGBMRegressor,13502.406253576279,0.15260672569274902
662,1213,reg_full_,MAR_,0.3_,1/,0.27740389236397506,IterativeImputer,0.4164042642801459,0.4164042642801459,7.931520230347187,0.25560728296289936,0.25459383841541183,8.990045402896023,0.2464599419391733,0.24616595890508808,9.040725194678176,LGBMRegressor,7944.195039272308,0.15571165084838867,0.44015683511082115,0.44015683511082115,7.768435630209752,0.2504512833668143,0.24998978405402883,9.01776649202252,0.24058614501064457,0.24026917371367684,9.076016360920397,IterativeImputer,0.36994119481496035,0.3237141527326084,LGBMRegressor,13372.009243249893,0.1213221549987793
663,1213,reg_full_,MAR_,0.5_,1/,0.25738757856423927,VAE,0.10759720093393177,0.10759720093393177,9.8080087190737,-0.0075257431895925375,-0.0639624726051009,10.740600197779544,-0.02153994062668052,-0.029893198459791437,10.567238048950042,LGBMRegressor,10773.642017364502,0.1765272617340088,0.2982273779941458,0.2982273779941458,8.697583202506223,0.2543846790103139,0.25307073601144714,8.999225480106944,0.17054439403527322,0.16967500904615096,9.488322785111523,SimpleImputer,0.3332950962107794,0.27881698620134937,LGBMRegressor,14139.277472496033,0.14590239524841309
664,1213,reg_full_,MNAR_,0.01_,1/,0.29679617265920405,IterativeImputer,0.4557403116721639,0.455740311672164,7.659553706631471,0.25083835487747486,0.25032627748458125,9.015743346507916,0.2479238903682791,0.24743439760759156,9.033115805101579,LGBMRegressor,9940.018104314804,0.15520739555358887,0.4937784113034409,0.4937783633631797,7.387044804457336,0.25886256272112396,0.2585448112235762,8.966188196604698,0.2554940547547754,0.2551928657413074,8.986432362444086,KNNImputer,0.29110789602455833,0.29937257959384533,ExtraTreesRegressor,12294.58751320839,23.110843420028687
665,1213,reg_full_,MNAR_,0.1_,1/,0.29020752429337815,IterativeImputer,0.42027599218533285,0.42027599218533285,7.905166550599831,0.25051842125193646,0.24989246700357293,9.018351520034386,0.23761615801511016,0.23739088257336682,9.093192655969473,LGBMRegressor,9169.179470539093,0.15192270278930664,0.4246342186255858,0.4246342186255859,7.875395917179897,0.247183138381039,0.24637294696012324,9.039483906478873,0.22972707526646652,0.22917302696454356,9.142055374217072,IterativeImputer,0.2980229488917138,0.30332397562740904,LGBMRegressor,14062.600623369217,0.20408225059509277
666,1213,reg_full_,MNAR_,0.3_,1/,0.27085097097586713,VAE,0.05529866617897461,0.05529866617897461,10.091312275535723,0.016991738589004268,0.012950576833662741,10.34510362874144,-0.02648889978140878,-0.02650138982707473,10.549822841152185,LGBMRegressor,8070.735342025757,0.15614700317382812,0.38590072159988154,0.38590034712612853,8.136166121761612,0.26050287337113087,0.2601714607050336,8.956347511915702,0.19318034494432823,0.19313633662117502,9.3533131488465,IterativeImputer,0.3004849218155879,0.3062735794200588,ExtraTreesRegressor,12854.269927740097,0.6485409736633301
667,1213,reg_full_,MNAR_,0.5_,1/,0.23024907766991737,VAE,0.016481694648477485,0.016481694648477374,10.296546972798788,0.019584051789521273,0.01579065397899282,10.330209715194897,0.0017241382387488402,0.0017176517633600286,10.403802324482312,LGBMRegressor,9187.74712395668,0.12330341339111328,0.49890051875997343,0.49890051875997343,7.3585937705147,0.7924769919781216,0.7924757951442155,4.728196270406579,0.4660502316257905,0.46596528002301485,7.584830212983892,SimpleImputer,0.3094397966919699,0.30750231324122257,LGBMRegressor,14590.68017411232,0.17418742179870605
668,1213,reg_full_,MCAR_,0.01_,1/,0.3163008552399553,KNNImputer,0.4480969190101064,0.4480969190101064,7.713150236302442,0.250491406020415,0.24999675415708544,9.017724589321405,0.24807951871841916,0.2476687977933184,9.031708931790998,LGBMRegressor,9063.046050071716,0.12910199165344238,0.44864846853816276,0.44864846853816276,7.709295168342656,0.24905901944617548,0.24866297487907163,9.02573942900337,0.24582065819058474,0.2454806207417024,9.044833888409453,KNNImputer,0.29581600243800843,0.3054276002523153,LGBMRegressor,8727.797901630402,13.243648290634155
669,1213,reg_full_,MCAR_,0.1_,1/,0.3506444146229086,KNNImputer,0.41752248285264104,0.41752248285264115,7.923917856578483,0.2496439071581641,0.2489112713231333,9.024247925115521,0.22361321043234494,0.2232250075962655,9.177259530289666,LGBMRegressor,7707.743088245392,0.15789175033569336,0.41553856859163363,0.41553856859163363,7.937400789441927,0.24984619040004263,0.2491799589411453,9.022633654741467,0.22969119907286306,0.22937575349570938,9.140853120591457,IterativeImputer,0.2968902975775931,0.30042232943673153,LGBMRegressor,15046.74837732315,0.19060254096984863
670,1213,reg_full_,MCAR_,0.3_,1/,0.25410517129753724,VAE,0.005284334547184799,0.005284309387207031,10.35499382019043,0.012890514967581646,0.012887155612308132,10.345435977128956,0.004345575594330575,0.004331231117248535,10.39017391204834,ARDRegression,9625.886068582535,0.02962470054626465,0.3660941406248306,0.36609411239624023,8.266330489105778,0.249111302314438,0.24785351753234863,9.030599381888289,0.1888050871968514,0.18857264518737793,9.379726996326037,SimpleImputer,0.30708765555694423,0.3083370324158432,XGBRegressor,14712.496653556824,0.07002520561218262
671,1213,reg_full_,MCAR_,0.5_,1/,0.2532361763997539,VAE,0.003984171242199186,0.003984212875366211,10.361759185791016,0.01321250101555882,0.013210135869808348,10.343743341397808,0.00421467931549413,0.004205167293548584,10.39083194732666,ARDRegression,10011.0827627182,0.01907944679260254,0.252982565866542,0.2529825658665421,8.973580232322483,0.2599199460571183,0.25756271042647527,8.9721243521008,0.14735733412058338,0.14723253022775618,9.615695641289982,SimpleImputer,0.30709195064580114,0.30665308599273944,LGBMRegressor,14249.455476284027,0.09400463104248047
672,1213,reg_simple_,MAR_,0.01_,2/,0.3064999019029476,SimpleImputer,0.4570784886933623,0.4570784886933622,7.65013159887052,0.25242549924180513,0.2519862678344723,9.00575610775566,0.25181947878072863,0.2513427056034774,9.009629377834889,LGBMRegressor,12150.205732822418,0.11506533622741699,0.4542089323985027,0.4542089323985027,7.670321950818851,0.25291195153769674,0.25238218825779934,9.00337243847838,0.25248003889938886,0.25192807183493393,9.006106428052155,SimpleImputer,0.335495700095303,0.3427956219222274,LGBMRegressor,7161.30553150177,0.09480500221252441
673,1213,reg_simple_,MAR_,0.1_,2/,0.3026344178573659,SimpleImputer,0.43580948900530925,0.43580948900530936,7.798539390784826,0.25268842592570084,0.2521893685244758,9.004533403294953,0.23560182438765398,0.23558656948445178,9.10394342789528,LGBMRegressor,8913.002329349518,0.1501312255859375,0.4345612037735719,0.4345612037735719,7.807161853134243,0.2531034304177142,0.25247360074392333,9.002821992913319,0.2482370110563723,0.24796315193275176,9.02994190352345,SimpleImputer,0.5393620905377814,0.5391070386197641,LGBMRegressor,6423.463832378387,0.12398862838745117
674,1213,reg_simple_,MAR_,0.3_,2/,0.2764856224442442,SimpleImputer,0.377049664180523,0.377049664180523,8.194587435804145,0.2480620415629312,0.24732543337823198,9.033769735385578,0.20914327905347674,0.2091364775800313,9.260110482080943,LGBMRegressor,7978.100746154785,0.13603496551513672,0.4136888637133662,0.41368886371336633,7.949951019645892,0.2534671908994798,0.25248072984943737,9.002779063177993,0.219929739460767,0.2196212739115594,9.198523171441387,SimpleImputer,0.3278721682960381,0.3306718638233114,HistGradientBoostingRegressor,7675.809592962265,0.03389763832092285
675,1213,reg_simple_,MAR_,0.5_,2/,0.3018369117391786,SimpleImputer,0.3384468644040911,0.3384468644040911,8.444671255023035,0.24954218195955424,0.24873207551124787,9.02532436983531,0.22415007686472643,0.2241087449531679,9.172037557876191,LGBMRegressor,7391.863702535629,0.15323376655578613,0.4196298484170419,0.41962969303131104,7.909571987826995,0.24577052682744494,0.2454146146774292,9.045229432416484,0.22765324093136552,0.2275272011756897,9.151809379645718,SimpleImputer,0.281139828689043,0.2791909799084007,XGBRegressor,3183.2383201122284,0.05602908134460449
676,1213,reg_simple_,MNAR_,0.01_,2/,0.30408384152698475,SimpleImputer,0.46196750480421034,0.4619675048042102,7.615608930637108,0.2516851196749387,0.25119597860051157,9.010512219130353,0.24909169513381335,0.24864302694566176,9.025859244510961,LGBMRegressor,8276.424520492554,0.12913990020751953,0.4460103781689406,0.4460103781689406,7.727716761700775,0.2529315752952839,0.25245777636812117,9.002917282714916,0.24942611730834763,0.2490049894004931,9.0236849013898,SimpleImputer,0.30706606181614937,0.30566258578018823,LGBMRegressor,4693.442129135132,0.09729218482971191
677,1213,reg_simple_,MNAR_,0.1_,2/,0.272095924627247,SimpleImputer,0.4222919240595979,0.4222919240595979,7.891409870398207,0.2524715755177178,0.25140590595819556,9.00924908113938,0.23849265052214652,0.23795601863587768,9.08982274904059,LGBMRegressor,8768.389229297638,0.1693863868713379,0.42502378154058595,0.42502378154058573,7.872729368549632,0.2515472967432053,0.2506927281266572,9.013539568600173,0.23402557101616983,0.23377604923131912,9.11471843843503,SimpleImputer,0.31283159950097816,0.30622376615878427,LGBMRegressor,10627.126132011414,0.10558724403381348
678,1213,reg_simple_,MNAR_,0.3_,2/,0.28932558380604506,SimpleImputer,0.34956043242557655,0.34956043242557655,8.37343893637919,0.25270809395419047,0.2522966580060767,9.0038874333566,0.19819307173041179,0.19769372328587975,9.326860707802053,LGBMRegressor,7171.33131814003,0.11984014511108398,0.370150295528504,0.370150295528504,8.239841282548978,0.24565755073242168,0.2453957230172179,9.045342731679332,0.1874466242828714,0.18717326145351987,9.387812062008338,SimpleImputer,0.30739638348584214,0.3050057777756943,LGBMRegressor,5194.2200791835785,0.14824151992797852
679,1213,reg_simple_,MNAR_,0.5_,2/,0.2802876948216853,SimpleImputer,0.2901743986164592,0.2901743986164592,8.747344097820926,0.24166083971497732,0.2411884602423633,9.070523635902394,0.12262209052389184,0.12261688576754193,9.753489748828303,LGBMRegressor,7656.564527750015,0.12268400192260742,0.27744749542654246,0.2774474954265427,8.825413988793569,0.2433192176309471,0.24280427914453562,9.060861069234436,0.13533341858629622,0.1352020266514572,9.683285294978335,SimpleImputer,0.30764266357371584,0.30601172790263365,LGBMRegressor,5883.827723026276,0.13399839401245117
680,1213,reg_simple_,MCAR_,0.01_,2/,0.3037829674648605,SimpleImputer,0.4511514361104708,0.4511514361104708,7.691776340355564,0.2544954069994153,0.2539655230250555,8.993833535029554,0.2490412521401072,0.24859579077413585,9.02614295807859,LGBMRegressor,10320.866074800491,0.12560462951660156,0.4450012046279689,0.4450012046279691,7.734752145248239,0.2517156161446762,0.2512151684762792,9.010396760537068,0.24902265426207426,0.24858564188386278,9.02620391396893,SimpleImputer,0.3078244773695129,0.3055143743826859,LGBMRegressor,5339.539966344833,0.11103343963623047
681,1213,reg_simple_,MCAR_,0.1_,2/,0.29589192063353237,SimpleImputer,0.4246766576472226,0.42467665764722273,7.875105466937743,0.2514063023634314,0.2508685668476004,9.01248191019853,0.23720863841284012,0.23680953026497953,9.096657957741826,LGBMRegressor,8393.464121818542,0.1525862216949463,0.43428135371398546,0.43428135371398546,7.809093595754906,0.25081361589765927,0.2502481497812157,9.01621312485933,0.23623986115007156,0.23579861976889238,9.102680611455952,SimpleImputer,0.30743982198858727,0.3070865239107006,LGBMRegressor,5866.296845674515,0.13652276992797852
682,1213,reg_simple_,MCAR_,0.3_,2/,0.33865689153337963,SimpleImputer,0.3430317073792788,0.343031707379279,8.415357806709158,0.2560604763296256,0.25498186401350675,8.98770518757786,0.1919899675287644,0.19180608098723562,9.361020258470383,LGBMRegressor,7931.371341466904,0.16037845611572266,0.34997297101206637,0.34997297101206637,8.370783105816066,0.2491631282059198,0.2483071967964644,9.027876140032056,0.1907332851679926,0.19045235659836401,9.36885683028238,SimpleImputer,0.3075437598747199,0.3066786609369928,LGBMRegressor,6250.532516002655,0.12588882446289062
683,1213,reg_simple_,MCAR_,0.5_,2/,0.2804420936211037,SimpleImputer,0.2589505037089793,0.25895050370897954,8.937663293477973,0.24063242397891327,0.24026098876390556,9.076065250958411,0.1505192057014203,0.15036255070515858,9.59803256569455,LGBMRegressor,8576.419564247131,0.15660881996154785,0.2647653932108227,0.2647653932108228,8.90252806997139,0.245252407260254,0.2451631328638707,9.046736638144772,0.1502327306920881,0.15000175840934782,9.600070216378498,SimpleImputer,0.30706931747718896,0.30654001345049703,LGBMRegressor,5433.183157920837,0.15359926223754883
684,1213,reg_full_,MAR_,0.01_,2/,0.2950697615278018,IterativeImputer,0.44646023948640345,0.44646023948640345,7.724578519812705,0.2516045366291758,0.2511407161042647,9.01084470546631,0.2503981173939813,0.2499854987415151,9.017792254266537,LGBMRegressor,8584.47701215744,0.15090084075927734,0.4503387304799884,0.4503387304799885,7.697469019512297,0.2534569761028028,0.2530488035190963,8.999357603726029,0.252115644574777,0.25173343663154535,9.00727796736969,IterativeImputer,0.21476729610791778,0.3244417326335015,HistGradientBoostingRegressor,8901.105042934418,0.05768752098083496
685,1213,reg_full_,MAR_,0.1_,2/,0.2917402627104472,IterativeImputer,0.44841110339443957,0.44841110339443946,7.710954473651337,0.25212166850701245,0.25163635796596384,9.007862241884299,0.242314777437185,0.24202061021520782,9.065548680907732,LGBMRegressor,8859.831539869308,0.11380553245544434,0.5053639414053741,0.5053635031409514,7.302027432862962,0.2557704453993008,0.2552648673085296,8.985997986333595,0.2540657726589377,0.25356252258230505,8.996262397004662,IterativeImputer,0.2604452555791112,0.27679730903318245,ExtraTreesRegressor,12663.28434586525,0.5765740871429443
686,1213,reg_full_,MAR_,0.3_,2/,0.3024102404917905,IterativeImputer,0.34957898670129994,0.34957898670129994,8.37331950621957,0.25795527791237716,0.2565535943030939,8.978219709280806,0.2372683192285705,0.23528889437070588,9.105715867721246,LGBMRegressor,11136.368444681168,0.11650800704956055,0.37242979352385774,0.37242979352385774,8.224917304209926,0.25210696210580263,0.25114979299322826,9.010790095283552,0.21854188806641706,0.21088876345898733,9.249846158100286,SimpleImputer,0.5433322009602792,0.6302345961113416,LGBMRegressor,12923.693751811981,0.15138912200927734
687,1213,reg_full_,MAR_,0.5_,2/,0.302541413944701,KNNImputer,0.3706335577249402,0.37063355772494033,8.23667960137702,0.25769993599065066,0.2549456667671075,8.98792352201297,0.23611572237083267,0.23578147813728445,9.102782700988067,LGBMRegressor,7692.60605931282,0.10687088966369629,0.31954873401945216,0.31954873401945216,8.564438489222338,0.2586022384775658,0.25574980928848867,8.983071847171175,0.09367517604238951,0.08820543295662708,9.942918874452713,SimpleImputer,0.5620089181253628,0.6241351065909253,LGBMRegressor,14403.045589447021,0.13223004341125488
688,1213,reg_full_,MNAR_,0.01_,2/,0.2930764684235642,KNNImputer,0.45821763904432045,0.45821763904432045,7.6421016848263585,0.251646771868243,0.25109008354608076,9.01114932505035,0.24961047246425738,0.24906528074077405,9.02332267463124,LGBMRegressor,8384.386806488037,0.13974928855895996,0.4941323287438686,0.49413184711069,7.384465246328004,0.2557155344591764,0.25537207265748796,8.98535119146737,0.2531564220572996,0.2528132413911388,9.000776532250164,KNNImputer,0.29386433102583404,0.29134437413891445,ExtraTreesRegressor,9908.509843826294,21.941503047943115
689,1213,reg_full_,MNAR_,0.1_,2/,0.2889278078071692,IterativeImputer,0.42064948320287954,0.42064948320287954,7.902619662463749,0.24985491872705579,0.24926026839591509,9.022151100915575,0.23028988654597193,0.2300513286902467,9.136845533454634,LGBMRegressor,10042.92966580391,0.15894293785095215,0.4190301630685964,0.4190300266781457,7.9136570375643,0.2522437099244105,0.2517417069161667,9.007228190350421,0.23424064481756146,0.23397720385956933,9.113521929146303,IterativeImputer,0.2987192423307064,0.30381778427965533,HistGradientBoostingRegressor,14061.502434253693,0.10709166526794434
690,1213,reg_full_,MNAR_,0.3_,2/,0.27526319654714476,KNNImputer,0.35153552630256846,0.35153552630256846,8.360716077276749,0.2461252917020137,0.24486362516842297,9.048531263337575,0.19150761959827645,0.19116859431607447,9.364711420456088,LGBMRegressor,8604.780286073685,0.1699988842010498,0.3673851589894829,0.3673851589894829,8.257908556503784,0.24779395225349876,0.247384418637281,9.033415751265624,0.18526254962396105,0.18513381847333676,9.39958204441472,SimpleImputer,0.3033599677996282,0.3068167643644622,LGBMRegressor,14194.970586776733,0.16599082946777344
691,1213,reg_full_,MNAR_,0.5_,2/,0.2350676425678066,VAE,0.0378854492171109,0.0378854492171109,10.183891713846027,0.020568068432008202,0.018286531430520503,10.317103101121385,-0.017066205950720947,-0.017081839668595444,10.501306778356705,LGBMRegressor,6803.565903425217,0.15689873695373535,0.2596991018916681,0.2596991018916682,8.933147799502992,0.2636007632536379,0.26305712471534315,8.938863554914645,0.1552766730205506,0.1552739021485381,9.570251521412125,SimpleImputer,0.30714245041291544,0.30606159005080297,HistGradientBoostingRegressor,13846.543584823608,0.03480839729309082
692,1213,reg_full_,MCAR_,0.01_,2/,0.295522541606756,KNNImputer,0.45072502047022556,0.45072502047022567,7.694763737185808,0.25165377164223945,0.25116576610688335,9.010693993860002,0.2514542547152486,0.251028188950439,9.011521686203645,LGBMRegressor,8087.91737985611,0.19810700416564941,0.4533231486213566,0.4533231486213567,7.676543646932104,0.25380158642484096,0.2533353122630849,8.997631492333063,0.2527911877505812,0.2523811247189538,9.003378842440922,IterativeImputer,0.3133120762212197,0.33599815483343004,LGBMRegressor,10774.289827346802,5.967378377914429
693,1213,reg_full_,MCAR_,0.1_,2/,0.2907636015548507,IterativeImputer,0.4310149291997881,0.43101492919978823,7.8316057585605305,0.24963726595122482,0.2489920353979933,9.023762726362701,0.2281940516830745,0.22785424757513695,9.14987243455593,LGBMRegressor,10311.831255197525,0.22437214851379395,0.41586156036778066,0.41586156036778055,7.935207257639396,0.25169663334824355,0.2509595547123813,9.011934575411694,0.22860851171744034,0.22830982132047473,9.147172777996051,IterativeImputer,0.29666085068615544,0.3042998320628509,LGBMRegressor,13636.938980102539,0.18880963325500488
694,1213,reg_full_,MCAR_,0.3_,2/,0.2730394153331653,VAE,0.0050735934982216735,0.005073487758636475,10.356091499328613,0.01244637128144288,0.012438747043623133,10.347785483295226,0.003169530985893898,0.003152787685394287,10.396321296691895,ARDRegression,11679.901198863983,0.01995396614074707,0.34466543225824986,0.34466543225824986,8.404887790533786,0.2485796432713374,0.24806758108427474,9.02931492499689,0.190914621945115,0.19056557617237058,9.368201664970021,SimpleImputer,0.3078058154699491,0.3061454716724785,LGBMRegressor,13766.051134109497,0.1447443962097168
695,1213,reg_full_,MCAR_,0.5_,2/,0.20968395111162205,VAE,0.004256275559633926,0.004256248474121094,10.360343933105469,0.013954821811180795,0.01395444697184589,10.339841591077148,0.0019155309292984146,0.0019014477729797363,10.402844429016113,ARDRegression,9246.438860654831,0.03678250312805176,0.2661250633614459,0.26612506336144603,8.894292533336191,0.2496087554725025,0.24882159323251551,9.024786645200987,0.14627080921363256,0.1460951931839053,9.622105737381524,SimpleImputer,0.3072379782352386,0.30819140606559325,LGBMRegressor,14113.663594007492,0.13985061645507812
696,1213,reg_simple_,MAR_,0.01_,3/,0.3073700557584492,SimpleImputer,0.46159055614738076,0.46159055614738076,7.6182762332191345,0.2507212394275893,0.2502453164882522,9.016230160862017,0.24845971629736763,0.2479487596859964,9.030028309216611,LGBMRegressor,9367.022148609161,0.1538677215576172,0.4516397073343935,0.4516397073343936,7.688354168052468,0.2500473514920989,0.24956120754644018,9.020342624207933,0.24773142437116003,0.24719038681893102,9.03458012865275,SimpleImputer,0.3422100961017791,0.2787883517830909,LGBMRegressor,6313.873466253281,0.11202859878540039
697,1213,reg_simple_,MAR_,0.1_,3/,0.37671875774892993,SimpleImputer,0.43845745004892445,0.43845745004892456,7.7802171087045755,0.24896573575218095,0.2483236892306715,9.027777101921455,0.24709066898011822,0.2466483714692167,9.03783194685028,LGBMRegressor,10593.526377916336,0.1625986099243164,0.4382796015427153,0.4382796015427153,7.7814490638332385,0.2533439541313188,0.2527571934590037,9.001114108797376,0.2496166397733387,0.24900408975456345,9.023690306298517,SimpleImputer,0.2855101972195856,0.3663907110747038,LGBMRegressor,5997.182397842407,0.0911719799041748
698,1213,reg_simple_,MAR_,0.3_,3/,0.3202080485687849,SimpleImputer,0.4202173143998328,0.4202173143998329,7.905566608147902,0.25238001265582055,0.25169145058158104,9.007530667902108,0.25136437734753037,0.2507032383811536,9.013476353594434,LGBMRegressor,9460.247507810593,0.12799620628356934,0.4000445791114535,0.40004457911145375,8.041922291380187,0.2498326647372342,0.24908466149988262,9.02320623310377,0.15529034373771844,0.15210476236502846,9.58818696318224,SimpleImputer,0.5423438112227541,0.5412299462382308,LGBMRegressor,7081.021180391312,0.15420126914978027
699,1213,reg_simple_,MAR_,0.5_,3/,0.2989464654988658,SimpleImputer,0.4317618403382827,0.4317618403382827,7.826463765553863,0.2409613444744062,0.24030518351150276,9.075801265405161,0.1141619550396934,0.11302640072117931,9.806651512128601,LGBMRegressor,9791.371477842331,0.14367961883544922,0.33788799926468094,0.33788799926468094,8.4482374357481,0.25507809847490615,0.253800254608884,8.994829678209642,0.19562251477710924,0.19387783083995158,9.349014391783065,SimpleImputer,0.3317824208519592,0.2899205176122098,LGBMRegressor,7559.732710123062,0.09700584411621094
700,1213,reg_simple_,MNAR_,0.01_,3/,0.3055097078771054,SimpleImputer,0.4492396605734441,0.4492396605734441,7.705160876471683,0.25477335530617773,0.25420083750374134,8.992415003963886,0.25224611956406084,0.2517476198651154,9.007192601446047,LGBMRegressor,7394.879301071167,0.10770940780639648,0.46001279090515745,0.46001279090515745,7.629430438129715,0.25231074867320724,0.25182979033368713,9.006698018617556,0.2513100569499177,0.25084225665273185,9.01264017219561,SimpleImputer,0.3092012353006053,0.30128097246617486,LGBMRegressor,4141.070623874664,0.10527873039245605
701,1213,reg_simple_,MNAR_,0.1_,3/,0.32698821586615534,SimpleImputer,0.4279224604482501,0.42792246044825,7.8528595475590395,0.2517786409509677,0.25129771311410987,9.009900102214944,0.23404787440309827,0.23351031295015356,9.116298851975266,LGBMRegressor,7356.84995675087,0.14953351020812988,0.4276564723310492,0.4276561737060547,7.85468693584205,0.2560537084406398,0.2553623914718628,8.98540991705881,0.23779828194257357,0.23758476972579956,9.09203635959062,SimpleImputer,0.3075556394358379,0.3106243200751884,XGBRegressor,7052.13943362236,0.06831789016723633
702,1213,reg_simple_,MNAR_,0.3_,3/,0.28613919503371,SimpleImputer,0.372808074399231,0.3728080743992309,8.222438061344857,0.2499370519316264,0.2489776871964059,9.02384892661248,0.18181621552016403,0.18169027607083232,9.419421949606686,LGBMRegressor,7112.932137489319,0.198974609375,0.354580930891776,0.35458052158355713,8.34106331851255,0.2531252315030288,0.2527430057525635,9.00119958330262,0.18839898866548088,0.1882367730140686,9.381668359236084,SimpleImputer,0.30697916925723967,0.307154182846716,XGBRegressor,4685.644778251648,0.04653453826904297
703,1213,reg_simple_,MNAR_,0.5_,3/,0.29176542720633725,SimpleImputer,0.28642649261741393,0.28642649261741393,8.770406848547264,0.23767088352493093,0.23758218091918037,9.092052083574554,0.13884549792357403,0.13880074563441003,9.663116566379273,LGBMRegressor,8387.744630098343,0.19703459739685059,0.2851856455438908,0.2851856455438907,8.778029053280145,0.24967270180489454,0.24935115866748914,9.02160493920975,0.13189477496100488,0.13101550469698275,9.706695584459546,SimpleImputer,0.30797702777726466,0.3074590530792936,LGBMRegressor,6065.234148025513,0.1728072166442871
704,1213,reg_simple_,MCAR_,0.01_,3/,0.3042349144852518,SimpleImputer,0.448119895319092,0.44811989531909213,7.7129896813303045,0.25301626352134277,0.2525211645083333,9.002535571646813,0.2489753247137526,0.24847789924898311,9.026851008427244,LGBMRegressor,10455.579740524292,0.14856410026550293,0.4549707759874828,0.4549707759874828,7.664966764035525,0.2527137103620054,0.2521534414046348,9.004749703419346,0.24875605614287977,0.2482366132921916,9.028299986165388,SimpleImputer,0.3106877121348274,0.308431111213394,LGBMRegressor,6263.426862001419,0.1156778335571289
705,1213,reg_simple_,MCAR_,0.1_,3/,0.2948970602371731,SimpleImputer,0.4243918390102611,0.42439183901026123,7.877054544184837,0.25222628652845736,0.25162568091707616,9.007926500111907,0.23743336272053883,0.23694321491446124,9.095861212474817,LGBMRegressor,9830.947804689407,0.14684605598449707,0.4212213470852325,0.4212213470852326,7.898718450342213,0.2522882497470039,0.2517595649848382,9.007120705635055,0.2380368920999979,0.23765484231969292,9.091618819186863,SimpleImputer,0.3062836575592567,0.3039689691395787,LGBMRegressor,6060.369414567947,0.140899658203125
706,1213,reg_simple_,MCAR_,0.3_,3/,0.28625447818392097,SimpleImputer,0.3463414557619763,0.3463414557619764,8.394133125296658,0.24791794284745206,0.24755595846486156,9.032386222428828,0.19731596249365213,0.1970595547691143,9.330546104041915,LGBMRegressor,7034.903256893158,0.17695212364196777,0.34494299042905163,0.3449429904290515,8.403107713257661,0.254045815199591,0.25351447769043234,8.99655191723397,0.19780381981506912,0.19748618974795884,9.328066924990797,SimpleImputer,0.30744384467564523,0.3060632230200004,LGBMRegressor,5253.436290979385,0.12343692779541016
707,1213,reg_simple_,MCAR_,0.5_,3/,0.2825324656692571,SimpleImputer,0.26275860196137824,0.26275860196137824,8.91466932466997,0.24049234116333806,0.2394230694336822,9.081068886851645,0.14144311877595395,0.14134891986040676,9.648810036432142,LGBMRegressor,9764.702073097229,0.1471538543701172,0.2668468310285851,0.2668468310285852,8.889917678947064,0.25198020977348745,0.25101279607956695,9.01161428813801,0.14581028002325758,0.14560161102115377,9.62488626608427,SimpleImputer,0.3072995101581512,0.306809268797483,LGBMRegressor,3779.366358280182,0.1364450454711914
708,1213,reg_full_,MAR_,0.01_,3/,0.29319776094500194,IterativeImputer,0.4521883507161367,0.4521883507161367,7.684507043907141,0.2511170202545956,0.2506610920189838,9.013729844545203,0.25125564293474834,0.25076807710358817,9.013086364630873,LGBMRegressor,9300.93387556076,0.14195966720581055,0.45941214839541,0.4594121483954101,7.633672470672962,0.25146196148995614,0.25101216540928484,9.01161808216553,0.24868435086459173,0.24826421524845643,9.028134241841293,KNNImputer,0.27306281494236967,0.2782145452977677,LGBMRegressor,7958.96072435379,5.815495252609253
709,1213,reg_full_,MAR_,0.1_,3/,0.3111883453256937,IterativeImputer,0.42972614876247694,0.42972614876247694,7.840470236611044,0.25275942691326103,0.2522270430631116,9.004306577210809,0.24970641564455343,0.24939745126305457,9.02132675324257,LGBMRegressor,9009.76242852211,0.10458588600158691,0.44911576211430715,0.44911576211430726,7.706027500126303,0.25151442353032794,0.25082653647199693,9.01273473144593,0.24753992085744314,0.2473138345531093,9.033839340973662,KNNImputer,0.28288251303484585,0.3339272845723565,LGBMRegressor,12163.899557352066,58.02222442626953
710,1213,reg_full_,MAR_,0.3_,3/,0.24613940034778525,KNNImputer,0.39625019308512255,0.39625019308512266,8.067312563875099,0.2535565835253807,0.25225003028850257,9.004168175832689,0.24896837418989348,0.24716826971776518,9.03471284298821,LGBMRegressor,8660.635627269745,0.12628173828125,0.456071529444096,0.456071529444096,7.657222681144554,0.24958085241060213,0.2489057467321084,9.024281113729272,0.1958533285619447,0.19229804391918814,9.358170709675868,SimpleImputer,0.39270008126023265,0.4362527951309965,LGBMRegressor,14251.003712654114,0.11271452903747559
711,1213,reg_full_,MAR_,0.5_,3/,0.26169128474814174,IterativeImputer,0.43520226818601604,0.43520226818601604,7.802734925733019,0.2511810108933642,0.2509059933764928,9.01225677605469,0.19401925761976058,0.19282794526464941,9.355100442967046,LGBMRegressor,9619.774554729462,0.13959002494812012,0.3616594266048876,0.3616594076156616,8.295195495315097,0.2527935008359138,0.2522839307785034,9.003964102654487,0.20514307086610317,0.20513993501663208,9.283478272466853,SimpleImputer,0.2881220678537385,0.33154532000743403,XGBRegressor,11900.979711055756,0.04571819305419922
712,1213,reg_full_,MNAR_,0.01_,3/,0.2744972656943091,KNNImputer,0.4490572018004775,0.4490572018004775,7.706437073831349,0.25293381109104796,0.2524378434822365,9.003037311337314,0.2500705091905703,0.24963635124804684,9.019890995833775,LGBMRegressor,7865.713700771332,0.1028890609741211,0.505660935716379,0.505660935716379,7.299831691717121,0.2544652985184407,0.25408117680055897,8.993136374809183,0.2522258301350562,0.25188548943793765,9.006362751092443,KNNImputer,0.2927172311174257,0.29767602816744604,ExtraTreesRegressor,9881.463232278824,10.854328155517578
713,1213,reg_full_,MNAR_,0.1_,3/,0.28968204629740635,IterativeImputer,0.4507942850572145,0.45079374606243794,7.6942823355588414,0.2579451170118374,0.2575316207514152,8.972312204674019,0.23465204983448573,0.23452843597311257,9.110242281290896,ExtraTreesRegressor,7169.216818332672,0.4990580081939697,0.43380091356369355,0.43380091356369355,7.812408853173979,0.24977275610040273,0.24890064813536628,9.02431174310235,0.22964183156028284,0.2293708591750574,9.140882147834873,IterativeImputer,0.29610606489765157,0.30205764954147757,LGBMRegressor,13964.222714424133,0.20324420928955078
714,1213,reg_full_,MNAR_,0.3_,3/,0.303783204405228,VAE,0.023015228002503885,0.023015228002503774,10.262289893356627,0.018762798275325898,0.015143369358469161,10.333606089590583,0.014253621431823738,0.014238009867410861,10.33835473976722,LGBMRegressor,8628.345177173615,0.13379287719726562,0.34695781780971857,0.34695781780971857,8.390174601877002,0.25103132893919233,0.2505352764154599,9.014486525033302,0.18827648275501685,0.18820127726770353,9.381873605396425,SimpleImputer,0.3063886867266234,0.305750369261387,LGBMRegressor,13516.846856355667,0.12683916091918945
715,1213,reg_full_,MNAR_,0.5_,3/,0.23300708738021214,VAE,0.01162256736905909,0.0116225673690592,10.321950967534491,0.008148907615511014,0.008015088939451576,10.37093539857056,-0.0027900399245499585,-0.0028041206277944486,10.427337987944755,LGBMRegressor,9880.86414861679,0.13930940628051758,0.2999279406768366,0.2999279406768368,8.687038649873193,0.24493604682917103,0.24061211877438038,9.073967657478235,0.13940516655266888,0.13935152695604403,9.66002604155337,SimpleImputer,0.30704130914539585,0.3077681774101443,LGBMRegressor,13313.696632862091,0.23401999473571777
716,1213,reg_full_,MCAR_,0.01_,3/,0.24760586018355638,IterativeImputer,0.4479221532933124,0.44792215329331253,7.714371363325546,0.2515690575876346,0.2510890389161665,9.01115560972669,0.2502366252247984,0.24981026104251425,9.018845677145523,LGBMRegressor,7329.99515247345,0.1216440200805664,0.4516760036511843,0.45167600365118443,7.688099715313876,0.25206466381975934,0.25157483159795946,9.008232522871582,0.24955360976033159,0.2491414684720198,9.022864922510294,KNNImputer,0.3040114399341301,0.30961585409664005,LGBMRegressor,7625.7679324150085,12.341862678527832
717,1213,reg_full_,MCAR_,0.1_,3/,0.29280831272557034,IterativeImputer,0.43269211329610313,0.43269211329610313,7.820054718770256,0.24946369633815257,0.24868017189264013,9.025636135377198,0.23032754245111353,0.22994078696423725,9.137501399529999,LGBMRegressor,9407.965689897537,0.15804409980773926,0.4344771017486365,0.4344770908355713,7.80774246925518,0.24841210627780363,0.24782192707061768,9.030789608336764,0.2278907932988261,0.22752290964126587,9.151835222197816,IterativeImputer,0.2952271832140654,0.303577641115157,XGBRegressor,14930.308793067932,0.14450335502624512
718,1213,reg_full_,MCAR_,0.3_,3/,0.23777044924404112,VAE,0.006061368307160864,0.0060613155364990234,10.35094928741455,0.013656454932572504,0.013647512099276504,10.341450751534738,0.0030928982211335665,0.0030798912048339844,10.39670181274414,ARDRegression,10489.287478208542,0.01391911506652832,0.4075714761012189,0.4075714761012189,7.991317054818893,0.26195896336335,0.26099661738868785,8.951351454411741,0.19320402323625796,0.19306902919017788,9.353703260819247,IterativeImputer,0.3003287732272669,0.30664518735004603,ExtraTreesRegressor,14733.078455209732,0.6938190460205078
719,1213,reg_full_,MCAR_,0.5_,3/,0.23331471510748095,VAE,0.004009855603743007,0.004009842872619629,10.361625671386719,0.013533924190991198,0.013533670153130561,10.34204752445621,0.003951511274161379,0.0039389729499816895,10.392220497131348,ARDRegression,8681.640768766403,0.023302316665649414,0.25863556301557145,0.25863556301557145,8.939562312964316,0.2511934994421623,0.2506866532573544,9.013576106323688,0.14745719302971583,0.14728421424665417,9.615404245720134,SimpleImputer,0.30767165110445727,0.3071359413058287,LGBMRegressor,13749.10133266449,0.14472222328186035
720,42183,reg_simple_,MAR_,0.01_,1/,0.27665092887152454,SimpleImputer,0.7337197194501976,0.7321081006189885,0.8239769121956929,0.6890987228159823,0.6871717168227878,0.8503215683832482,0.6884916779125658,0.6865154877618627,0.8512129733881478,MLPRegressor,11630.038955688477,0.022325754165649414,0.7289454393239614,0.7283688918298894,0.8297074791766045,0.6681132260403726,0.6672693055434716,0.8769536149907148,0.6703515238869566,0.6695303908054699,0.873968848202149,SimpleImputer,0.2367086790162376,0.29083829097331226,MLPRegressor,8895.24398112297,0.012076854705810547
721,42183,reg_simple_,MAR_,0.1_,1/,0.30155552992327544,SimpleImputer,0.7766884643610668,0.7766532658304166,0.7523588873015081,0.6245151602614574,0.6244510999894632,0.9316728430316211,0.6448676879365292,0.6448470905613514,0.9060201944616001,MLPRegressor,11873.874462604523,0.05040717124938965,0.6682415438010432,0.6682415438010432,0.9169512627913845,0.6680436380749334,0.6673987738220741,0.8767829834204968,0.6181221768828291,0.6134855470835996,0.9451768119183064,SimpleImputer,0.3721600703442619,0.3074175258295307,LGBMRegressor,859.7792825698853,0.029834747314453125
722,42183,reg_simple_,MAR_,0.3_,1/,0.2763865811531002,SimpleImputer,0.7195030406556822,0.7194723547552551,0.8431854142871908,0.672547539439736,0.6725366793262214,0.8699845102172795,0.5148806256386846,0.5142608368099062,1.059575114101734,MLPRegressor,12480.192770004272,0.018038272857666016,0.6705200656800311,0.6705200656800311,0.9137970203422674,0.6065792547871349,0.6065790926936068,0.9535838940731398,0.5752293413854712,0.5752134982550976,0.9908674074388724,SimpleImputer,0.2599487384185262,0.3093354315817874,HistGradientBoostingRegressor,1090.041945695877,0.015406131744384766
723,42183,reg_simple_,MAR_,0.5_,1/,0.30168796384155333,SimpleImputer,0.45363011995285063,0.4530890723118173,1.177317373063445,0.563515018269501,0.5634611478709427,1.004480801449503,0.1664323522166905,0.16628189322387965,1.3881608959069036,AdaBoostRegressor,4844.492136001587,0.10242795944213867,0.7566925626417106,0.7489167606598531,0.7977083053808964,0.47804262644698914,0.46175364007288977,1.1153745741570105,0.28282966854743297,0.26830338584814106,1.3004561479793184,SimpleImputer,0.3711641351496697,0.3372404220728782,MLPRegressor,7267.273858785629,0.03392434120178223
724,42183,reg_simple_,MNAR_,0.01_,1/,0.2548743625697033,SimpleImputer,0.7339761577508539,0.7335646389331185,0.8217338624510722,0.6819999499929478,0.6815970572480747,0.8578645585259935,0.6759506705884433,0.675482550872504,0.8660624639520095,MLPRegressor,13946.984956264496,0.023232460021972656,0.7224709126402027,0.7198518892749606,0.8426148354324966,0.6584671255134982,0.6549928661069406,0.8929851300840046,0.6520761409959899,0.6490890075533795,0.9005932258132154,SimpleImputer,0.34645702313765164,0.33218442759532396,MLPRegressor,10118.334994792938,0.008875370025634766
725,42183,reg_simple_,MNAR_,0.1_,1/,0.30460508495488436,SimpleImputer,0.8680096153700811,0.8680062474882202,0.5783782330122526,0.6450135539692823,0.6448233547697614,0.9060504697974371,0.5857943059760344,0.585726683544846,0.9785289299882091,RandomForestRegressor,9417.334490060806,0.11501312255859375,0.9324329495429993,0.9324328303337097,0.41381198167800903,0.6840229034423828,0.684014081954956,0.8546022176742554,0.6466716527938843,0.6466691493988037,0.9036930203437805,SimpleImputer,0.28093202651679133,0.2915669235725381,XGBRegressor,5360.68302154541,0.025653839111328125
726,42183,reg_simple_,MNAR_,0.3_,1/,0.28376998185942276,SimpleImputer,0.5904597266184815,0.5904540205069917,1.0187944856921483,0.6261250169726518,0.6253985575487531,0.9304968604545252,0.5457714711146119,0.5455416285252732,1.0248899710217436,LGBMRegressor,3544.8958826065063,0.04009747505187988,0.7137117981910706,0.7137113809585571,0.8517993688583374,0.5949665904045105,0.5949170589447021,0.9676140546798706,0.3930182158946991,0.39298737049102783,1.1844836473464966,SimpleImputer,0.27781793862517645,0.2774881968783535,XGBRegressor,1864.7071015834808,0.01564168930053711
727,42183,reg_simple_,MNAR_,0.5_,1/,0.27854311584481023,SimpleImputer,0.5055504737916579,0.5014154229515417,1.1240992868794992,0.5088700668966297,0.5051551866429738,1.069460381867826,0.21603314394776418,0.20882091931175306,1.3522829965874568,MLPRegressor,11115.836306095123,0.018851041793823242,0.3792474345412442,0.37924572686087143,1.2542817727636026,0.5354705073615827,0.5336356130137438,1.0382283388474025,0.33113915485367396,0.3308731513796631,1.243610607025115,SimpleImputer,0.3029852756862885,0.3087343011104598,RandomForestRegressor,1374.1208093166351,0.06263017654418945
728,42183,reg_simple_,MCAR_,0.01_,1/,0.26679542809022583,SimpleImputer,0.6705088171773164,0.6705057753618238,0.913816836888355,0.689288696469577,0.6892602276372148,0.8474783475047905,0.6863057386236193,0.686203199808562,0.8516368498120733,LGBMRegressor,3770.7440741062164,0.032747745513916016,0.7516533793274307,0.7498671648148223,0.7961971250911646,0.6533406797397493,0.6512157107023756,0.8978600466911922,0.6641964275112227,0.6623353569661315,0.8834317091838788,SimpleImputer,0.2831931423165238,0.2941714459662501,MLPRegressor,9245.557530879974,0.012971878051757812
729,42183,reg_simple_,MCAR_,0.1_,1/,0.25989898703287206,SimpleImputer,0.6022415545767801,0.5997837087682649,1.007123277266438,0.6829705960737927,0.6793234575289719,0.8609219598358344,0.5595990439129812,0.5568822618557443,1.0120215421948282,MLPRegressor,4755.079297542572,0.0245211124420166,0.6621536699677071,0.6604330926938624,0.9276794406929951,0.6658846711907198,0.6642189826714417,0.8809641990470211,0.642239429914792,0.6398669667821547,0.9123504044281355,SimpleImputer,0.27437897249549015,0.2768455181990306,MLPRegressor,6872.307729005814,0.042455434799194336
730,42183,reg_simple_,MCAR_,0.3_,1/,0.22549883121831046,SimpleImputer,0.6247529937752834,0.6247467226829507,0.9752085476090734,0.545910486576288,0.5424736589521562,1.0283435792864717,0.4768359660004936,0.476601945780454,1.0998823713888117,MLPRegressor,10343.537411928177,0.01761174201965332,0.5800545170044128,0.5800545170044127,1.0316484009704572,0.6199651112520732,0.6197779426649802,0.9374515752462563,0.5172514471377845,0.5172273919431423,1.056334586885674,SimpleImputer,0.2781010933315034,0.27912609374159025,LGBMRegressor,988.6640090942383,0.026247024536132812
731,42183,reg_simple_,MCAR_,0.5_,1/,0.28791307337374256,SimpleImputer,0.6880933424713658,0.6880694583301445,0.8891278256963451,0.6321032087172023,0.6282073419508896,0.9270018356197729,0.39223933752616114,0.391933184306431,1.1855116906134426,ExtraTreesRegressor,3155.4151787757874,0.1358659267425537,0.637841728962363,0.637841728962363,0.9580417961520036,0.6083846463014249,0.6074912614697304,0.9524777832767305,0.45744401668845036,0.45736568677621614,1.119911787567932,SimpleImputer,0.2786530965719781,0.27841170301515367,ExtraTreesRegressor,1761.7688670158386,0.08872365951538086
732,42183,reg_full_,MAR_,0.01_,1/,0.20656410366983174,KNNImputer,0.7323025692286846,0.7303956468592723,0.8266062836181711,0.6777738123490631,0.6753815817570927,0.8661971851515935,0.6776851982825901,0.6752804824160152,0.8663320591181297,MLPRegressor,12732.878735780716,0.050890445709228516,0.7817414999008179,0.7817410230636597,0.7437403202056885,0.648982048034668,0.648963212966919,0.9007546901702881,0.6483314037322998,0.6483038663864136,0.9016001224517822,SimpleImputer,0.38882768259003453,0.28715876615927144,XGBRegressor,10121.565803527832,0.009955167770385742
733,42183,reg_full_,MAR_,0.1_,1/,0.2409904075979732,IterativeImputer,0.907716845784469,0.9077048323496566,0.4836428077226208,0.6790880384950239,0.6790744210965411,0.8612561896522771,0.6422141564197222,0.6421840068768315,0.909410707892204,ExtraTreesRegressor,11785.678839445114,0.1222224235534668,0.7492994213210336,0.7488807113677634,0.7977655688359604,0.6384250024430786,0.6376644291351479,0.9151360736580137,0.6456551685751855,0.644696632501985,0.9062120887162902,KNNImputer,0.2620647892881585,0.25908364381846233,MLPRegressor,8559.661458492279,1.2566158771514893
734,42183,reg_full_,MAR_,0.3_,1/,0.24378106700833171,IterativeImputer,0.5159732141078932,0.5153273150066184,1.1083055921045772,0.5332568869295213,0.5332553285021322,1.0386515505181162,0.5330318708808155,0.5330303158083451,1.0389018818417382,AdaBoostRegressor,6520.464103937149,0.34123778343200684,0.9364092946052551,0.9364092350006104,0.40145066380500793,0.6666682362556458,0.6665729284286499,0.8778709173202515,0.6052268147468567,0.6050931215286255,0.9553830623626709,IterativeImputer,0.21414899744673546,0.221843711860067,XGBRegressor,10587.874005556107,0.9332225322723389
735,42183,reg_full_,MAR_,0.5_,1/,0.2621547501259308,KNNImputer,0.7248083590054186,0.7248082555392867,0.8351278230802912,0.5554737928496456,0.555286633177124,1.0138420058891506,0.33444556950776505,0.3338826927605165,1.2408107526491503,MLPRegressor,10810.442427635193,0.031939029693603516,0.693940010613894,0.6917956944676373,0.8838012326271438,0.6527011078490643,0.6511933297923787,0.8978888533249159,0.282342534229833,0.28231259613399606,1.2879465836789423,KNNImputer,0.21295800290471098,0.23560685627702374,MLPRegressor,8254.935379266739,4.272139072418213
736,42183,reg_full_,MNAR_,0.01_,1/,0.2126032134240186,KNNImputer,0.6971340661690237,0.6968798498019351,0.8764813025033269,0.6728793755872159,0.6727049816858259,0.8697609137791961,0.6701863811628674,0.6699870745570311,0.8733647603412997,MLPRegressor,9362.27585697174,0.030974149703979492,0.7330921720367756,0.732827305826904,0.8228701098543029,0.6650226766204343,0.664598367508068,0.8804663762080527,0.6630813419388766,0.6628132629790885,0.8828063152801395,SimpleImputer,0.32231146407365285,0.3067811988038503,MLPRegressor,12541.58795428276,0.0067059993743896484
737,42183,reg_full_,MNAR_,0.1_,1/,0.24731380593706556,KNNImputer,0.6440967743091315,0.6440820843565858,0.9497519128688533,0.6411868093533033,0.6411811702824545,0.910684200761259,0.5950830449774438,0.5950189907225245,0.9674923030603273,MLPRegressor,12853.720752716064,0.023320674896240234,0.6525999940138111,0.652599994013811,0.9383182494086384,0.6842466824157485,0.6842178495695244,0.8543266979671276,0.641865599861346,0.6418622204790684,0.9098195356676194,IterativeImputer,0.2558714343753354,0.24880507979513464,LGBMRegressor,8745.100076436996,3.939945697784424
738,42183,reg_full_,MNAR_,0.3_,1/,0.2653032202895254,IterativeImputer,0.727525267813327,0.727525267813327,0.8309949210374246,0.6252083671917726,0.6250790847914984,0.930893555462641,0.5029181107410647,0.5028031064980278,1.0719990308024057,LGBMRegressor,2327.4076011180878,0.07170224189758301,0.9198238816254206,0.9198238816254206,0.4507728654454365,0.641595089737313,0.6415571926191554,0.9102069022839143,0.46399098321057364,0.46315400897014836,1.1139226803455897,KNNImputer,0.2590962657855054,0.25303770074930043,RandomForestRegressor,8503.637079238892,4.183538198471069
739,42183,reg_full_,MNAR_,0.5_,1/,0.2740328211117303,VAE,0.029217303836422737,0.029217303836422848,1.5685424098169864,-0.002092051450243604,-0.002666319847807408,1.5223285873868375,0.003862963533201813,0.0030760032896884892,1.5179630998291331,HistGradientBoostingRegressor,3272.3900334835052,1.799391508102417,0.4666117534954065,0.4666117534954065,1.1626713555872492,0.5440487557245399,0.5438916131945253,1.0267488343231714,0.31922326214258523,0.31873520040438463,1.254839451977288,SimpleImputer,0.2765099987062757,0.2797709003772444,HistGradientBoostingRegressor,1510.5069904327393,0.015619754791259766
740,42183,reg_full_,MCAR_,0.01_,1/,0.23063544293323734,KNNImputer,0.9907018291118688,0.9907018291118688,0.15350906061401165,0.711081020406105,0.7110806428151868,0.817181468495152,0.7065802518389017,0.706580226807109,0.8235213787171655,ExtraTreesRegressor,12105.289699792862,0.14581513404846191,0.9500507904136394,0.9500504824988726,0.35579586865241514,0.7025009443274237,0.7025009383688041,0.8292261505198344,0.7000876774568825,0.7000562985283925,0.8326261811799304,KNNImputer,0.21736167247515556,0.23403804806655973,ExtraTreesRegressor,3095.313406229019,0.3656480312347412
741,42183,reg_full_,MCAR_,0.1_,1/,0.20666589994916387,KNNImputer,0.7344604478372028,0.7344604478372028,0.8203512826522285,0.6487393432621273,0.6487381453429859,0.9010433473413035,0.6307084594934821,0.6307076718615614,0.9238795033441881,HistGradientBoostingRegressor,2144.8853018283844,1.7605311870574951,0.6681506604773357,0.668064514926674,0.9171958763015017,0.6271062562069684,0.6270497862872495,0.9284437983298407,0.6171243815172804,0.6170665792515497,0.9407881210819898,KNNImputer,0.23796126202975762,0.23824458334706458,MLPRegressor,11618.93395280838,2.043231248855591
742,42183,reg_full_,MCAR_,0.3_,1/,0.25079085788959077,IterativeImputer,0.6165909152615605,0.6164804349057484,0.9858912549048022,0.5665453347397802,0.5661755419337375,1.0013530061062323,0.42555584745781405,0.42552971769370607,1.1522957845535176,MLPRegressor,10535.367569446564,0.014590740203857422,0.7780991196632385,0.778099000453949,0.7499199509620667,0.6084256768226624,0.608293890953064,0.9515033960342407,0.49717360734939575,0.4968923330307007,1.0783522129058838,SimpleImputer,0.2780926350671504,0.28151649019772296,XGBRegressor,5955.213165044785,0.0162961483001709
743,42183,reg_full_,MCAR_,0.5_,1/,0.2711428220568431,VAE,0.08079089691795005,0.08079089691795005,1.52630880827423,0.0017041152385945946,0.0012760479470682595,1.5193328299338669,-0.0008864904568990362,-0.0016289584060862339,1.5215408808383837,HistGradientBoostingRegressor,2836.1492614746094,0.02579522132873535,0.5104038353116951,0.5104038353116951,1.1139206518735243,0.5829380836729325,0.5813001295184671,0.983742881439091,0.3466174444762222,0.34646962321067054,1.2290316837233477,SimpleImputer,0.27812026009443425,0.2792812870431337,LGBMRegressor,5442.772174358368,0.03288769721984863
744,42183,reg_simple_,MAR_,0.01_,2/,0.26891947147415085,SimpleImputer,0.7039845426483156,0.703271497409962,0.8671912451042081,0.6716809475433067,0.6707788857559291,0.8723163842750412,0.6665426473575408,0.6655575983323941,0.8792064312231807,MLPRegressor,12164.135244131088,0.03002309799194336,0.9225486516952515,0.9225485920906067,0.4430471658706665,0.6898155212402344,0.6898003816604614,0.8467413783073425,0.6869722604751587,0.6869368553161621,0.8506406545639038,SimpleImputer,0.381252002954543,0.29403298277365314,XGBRegressor,3095.6910195350647,0.03632211685180664
745,42183,reg_simple_,MAR_,0.1_,2/,0.2756091465584943,SimpleImputer,0.7011351699371131,0.7007914374783459,0.8708077009874143,0.656937792314529,0.6553501428447027,0.8925226389891098,0.6554283740068496,0.6541127948896727,0.8941233528824895,MLPRegressor,11910.850111246109,0.025994062423706055,0.9094427227973938,0.9094426035881042,0.4790681004524231,0.6589998602867126,0.6589752435684204,0.887816309928894,0.515620768070221,0.5083997249603271,1.0659486055374146,SimpleImputer,0.6643657425222342,0.6196779619744924,XGBRegressor,4886.773370504379,0.0314791202545166
746,42183,reg_simple_,MAR_,0.3_,2/,0.273979937789558,SimpleImputer,0.7073868552351815,0.7070470755211706,0.8616565052231948,0.6758143786618874,0.6754739835319981,0.8660738960076312,0.4196310250758951,0.4182111615215486,1.159612483591026,MLPRegressor,10225.214427232742,0.03359055519104004,0.617047455327091,0.6170474553270909,0.985162182255519,0.6608179617058472,0.660810124782562,0.8854246929527881,0.450679373004359,0.4468138600498761,1.1307480165897343,SimpleImputer,0.2772159135289881,0.2525803058044952,LGBMRegressor,2341.312600135803,0.028504610061645508
747,42183,reg_simple_,MAR_,0.5_,2/,0.2829331200448475,SimpleImputer,0.4826193375937361,0.48207336069759643,1.1456959473889445,0.6320097304571635,0.6312236824092172,0.9232338113241639,0.6110801814959625,0.6097374586055153,0.9497485160114977,MLPRegressor,11783.698745727539,0.0383148193359375,0.5642899379987376,0.5642899379987374,1.0508338327120523,0.6265456756012303,0.6255834917025007,0.930267147119908,0.37409398902003443,0.34924510127145947,1.226419119709448,SimpleImputer,0.27077292765466765,0.31064831898971784,LGBMRegressor,1680.360312461853,0.027843713760375977
748,42183,reg_simple_,MNAR_,0.01_,2/,0.2772426709495815,SimpleImputer,0.7091905142684216,0.7073504999014777,0.861210161625656,0.6678504277341688,0.6658925843729255,0.8787660031153036,0.65896712965492,0.6571305644678977,0.8902143192197276,MLPRegressor,5111.481006145477,0.03656792640686035,0.7418141395494299,0.7417668368542341,0.8089864727675573,0.6784311676490369,0.6783344960746147,0.8622484728335812,0.666275624683821,0.66621628408094,0.8783402040795362,SimpleImputer,0.2960013239187173,0.2799641560545601,MLPRegressor,9132.726485013962,0.010014057159423828
749,42183,reg_simple_,MNAR_,0.1_,2/,0.25928594513071923,SimpleImputer,0.6398531351145914,0.6371396661432774,0.9589699537052968,0.6469840068468616,0.6453437324516469,0.9053864885456907,0.5817813861774324,0.5768854801107244,0.9889154318434135,MLPRegressor,10378.070472717285,0.020856380462646484,0.6507583257103098,0.6507583257103098,0.9408021105886812,0.6860908830607775,0.6860846419796578,0.8517977161446584,0.6345102460394265,0.6345051592817443,0.919117033885981,SimpleImputer,0.2730919824017591,0.29711346647059805,LGBMRegressor,1149.332690000534,0.025548696517944336
750,42183,reg_simple_,MNAR_,0.3_,2/,0.2844904418290208,SimpleImputer,0.5024514340532463,0.5024461316179425,1.1229367777041928,0.529873651852496,0.5288523914837231,1.0435390011164558,0.36886729449945677,0.3686937129496095,1.207953583886407,AdaBoostRegressor,4130.07762336731,0.059116363525390625,0.9122515916824341,0.9122484922409058,0.47158780694007874,0.6985169649124146,0.6976460218429565,0.8359648585319519,0.48398905992507935,0.4839390516281128,1.0921459197998047,SimpleImputer,0.2726330167567187,0.2826589328052668,XGBRegressor,2575.7220511436462,0.038457632064819336
751,42183,reg_simple_,MNAR_,0.5_,2/,0.2935992737070898,SimpleImputer,0.40824268380695294,0.40811755451249265,1.2247656060907395,0.5076459169062135,0.5062734162801518,1.0682513374973022,0.2683822192918286,0.2674393012256572,1.3012237971517293,AdaBoostRegressor,4257.24677324295,0.13629603385925293,0.542148078445019,0.5421480784450191,1.0772035421802777,0.5834841134460846,0.5834679084800929,0.9811929588172531,0.4220895516972393,0.422052224469474,1.1557781708966792,SimpleImputer,0.27483739331778106,0.2823410406364056,LGBMRegressor,2224.2412598133087,0.03612375259399414
752,42183,reg_simple_,MCAR_,0.01_,2/,0.27441886850845465,SimpleImputer,0.7077425301041894,0.7039499361859188,0.8661993066166146,0.6807939252130643,0.6762813436689548,0.8649959100585547,0.6779649822182616,0.6732600859103994,0.8690230277447023,MLPRegressor,12705.380081176758,0.07925653457641602,0.7156552389726318,0.7133185690049636,0.8523834995405979,0.6808682396878989,0.6780509437625608,0.8626284307214359,0.6770307924742749,0.6747228238711309,0.8670756396641716,SimpleImputer,0.28852095765952873,0.2813744314391316,MLPRegressor,9567.727713823318,0.022469758987426758
753,42183,reg_simple_,MCAR_,0.1_,2/,0.2719303722626413,SimpleImputer,0.916891817306994,0.916891817306994,0.4589413038435105,0.6957818476945951,0.695721906120197,0.8386206129145666,0.6536049452737933,0.653326517055171,0.8951390456887022,ExtraTreesRegressor,5986.028343439102,0.13843584060668945,0.6937014748347841,0.6923587797929018,0.882993516761331,0.6093523834912884,0.6065923597540444,0.9535678154133898,0.5436307664512775,0.5424668247962956,1.0283512595372295,SimpleImputer,0.2783051653265685,0.27987377204527814,MLPRegressor,4201.886291027069,0.007904052734375
754,42183,reg_simple_,MCAR_,0.3_,2/,0.2686091734168423,SimpleImputer,0.898561286426669,0.898561286426669,0.5070340420933627,0.6187326448317438,0.6175267511211894,0.9402226776591435,0.4281452594238341,0.42803902118608694,1.149776399011391,ExtraTreesRegressor,2860.6277544498444,0.13471484184265137,0.6681246757507324,0.6681241989135742,0.9171133637428284,0.6621662974357605,0.6621608734130859,0.8836598992347717,0.4475240409374237,0.44739246368408203,1.1301565170288086,SimpleImputer,0.2772216277257152,0.2810268878183836,XGBRegressor,1786.646047592163,0.03159809112548828
755,42183,reg_simple_,MCAR_,0.5_,2/,0.28864033800869304,SimpleImputer,0.46699512771197016,0.4666226928684699,1.1626594327889812,0.5974303289577294,0.597382012599176,0.9646655653456616,0.2616436645185978,0.2616221121625659,1.3063800232082654,MLPRegressor,10325.293269634247,0.03162097930908203,0.7155483365058899,0.7155483365058899,0.8490621447563171,0.555910587310791,0.5515663027763367,1.0180739164352417,0.34191054105758667,0.3417138457298279,1.2334954738616943,SimpleImputer,0.2778787513293468,0.28072487930839307,XGBRegressor,6632.8877012729645,0.015018701553344727
756,42183,reg_full_,MAR_,0.01_,2/,0.20366990952397898,KNNImputer,0.7064839475540168,0.7064167599281632,0.8625829743904371,0.6745041602584978,0.6743252567929926,0.8676053655183853,0.6692268164989801,0.6690461179870902,0.8746089742597966,MLPRegressor,9674.973146438599,0.0406954288482666,0.795377374037707,0.7893185995303409,0.7314767338991418,0.6535201834193212,0.646271956818963,0.9042009005781562,0.6007231255198128,0.555956496805212,0.9415387195283519,IterativeImputer,0.3277948733196788,0.3379180882957707,MLPRegressor,10466.726698875427,0.1870417594909668
757,42183,reg_full_,MAR_,0.1_,2/,0.23023882459169145,KNNImputer,0.6762843316916962,0.6749580964761386,0.9076218208632165,0.6538352656102884,0.6520119365133727,0.8968346165958646,0.6605839959763982,0.658806967755745,0.888035374861519,MLPRegressor,10450.082135915756,0.021312713623046875,0.7249818151733467,0.7218027328519766,0.8396758874285567,0.6747847129187576,0.6708012380258639,0.8722867710737413,0.6743448048994843,0.670549885642457,0.8726197151019259,IterativeImputer,0.1658305023267591,0.17782988888608786,MLPRegressor,10003.69951081276,0.3788890838623047
758,42183,reg_full_,MAR_,0.3_,2/,0.23384317968628587,KNNImputer,0.7342659103141678,0.7342655483479033,0.82065228624546,0.6283467712751896,0.6283371273100933,0.9268400226239956,0.42868057562849915,0.4286203536757037,1.1491919427930586,MLPRegressor,11419.24460530281,0.061476707458496094,0.7607331939356157,0.7607331939356156,0.7787113027321532,0.6240608520708711,0.6239433965681682,0.9323023931801042,0.6208806891600658,0.6208339203335688,0.936148894103689,IterativeImputer,0.14321263366039777,0.21444926032445286,ExtraTreesRegressor,11530.024032115936,1.9674758911132812
759,42183,reg_full_,MAR_,0.5_,2/,0.27421713532591047,IterativeImputer,0.7213465938667618,0.7194746093263642,0.8431820259842437,0.6584278995590431,0.6574511347604353,0.8897980631023436,0.29326097053156175,0.2928350384069921,1.2784700443280301,MLPRegressor,9813.179348945618,0.01638031005859375,0.7211405158269298,0.7190816175941426,0.8437724317091805,0.6772419431111021,0.6744125406464321,0.8674890945827746,0.5932698736242195,0.5916503968571015,0.9715077252712014,IterativeImputer,0.2916975437037119,0.2910584129581721,MLPRegressor,12554.031154870987,9.428842782974243
760,42183,reg_full_,MNAR_,0.01_,2/,0.20925363147801904,KNNImputer,0.7283153365116427,0.7281919505847578,0.8299776720407614,0.6825947587580271,0.682542745251152,0.856589640178778,0.6691566294722678,0.669106317837407,0.8745294258291714,MLPRegressor,10640.082478761673,0.035901546478271484,0.8088810443878174,0.8088809847831726,0.6959646344184875,0.6711246967315674,0.6711246967315674,0.8718581199645996,0.666123628616333,0.6661180257797241,0.8784694075584412,KNNImputer,0.23987276672861155,0.22953538023681364,XGBRegressor,5163.602285146713,0.26231884956359863
761,42183,reg_full_,MNAR_,0.1_,2/,0.24724013850580584,KNNImputer,0.6582007704103874,0.6581971001975968,0.9307287377752035,0.6644236356787807,0.6642251557216293,0.8809561011187165,0.607489230451522,0.6074876891923913,0.9524821175841302,LGBMRegressor,1595.6388530731201,0.04111313819885254,0.7085691036397423,0.7082208178425713,0.8599286204922852,0.6535514705480574,0.6529035424994197,0.8956849565252741,0.602809113238381,0.6009096642307094,0.9604301721269044,IterativeImputer,0.2422966423480483,0.24519312740941826,MLPRegressor,11665.14107131958,3.9334986209869385
762,42183,reg_full_,MNAR_,0.3_,2/,0.2640069078109878,IterativeImputer,0.5191802789121172,0.519180278912117,1.1038914975864578,0.619531853628829,0.6194422332658864,0.9378653359192441,0.4558558141610688,0.4558104448960486,1.1215155264608272,LGBMRegressor,2401.9041941165924,0.038361549377441406,0.7156773137093972,0.7156584206679657,0.8488978582858724,0.6243663022630873,0.6207114065550503,0.9363001231842262,0.4100897013550733,0.41008799765173476,1.1676799031651934,SimpleImputer,0.30808500595538785,0.3127154014708406,ExtraTreesRegressor,8128.680397748947,0.07991981506347656
763,42183,reg_full_,MNAR_,0.5_,2/,0.26736073096399127,VAE,0.06069890955696289,0.060698909371478926,1.5428995967345758,-0.006182030175001296,-0.006278374086579275,1.525068177812654,-0.0032865036673175307,-0.004112056009594411,1.5234257084615292,ExtraTreesRegressor,2946.1496846675873,0.08520007133483887,0.635343022090916,0.635343022090916,0.9613411142697855,0.5476345583936284,0.5457994480409206,1.024599213782719,0.32384336836922867,0.3227538596509163,1.2511329410969065,SimpleImputer,0.2793435824806365,0.2751851297922138,ExtraTreesRegressor,4380.397159814835,0.08828377723693848
764,42183,reg_full_,MCAR_,0.01_,2/,0.22069443440129924,KNNImputer,0.7081300662924199,0.6972930520127749,0.8758837052831027,0.664661370485154,0.6529391352587122,0.8956390316595951,0.6611971577422492,0.6494166335660738,0.9001727108166817,MLPRegressor,12067.59309720993,0.029803037643432617,0.9453718066215515,0.9453718066215515,0.3720862865447998,0.6825722455978394,0.6825405955314636,0.8565925359725952,0.680435061454773,0.6804311871528625,0.8594337105751038,KNNImputer,0.23342471944631282,0.24488714371902792,XGBRegressor,10771.63241648674,0.2771909236907959
765,42183,reg_full_,MCAR_,0.1_,2/,0.24600490941743974,IterativeImputer,0.7202983363766673,0.7202903839689366,0.8419551364837297,0.6698773576828038,0.6696259477328605,0.8738424828520164,0.6132935399109437,0.613227012165501,0.9454928678366541,MLPRegressor,12046.616423368454,0.019671201705932617,0.7063667174882843,0.7047054734871008,0.8650933045475881,0.6530646428496288,0.6516963381177567,0.8972412044233357,0.6041952092428367,0.6018493323895187,0.9592988273809379,KNNImputer,0.24199734469496612,0.23689561429781839,MLPRegressor,11166.646280050278,2.087855339050293
766,42183,reg_full_,MCAR_,0.3_,2/,0.2693305686620368,IterativeImputer,0.5650626464352172,0.5640375020233209,1.0511381977886334,0.608525485586088,0.6075536161774534,0.9524021240277669,0.48865044710190486,0.48791322535603465,1.087932546633843,MLPRegressor,9829.694850206375,0.023631811141967773,0.652494280662814,0.652494280662814,0.9384610030353359,0.6163879251214159,0.6162950465540065,0.9417353922211967,0.4905178684667393,0.4904120282760225,1.0852749369854782,SimpleImputer,0.27594109088661434,0.2801236837846186,RandomForestRegressor,8530.105114459991,0.06781744956970215
767,42183,reg_full_,MCAR_,0.5_,2/,0.2576917478345697,IterativeImputer,0.44849331446637686,0.44849331446637697,1.1822535940927106,0.5221715183531546,0.5212006408874639,1.0519787561175675,0.3064976892884753,0.30634665706353303,1.2661974404178122,HistGradientBoostingRegressor,4461.897865772247,1.7799882888793945,0.6817784905433655,0.6817770004272461,0.8980510234832764,0.6279063820838928,0.6267191171646118,0.928855299949646,0.260946124792099,0.26088136434555054,1.307035207748413,SimpleImputer,0.27840240262432275,0.28109663738598273,XGBRegressor,6177.281434774399,0.040490150451660156
768,42183,reg_simple_,MAR_,0.01_,3/,0.27667298360420345,SimpleImputer,0.8086196525426662,0.8082054693059921,0.6971935513243936,0.6455908921440068,0.6447807584232259,0.9061047994996003,0.6383658482086465,0.6376201990521876,0.9151919270057817,MLPRegressor,8880.25194978714,0.01775956153869629,0.7205783101665426,0.7167008939514414,0.8473402845575786,0.6829659573221736,0.6788992786901706,0.8614911692189354,0.6801809234940658,0.6761666410358456,0.8651491426870386,SimpleImputer,0.25257957788610225,0.2645114711526876,MLPRegressor,8423.442168951035,0.012957334518432617
769,42183,reg_simple_,MAR_,0.1_,3/,0.25222203731189236,SimpleImputer,0.9874032330409315,0.9874032330409315,0.17867541509141882,0.6954606927668845,0.6953555885003643,0.8391252649243297,0.6488735739491878,0.6488559782500655,0.9008922044529368,RandomForestRegressor,12049.96017074585,0.12061905860900879,0.718631930399085,0.7168624463848362,0.8470986505336331,0.67851114475215,0.6766884068786008,0.8644518901748367,0.5019595415937486,0.49884725815430686,1.0762551555209605,SimpleImputer,0.6633155467160986,0.7359987759745472,MLPRegressor,10076.5780377388,0.020923614501953125
770,42183,reg_simple_,MAR_,0.3_,3/,0.25352386109656855,SimpleImputer,0.993869091935539,0.9938690912641179,0.12465154848058409,0.6706008328708518,0.6705382146507342,0.8726351715349839,0.6384660152760907,0.6384310173470212,0.9141674908974454,HistGradientBoostingRegressor,8310.42763376236,1.8185324668884277,0.7192953824996948,0.7192950248718262,0.8434517979621887,0.6359240412712097,0.6358309984207153,0.9174484610557556,0.5472676753997803,0.5472618341445923,1.0229483842849731,SimpleImputer,0.24975852924885303,0.266995537829009,XGBRegressor,1008.6362767219543,0.011318206787109375
771,42183,reg_simple_,MAR_,0.5_,3/,0.25351195774077934,SimpleImputer,0.7126966514885449,0.7112822039854045,0.8554054819041382,0.6860857328277978,0.6846572760590073,0.8537320720930722,0.5499035118373521,0.5491393261688473,1.0208251644664748,MLPRegressor,11422.546265125275,0.019939422607421875,0.7669190686454945,0.7597693289588312,0.7802782107775049,0.5713723584871826,0.5552388422408152,1.013896480479622,0.4508941615190447,0.43685515247347084,1.1408807356616515,SimpleImputer,0.2903157497089444,0.2985847186753481,MLPRegressor,9846.956719398499,0.02304387092590332
772,42183,reg_simple_,MNAR_,0.01_,3/,0.2794638190378905,SimpleImputer,0.744790310925999,0.743823191342052,0.8057589864053819,0.6736087467281324,0.6720715516546316,0.8706021523374327,0.6698823747380444,0.6685283380970664,0.8752928731015567,MLPRegressor,11705.887750148773,0.0687415599822998,0.7224852010520827,0.722479025706851,0.8386546474507509,0.6836278040076544,0.6834994978406668,0.8552978713468964,0.6432545206614365,0.6432460220409971,0.9080601175224594,SimpleImputer,0.30129781886755364,0.3014837153747044,LGBMRegressor,1411.8784124851227,0.037804603576660156
773,42183,reg_simple_,MNAR_,0.1_,3/,0.31468916562686644,SimpleImputer,0.601285931235154,0.5957494683469586,1.0121865267505414,0.6308742178017005,0.6214833187415345,0.9353468786288743,0.5975286238842846,0.5859993381358253,0.9782068668625024,MLPRegressor,9650.305511713028,0.01828169822692871,0.6499248802308006,0.6474606777976682,0.9452333471524298,0.6706712616854964,0.6665424155652936,0.877910997400377,0.6123503953850433,0.6099580875364026,0.9494800151932253,SimpleImputer,0.274717244957658,0.2885710486954558,MLPRegressor,5046.673797130585,0.03530597686767578
774,42183,reg_simple_,MNAR_,0.3_,3/,0.2779570894557728,SimpleImputer,0.49599035964684557,0.4959903524096658,1.1301983711537515,0.4892138964714816,0.4880537257269224,1.0877832893009587,0.35414107516562054,0.35399590521386803,1.221934213202267,AdaBoostRegressor,4915.217628955841,0.08926558494567871,0.6558876633644104,0.6558875441551208,0.933867871761322,0.6056718230247498,0.6055761575698853,0.9547986388206482,0.4974709749221802,0.4972209930419922,1.0779999494552612,SimpleImputer,0.28234846225989785,0.2781596778357253,XGBRegressor,1503.2121670246124,0.014639616012573242
775,42183,reg_simple_,MNAR_,0.5_,3/,0.27057680101327986,SimpleImputer,0.7175762556837426,0.7175762556837426,0.8460301796278814,0.565560841878409,0.5646096808718787,1.0031585374910426,0.2614092896377299,0.26111687506449077,1.3068268938379752,ExtraTreesRegressor,3732.2400183677673,0.11356568336486816,0.5815328359603882,0.58153235912323,1.0298315286636353,0.5354899764060974,0.5315774083137512,1.0405168533325195,0.3571564257144928,0.35617369413375854,1.2198727130889893,SimpleImputer,0.28646508693425016,0.2856120021977026,XGBRegressor,1359.0479712486267,0.018735885620117188
776,42183,reg_simple_,MCAR_,0.01_,3/,0.2897425962233683,SimpleImputer,0.6897419383392132,0.687084230199593,0.8905308674242408,0.6272005797569964,0.6226711628536187,0.9338780935436833,0.6166370353607364,0.6122935384553692,0.9466331502140584,MLPRegressor,11345.252230167389,0.018797874450683594,0.7127906819471822,0.71248150721739,0.8536270010622945,0.6698318928948477,0.669369826351271,0.8741811389636732,0.5879449145903975,0.5877758395515095,0.9761058386635277,SimpleImputer,0.6765110243232811,0.6601196020049147,MLPRegressor,9149.074271202087,0.006333351135253906
777,42183,reg_simple_,MCAR_,0.1_,3/,0.2703456428134731,SimpleImputer,0.648733492877016,0.6480599091904042,0.9444296717103234,0.6677650553524344,0.6670211814377192,0.8772805352062163,0.6248618589605265,0.6245492840221502,0.9315510461411004,MLPRegressor,11720.778064966202,0.01032567024230957,0.6539160952108851,0.6506896055471595,0.9408946666883857,0.6038631743587155,0.5997147209836062,0.9618669417730589,0.54936910626233,0.5459141173924967,1.0244698683389382,SimpleImputer,0.2759059518583851,0.2738129320101988,MLPRegressor,9466.433916807175,0.022078752517700195
778,42183,reg_simple_,MCAR_,0.3_,3/,0.27504531809743077,SimpleImputer,0.9106300153060025,0.9106300153060025,0.47591686379790743,0.6612782014995103,0.660671375699007,0.8856057704447707,0.5309957916005272,0.5308541180435331,1.041319841838006,RandomForestRegressor,4296.410044431686,0.1270771026611328,0.7065024971961975,0.7065024375915527,0.8624570369720459,0.6189765930175781,0.6174641251564026,0.9402996301651001,0.5641312599182129,0.5637432336807251,1.004156231880188,SimpleImputer,0.30685990823506304,0.31009487431655197,XGBRegressor,1906.2982954978943,0.014289379119873047
779,42183,reg_simple_,MCAR_,0.5_,3/,0.2844463140376901,SimpleImputer,0.5845582661230737,0.5845582661230738,1.0261014783218472,0.55074707198223,0.5484869921374911,1.0215633950707876,0.3495735335856871,0.34949588310352186,1.226182783977264,LGBMRegressor,1886.945529460907,0.045458316802978516,0.6253690123558044,0.6253689527511597,0.974399745464325,0.5506401062011719,0.5489038228988647,1.0210916996002197,0.325214684009552,0.32521378993988037,1.2488586902618408,SimpleImputer,0.30624091999148567,0.31176139637557,XGBRegressor,1483.915513753891,0.011967658996582031
780,42183,reg_full_,MAR_,0.01_,3/,0.2055668367335643,KNNImputer,1.0,1.0,0.0,0.723423040831131,0.7234212745878366,0.7995388568497862,0.7135795953589087,0.7135779175140489,0.8136421495264571,ExtraTreesRegressor,13695.758283138275,0.15025877952575684,0.7239698013934404,0.7233166784209644,0.8373880184293566,0.6808781472331542,0.6802068679610009,0.8597352937443443,0.6783767320091568,0.6778209641028222,0.86293647880088,KNNImputer,0.23883707197935658,0.2457237711819995,MLPRegressor,11012.750926733017,0.13896846771240234
781,42183,reg_full_,MAR_,0.1_,3/,0.2400229735673763,KNNImputer,0.7244152480757476,0.7171130795033196,0.8467236420281998,0.6602067897220094,0.6535884777091969,0.8948007799488613,0.627107577803512,0.6220098549360655,0.9346960943955978,MLPRegressor,10924.750601530075,0.031456708908081055,0.6936685541220643,0.6924664367180348,0.8828390044941706,0.6180898691282861,0.6166592740855508,0.941288320335011,0.6125310793867963,0.6110286599639951,0.9481760712385592,IterativeImputer,0.20690042756419588,0.19746917645818413,MLPRegressor,12499.233977556229,1.6143813133239746
782,42183,reg_full_,MAR_,0.3_,3/,0.24821286351279942,KNNImputer,0.6688156727805343,0.6688090283920647,0.916166688329357,0.634643021237759,0.6346424022674853,0.9189444538715299,0.5139739422226084,0.5124707750773183,1.0615257089590722,LGBMRegressor,1029.8585617542267,0.042395830154418945,0.7144253150456804,0.7144253150456803,0.8507365768503397,0.6414392028770572,0.6413737922111002,0.9104397301803336,0.5263289699761435,0.5260763900016511,1.0466087516608105,IterativeImputer,0.19160101523786985,0.1915233967473072,HistGradientBoostingRegressor,6745.223882675171,2.2566592693328857
783,42183,reg_full_,MAR_,0.5_,3/,0.25048376691383273,IterativeImputer,0.4674524788453477,0.4617067168306157,1.1680050825097614,0.5694674593611211,0.5596959787148211,1.0088033491710886,0.14631689957200333,0.14050864419628717,1.4094541284630089,MLPRegressor,11664.310966014862,0.02864980697631836,0.5128644159140954,0.5128316457641322,1.1111553634921085,0.625871120131327,0.6258499537775337,0.9299360652537326,0.5770909228695862,0.576447302051966,0.9894273605233603,SimpleImputer,0.2404713456289799,0.3239663369527146,LGBMRegressor,4948.727811098099,0.03651714324951172
784,42183,reg_full_,MNAR_,0.01_,3/,0.2354907275764187,KNNImputer,0.7170389531365043,0.7098787776246461,0.8574819788851175,0.6614391148049575,0.653162497272288,0.8953507768379692,0.6597899057118435,0.6515763811003901,0.8973956976501422,MLPRegressor,13472.110283851624,0.02378082275390625,0.7161266043759964,0.7155607079196524,0.8490437057873125,0.685927013671698,0.6853205488623564,0.852833755288649,0.6835176363578594,0.6830083251605367,0.8559612764360617,SimpleImputer,0.288594441095347,0.2758932151757781,MLPRegressor,9830.259495019913,0.015496969223022461
785,42183,reg_full_,MNAR_,0.1_,3/,0.25218756987047497,KNNImputer,0.6874783308896463,0.686739333773766,0.8910215047724745,0.6549201299545271,0.6540467528261654,0.894208708645844,0.6221869116423928,0.6210579481245844,0.9358722945242032,MLPRegressor,11587.453748464584,0.028061389923095703,0.7077998230436431,0.7068339573856168,0.8619698682705244,0.6737558784594042,0.6731853266089347,0.8691224399008706,0.6223656643508348,0.621263314593302,0.9356186636134642,IterativeImputer,0.2126169754644565,0.20924876571505716,MLPRegressor,12212.45084118843,0.8074450492858887
786,42183,reg_full_,MNAR_,0.3_,3/,0.2402077427591726,SimpleImputer,0.5735587205082957,0.5735498148582993,1.0396075046032311,0.5987277173688503,0.5971563796496833,0.9649358337603058,0.43093463694140355,0.4309293862571385,1.146867561877858,LGBMRegressor,3921.5843794345856,0.043512582778930664,0.8422408103942871,0.8422402143478394,0.6323148608207703,0.6020609736442566,0.6019036769866943,0.9592333436012268,0.4757106602191925,0.47565656900405884,1.1008752584457397,IterativeImputer,0.2867278062875166,0.2925968430326349,XGBRegressor,9404.705375671387,8.86218523979187
787,42183,reg_full_,MNAR_,0.5_,3/,0.26452240154992956,VAE,0.0145651156637302,0.0145651156637302,1.580335217299062,0.0018721752898374078,0.000944426165030654,1.5195850528037136,-2.0896949578075308e-05,-0.0007699373800480469,1.5208882859058228,ExtraTreesRegressor,1248.0334823131561,0.07692527770996094,0.5128094248838365,0.5126882563230744,1.1113188759852688,0.5005628138982184,0.49533794674144926,1.0800168086996262,0.28531786986237206,0.28475484210665936,1.2857533148034945,KNNImputer,0.2730455583744007,0.2683124622751194,MLPRegressor,6332.61087179184,5.300934314727783
788,42183,reg_full_,MCAR_,0.01_,3/,0.1622883001229293,KNNImputer,0.7558877245006802,0.7528289797015916,0.7914692153328424,0.6728619023934279,0.669111145966317,0.8745230455982491,0.6691010842411598,0.6655225549622934,0.8792524922925371,MLPRegressor,12543.689926862717,0.027706146240234375,0.7697149234082207,0.7695879225131128,0.7641662839049183,0.6398518140808596,0.6397925995507812,0.9124445994408553,0.6385850244430847,0.6385648148163439,0.9139983328388246,KNNImputer,0.23280996326788844,0.25062853506650623,MLPRegressor,10649.361608982086,0.28673839569091797
789,42183,reg_full_,MCAR_,0.1_,3/,0.23763981166852507,KNNImputer,0.6523037031833281,0.652142244934873,0.9389362299980989,0.6436265098793982,0.6433265611355039,0.907957612053392,0.620803517400677,0.620664940765841,0.9363574734348543,MLPRegressor,11100.936750411987,0.027705669403076172,0.6215360288592181,0.6214500739328034,0.9794828474048879,0.5132258228058908,0.5132156433637821,1.0607144764815135,0.4867433414433875,0.48661031986796344,1.0893156841014673,KNNImputer,0.23940650403897362,0.23751564924829152,AdaBoostRegressor,1035.6428525447845,2.315645694732666
790,42183,reg_full_,MCAR_,0.3_,3/,0.2771783691585543,SimpleImputer,0.7778283469285879,0.7778283469285879,0.7503771063208168,0.6158452671929924,0.6135286629392651,0.9451240930054227,0.41165632428405674,0.41150926688510603,1.166272414991382,ExtraTreesRegressor,10223.948956489563,0.09949803352355957,0.6137059330940247,0.6137059330940247,0.9894508719444275,0.665562629699707,0.6655572056770325,0.8792069554328918,0.5092591047286987,0.5091549158096313,1.0651295185089111,SimpleImputer,0.2791482822694871,0.28386146149186925,XGBRegressor,8565.529908180237,0.011743307113647461
791,42183,reg_full_,MCAR_,0.5_,3/,0.27455979028964783,VAE,0.01582890406821036,0.01582890406821036,1.5793215277572077,0.0011369679997930149,0.0006988469536111097,1.5197718069636748,0.0003955417353774804,-0.0003096467066803221,1.5205384896238163,ExtraTreesRegressor,1822.7335669994354,0.07557344436645508,0.42780283990314305,0.42780283990314305,1.2042262816303344,0.5422908016553206,0.541654758141568,1.0292634551929964,0.3380787494591496,0.3373125886801257,1.2376121085973637,SimpleImputer,0.27768219283232987,0.2817065389752914,LGBMRegressor,4589.793693304062,0.01866888999938965
792,42225,reg_simple_,MAR_,0.01_,1/,0.1753692884221382,SimpleImputer,0.9486342518166564,0.9486323597948532,0.16078747958118034,0.9982892620969196,0.9982792034664749,0.028645788783276657,0.997657261142264,0.9976432014026975,0.0335241102027487,MLPRegressor,13736.6578707695,0.024456262588500977,0.9484599146911921,0.9484598904325033,0.16105717929861654,0.9979024223506783,0.9978960793357164,0.03167456824300976,0.9888022406513438,0.9887167091312379,0.0733523304212697,SimpleImputer,0.1876802148307251,0.22583324492445994,MLPRegressor,14201.561711549759,0.02904057502746582
793,42225,reg_simple_,MAR_,0.1_,1/,0.18152151097838454,SimpleImputer,0.9478184675693866,0.947814455767276,0.16206249790523714,0.9981950731765031,0.998179928925813,0.02946050573640714,0.9210082345787566,0.9209288354015932,0.19418026605171995,MLPRegressor,14688.78628396988,0.43129515647888184,0.9485057585222059,0.9484935144336089,0.1610046350729842,0.9978072469582756,0.9977960482658371,0.032418809603237106,0.9972158365585814,0.9972023912580434,0.036524940094659224,SimpleImputer,0.40857680433388677,0.46005290000398175,MLPRegressor,12787.734812259674,0.09784364700317383
794,42225,reg_simple_,MAR_,0.3_,1/,0.16524630239076213,SimpleImputer,0.9486628443387305,0.9485686812895306,0.16088710976825163,0.9980237501682617,0.9978947285110391,0.03168473495783207,0.7617495140497281,0.7605819311501206,0.3378893363591735,MLPRegressor,14828.59067082405,0.05864572525024414,0.948723639047522,0.9486892148899118,0.1606984729776136,0.9983715504055803,0.9983272946131131,0.028242670020814275,0.774121477798172,0.5839920615440681,0.4453965340720664,SimpleImputer,0.4800282962063517,0.396327876259042,MLPRegressor,13501.214353322983,0.09045553207397461
795,42225,reg_simple_,MAR_,0.5_,1/,0.17629558943489249,SimpleImputer,0.9426906644884074,0.9426323044641255,0.1699186786957501,0.9964509578111939,0.9963958841763119,0.04145676347303354,0.9904856962145941,0.9904600268365271,0.06744808143094944,MLPRegressor,13010.30812740326,0.5532186031341553,0.9443446000253551,0.9443331486872433,0.16738084210320794,0.9976893204524293,0.9976862555886078,0.033216488243769056,-3.4019863114599707,-7.4810182556376095,2.011036824575565,SimpleImputer,0.44303532692104214,0.5046627037892264,MLPRegressor,12638.447432994843,0.06251859664916992
796,42225,reg_simple_,MNAR_,0.01_,1/,0.2027226438778368,SimpleImputer,0.9470741823832147,0.9470708804979995,0.16321300267407635,0.9978788709851412,0.9978786895696949,0.03180520050615697,0.9960843269782595,0.9960780168002841,0.04324629322023882,MLPRegressor,13108.896049499512,0.475691556930542,0.9492035738030787,0.9492035738030784,0.15989099281433813,0.9970400820786274,0.9970362462181581,0.03759387427658461,0.9961668994106264,0.996161201987739,0.042785208698983675,SimpleImputer,0.1855712388429527,0.18893132868460283,LGBMRegressor,5749.454339981079,0.0704658031463623
797,42225,reg_simple_,MNAR_,0.1_,1/,0.18549812721776265,SimpleImputer,0.9613312472494228,0.9613312033483228,0.13950434959656743,0.996921382358651,0.9969142406374806,0.03835986338468558,0.994423915053307,0.9944161215535141,0.05160169910074802,RandomForestRegressor,6639.603098392487,0.5782985687255859,0.9469453972516901,0.9469451367082715,0.16340676035412255,0.997723442614948,0.9977229671169094,0.03295191626223717,0.9958648973029922,0.9958625956912138,0.04441810284415973,SimpleImputer,0.1730623665550936,0.1804252655261749,MLPRegressor,14553.649035215378,0.08719325065612793
798,42225,reg_simple_,MNAR_,0.3_,1/,0.18099038027060063,SimpleImputer,0.9540189658546938,0.9540187989643081,0.15212394363433585,0.9962549100920054,0.9962538616129553,0.04226568699484914,0.9755374877566597,0.9752217972390056,0.10870034571963533,ExtraTreesRegressor,6486.835420846939,0.6885309219360352,0.961483440550263,0.9614831832098578,0.13922993292205357,0.996192620047701,0.9961811270404292,0.04267402720094696,0.9812235540086498,0.9811882256002743,0.09471328614548595,SimpleImputer,0.17480385638365667,0.178666209046527,RandomForestRegressor,4397.488088607788,0.505326509475708
799,42225,reg_simple_,MNAR_,0.5_,1/,0.196343276639416,SimpleImputer,0.9081891045085968,0.9081890664902876,0.2149584993641814,0.9951336539936929,0.9951288485671742,0.04819609365303353,0.9356165702222421,0.9353729773397668,0.1755509154072214,ExtraTreesRegressor,4986.4664607048035,0.611595630645752,0.9000568067483964,0.9000568067483964,0.2242766346140801,0.9945219583348055,0.9945196086060476,0.051121290898289394,0.8946220797659054,0.8945617233043415,0.22423075213388338,SimpleImputer,0.4575086450820738,0.45901445694068815,HistGradientBoostingRegressor,4415.81428527832,0.04355740547180176
800,42225,reg_simple_,MCAR_,0.01_,1/,0.1732821949409241,SimpleImputer,0.9486629217938025,0.9485932662166705,0.16084865196891665,0.9980118764434667,0.9979600665073626,0.031189185139179006,0.9974950328075121,0.9974534584471239,0.034847482420714705,MLPRegressor,13147.344055175781,0.05531954765319824,0.9484754943926275,0.9483790818108153,0.16118338887953676,0.9981782769929367,0.9980715803173117,0.030324720162917616,0.9976343368979748,0.9975675049219135,0.034058224918672636,SimpleImputer,0.21838919157790387,0.22755991741744558,MLPRegressor,13205.550390958786,0.05402636528015137
801,42225,reg_simple_,MCAR_,0.1_,1/,0.15454660866132958,SimpleImputer,0.966184094962033,0.9661840587274406,0.1304572322205737,0.9970462370795521,0.9970407085737485,0.03756556213586538,0.9953290393132781,0.9953198013255389,0.04724198841226248,RandomForestRegressor,4692.454328536987,0.5692074298858643,0.9749772149323999,0.9749772149323999,0.11222128641155216,0.9968313548996435,0.9968219864635737,0.03892905805610698,0.9930914093974141,0.9930866942140286,0.05741678983897866,SimpleImputer,0.17525382842619242,0.1750739174275301,ExtraTreesRegressor,4785.685833930969,0.6583871841430664
802,42225,reg_simple_,MCAR_,0.3_,1/,0.16296887388790415,SimpleImputer,0.9741156452266252,0.9741156452266252,0.11413690500931711,0.9968566989071382,0.9968447694992243,0.03878926673568421,0.984199056243746,0.9841984817829322,0.08680513807135541,ExtraTreesRegressor,7977.083788633347,0.8465595245361328,0.9488359094196929,0.9488359094196929,0.16046859479621758,0.9966609769820693,0.9966563931921085,0.0399303966716222,0.9842687059064218,0.9842612427807347,0.0866325787834141,SimpleImputer,0.1759227670877011,0.1767449499831158,RandomForestRegressor,4927.532866716385,0.46288275718688965
803,42225,reg_simple_,MCAR_,0.5_,1/,0.19846627936621433,SimpleImputer,0.9188351846913708,0.9188348267210309,0.20211208396640906,0.9952030857713056,0.9951829159014395,0.04792787107620694,0.9274527127682408,0.9274160559766865,0.18604427296200388,ExtraTreesRegressor,8541.801313400269,0.6474058628082275,0.898806852815579,0.898806852815579,0.2256747507692862,0.9922115050804795,0.9921961527348672,0.06100288922152627,0.9302398792380147,0.9301946251846045,0.18244856664102513,SimpleImputer,0.17541339025337582,0.17574027720387808,HistGradientBoostingRegressor,5189.641144275665,0.050399065017700195
804,42225,reg_full_,MAR_,0.01_,1/,0.12801773429123645,KNNImputer,0.9488614989671712,0.9488614868853872,0.160428479815029,0.9983433837273261,0.9983401581281192,0.028133863898197557,0.9983259089973918,0.998322639811325,0.028281939547745858,MLPRegressor,14598.475043296814,1.505439043045044,0.9474510673996093,0.9474319052998927,0.16265541957618945,0.9976593944944004,0.9976500271727059,0.03347552866725742,0.997517316044246,0.9975088040211832,0.03446672120321246,IterativeImputer,0.18066106532540246,0.1094907441749688,LinearSVR,9295.544665813446,0.03982901573181152
805,42225,reg_full_,MAR_,0.1_,1/,0.1402491783766636,KNNImputer,0.9468742887188621,0.9468737989749336,0.1635165820676525,0.9982174965868899,0.9982131221175284,0.029190629503176007,0.9976237664799572,0.9976191085948353,0.033695027700921455,MLPRegressor,14891.305459976196,0.050048828125,0.9478436805554337,0.9477430544338576,0.1621733286270343,0.9979007260494677,0.9978508802544874,0.03201299680626113,0.9948032097822809,0.9947478858488894,0.050045277578274705,IterativeImputer,0.16382874033228242,0.16218749118875123,MLPRegressor,13585.470306158066,0.08659052848815918
806,42225,reg_full_,MAR_,0.3_,1/,0.1431448978192109,KNNImputer,0.9482576680320822,0.9481823547305636,0.16149023138812169,0.9981381799849297,0.9980365173748507,0.030599163585328333,0.9932457284564693,0.9931759380861982,0.057044989345862517,MLPRegressor,13293.89684510231,0.028480052947998047,0.9478276915924668,0.9478258824488902,0.16204475412221994,0.9981793058416312,0.9981736490086756,0.029511286781279032,0.9957325518390289,0.9957156239489208,0.04520014371104925,KNNImputer,0.15508813033506957,0.14907770704516543,MLPRegressor,15410.072932004929,59.23182797431946
807,42225,reg_full_,MAR_,0.5_,1/,0.142062471066837,IterativeImputer,0.9248388880640439,0.9248388880640439,0.19449301924683507,0.9955404744812586,0.9955341711895374,0.046147381119816304,0.9924448573427886,0.9924412663436994,0.06003721601920784,ExtraTreesRegressor,9230.004912853241,0.5963053703308105,0.9476354767907542,0.9476003948487888,0.1623945414362724,0.9979119042972335,0.9978949523510209,0.031683050495979415,0.9902803865364203,0.9902686416290036,0.06812127333834388,KNNImputer,0.11377657285809693,0.12329594003289562,LinearSVR,14212.718798875809,67.19280672073364
808,42225,reg_full_,MNAR_,0.01_,1/,0.13071205689828305,KNNImputer,0.9485318116700383,0.9485317221349917,0.1609449070775981,0.9983522592873944,0.998348962022158,0.028059152905558507,0.9982952155080882,0.9982917905360748,0.028540829158600328,MLPRegressor,13800.401591300964,0.020573139190673828,0.9482358848284483,0.9482238702463738,0.16142552665661758,0.9982690024551623,0.9982394308934333,0.028974941148925883,0.9975832860935765,0.9975546391702254,0.03414817510878495,IterativeImputer,0.14890325857540213,0.14659554998460614,MLPRegressor,13236.789524555206,0.06501889228820801
809,42225,reg_full_,MNAR_,0.1_,1/,0.1468585760476853,KNNImputer,0.9462296661713577,0.9462293703535196,0.164505332761556,0.9982426302377865,0.9982417596221772,0.028955772033304333,0.9968296051036653,0.9968261651770395,0.03890345607447399,MLPRegressor,13886.678891420364,0.04209280014038086,0.9478087128139016,0.947808711777871,0.16207141665534996,0.9983103059095048,0.9983081280093326,0.028404017688790743,0.9969038592559046,0.9969010967709714,0.03844147395362148,IterativeImputer,0.15837021280485641,0.1635783039965133,MLPRegressor,14818.12690615654,1.4776604175567627
810,42225,reg_full_,MNAR_,0.3_,1/,0.17082583192579612,IterativeImputer,0.948701673097886,0.9487016730922906,0.16067896308675458,0.995774162735778,0.995754105211894,0.04499669729754656,0.9802987617826175,0.9802623842031748,0.09701600112365849,ExtraTreesRegressor,9960.662613868713,0.5345041751861572,0.9681721896965971,0.968172035399829,0.12656448409206553,0.9953084756717047,0.995287417525337,0.0474051479180793,0.9849259119748086,0.984803817107383,0.08512620645772659,SimpleImputer,0.1765345173995698,0.1751885168441886,RandomForestRegressor,11780.2436003685,0.46214818954467773
811,42225,reg_full_,MNAR_,0.5_,1/,0.1895227818750221,VAE,0.20584390587862456,0.20584390587862444,0.6322085376254937,0.04522143105078458,-0.07365127810961813,0.7155296700099576,-0.05742047586672827,-0.05749233790807895,0.7101247326833833,LGBMRegressor,8398.000544786453,0.13539552688598633,0.9234854165368953,0.9234853504501443,0.19623646718197596,0.9947979062455485,0.9947574118292295,0.04999987236817052,0.9149178610238083,0.9144637397561746,0.20196269314870674,SimpleImputer,0.1745865067407781,0.17425671159825284,ExtraTreesRegressor,12691.783147573471,0.5645854473114014
812,42225,reg_full_,MCAR_,0.01_,1/,0.09782381173006803,KNNImputer,0.9488177680710479,0.9487543615912596,0.16059642522589232,0.998376528841692,0.9982738106143048,0.028690640587724768,0.9975972596885546,0.9974892926003864,0.03460143221515182,MLPRegressor,13216.00230050087,0.05385088920593262,0.948713448628722,0.9487130051690498,0.16066121468225728,0.997930121832599,0.9979221508060123,0.03147770320443401,0.9978209095659999,0.9978122501186641,0.032299430026334126,IterativeImputer,0.11983188462661848,0.12323675078362893,MLPRegressor,14727.215684890747,0.8397316932678223
813,42225,reg_full_,MCAR_,0.1_,1/,0.12212719294217751,KNNImputer,0.9465333860310928,0.9464284983113899,0.16420044517548388,0.9983537753990187,0.9982723478338869,0.02870279430050834,0.9968151645609128,0.9967405144938318,0.03942489553368415,MLPRegressor,10155.774010658264,0.2711219787597656,0.9471044462333215,0.9470807980153209,0.1631977110574075,0.9981234964744233,0.9980727989799407,0.030315136812392757,0.9955861540629035,0.9955360083005542,0.04613788830376507,IterativeImputer,0.14679086078240985,0.1470145180588298,MLPRegressor,13350.421918153763,0.18070173263549805
814,42225,reg_full_,MCAR_,0.3_,1/,0.17767890048572113,VAE,0.009760371269550427,0.009760439395904541,0.7059558629989624,0.02968345185139598,0.029593529675508434,0.6802567594853913,0.009339690545418389,0.00931549072265625,0.68732750415802,ARDRegression,5915.609995603561,0.025309085845947266,0.9503935789659347,0.9503935481602434,0.15800706364662795,0.9963868229222164,0.9963682064288515,0.04161564229201938,0.9863484890389334,0.986348076853025,0.08068502566888044,SimpleImputer,0.17648995194006892,0.1756660925283402,RandomForestRegressor,13549.67855668068,0.6092004776000977
815,42225,reg_full_,MCAR_,0.5_,1/,0.1558494505531324,VAE,0.0078709694288015,0.007871031761169434,0.7066290378570557,0.031197771390818696,0.031016199939742584,0.6797579293255895,0.009010606789188191,0.008986890316009521,0.6874414682388306,ARDRegression,6138.597951412201,0.016669273376464844,0.8942945616066494,0.8942945275242341,0.23065143231847993,0.9926583856022247,0.9926376881076969,0.05925201579790138,0.9297850743848528,0.9297782590753393,0.18299188052947563,SimpleImputer,0.17632203030075377,0.1757550518568863,LGBMRegressor,12430.095630407333,0.23397397994995117
816,42225,reg_simple_,MAR_,0.01_,2/,0.17969811201884708,SimpleImputer,0.947309886046723,0.947140267342818,0.16310598644773217,0.9974786828597312,0.997344173900176,0.03558736571551419,0.9964781410120327,0.9963421467428144,0.04176468051207149,MLPRegressor,14298.850261449814,0.23580479621887207,0.9486903875133891,0.9486903739096322,0.16069665802047928,0.9983505581454925,0.9983459026806975,0.028085137407926848,0.9953847008950603,0.9953325350365564,0.047177677513592156,SimpleImputer,0.5008290287802533,0.34831628811892035,MLPRegressor,13145.406005382538,0.1035604476928711
817,42225,reg_simple_,MAR_,0.1_,2/,0.17438523174798193,SimpleImputer,0.9479494513711635,0.9479396524764576,0.16186798163230767,0.9974350907684194,0.9974342936636673,0.03497836436971511,0.8909105441145533,0.8886724346856278,0.23040790749073076,MLPRegressor,5162.6544353961945,0.6402761936187744,0.948724144943156,0.9486670511216246,0.16073317620010344,0.9980910564583165,0.9980068962397253,0.030829109363456536,0.9968858149126413,0.9968724294643587,0.038618871654623195,SimpleImputer,0.21254563731114817,0.18839424095158022,MLPRegressor,12721.89840221405,0.0775904655456543
818,42225,reg_simple_,MAR_,0.3_,2/,0.19718414410913168,SimpleImputer,0.9457020341939294,0.9453652203462151,0.16582194998804972,0.9971567571094307,0.9968666303213979,0.038654658639488367,0.8172075611428414,0.8087667970675655,0.3019796473597225,MLPRegressor,11629.311959266663,0.06670999526977539,0.9585812835326417,0.9585812185357743,0.14437968133284693,0.9961490477856387,0.9961365252186907,0.042922505504297805,0.8663374535261635,0.8655240653744134,0.25323183952687134,SimpleImputer,0.19630863437473958,0.16108652068015963,RandomForestRegressor,2916.460827112198,0.36443567276000977
819,42225,reg_simple_,MAR_,0.5_,2/,0.17792506115726878,SimpleImputer,0.9486284875781837,0.9484727299536625,0.16103711700264972,0.9982242748317045,0.9980560724389838,0.030446407989536243,0.6244516010352421,0.6218633873375726,0.4246394990661709,MLPRegressor,13781.925906896591,0.2620689868927002,0.9588153873849132,0.9588153835898954,0.14397097065374645,0.9966632728659982,0.9966621977935425,0.039895721434253906,0.8136424936881548,0.8085549698106986,0.3021468511064962,SimpleImputer,0.21610976508926327,0.17222714595884417,ExtraTreesRegressor,4038.2029972076416,0.37044715881347656
820,42225,reg_simple_,MNAR_,0.01_,2/,0.18147171316219465,SimpleImputer,0.9484889090315008,0.9483441740875692,0.16123787836206674,0.9978869292434028,0.9976885937738473,0.03319970031902263,0.9960903961707489,0.9958076797029796,0.044711913043344584,MLPRegressor,13434.222608804703,0.047922611236572266,0.9484190016603847,0.9483921423786538,0.16116299714851984,0.9980040985728298,0.9979617512323378,0.031176303333782136,0.9965417593986824,0.99647662688454,0.04098975686097934,SimpleImputer,0.2175248287733893,0.23994124118662524,MLPRegressor,14128.129595279694,0.14221596717834473
821,42225,reg_simple_,MNAR_,0.1_,2/,0.17652991395430362,SimpleImputer,0.9462027030122419,0.9461898028970656,0.1645658477735701,0.997398906939026,0.9973441935197843,0.03558723426649662,0.9932460824785433,0.993231901205718,0.05681059905859927,MLPRegressor,14426.883646249771,0.0548710823059082,0.9659367562053387,0.9659367450261755,0.13093341422006735,0.9972870988916162,0.9972806305184307,0.03601058144616025,0.994335030475808,0.994324492222958,0.05202335849151118,SimpleImputer,0.1758701081313929,0.17447523092093334,RandomForestRegressor,6219.957032203674,0.42648768424987793
822,42225,reg_simple_,MNAR_,0.3_,2/,0.17903841520058814,SimpleImputer,0.9641943464328411,0.964194226296586,0.13424062060736044,0.9959865516870916,0.9959757728881069,0.04380636984254929,0.9695985351778195,0.9694677118669293,0.12066343936678124,RandomForestRegressor,7326.612537622452,0.5799098014831543,0.9569550739579016,0.9569550737821613,0.14718664427160733,0.9951774112403281,0.9951637782467562,0.048022982332992334,0.9860224870134878,0.9859999555011898,0.08170727602882913,SimpleImputer,0.1785800259266149,0.17283399061660767,RandomForestRegressor,4674.149933815002,0.43147897720336914
823,42225,reg_simple_,MNAR_,0.5_,2/,0.1927869630809148,SimpleImputer,0.9226011524642056,0.9226011524642057,0.19736705781274871,0.9950995844746392,0.9950175889587308,0.04874339792471035,0.9270278738030341,0.9266072356414242,0.18707796928476234,ExtraTreesRegressor,7412.948876619339,0.6630859375,0.8961900198050395,0.8961900198050395,0.22857407666633034,0.9932189674242878,0.9931500434718922,0.057153118445565886,0.9214046912041499,0.9214046780005858,0.19359510535994104,SimpleImputer,0.178491650503088,0.17381848939476985,HistGradientBoostingRegressor,5462.899298429489,0.05027294158935547
824,42225,reg_simple_,MCAR_,0.01_,2/,0.1777887536151635,SimpleImputer,0.9457281722788717,0.9456830636568441,0.1653389035072624,0.998080138835045,0.99806745951963,0.030357102986982742,0.9948320290956061,0.9948085181611783,0.049755568599250885,MLPRegressor,7676.005718708038,0.11073756217956543,0.9483609739402021,0.9481311320391381,0.1615700296982371,0.9981554796195737,0.9979357954835606,0.03137418016147439,0.9976404335472612,0.997457539887332,0.03481954552135465,SimpleImputer,0.2179752892445145,0.20578647701407857,MLPRegressor,12632.602976560593,0.018877506256103516
825,42225,reg_simple_,MCAR_,0.1_,2/,0.17288772912359546,SimpleImputer,0.9859196624005676,0.9859196624005676,0.08418097546698322,0.9972605036197736,0.9972524701607488,0.03619655453120519,0.9963417465163974,0.9963322631962713,0.04182106668655396,RandomForestRegressor,9236.584517717361,0.7469244003295898,0.9591742774087079,0.9591742774087079,0.14334229717890998,0.9968777408569853,0.9968702027901422,0.038632616563780545,0.9948732035638085,0.9948682607875201,0.04946845118002781,SimpleImputer,0.17629331099677573,0.1785213034307065,RandomForestRegressor,3807.884902238846,0.4709162712097168
826,42225,reg_simple_,MCAR_,0.3_,2/,0.12596696345937006,SimpleImputer,0.9593033659634873,0.9593033642191698,0.14311550082884048,0.995258053753976,0.995257856236431,0.04755359800071064,0.9836155066318419,0.9836027758447219,0.08842624657854023,RandomForestRegressor,8600.342265367508,0.5577404499053955,0.9477968613164975,0.9477967615445709,0.16208997033022793,0.9957810649660255,0.9957777325682948,0.044871324881049876,0.9841100142539692,0.9840947173863247,0.08708968490705535,SimpleImputer,0.17596030439959648,0.17612936818349673,RandomForestRegressor,4916.296266794205,0.4130241870880127
827,42225,reg_simple_,MCAR_,0.5_,2/,0.19578885519070566,SimpleImputer,0.9035085867851527,0.9035085815676471,0.22036964158202693,0.9954324841891177,0.9954086260142895,0.04679154213676578,0.9296114219545384,0.9295432607895368,0.1832978175538264,RandomForestRegressor,7752.238431215286,0.5443387031555176,0.9078291699144672,0.9078291417948491,0.21537943612405944,0.9947327589526201,0.9947196847351538,0.05017945622174399,0.9289854577034089,0.9289780000846631,0.18403163004178985,SimpleImputer,0.1756927595352991,0.17545580347328285,RandomForestRegressor,5300.491553544998,0.4621872901916504
828,42225,reg_full_,MAR_,0.01_,2/,0.1270667190221327,KNNImputer,0.9486103532123026,0.9485818321938558,0.16086653916739585,0.9982798268714848,0.9982691888469118,0.028729023637920573,0.9982699546707692,0.9982593295085076,0.028810732996407188,MLPRegressor,11278.013669729233,0.14699554443359375,0.9483037304622437,0.9481788531872365,0.16149568759407973,0.9975539162711963,0.9974685076480375,0.03474436141374412,0.9975039175284357,0.9974186965222933,0.03508452146710623,IterativeImputer,0.03775280441594877,0.12702332052778,MLPRegressor,8772.235142707825,0.3923826217651367
829,42225,reg_full_,MAR_,0.1_,2/,0.13841642859257391,KNNImputer,0.9481558744972571,0.948151588515832,0.16153816588840592,0.9983464654311442,0.998336903463071,0.028161433229514265,0.9977698225796562,0.9977573401714128,0.03270225691044173,MLPRegressor,13618.274002075195,1.494072675704956,0.9486279529589334,0.9486244595657621,0.16079984348461882,0.998228547738043,0.998228536934287,0.02906444772816925,0.998153673967256,0.9981536361029985,0.029672536579166537,IterativeImputer,0.13085166842066692,0.11786532519362308,MLPRegressor,14305.621886253357,1.0517857074737549
830,42225,reg_full_,MAR_,0.3_,2/,0.13032723275093294,IterativeImputer,0.9465893131541813,0.946583235783624,0.16396313303336835,0.9975642280462923,0.9975641803937306,0.03408149092002801,0.9879631949581041,0.987948460416886,0.07580839289573638,MLPRegressor,14580.222846508026,0.17861413955688477,0.9635625477626653,0.9635625477626653,0.13541956718495915,0.9952922706604016,0.9952804839574813,0.04744000842207563,0.9893722981311504,0.989372265045534,0.07118957195004391,KNNImputer,0.13964938190267392,0.025410061895009384,ExtraTreesRegressor,12508.47810292244,53.82485771179199
831,42225,reg_full_,MAR_,0.5_,2/,0.1626272970564922,IterativeImputer,0.9459692720791782,0.9459605075746412,0.16491609799074933,0.995795570020043,0.995712822266593,0.04521492016230633,0.9599865924243414,0.9582180080238812,0.1411531566293127,MLPRegressor,14301.802029371262,0.06060361862182617,0.947997160513665,0.9479892081717222,0.16179092307860776,0.9969489474667151,0.996900257861857,0.03844667687837359,0.9830238506962841,0.9830044533944157,0.09002509586567174,IterativeImputer,0.22910535194978648,0.6293247863527077,MLPRegressor,14610.437408447266,0.08946824073791504
832,42225,reg_full_,MNAR_,0.01_,2/,0.13262425125864283,KNNImputer,0.9485905687149615,0.9485686282174235,0.1608871927781369,0.9979781961229462,0.997929849975653,0.03141933104376401,0.9978352964765126,0.9977833998375149,0.032511701918612086,MLPRegressor,14155.729139089584,0.09493589401245117,0.9474272144807847,0.9474180655530017,0.162676829536982,0.9976400316110692,0.9976363050010176,0.033573123055920154,0.9971410514148622,0.9971384875080139,0.03693974109432515,KNNImputer,0.12705679781570484,0.12096036779814022,LinearSVR,9460.049040079117,5.001224040985107
833,42225,reg_full_,MNAR_,0.1_,2/,0.1452920641832373,KNNImputer,0.9471861499170257,0.9471342248779206,0.16311530861022228,0.9982239864709148,0.9981860447284744,0.029410967492412628,0.9947402829493802,0.9947246983816921,0.05015562792817954,MLPRegressor,13201.59705376625,0.9520807266235352,0.9455711392898273,0.9455675563934507,0.16551461023199077,0.9977987726675788,0.9977928489515254,0.03244233106863204,0.9953598583469593,0.9953476301776458,0.047101326599925886,IterativeImputer,0.13572183837600474,0.14228905626017094,LinearSVR,11852.63408780098,4.72223162651062
834,42225,reg_full_,MNAR_,0.3_,2/,0.17398477517491778,IterativeImputer,0.9548594073713577,0.9548594073713577,0.1507269975604057,0.9961593070474838,0.9961289417244391,0.0429646104770267,0.9841194255682048,0.9841152162717852,0.0870335457896544,ExtraTreesRegressor,4669.87473654747,0.7121028900146484,0.9336771123475347,0.9336771123475347,0.18270024654744205,0.9884058435272387,0.988388826539579,0.07441047564877397,0.9719576841337624,0.9719549703377142,0.11564423191145035,IterativeImputer,0.15949981774913596,0.15918279307178587,ARDRegression,11501.584039211273,3.3625385761260986
835,42225,reg_full_,MNAR_,0.5_,2/,0.1853682938919178,KNNImputer,0.9313667892003515,0.9313667892003515,0.18585514078965706,0.993447046328212,0.9933242232147176,0.05642179875920872,0.9025373493928126,0.9021204526726317,0.21604389586372497,ExtraTreesRegressor,8442.480130910873,0.7608022689819336,0.9023654070439047,0.9023654070439047,0.22167120392933126,0.9930320836102304,0.9930191982433987,0.05769639477018671,0.9278510380803229,0.9267417964168218,0.1869063930685153,SimpleImputer,0.18134380471692732,0.17626069108847597,HistGradientBoostingRegressor,14069.49145936966,0.04868960380554199
836,42225,reg_full_,MCAR_,0.01_,2/,0.1260060151755343,KNNImputer,0.9485881728182546,0.9484175196094612,0.16112336778132252,0.9983569420403338,0.99813045810507,0.02985820015503043,0.9982530205391057,0.9980269652949176,0.030673503697162877,MLPRegressor,13181.242150068283,1.6083033084869385,0.9486999161651919,0.9486921016782659,0.16069395239773568,0.998255213971976,0.9982315228882735,0.029039942078844385,0.9981036811182002,0.9980789187827095,0.030266965871272054,IterativeImputer,0.14218818835789546,0.14342765533868304,MLPRegressor,8502.217688560486,0.0871279239654541
837,42225,reg_full_,MCAR_,0.1_,2/,0.1526193455119251,KNNImputer,0.9478098739511142,0.947809510212392,0.1620701769474095,0.9981137942655842,0.9981090077139996,0.03002900226712024,0.996500081134565,0.9964941674979498,0.04088759871146508,MLPRegressor,13724.854956626892,0.09708690643310547,0.9472178799367882,0.9471713786722233,0.1630579802368067,0.9982816244728036,0.9982158708642187,0.029168168951146843,0.9969455726145651,0.9968682820002097,0.03864446936994573,IterativeImputer,0.1449019702736149,0.14638574223385142,MLPRegressor,13953.896943807602,1.8623204231262207
838,42225,reg_full_,MCAR_,0.3_,2/,0.17511987960132408,IterativeImputer,0.9488425913142481,0.9488425913142481,0.1604581160676043,0.9953820392557813,0.9953783978221675,0.04694531999600586,0.9800205310936779,0.9800166367044483,0.0976180922657298,HistGradientBoostingRegressor,10074.244719982147,1.7589459419250488,0.9498477919961529,0.9498477919961525,0.1588738606344255,0.9946638346108027,0.9946544901284705,0.0504882819023041,0.9800602115528456,0.98005366404296,0.0975276116494641,IterativeImputer,0.15056827467997907,0.1515712650058217,LGBMRegressor,12879.859021902084,5.830909252166748
839,42225,reg_full_,MCAR_,0.5_,2/,0.15653652934061152,VAE,0.008305364269435733,0.008305370807647705,0.7064743638038635,0.03229577347604107,0.03227727057094909,0.6793154545144644,0.006185882891485139,0.006177961826324463,0.6884150505065918,ARDRegression,6863.225962638855,0.013551950454711914,0.8985643313987003,0.8985642481278382,0.22594510987167415,0.9949388555940767,0.9949288592212379,0.04917550829709161,0.9303398908626048,0.9303277223077406,0.18227454733617662,SimpleImputer,0.1856873037031578,0.18504778923657184,ExtraTreesRegressor,1063.0917949676514,0.4972872734069824
840,42225,reg_simple_,MAR_,0.01_,3/,0.17536643294432594,SimpleImputer,0.9483934205339664,0.9483934148153835,0.16116101032916172,0.9980155468140265,0.9980122169894073,0.03078793147825621,0.9925465894064469,0.9925464973279603,0.05961783899863858,MLPRegressor,13360.983472824097,0.3692030906677246,0.9486554848485234,0.9486532707010726,0.1607547493045115,0.9981960996677249,0.9981859862954153,0.029411441197301838,0.997660058007545,0.9976545440613349,0.03344334149450979,SimpleImputer,0.20617489320883997,0.17675323489507325,MLPRegressor,12676.994944810867,0.01857924461364746
841,42225,reg_simple_,MAR_,0.1_,3/,0.1706840760591893,SimpleImputer,0.9660171375418971,0.9660171375418971,0.13077881530493093,0.996011081056932,0.9960052680531766,0.04364553742366251,0.9374325455822031,0.9352870812585968,0.17566753944425792,RandomForestRegressor,10841.306889533997,0.550335168838501,0.9486190514210602,0.9485919966289417,0.16085063818938697,0.9977663355929366,0.9977225230003229,0.03295512960605017,0.9973459810424963,0.997262804841202,0.03612841473296039,SimpleImputer,0.15342507298386998,0.22238681667097024,MLPRegressor,12407.556806564331,0.07900667190551758
842,42225,reg_simple_,MAR_,0.3_,3/,0.1849462756976243,SimpleImputer,0.9911572950026769,0.991157295002677,0.06671138979023712,0.9901546912606811,0.9901495345702153,0.06853689097256532,0.9927047531395436,0.992664530698516,0.05914390234208853,ExtraTreesRegressor,14656.707345247269,0.9257683753967285,0.9675770707119106,0.9675770707119106,0.1277419509194892,0.9970343365722212,0.9970231654415724,0.03767674480124355,0.8260651488669004,0.8189010352587156,0.2938691575460529,SimpleImputer,0.16444308161499877,0.12982108934524952,RandomForestRegressor,3509.702694416046,0.44651007652282715
843,42225,reg_simple_,MAR_,0.5_,3/,0.19796969713024187,SimpleImputer,0.9538278082790881,0.9538277605029356,0.15243963135544014,0.9950560717792877,0.9950317753823847,0.04867395489674705,0.607819871274451,0.599363203729309,0.4370905743980225,RandomForestRegressor,10937.909298419952,0.3675510883331299,0.9466280549855143,0.9466256089503227,0.1638980877649886,0.9968243386672428,0.9968235790855898,0.03891930242673278,-0.031380533671041544,-0.568766209758168,0.864918402059241,SimpleImputer,0.4932184500308723,0.4291997592767634,MLPRegressor,10068.16655421257,0.06201958656311035
844,42225,reg_simple_,MNAR_,0.01_,3/,0.1755730202363364,SimpleImputer,0.9451681487426373,0.9451680162675058,0.16612094734733696,0.998092689639586,0.9980798054865253,0.030259979979302236,0.9948411994840219,0.9948280695399067,0.0496617892489298,MLPRegressor,8949.66150712967,0.3152425289154053,0.9481463820459846,0.9481344277943832,0.16156489652536557,0.9980068763718283,0.997992506187391,0.03094020107773272,0.9976190108073602,0.9975886272187795,0.033910032134576364,SimpleImputer,0.22093625433685923,0.20700390632476368,MLPRegressor,14368.711253166199,0.06695199012756348
845,42225,reg_simple_,MNAR_,0.1_,3/,0.15971617028998364,SimpleImputer,0.9641337941266241,0.9641337941266241,0.1343538569802164,0.9968765178720996,0.9968733487567362,0.03861319558063729,0.9953873277354933,0.9953651081328859,0.04701276855913356,ExtraTreesRegressor,5843.063615322113,0.6469192504882812,0.9458578635358936,0.9458565523171384,0.1650746455427115,0.9970198694852751,0.9970157037026013,0.03772393554650611,0.9942541118720711,0.9942532285271594,0.05234895151764991,SimpleImputer,0.23374033538763056,0.22291163308291753,MLPRegressor,9424.471221208572,0.061398983001708984
846,42225,reg_simple_,MNAR_,0.3_,3/,0.18293178015310238,SimpleImputer,0.9523244917008602,0.9523244891089981,0.154901312575556,0.9963667622869151,0.996338895533817,0.04178323723596295,0.9868298638634388,0.9868140861691725,0.07929597451518454,ExtraTreesRegressor,6405.106880664825,0.6111338138580322,0.9542213036635839,0.9542213019649455,0.15178859411682832,0.9959559341319967,0.9959537968861555,0.04392581863680751,0.9851024038377859,0.9851000581103084,0.08429237905010886,SimpleImputer,0.1746881350831073,0.18396734553092722,ExtraTreesRegressor,5449.367560863495,0.510430097579956
847,42225,reg_simple_,MNAR_,0.5_,3/,0.20169130884125117,SimpleImputer,0.9172463840095704,0.9172463675183387,0.20408023849861218,0.9943003257788342,0.9942717547738087,0.05226450301638342,0.9173812357366221,0.9170563986425125,0.19887833170749647,RandomForestRegressor,7608.314599990845,0.5192115306854248,0.9072016862590597,0.9072016844570093,0.21611129538223312,0.992388465193457,0.9923868559781114,0.06025291281923756,0.8864031893606564,0.8858336354693485,0.23332706063580455,SimpleImputer,0.1786761429883963,0.17415941178640884,HistGradientBoostingRegressor,4769.64805150032,0.04786968231201172
848,42225,reg_simple_,MCAR_,0.01_,3/,0.17391826520572803,SimpleImputer,0.9479713358398812,0.9477450900940766,0.1621701698793771,0.998258532752555,0.9979371828165841,0.03136363523926235,0.997109911258197,0.9967985801449115,0.039072152844525136,MLPRegressor,12768.327407598495,0.4527602195739746,0.9484826791158438,0.9484011426688671,0.16114894331001628,0.9981188588588259,0.9980360514913782,0.0306027935637349,0.9976078058973823,0.9974767428185373,0.034687802124253396,SimpleImputer,0.21912003346304276,0.2160930202012398,MLPRegressor,8982.698781967163,0.0205841064453125
849,42225,reg_simple_,MCAR_,0.1_,3/,0.1700580663833388,SimpleImputer,0.9636129512498784,0.9636128708983814,0.13532602206318659,0.9967616622624826,0.9967557623570608,0.03933257266522727,0.9958484748463498,0.995842312900862,0.04452684513164318,RandomForestRegressor,4021.2571227550507,0.6296133995056152,0.9470542433279389,0.9470461713105488,0.16325109503377055,0.9972990568047845,0.9972692451924176,0.036085886397274426,0.9952496232770744,0.9952158435380494,0.04776378242338499,SimpleImputer,0.1762617807043089,0.17484871697178592,MLPRegressor,11766.802365541458,0.046221017837524414
850,42225,reg_simple_,MCAR_,0.3_,3/,0.17885322533778894,SimpleImputer,0.9548137727143308,0.9548137727143308,0.15080316666786966,0.9968098683689643,0.9967988228484609,0.03907067176263944,0.9866856350833021,0.9866827544301875,0.07968989016021116,ExtraTreesRegressor,9370.262292146683,0.6666316986083984,0.9525929286792474,0.9525928946736155,0.1544646622294478,0.996808001815434,0.9968006978325084,0.039059227907315856,0.9858099486552799,0.9858074459309981,0.08226712170471892,SimpleImputer,0.17524538777170487,0.17605072036428357,ExtraTreesRegressor,4560.023346424103,0.507317304611206
851,42225,reg_simple_,MCAR_,0.5_,3/,0.19593795519617752,SimpleImputer,0.9114016611903332,0.9114016379720985,0.2111641878592778,0.9930075307306476,0.9930063321413574,0.05774953952367435,0.92748391233124,0.9274826014301834,0.1859589700786201,ExtraTreesRegressor,5316.37260389328,0.5890963077545166,0.8914297988032106,0.8914297929791252,0.23375599241215012,0.9949781881978322,0.9949653228449457,0.04899839310100914,0.9262240128203343,0.9262215518613891,0.18756887867573432,SimpleImputer,0.17617930396987508,0.17633158012601566,LGBMRegressor,5281.158586025238,0.18270540237426758
852,42225,reg_full_,MAR_,0.01_,3/,0.12802680260314636,KNNImputer,0.9471573791579018,0.9468954659655433,0.16348323436455253,0.9976469513234958,0.9974387662408107,0.03494786367115685,0.9976012412456603,0.9973935866173465,0.035254752696055096,MLPRegressor,13360.546441555023,0.051348209381103516,0.9484639835342854,0.9484632494282731,0.16105193096675222,0.9984403028413558,0.998433646907042,0.0273300772096656,0.9983886963431221,0.9983814689597095,0.027781554354541448,KNNImputer,0.12497157456585278,0.14382295943237294,MLPRegressor,13785.01875281334,2.588996410369873
853,42225,reg_full_,MAR_,0.1_,3/,0.10616332797952688,KNNImputer,0.9488452375116949,0.9488447814223839,0.1604546813316028,0.9983440565305631,0.9983374734269966,0.02815660717879165,0.9982508462255711,0.9982402437718928,0.028968251316426972,MLPRegressor,13664.388112306595,0.6122429370880127,0.947518836318944,0.9468900270526704,0.1634916060442802,0.9977035317384467,0.9969670485535085,0.03803021258359525,0.9957273269483186,0.9950470925582253,0.04859886539225236,IterativeImputer,0.11378314827643948,0.11356531839407036,MLPRegressor,14386.770265579224,0.08158755302429199
854,42225,reg_full_,MAR_,0.3_,3/,0.1518645606186626,IterativeImputer,0.9713438516993556,0.9713438516993556,0.12009262230075017,0.9969683981697595,0.9969581142058417,0.038086185336688595,0.99464947077634,0.9946479149377067,0.050519323661784195,RandomForestRegressor,7483.527232170105,0.6848430633544922,0.969745644951689,0.969745644951689,0.12339608176229322,0.99683102070327,0.9968298444653302,0.03888089999553796,0.9956752683245405,0.9956740173979124,0.045419087883000954,SimpleImputer,0.24231321108195747,0.2575780296619218,RandomForestRegressor,9911.482092618942,0.4697699546813965
855,42225,reg_full_,MAR_,0.5_,3/,0.16218346739395959,IterativeImputer,0.9422449300290656,0.9422436997461998,0.17049321593365876,0.9934147192186622,0.993414688533596,0.05603820097626015,0.9574379902596512,0.9573519672258841,0.14260853739703044,MLPRegressor,12424.209567308426,0.10806989669799805,0.9449904076506946,0.9449904076506942,0.16638977455330028,0.9940609510067565,0.9940362664090034,0.053327980981147466,0.9779808735984359,0.9779514983696986,0.10253817055217843,IterativeImputer,0.1725146539483009,0.13832089307523074,LGBMRegressor,12289.646162509918,0.12407541275024414
856,42225,reg_full_,MNAR_,0.01_,3/,0.10617984575718128,KNNImputer,0.9484667855647194,0.9484643320235391,0.16105023940712013,0.9982678159293398,0.9982547054363627,0.028848975314409178,0.9981154718961285,0.9981018951919831,0.03008542277280128,MLPRegressor,14575.772375822067,0.04107308387756348,0.9475594035122317,0.9475439052746654,0.16248205285342612,0.9977888740617475,0.9977820678706517,0.03252146867917418,0.9972177001129149,0.9972123540794012,0.03645984593088749,IterativeImputer,0.12296003425050131,0.11680560805327476,LinearSVR,9689.025891065598,0.4216020107269287
857,42225,reg_full_,MNAR_,0.1_,3/,0.14200660633811168,KNNImputer,0.9678096784500276,0.9678094690133338,0.1272833186863193,0.9969574784000047,0.9969574392103202,0.038090410771217456,0.9886684046022711,0.9886628672881534,0.07352713422768094,RandomForestRegressor,4810.888904333115,0.6974701881408691,0.9472314444116142,0.9472247091694553,0.16297565593326283,0.9977853067388048,0.9977840592560336,0.03250686559012457,0.9959203201859951,0.995919478731129,0.04411170526965116,IterativeImputer,0.13682897728582877,0.14076050366877338,MLPRegressor,13793.751707553864,2.948930501937866
858,42225,reg_full_,MNAR_,0.3_,3/,0.20735672422694967,KNNImputer,0.9708323791413166,0.9708323791413166,0.12115962571400789,0.9963521886028549,0.9963408456177513,0.041772107852266545,0.9718754370678123,0.9717186289080637,0.11613048888189609,RandomForestRegressor,7514.358955383301,1.2285821437835693,0.947418254702823,0.9474182547028229,0.16267653694294545,0.9947992951206794,0.9947366425244146,0.05009881549337815,0.9667356780223085,0.9666969086648521,0.12601965848641655,SimpleImputer,0.18608593370864238,0.1830953897639174,HistGradientBoostingRegressor,12631.352547645569,0.05417799949645996
859,42225,reg_full_,MNAR_,0.5_,3/,0.18370493027950108,IterativeImputer,0.9432515541092574,0.9432515541092574,0.16899910561828504,0.9950799324462604,0.994903240162246,0.04929956747482104,0.9385535897619447,0.9376800464614722,0.1723890135599185,ExtraTreesRegressor,5455.857850074768,0.7963879108428955,0.9191949854197532,0.9191948914740974,0.2016632810900041,0.992415417425718,0.9924096165945417,0.06016277791805099,0.939476926667383,0.9394395874426548,0.16993797413983502,SimpleImputer,0.17475568735392638,0.17253806167564892,RandomForestRegressor,13758.555812120438,0.4541587829589844
860,42225,reg_full_,MCAR_,0.01_,3/,0.10281516676427589,KNNImputer,0.9487613910378976,0.9487564196128914,0.16059320042232114,0.998265316517662,0.9982650130076347,0.02876365928035281,0.9982073442952082,0.9982072190455509,0.029238806356850302,MLPRegressor,13475.375487565994,0.10564756393432617,0.9488392005357421,0.9488358403529329,0.16046870310501435,0.9983279046020535,0.9983279038804931,0.02823752598741434,0.9981777311656229,0.9981777052630509,0.029478496855956944,KNNImputer,0.12564950688739643,0.1262989994513276,MLPRegressor,13032.87830543518,5.016610860824585
861,42225,reg_full_,MCAR_,0.1_,3/,0.14927751298399844,KNNImputer,0.9471603580415264,0.9471469243482138,0.16309571557078092,0.9980329049526852,0.9979988274273419,0.030891450083142466,0.9957435315733872,0.9957026385919726,0.04526858960984576,MLPRegressor,14075.87591791153,0.5281825065612793,0.9472904399636091,0.9472903368653369,0.16287429179298538,0.9983472070958234,0.9983463577170523,0.02808127408095185,0.996541387374365,0.9965361979841595,0.04064176444851226,IterativeImputer,0.14642749540920078,0.14591575243580557,MLPRegressor,15159.84776210785,0.1342933177947998
862,42225,reg_full_,MCAR_,0.3_,3/,0.19842540551189286,VAE,0.00928910392612392,0.009289085865020752,0.7061238884925842,0.028986246716871222,0.02893110002630761,0.6804889020897409,0.012567158352634444,0.012556016445159912,0.6862024664878845,ARDRegression,5686.909097194672,0.012665510177612305,0.9539580646325607,0.9539580558972959,0.15222439147982547,0.9960682666783025,0.9960632054413492,0.04332787602314134,0.9844342552726414,0.9844189136420027,0.08619754393258797,SimpleImputer,0.1752368142525927,0.1764805412477876,ExtraTreesRegressor,13568.834182024002,0.4692878723144531
863,42225,reg_full_,MCAR_,0.5_,3/,0.1758492359850008,VAE,0.007129275036712013,0.007129251956939697,0.7068931460380554,0.029547699024473184,0.029545333825751863,0.6802736519662794,0.003585047449772949,0.0035768747329711914,0.6893153190612793,ARDRegression,5985.126219511032,0.008850574493408203,0.889135635263441,0.8891355264503973,0.23621290436159745,0.9932628365286879,0.9932444930792372,0.05675772712713361,0.9237620205262637,0.923679484939952,0.1907728950881586,SimpleImputer,0.17561732137320432,0.17584821445726193,ExtraTreesRegressor,13083.306227207184,0.4361536502838135
864,42712,reg_simple_,MAR_,0.01_,1/,0.31627601808085104,SimpleImputer,0.971353289084943,0.971353289084943,30.581319134660895,0.9521064072071597,0.952105905921879,40.299247886147015,0.9373670944106067,0.9373647194660786,46.08562406801394,HistGradientBoostingRegressor,5615.489513158798,0.027082443237304688,0.9917967174443272,0.9917967319488525,16.364877124479282,0.9536347697520042,0.9536339044570923,39.651176662007515,0.9476608417890894,0.9476605653762817,42.12796731844765,SimpleImputer,0.33497163383155676,0.34421002533935646,XGBRegressor,3197.003263950348,0.09143543243408203
865,42712,reg_simple_,MAR_,0.1_,1/,0.3327511755057584,SimpleImputer,0.9484382739522121,0.9484382739522121,41.028208674829294,0.9460290411182564,0.9460290336391962,42.77953469686906,0.8708401061075874,0.8708208740540372,66.18386573047508,LGBMRegressor,4147.649520874023,0.15643811225891113,0.9838292251454736,0.9838292002677917,22.976526108934127,0.9515484097224997,0.9515461325645447,40.534062209207036,0.9412528128974889,0.9412017464637756,44.6517174767476,SimpleImputer,0.30583385229538895,0.2919331797185201,XGBRegressor,2586.7115705013275,0.09423208236694336
866,42712,reg_simple_,MAR_,0.3_,1/,0.29798221260343555,SimpleImputer,0.9672935073386513,0.9672935073386513,32.67652155800953,0.9437317144296649,0.9436988666222256,43.69326795858505,0.9167959523450564,0.9163652986212538,53.253629775466656,HistGradientBoostingRegressor,5921.887357950211,1.8147788047790527,0.9653140877407278,0.9653140877407278,33.650799949917605,0.948480483274552,0.948480268175302,41.79677336006473,0.9296725383891656,0.9293920041073184,48.93086596234688,SimpleImputer,0.28861342076258195,0.27646894216112794,LGBMRegressor,3926.744042158127,0.08877849578857422
867,42712,reg_simple_,MAR_,0.5_,1/,0.3043793199691931,SimpleImputer,0.6766594682346694,0.6766594682346693,102.74221072518617,0.8808502466632335,0.8805120325042592,63.6528782475148,0.7834819842229911,0.7785444739264732,86.65611613231094,LGBMRegressor,3827.696578979492,0.11094355583190918,0.6863314653046164,0.6863314653046164,101.19389437471348,0.8996052756920568,0.8995399507698808,58.365021888614436,0.5545640830915053,0.5452470797139619,124.17772747361923,SimpleImputer,0.2899676481036654,0.3332454801579939,LGBMRegressor,2676.6758749485016,0.048975229263305664
868,42712,reg_simple_,MNAR_,0.01_,1/,0.30942496677942255,SimpleImputer,0.9889945956390577,0.9889945956390577,18.954914692536505,0.954493362793214,0.9544925585085012,39.28232361379149,0.9458751494233371,0.9458697563448883,42.842612952005915,HistGradientBoostingRegressor,4075.935441493988,1.731053352355957,0.9850933812507284,0.985093355178833,22.060147439904036,0.9538902861604607,0.9538882374763489,39.54229315770824,0.9418910396927346,0.9418898224830627,44.38968244224241,SimpleImputer,0.31399502034970944,0.31276530029132793,XGBRegressor,2853.825097322464,0.048224687576293945
869,42712,reg_simple_,MNAR_,0.1_,1/,0.2528193812596573,SimpleImputer,0.9021935301611199,0.9021935301611199,56.507048574427294,0.9434438797902776,0.9434438268802543,43.79211968502595,0.8622593655438313,0.8621414392414488,68.37114129539087,LGBMRegressor,4340.206748485565,0.10287046432495117,0.9326524045619723,0.9326516389846802,46.89023887462253,0.9442002614644669,0.9441956281661987,43.50007673323747,0.877210293282685,0.8772057294845581,64.52752848143581,SimpleImputer,0.31469257693571995,0.3196299020258388,XGBRegressor,3171.640299320221,0.032485246658325195
870,42712,reg_simple_,MNAR_,0.3_,1/,0.29780394772382596,SimpleImputer,0.8930066856128528,0.8930066856128528,59.10131618643424,0.9197456797490442,0.9192172899558123,52.33776449442344,0.6334948716492453,0.633401965966446,111.49387897351366,HistGradientBoostingRegressor,7908.581785202026,1.7889997959136963,0.7909585110810653,0.7909585110810653,82.61046699013762,0.9149565976004894,0.9149534152458185,53.70125045032245,0.6800422749289459,0.6795583993396376,104.23904062096653,SimpleImputer,0.31635161813999735,0.3062500822002567,LGBMRegressor,2670.0092544555664,0.07399582862854004
871,42712,reg_simple_,MNAR_,0.5_,1/,0.2756415097938113,SimpleImputer,0.6128699290641975,0.6128699290641973,112.4209590141202,0.8610788092285576,0.8608747612309828,68.68452841587671,0.5596320071466712,0.5593370944989496,122.2388361339943,LGBMRegressor,5413.301285505295,0.07936739921569824,0.6350133163950316,0.6350133163950316,109.15844541657937,0.8710113105582584,0.8626869535583979,68.23573292303519,0.4821870790055369,0.48131665446735694,132.6194159937537,SimpleImputer,0.3150999433958693,0.3171024579962506,LGBMRegressor,3049.38818860054,0.07706403732299805
872,42712,reg_simple_,MCAR_,0.01_,1/,0.31504269844104893,SimpleImputer,0.9834508795030921,0.9834508795030921,23.24375511391878,0.9524129371797221,0.9524123484507573,40.17011692509907,0.9422699283813736,0.9422573552989544,44.249085047748586,HistGradientBoostingRegressor,6739.574914455414,1.3901891708374023,0.9782224881160071,0.9782224893569946,26.66385896536048,0.9532680071581426,0.9532671570777893,39.80769833431995,0.9443507271571603,0.9443504810333252,43.439691894310876,SimpleImputer,0.3167710971097103,0.3105923515596806,XGBRegressor,3324.6784031391144,0.032132625579833984
873,42712,reg_simple_,MCAR_,0.1_,1/,0.28181014729432896,SimpleImputer,0.9187079229048288,0.9187079229048288,51.516095825456645,0.9470376084215621,0.9470368595776532,42.37823097060386,0.8587330433429341,0.8587273852651196,69.21256606788758,LGBMRegressor,4267.29034280777,0.11124920845031738,0.919494433632114,0.9194943904876709,51.266299750265475,0.941524805234159,0.9414963722229004,44.539697142281256,0.8539344884908247,0.8538972735404968,70.38581281277185,SimpleImputer,0.3153078174970619,0.3175100087981474,XGBRegressor,1094.2865722179413,0.023707151412963867
874,42712,reg_simple_,MCAR_,0.3_,1/,0.2721533640981029,SimpleImputer,0.767819828854279,0.767819828854279,87.06255250446088,0.913764018526785,0.9136945550432144,54.09723365781746,0.6868106564345307,0.6867734968606158,103.05883064316971,LGBMRegressor,3769.860748529434,0.08079671859741211,0.750342128744113,0.750342128744113,90.27998198430372,0.9182090826521284,0.9181902352708688,52.669419437864995,0.6894494988974571,0.6894471665965033,102.61803811214165,SimpleImputer,0.3160935063476832,0.31425259683164747,LGBMRegressor,3031.8967847824097,0.06499528884887695
875,42712,reg_simple_,MCAR_,0.5_,1/,0.2817687573802225,SimpleImputer,0.5985277393769882,0.5985277393769881,114.48447684646727,0.8676812821868212,0.8664499524066754,67.29425398708624,0.524214972761026,0.5241858476596541,127.02073956860038,LGBMRegressor,3699.4853489398956,0.07651758193969727,0.5705098266468791,0.570509826646879,118.41192680589634,0.8699742737060376,0.8699717624844584,66.40102713167413,0.5007875577293814,0.500711776825213,130.11627466869263,SimpleImputer,0.315367154231662,0.3148084135295473,LGBMRegressor,1899.3453888893127,0.0642998218536377
876,42712,reg_full_,MAR_,0.01_,1/,0.22240262417749085,KNNImputer,0.981195113159317,0.981195113159317,24.777312273636323,0.9553695482720116,0.9553686201996944,38.902375019519276,0.9500168435215076,0.95000630632875,41.17310044900866,HistGradientBoostingRegressor,3179.472674369812,0.02689838409423828,0.9867684520865799,0.9867684245109558,20.78376414706692,0.9524171274632245,0.9524171352386475,40.16810272775338,0.951423038010876,0.9514225125312805,40.58573184822614,KNNImputer,0.21880779960409585,0.20469096265791492,XGBRegressor,6123.208482980728,0.41971278190612793
877,42712,reg_full_,MAR_,0.1_,1/,0.24271244617083898,KNNImputer,0.9802850777870511,0.9802850777870511,25.369760428414743,0.951939474589416,0.9519388410903676,40.3694728922759,0.881698677433856,0.8815197539221685,63.38389641440812,HistGradientBoostingRegressor,7669.248224973679,2.511976957321167,0.9796923307861382,0.9796923300756005,25.74831894597061,0.9521370955645037,0.9521356629658441,40.286726793113566,0.9492631359685708,0.9492569441170888,41.48052729387116,KNNImputer,0.21223954443985404,0.21108162602516212,HistGradientBoostingRegressor,6293.270255565643,2.930091619491577
878,42712,reg_full_,MAR_,0.3_,1/,0.27098539956481604,KNNImputer,0.9455120930356214,0.9455120930356214,42.1763405283622,0.9442953901580587,0.9442930885288023,43.462079292229014,0.5393341242032461,0.5351479646477995,125.549020217837,LGBMRegressor,2536.7271263599396,0.10457491874694824,0.9753159370477213,0.9753159284591675,28.38750810606769,0.9481242892199724,0.9481090307235718,41.947100362888285,0.5374044924623995,0.5371778011322021,125.27460189913579,KNNImputer,0.18639052003194367,0.19461817713519236,XGBRegressor,6944.997308969498,7.474155426025391
879,42712,reg_full_,MAR_,0.5_,1/,0.2554351027511501,KNNImputer,0.9589613555014167,0.9589613555014167,36.602886570864705,0.9434853013106514,0.9434700295564566,43.78197398733612,0.45736087877020115,0.45594550794855326,135.82420122070891,HistGradientBoostingRegressor,12408.739624738693,1.2663657665252686,0.921054857098752,0.921054857098752,50.76700462962715,0.9356338846569535,0.9356282830517925,46.720072268435594,0.9130732800363176,0.9130711786476755,54.292251846077434,KNNImputer,0.31303107145694226,0.25392581282352183,LGBMRegressor,6019.267070055008,9.273332357406616
880,42712,reg_full_,MNAR_,0.01_,1/,0.21789053131883263,KNNImputer,0.9867055552871686,0.9867055552871686,20.833101670403686,0.9530028098871806,0.9529943911131615,39.923701586361965,0.936490311934099,0.9364882382122451,46.40695140737906,HistGradientBoostingRegressor,2101.1279702186584,0.026259660720825195,0.975289511096178,0.975289511096178,28.4026917988259,0.9521134502081663,0.9521134248727373,40.29608444852858,0.9407236870722976,0.940719135317857,44.83459223603254,IterativeImputer,0.19883830306232,0.22580131452878882,HistGradientBoostingRegressor,2842.9152557849884,0.2676112651824951
881,42712,reg_full_,MNAR_,0.1_,1/,0.259640466608771,KNNImputer,0.9289862554461259,0.9289862554461259,48.1493067957283,0.9408551264217541,0.9408425939163471,44.78788154049567,0.8628135619189188,0.862813143591938,68.20437155989477,LGBMRegressor,6640.953891992569,0.11873126029968262,0.9440141794299932,0.9440141916275024,42.75214032429302,0.945472583727981,0.9454076886177063,43.02507461614268,0.8538800104973114,0.853725254535675,70.42722698640175,KNNImputer,0.23866757749527975,0.23849900107274116,XGBRegressor,8243.801812171936,5.34613823890686
882,42712,reg_full_,MNAR_,0.3_,1/,0.27185537402558246,KNNImputer,0.7847519341749027,0.7847519341749027,83.82787575089144,0.9003244963642374,0.8999045325154171,58.259018742631184,0.6743990603458427,0.6743989002974216,105.07487715190905,LGBMRegressor,2735.308094024658,0.12647414207458496,0.5340218097959439,0.5286907398863809,124.04287357329136,0.6783785987498179,0.6643454129601992,106.68472761313282,0.49621546463689437,0.48915061434657436,131.61409357209433,KNNImputer,0.29776475416611287,0.29338542814860735,LGBMRegressor,365.5799527168274,10.349896669387817
883,42712,reg_full_,MNAR_,0.5_,1/,0.2520890110984684,VAE,0.07763696381755758,0.07763696381755747,173.52808628714956,0.09083452720607932,0.07103680758361763,177.4823672668971,0.0041643399653567,0.004093164654503156,183.76606505644855,LGBMRegressor,2741.652658700943,0.03148174285888672,0.5848291131475505,0.5848291131475505,116.42125539348064,0.8553289904704018,0.8547590673310574,70.1779170774975,0.4838754529321424,0.48385100839650297,132.2950214382205,SimpleImputer,0.3202656985931542,0.3118023597355112,LGBMRegressor,7784.383444786072,0.05259418487548828
884,42712,reg_full_,MCAR_,0.01_,1/,0.20657353479037904,KNNImputer,0.9868134123962318,0.9868134123962287,20.748420655421235,0.9530169345697765,0.9530169205769258,39.91413286242076,0.9470460391077978,0.9470457565549258,42.37467138189507,HistGradientBoostingRegressor,5565.733872652054,1.7243843078613281,0.9708920173980168,0.9708920173980168,30.826547359136967,0.9531930639963996,0.9531888024212738,39.84105548064481,0.9428188941368482,0.9428175746773776,44.03390946373241,KNNImputer,0.25658454329823094,0.26191210292944006,HistGradientBoostingRegressor,11310.274265289307,0.6314878463745117
885,42712,reg_full_,MCAR_,0.1_,1/,0.29474975691798805,KNNImputer,0.9171986613966725,0.9171986613966725,51.9921181769318,0.9407894371019261,0.9407644249514526,44.817462507583514,0.8615910225962251,0.8615880927380628,68.50822035538009,LGBMRegressor,5911.127254009247,0.10537576675415039,0.919018224051243,0.919018224051243,51.41768040803491,0.9399838972534731,0.9399556306022145,45.122390891324244,0.8630415331635598,0.8630374807964813,68.14858254777633,KNNImputer,0.2499007428312612,0.24548647746246263,LGBMRegressor,8772.552867650986,5.1727540493011475
886,42712,reg_full_,MCAR_,0.3_,1/,0.2927051243958655,IterativeImputer,0.8109174717716233,0.8109174717716233,78.56778914389102,0.9091804110677746,0.9091800373319248,55.494075275312525,0.6729170343281139,0.6727525089118276,105.34019603256151,LGBMRegressor,5922.833627462387,0.08881711959838867,0.8359703460988515,0.8359703460988515,73.17791249507063,0.9067920410452301,0.9065540923966012,56.29062914347044,0.6509612403001992,0.6508264199474987,108.81196352568452,KNNImputer,0.28004165902259476,0.28005395849102926,HistGradientBoostingRegressor,6178.22198009491,10.329623460769653
887,42712,reg_full_,MCAR_,0.5_,1/,0.24405049451181582,VAE,0.0075465341335819724,0.007546603679656982,180.00057983398438,0.022739859657087358,0.022706888283472115,182.04065030662358,0.005624263529568685,0.005548954010009766,183.63168334960938,ARDRegression,2976.4342169761658,0.013083696365356445,0.5931054773307403,0.5931054773307403,115.2549944219348,0.8742621053771671,0.8742099982482874,65.30990033202974,0.5045944755825549,0.5045062485590088,129.62090533261363,SimpleImputer,0.3159867561610966,0.313169606853256,LGBMRegressor,5506.197885990143,0.06789064407348633
888,42712,reg_simple_,MAR_,0.01_,2/,0.31325647492035,SimpleImputer,0.9795306832467396,0.9795306832467396,25.850592726999942,0.9522693433851187,0.9522693290135904,40.23043506677318,0.9517232994272411,0.951722589812211,40.46019221982931,HistGradientBoostingRegressor,7041.173572063446,1.7260444164276123,0.9801810705827803,0.9801808595657349,25.436746753843178,0.9535667750790816,0.9535661935806274,39.680123991214046,0.9470289185952171,0.9469748735427856,42.4030185344544,SimpleImputer,0.3463980675483199,0.4190730744118335,XGBRegressor,1765.869592666626,0.040515899658203125
889,42712,reg_simple_,MAR_,0.1_,2/,0.31051752396922105,SimpleImputer,0.9221039403187048,0.9221039403187048,50.42856117301699,0.9459552336720861,0.9459476196004306,42.81178854062865,0.917598050310576,0.917412361625921,52.919225951319234,HistGradientBoostingRegressor,5497.529946565628,1.6519749164581299,0.9572471823075944,0.9572470784187317,37.35955906176275,0.9503047472280888,0.9503042101860046,41.050252114206245,0.9166179419434128,0.9160422086715698,53.3563920147543,SimpleImputer,0.31832821708047493,0.36263604104054825,XGBRegressor,1869.1544218063354,0.05589151382446289
890,42712,reg_simple_,MAR_,0.3_,2/,0.2799303013541866,SimpleImputer,0.9431999532894568,0.9431999532894568,43.06189906109009,0.947964946651879,0.9478998756017817,42.03154358648507,0.9106245793030081,0.9080393017022503,55.841501790991664,HistGradientBoostingRegressor,4679.659775972366,0.02619647979736328,0.8858363243436589,0.8858363243436589,61.04959731932816,0.9188262115476211,0.9187238828681831,52.49735626856745,0.8559981232273065,0.8557968521723979,69.92674772489713,SimpleImputer,0.29628712042803784,0.3531037590491484,HistGradientBoostingRegressor,2499.550119161606,0.019174814224243164
891,42712,reg_simple_,MAR_,0.5_,2/,0.2765935236045565,SimpleImputer,0.9285970590816217,0.9285970590816217,48.28106952366328,0.9385683212717779,0.9385634868984478,45.64248051552653,0.7739382574136515,0.7718720423532888,87.95189792924535,LGBMRegressor,5694.356489419937,0.12056255340576172,0.9674974310758413,0.9674974083900452,32.574498636008904,0.9311761863140834,0.9309054613113403,48.40361522292608,0.7792765208718582,0.7708410024642944,88.1504161203464,SimpleImputer,0.32179059540920785,0.30459767928723913,XGBRegressor,2514.4430751800537,0.03925943374633789
892,42712,reg_simple_,MNAR_,0.01_,2/,0.3102911086632756,SimpleImputer,0.9699806807976858,0.9699806807976858,31.30539958886323,0.9524634873555138,0.9524617547221954,40.14925887654147,0.9405419779032574,0.9405359283762673,44.903819228791164,LGBMRegressor,5398.540422201157,0.12929821014404297,0.9789650055313802,0.9789649844169617,26.20536254193846,0.9508224376868977,0.9508224129676819,40.83565178300669,0.9360507129310414,0.9360432624816895,46.569224482002035,SimpleImputer,0.3248802207941776,0.3300042115793432,XGBRegressor,2789.4973092079163,0.06133866310119629
893,42712,reg_simple_,MNAR_,0.1_,2/,0.25683757035690646,SimpleImputer,0.9152426131342488,0.9152426131342488,52.60264855058999,0.9425939595160011,0.9425851999197454,44.12329002618054,0.8525458545542386,0.8524219323958601,70.74029541095149,LGBMRegressor,4887.66974568367,0.08437895774841309,0.9143681506920389,0.9143681506920389,52.87330934218012,0.9450099919762232,0.9450040187479388,43.18385779029525,0.8587551131428693,0.858584575755667,69.2475399938422,SimpleImputer,0.3151053918605975,0.31781530417085374,LGBMRegressor,3904.979305744171,0.08140063285827637
894,42712,reg_simple_,MNAR_,0.3_,2/,0.29959188339250886,SimpleImputer,0.7651259687422345,0.7651259687422345,87.56616562715978,0.9173155681022294,0.9172332360182925,52.97658353150343,0.6481052123060964,0.6480846414932113,109.23833446235169,LGBMRegressor,2792.7636744976044,0.09374403953552246,0.7726629767135895,0.7726629767135895,86.14972921970812,0.9198659962579337,0.9196794018788644,52.18785251002997,0.6730758119172745,0.6730577774544015,105.2910519568794,SimpleImputer,0.3125864925897369,0.3233027126321764,LGBMRegressor,1603.8082857131958,0.06798839569091797
895,42712,reg_simple_,MNAR_,0.5_,2/,0.27268958600482623,SimpleImputer,0.6339639964569609,0.6339639964569608,109.3152455556163,0.8804770182400871,0.8802119637352521,63.732753504826874,0.5073789405498059,0.5072922019820747,129.25598969101077,LGBMRegressor,5459.352160692215,0.08736181259155273,0.6254512718651744,0.6254512667655945,110.57909441981586,0.8578694261154792,0.8549314141273499,70.13625863736637,0.48284925916883403,0.48284369707107544,132.4240395032832,SimpleImputer,0.31791612014692494,0.3175086638034994,XGBRegressor,4076.1488194465637,0.023781776428222656
896,42712,reg_simple_,MCAR_,0.01_,2/,0.31725651549604067,SimpleImputer,0.9838970437702347,0.9838970437702347,22.92828853804421,0.9556308358922441,0.9556298430459986,38.78836216117561,0.9459143373359618,0.9459141427345634,42.825044040663656,HistGradientBoostingRegressor,4273.784555673599,1.739572525024414,0.9857951737160127,0.9857951737160127,21.53459932546423,0.9516208856155173,0.9516194539321906,40.503387072587216,0.9391995877633599,0.9391994938014736,45.405614428873974,SimpleImputer,0.31600879780872737,0.32185122543716566,HistGradientBoostingRegressor,3509.467840194702,0.02347564697265625
897,42712,reg_simple_,MCAR_,0.1_,2/,0.3043857525793042,SimpleImputer,0.9342656481598524,0.9342656481598524,46.324956981250025,0.9445958970194,0.944591308425661,43.34558880962826,0.863776556943101,0.863763674221843,67.96767602405194,LGBMRegressor,6455.85977935791,0.1434013843536377,0.9363874501837048,0.9363874197006226,45.57117713957629,0.9432957398980845,0.9432886242866516,43.852156208977725,0.8610831808460807,0.8610730171203613,68.63557040978034,SimpleImputer,0.31209249103187037,0.3147668358123088,XGBRegressor,2173.0622477531433,0.04060649871826172
898,42712,reg_simple_,MCAR_,0.3_,2/,0.3226699772044509,SimpleImputer,0.7909350943913944,0.7909350943913944,82.61509384557138,0.921876211765502,0.9218693927141317,51.4714685452518,0.690017416061306,0.6898670090074468,102.54864899205357,LGBMRegressor,4932.740794181824,0.09016919136047363,0.7869046906317229,0.7869046926498413,83.40763375660492,0.9144632476136683,0.9143449068069458,53.89303057885733,0.6801352228260511,0.6801084280014038,104.14953200034564,SimpleImputer,0.3157840807167089,0.31521597030357185,XGBRegressor,2056.419691801071,0.038974761962890625
899,42712,reg_simple_,MCAR_,0.5_,2/,0.27985648377446526,SimpleImputer,0.6478059838741368,0.6478059838741368,107.22839824465282,0.882418049682835,0.8824107734676929,63.14511030973325,0.5130264694210183,0.513025471895206,128.50176182789562,LGBMRegressor,4605.116394042969,0.11899566650390625,0.5611276712053942,0.5611276712053941,119.69828603014761,0.8683239158353283,0.8683220534240993,66.82092482202773,0.5139967672113801,0.5139351268927135,128.3816868527024,SimpleImputer,0.31506017546271037,0.3146191432581189,LGBMRegressor,3933.830761194229,0.05297517776489258
900,42712,reg_full_,MAR_,0.01_,2/,0.22757130388873903,KNNImputer,0.9745746844764486,0.9745746844764486,28.810580423843906,0.95302657068069,0.953026421321171,39.91009701435055,0.9529659335162157,0.952965598783967,39.935926940045185,LGBMRegressor,5414.226184844971,0.15105390548706055,0.9831000655408405,0.9831000566482544,23.48884513569133,0.9532314419154437,0.9532293081283569,39.823815292422815,0.9531489582977564,0.9531468152999878,39.85891074185954,KNNImputer,0.1931921225539871,0.20366427772785275,XGBRegressor,6613.827282190323,0.3294808864593506
901,42712,reg_full_,MAR_,0.1_,2/,0.2415176707955947,KNNImputer,0.9861319140468404,0.9861319140467473,21.27781823078753,0.9506735174391339,0.9506676873607628,40.89984828048863,0.9426716979935604,0.942635763322792,44.103856751931836,HistGradientBoostingRegressor,6191.8364136219025,1.737738847732544,0.9488613812308136,0.9488613605499268,40.859534511933,0.9478415495145199,0.9478303790092468,42.0595576301475,0.9110641757063376,0.9109975695610046,54.93598436327196,SimpleImputer,0.38500187586202805,0.2963981369750642,XGBRegressor,6160.855763435364,0.032370567321777344
902,42712,reg_full_,MAR_,0.3_,2/,0.28868547065369893,KNNImputer,0.9701673927935021,0.9701673927935021,31.20789220211038,0.9498704239544832,0.9498653041624722,41.23112185368985,0.6333942076176363,0.6236538958264787,112.96649957961806,LGBMRegressor,3597.0737495422363,0.13100409507751465,0.7852629918652763,0.7852629918652761,83.72830147684195,0.9247154645267407,0.9247082833638188,50.52770339334475,0.8207111745675066,0.8158607950123297,79.01855641062204,SimpleImputer,0.289555816723161,0.3680766595944273,HistGradientBoostingRegressor,7317.671741485596,0.01605057716369629
903,42712,reg_full_,MAR_,0.5_,2/,0.24708871424244888,IterativeImputer,0.7102897127493975,0.7102897127493973,97.25250365264733,0.8893068407012118,0.8891652218997173,61.30473048435955,0.5491625006431295,0.5491013089474184,123.65037753010591,LGBMRegressor,5725.852097988129,0.09553217887878418,0.9598142325351402,0.9598142325351402,36.220543739467445,0.9370955576411156,0.9367430456584303,46.31376614120439,0.31415732145250785,0.3012032240729742,153.93288384225792,KNNImputer,0.1959264622604297,0.3049956029866202,LGBMRegressor,747.798702955246,9.048158407211304
904,42712,reg_full_,MNAR_,0.01_,2/,0.2170944592461584,KNNImputer,0.9865840228284178,0.9865840228284178,20.92810894690892,0.9529715882426731,0.9529714427931815,39.93344584993912,0.9460865165468509,0.9460787133791073,42.75984109492219,HistGradientBoostingRegressor,7291.962830781937,1.7253608703613281,0.9653881813511753,0.9653881813511753,33.61483949749855,0.9480410730835055,0.9480405783791553,41.9747495458838,0.9396315935715999,0.9396304099320656,45.24442495670833,KNNImputer,0.18902906220028243,0.20858127072723745,LGBMRegressor,4763.368763685226,0.7084863185882568
905,42712,reg_full_,MNAR_,0.1_,2/,0.2576382308591424,KNNImputer,0.9110195934806514,0.9110195934806514,53.89717779914072,0.9408769620324062,0.9408527415843781,44.784039992361706,0.8680762232302893,0.8680225677763527,66.89686974190806,LGBMRegressor,6149.909061431885,0.08986067771911621,0.9214382783597538,0.9214382783597538,50.64357182300069,0.9408995103754126,0.9408296397066648,44.79278506727441,0.8607624997395517,0.8607447226110503,68.71662020334244,KNNImputer,0.2411622718209215,0.23814433118606973,LGBMRegressor,7380.141165971756,5.0156848430633545
906,42712,reg_full_,MNAR_,0.3_,2/,0.27379780048630825,KNNImputer,0.7802941612484487,0.7802941612484486,84.69146228573624,0.9079009089309364,0.9074025129880774,56.034507568704136,0.6795201153938042,0.6794995848671528,104.2486062998399,LGBMRegressor,4449.028759479523,0.09093427658081055,0.7586233754860693,0.7586233754860694,88.77004438467496,0.9132941316830144,0.9132939268139396,54.22264744760927,0.6825482801281426,0.6825426639457278,103.75251743868758,SimpleImputer,0.32304555867777446,0.3177635629862715,LGBMRegressor,7721.012130022049,0.07254838943481445
907,42712,reg_full_,MNAR_,0.5_,2/,0.2501205957605286,VAE,0.024801535270109754,0.024799933429403564,178.42910345586608,0.040111759341559194,0.0399374786258363,180.42874049764455,-0.00714657371047811,-0.00718117184841649,184.80331557110162,LGBMRegressor,4954.928088903427,0.028885841369628906,0.618291804074955,0.6182913184165955,111.63101318618554,0.8566674435961372,0.8554051518440247,70.02165845626504,0.4431795769855562,0.443004846572876,137.4300306042389,SimpleImputer,0.3151081859241226,0.31146193903132885,XGBRegressor,6260.407261371613,0.028302669525146484
908,42712,reg_full_,MCAR_,0.01_,2/,0.22942254863580702,KNNImputer,0.9651385061510697,0.9651385061510697,33.735863340328514,0.9518376654824258,0.9518375521214726,40.411989867103834,0.9481694056844426,0.9481673784645474,41.9235013527465,LGBMRegressor,6083.331882953644,0.12253403663635254,0.9734894047187365,0.9734894012496612,29.41904702376413,0.9524217154605941,0.9524196715891106,40.16702596943605,0.9461355333398833,0.9461332213799818,42.73822307606212,KNNImputer,0.19974588438109028,0.2111795886061925,HistGradientBoostingRegressor,6654.68847489357,0.6331260204315186
909,42712,reg_full_,MCAR_,0.1_,2/,0.25969920542504943,KNNImputer,0.918037231762268,0.918037231762268,51.728173172294916,0.9393979145661231,0.9393232533441067,45.35937928295286,0.8479552206200938,0.847949191022594,71.8042792054121,LGBMRegressor,2607.44095826149,0.10901474952697754,0.9295169258880076,0.9295169258880076,47.96906472904058,0.9426378072442204,0.9426247530409751,44.10808911534792,0.8646131295653655,0.8645704485800699,67.76612918982244,KNNImputer,0.22780641586861983,0.2299189961635335,LGBMRegressor,5301.075053453445,5.316648244857788
910,42712,reg_full_,MCAR_,0.3_,2/,0.28051146416088396,KNNImputer,0.7891946345830362,0.7891946345830362,82.95826533782692,0.902038819017565,0.9019897607787836,57.64898748844272,0.6399524470333408,0.63990249821264,110.50095047329945,LGBMRegressor,4467.646239042282,0.1336662769317627,0.7889316855106209,0.788931685510621,83.00998840647232,0.9152793338814518,0.9150028146935097,53.685651955363916,0.6906363231899241,0.6906060435340747,102.4263914482174,KNNImputer,0.2796921728132046,0.27914007499950244,LGBMRegressor,7134.112473964691,10.193450212478638
911,42712,reg_full_,MCAR_,0.5_,2/,0.26369575090077246,VAE,0.007213178905500772,0.007213294506072998,180.0308074951172,0.022030230779343407,0.02194949803051971,182.11117628795805,0.006572999400478841,0.00646287202835083,183.54730224609375,ARDRegression,2862.087079524994,0.014284610748291016,0.5883790154456174,0.5883790154456174,115.92245919326768,0.8759408315632438,0.8746656818881977,65.19149801799331,0.49899392008670496,0.49884194618937927,130.35968921963482,SimpleImputer,0.31550421309888943,0.3161518702133239,LGBMRegressor,6599.9388971328735,0.07155537605285645
912,42712,reg_simple_,MAR_,0.01_,3/,0.3019170014526497,SimpleImputer,0.969015575001239,0.969015575001239,31.804645022422914,0.9521449012523842,0.9521433126020922,40.28350736985512,0.9375858709769804,0.9374877860177564,46.04032701310939,LGBMRegressor,5751.022579669952,0.08424043655395508,0.9915069154150733,0.9915069154150732,16.65143079965813,0.9531886414480808,0.9531886344154952,39.8411269755209,0.9487014445458599,0.9486994091181353,41.70778662910491,SimpleImputer,0.29206596548176916,0.3396110677645885,HistGradientBoostingRegressor,2621.450288772583,0.01916646957397461
913,42712,reg_simple_,MAR_,0.1_,3/,0.289234154391648,SimpleImputer,0.9447766284460455,0.9447766284460455,42.46002946766218,0.9480964557181458,0.9480946601312927,41.952899235242306,0.9209470025751446,0.9209394272147907,51.77688723630718,LGBMRegressor,3786.368808031082,0.12831926345825195,0.9828253806521831,0.9828253806521831,23.678947374627263,0.9535342952239408,0.953510290592003,39.70401033054607,0.9408140700145143,0.9406975179779233,44.84276617449479,SimpleImputer,0.3026822591173753,0.32135199008303733,HistGradientBoostingRegressor,3203.0435445308685,0.015073299407958984
914,42712,reg_simple_,MAR_,0.3_,3/,0.3474661541875363,SimpleImputer,0.9887189758200562,0.9887189758200562,19.190800788357716,0.9477685486474487,0.9477565429130961,42.089320380817924,0.7182490647825983,0.7146505928766517,98.36587209353037,HistGradientBoostingRegressor,6480.008482217789,1.7418091297149658,0.8457421806153314,0.8457421806153314,70.96470897693335,0.9279812737430556,0.9279388350161366,49.43181978190726,0.7382262191577103,0.7382053410438189,94.2185357094787,SimpleImputer,0.3477125051958132,0.30218528381381776,LGBMRegressor,2829.313966035843,0.08616924285888672
915,42712,reg_simple_,MAR_,0.5_,3/,0.29650856791245944,SimpleImputer,0.9497003395180772,0.9497003395180772,40.52297848419139,0.9431794802293065,0.943171629069152,43.89737619695104,0.812623550531382,0.8039426417506437,81.53564904651734,LGBMRegressor,3816.89381480217,0.09247827529907227,0.9615770747030637,0.9615770578384399,35.4171854434517,0.9428410306220143,0.942785918712616,44.04608639780755,0.5099037765968154,0.5029000043869019,129.83082582391188,SimpleImputer,0.2385491886849443,0.32313876041605144,XGBRegressor,4630.369494438171,0.026879310607910156
916,42712,reg_simple_,MNAR_,0.01_,3/,0.31528020159660175,SimpleImputer,0.977748595611612,0.977748595611612,26.95240633368723,0.952710903428997,0.9527083306834854,40.04499847725399,0.9352104312369297,0.9352100967754817,46.87158340811909,HistGradientBoostingRegressor,6034.849076986313,0.028556108474731445,0.9905551439751342,0.9905551439751342,17.55967619721387,0.95304111658954,0.953038223965864,39.90508276697442,0.943349550293965,0.9433481337568741,43.8291521905143,SimpleImputer,0.3186107107658638,0.33174928081904187,HistGradientBoostingRegressor,2652.871678829193,0.019688129425048828
917,42712,reg_simple_,MNAR_,0.1_,3/,0.2803621990874861,SimpleImputer,0.9339746843150724,0.9339746843150724,46.42736922489724,0.9442328067932769,0.944202043847866,43.4975809524239,0.8267557715293093,0.8267223208319222,76.65266711730978,LGBMRegressor,5737.236511230469,0.12448453903198242,0.942522075486417,0.942522075486417,43.31809715654783,0.9444763754182811,0.9444672004349597,43.39410579127499,0.8594682282894985,0.8591399758938206,69.11142354749789,SimpleImputer,0.318328770560993,0.32173959148841874,LGBMRegressor,4346.244556427002,0.08706974983215332
918,42712,reg_simple_,MNAR_,0.3_,3/,0.2898172695926334,SimpleImputer,0.7747971051865061,0.7747971051865061,85.744410040238,0.9217618667456946,0.9217102392847056,51.52386602124258,0.6973907520402911,0.6973876162202488,101.29763540670136,LGBMRegressor,4392.490925312042,0.1113591194152832,0.8450548808175941,0.8450548808175941,71.12262584144021,0.9164083494265697,0.9163007612510368,53.274172602794195,0.6843202334044394,0.684304014994041,103.4642916346978,SimpleImputer,0.3127553003458661,0.3203670318580338,LGBMRegressor,4304.495850086212,0.09420633316040039
919,42712,reg_simple_,MNAR_,0.5_,3/,0.32334104089437615,SimpleImputer,0.6658703233656822,0.6658703233656822,104.44228321587487,0.8820346461777604,0.8812221805012683,63.463443576789984,0.4750110059223581,0.47304568685102244,133.6726141027905,LGBMRegressor,6184.369918584824,0.1118931770324707,0.6176089158292357,0.6176089158292357,111.73074923659921,0.8586549784429238,0.8580453309808478,69.37944160401436,0.4750906220028587,0.4749808884526162,133.42693683379952,SimpleImputer,0.31402755536228494,0.31263398623204197,LGBMRegressor,2344.2130036354065,0.05917239189147949
920,42712,reg_simple_,MCAR_,0.01_,3/,0.3154268193449317,SimpleImputer,0.9933254677257046,0.993325467725663,14.76145785375119,0.9542495679531043,0.9542492477333551,39.38719735364488,0.942051336922209,0.9420373007459913,44.33332047979175,HistGradientBoostingRegressor,4380.349561452866,0.02670574188232422,0.977950272547008,0.977950272547008,26.829985937198767,0.951736046019305,0.9517353635498947,40.454839177159045,0.9391567306821975,0.9391530047542213,45.422970044318106,SimpleImputer,0.30545658176258855,0.3327624205671137,HistGradientBoostingRegressor,3522.9593031406403,0.01778411865234375
921,42712,reg_simple_,MCAR_,0.1_,3/,0.30263040679520115,SimpleImputer,0.9316641112688531,0.931664111268853,47.23275257844116,0.9440732259069713,0.9440638828782045,43.55139970179903,0.8536429382472112,0.8536387834083179,70.44804812703352,HistGradientBoostingRegressor,3531.4049468040466,0.027649879455566406,0.9573019286891706,0.9573018550872803,37.33560747816659,0.9477582592480461,0.947756290435791,42.08941947185966,0.8596608020071201,0.859555184841156,69.00948821197233,SimpleImputer,0.31404800374976044,0.31584249991349356,XGBRegressor,3018.4462587833405,0.0656900405883789
922,42712,reg_simple_,MCAR_,0.3_,3/,0.28964737007947183,SimpleImputer,0.7950263519281066,0.7950263519281064,81.80273939883037,0.9191679130503687,0.9191374791440334,52.36361215577282,0.6811877508334558,0.6811319733942938,103.98278532212537,LGBMRegressor,5605.377135276794,0.09808158874511719,0.810005370013774,0.8100053668022156,78.75706106389315,0.9189335236757059,0.9189305305480957,52.430563960511435,0.6980999910686398,0.6980974674224854,101.17874498107744,SimpleImputer,0.31464762405742325,0.3150791920380209,XGBRegressor,2709.3788511753082,0.038286447525024414
923,42712,reg_simple_,MCAR_,0.5_,3/,0.2801049668734775,SimpleImputer,0.5644647311585462,0.5644647311585463,119.24234185377922,0.8779490937250729,0.8777286171374947,64.38999204140818,0.4745397954126297,0.47432806133470906,133.50986492181212,LGBMRegressor,6082.447733640671,0.07391023635864258,0.6245505056106215,0.624550461769104,110.71198289667754,0.878925664105935,0.8782557249069214,64.25104503495854,0.5069453024285,0.5069373846054077,129.30250954475764,SimpleImputer,0.3156117635048606,0.31654186632791514,XGBRegressor,2649.534460544586,0.03783774375915527
924,42712,reg_full_,MAR_,0.01_,3/,0.21869209251561578,KNNImputer,0.9837203878716971,0.9837203878716971,23.053711758419592,0.9548096333307283,0.9548095592330198,39.145265955861426,0.9485628518948531,0.9485624186873511,41.76343665515719,HistGradientBoostingRegressor,5698.695231676102,1.92698335647583,0.9807554870424353,0.9807554870351105,25.065264650996447,0.9546885489200587,0.9546884138248507,39.197700665009165,0.9547493940733949,0.9547481481962203,39.17185493326678,KNNImputer,0.17580154126693692,0.26087690882601594,HistGradientBoostingRegressor,4742.008085012436,0.3040335178375244
925,42712,reg_full_,MAR_,0.1_,3/,0.2145322235713548,KNNImputer,0.937002613586158,0.937002613586158,45.350293100075355,0.9435138243050812,0.9434998799163936,43.77041303794898,0.939323889329661,0.9392748470105942,45.377468943512255,LGBMRegressor,5510.5069851875305,0.10860180854797363,0.9840385719294776,0.9840385913848877,22.82730946455779,0.9527109899259477,0.9527108073234558,40.043951786648556,0.9454086952821048,0.945385217666626,43.0339255369285,KNNImputer,0.1590676394831388,0.21742345944896505,XGBRegressor,9315.480991840363,2.9210143089294434
926,42712,reg_full_,MAR_,0.3_,3/,0.27588852233349925,KNNImputer,0.8591525085910369,0.8591525085910369,67.80994472052403,0.9187786722919365,0.9186933315751644,52.50722209064416,0.8303117160679274,0.8277359411429922,76.42814120151922,LGBMRegressor,4689.382525205612,0.1033933162689209,0.8281428353675973,0.8281428353675973,74.90359347946628,0.923694928257618,0.9236433403904241,50.88378628565629,0.7684344597319673,0.7682170717367176,88.6536624948587,KNNImputer,0.23412842253779712,0.21853046706868917,LGBMRegressor,5792.51589012146,7.1254332065582275
927,42712,reg_full_,MAR_,0.5_,3/,0.2427083081938602,KNNImputer,0.7177832337693703,0.7177832337693704,95.98651805769805,0.885298050597406,0.8840812699644195,62.694979782204534,0.5161940060212915,0.5145346796046695,128.302484113302,LGBMRegressor,4823.389935970306,0.08627557754516602,0.674847777973498,0.674847777973498,103.0296430740943,0.8866015864080821,0.8865837804543605,62.01454232895097,0.5515146437866916,0.5473884607181951,123.88501291214399,SimpleImputer,0.32328003521127574,0.34078519657476986,LGBMRegressor,6661.022546291351,0.049184322357177734
928,42712,reg_full_,MNAR_,0.01_,3/,0.17289532074260322,KNNImputer,0.9764788628123438,0.9764788612370129,27.710732386084022,0.9519654024856337,0.9519650094349067,40.358481208594746,0.9411433088292523,0.941142876425177,44.674065464415364,HistGradientBoostingRegressor,8452.348778963089,4.326557874679565,0.9836226289739177,0.9836226289739177,23.122826801970838,0.9553065689265331,0.9553054133884826,38.92991198040532,0.9393625361269398,0.9393604661721151,45.34546777849871,SimpleImputer,0.30618792641090414,0.31680853908455997,HistGradientBoostingRegressor,7643.457856178284,0.01848769187927246
929,42712,reg_full_,MNAR_,0.1_,3/,0.2624267914935725,KNNImputer,0.9316998780227712,0.9316998780227712,47.220390235760775,0.9407164214332208,0.9407076160540433,44.838948080130585,0.8418716490990147,0.8418317242319153,73.23448798456918,LGBMRegressor,4097.266448497772,0.12868165969848633,0.9045014200118497,0.9045014200118497,55.8363844885394,0.9389097927927239,0.9387815969204354,45.561389213290184,0.8608919129310111,0.8606680563236548,68.73553339410198,KNNImputer,0.23699161159970786,0.2312885865240605,LGBMRegressor,7533.962939023972,5.129886865615845
930,42712,reg_full_,MNAR_,0.3_,3/,0.2879849812020224,IterativeImputer,0.777352929323064,0.777352929323064,85.2564656863435,0.9038931807652726,0.9035827337601366,57.178580068457784,0.6626107635967062,0.6625875657130516,106.96372061464616,LGBMRegressor,4288.916897535324,0.07769060134887695,0.8362094975050132,0.8362094759941101,73.12455761107103,0.9125096906148482,0.9121682047843933,54.5734946489953,0.6640640016877537,0.6640379428863525,106.73357486245152,SimpleImputer,0.314810143573519,0.3141689501915582,XGBRegressor,5127.331680059433,0.06489753723144531
931,42712,reg_full_,MNAR_,0.5_,3/,0.25705081040646255,VAE,0.11259621949643328,0.11259621949643317,170.20780436267978,-0.01645203491232583,-0.016536763320664782,185.65964009314936,-0.012540425570749303,-0.012568016666816506,185.29686095162722,ExtraTreesRegressor,6483.213686466217,0.12628483772277832,0.7091665070128779,0.7091665267944336,97.44085034688545,0.8338979331954325,0.8338758945465088,75.0537283577158,0.47070866364585073,0.47064894437789917,133.97625160156826,KNNImputer,0.3234677804607231,0.305779213432942,XGBRegressor,1075.6991364955902,16.052999258041382
932,42712,reg_full_,MCAR_,0.01_,3/,0.18400976727479362,KNNImputer,0.9901925657974385,0.9901925657974385,17.893550929900094,0.9537019577402293,0.9537018365378102,39.62213208130118,0.9423742873593975,0.9423678065983472,44.20674451790016,HistGradientBoostingRegressor,5478.514634609222,1.7509896755218506,0.9864698542434799,0.9864698648452759,21.016983956217214,0.951827873225274,0.9518261551856995,40.41676762969437,0.9459084308499125,0.9459014534950256,42.830068282906154,KNNImputer,0.2025610628799818,0.1913000182132064,XGBRegressor,6884.737490653992,0.6592459678649902
933,42712,reg_full_,MCAR_,0.1_,3/,0.25995816951865675,KNNImputer,0.9112981654202206,0.9112981654202206,53.812743418087805,0.9416020495994379,0.9415757819200647,44.50946906266629,0.8708804753890768,0.8708792766012229,66.16890300606838,LGBMRegressor,3986.8527789115906,0.08512759208679199,0.9351605996508063,0.9351605996508063,46.008526772016666,0.9433402365258922,0.9433203188081881,43.83991049467517,0.8566789446916242,0.8566748915018532,69.71353399290045,KNNImputer,0.2423740116529089,0.23773178642045842,LGBMRegressor,6732.172970533371,5.276661157608032
934,42712,reg_full_,MCAR_,0.3_,3/,0.20744093638778843,KNNImputer,0.8071374823298527,0.8071374823298527,79.34923572916928,0.9123099507534396,0.9122979715797817,54.53317434404323,0.6709546999511642,0.6709276865762779,105.63349073220533,LGBMRegressor,6780.706083774567,0.10879254341125488,0.7687365497940846,0.7687366008758545,86.89050830040868,0.9174146062476379,0.9173848032951355,52.9280495214043,0.6789996113559167,0.6787368059158325,104.37257987962454,SimpleImputer,0.3157594450670768,0.3143657671535369,XGBRegressor,1255.2279198169708,0.028753042221069336
935,42712,reg_full_,MCAR_,0.5_,3/,0.25460798120536177,VAE,0.005500403167951307,0.0055001488654998765,180.18606183790294,0.021021001150858698,0.020950595336824196,182.20414946288756,0.0035966428611998724,0.0035162758852024245,183.81928149577143,SGDRegressor,6702.827546834946,0.01300048828125,0.5889208381407554,0.5889208316802979,115.84614121409611,0.8670259144542038,0.8669737577438354,67.16215700928706,0.5150426175699174,0.5150136947631836,128.23916968792034,SimpleImputer,0.31628459106286044,0.315861749777823,XGBRegressor,8878.790576457977,0.020626306533813477
936,287,reg_simple_,MAR_,0.01_,1/,0.10262645351439155,SimpleImputer,0.9098966278174709,0.9098966278174709,0.26176080628945847,0.4981398367729508,0.4979300188103619,0.6219002772289877,0.4935810310424342,0.4933681999255112,0.6247191883303652,RandomForestRegressor,2515.2756226062775,0.10687422752380371,1.0,1.0,0.0,0.48299608251990045,0.4818714170367303,0.6317676708051339,0.4755861274899785,0.47433995909727134,0.636342756431215,SimpleImputer,0.1165013017987126,0.11139011123903063,KNeighborsRegressor,1936.324190378189,0.29207563400268555
937,287,reg_simple_,MAR_,0.1_,1/,0.10056203171148366,SimpleImputer,0.9802299651495002,0.9802299651495002,0.12261336592429675,0.4915946190718342,0.4911847645336215,0.626063919846169,0.4565071014403276,0.4561628697974549,0.6472514772831195,HistGradientBoostingRegressor,2964.498980998993,0.025470256805419922,0.9108282254448584,0.9108282254448584,0.2604040904486875,0.46868040436390124,0.4685176520214981,0.6398571762126724,0.44701729569472504,0.44591615967907394,0.653320618787405,SimpleImputer,0.12225735914972574,0.10776579556873972,RandomForestRegressor,1969.849943637848,0.058071136474609375
938,287,reg_simple_,MAR_,0.3_,1/,0.1039993014577582,SimpleImputer,0.9784878966275333,0.9784878966275333,0.12790146979981307,0.4707673839513129,0.47046092423944874,0.6386863420869247,0.3622066368709199,0.3592592517977071,0.7025541355939561,RandomForestRegressor,3150.6981778144836,0.10855913162231445,0.8125917756422878,0.8125917756422878,0.3775099650804471,0.45921772797570404,0.4591968566686885,0.6454434920307331,0.34500781946332926,0.34144116109738276,0.7122556682509276,SimpleImputer,0.09209622472937129,0.10742562549820617,ExtraTreesRegressor,932.021234035492,0.0613858699798584
939,287,reg_simple_,MAR_,0.5_,1/,0.10632158592654861,SimpleImputer,0.9657296374424986,0.9657296374424986,0.16143341970922778,0.4523541599156734,0.4519725439729384,0.649740264845044,0.3357690495140073,0.33334598810319227,0.7166199116653447,HistGradientBoostingRegressor,4809.317105770111,1.7169311046600342,0.9687761858336553,0.9687761858336553,0.15409092916282127,0.4595544702220331,0.4593869134305365,0.645330066580874,0.387802678126939,0.3878004120759493,0.6867286068661287,SimpleImputer,0.10861140024099379,0.10699842096859837,RandomForestRegressor,1862.479793548584,0.06726312637329102
940,287,reg_simple_,MNAR_,0.01_,1/,0.11231222926122712,SimpleImputer,0.9989126111680118,0.9989126111680118,0.028755871308188366,0.5142553759854178,0.5142507464326014,0.6117087510848984,0.5054887110662521,0.5053730665148837,0.6172733156016434,RandomForestRegressor,2195.4936003684998,0.12101268768310547,0.9946939194645079,0.9946939194645079,0.06352153962392904,0.5134533325656276,0.5134533256332334,0.6122106450655884,0.5118337315331383,0.5118084528013829,0.6132446249951728,SimpleImputer,0.24453046047580834,0.2664315471064532,RandomForestRegressor,1003.3070693016052,0.06773996353149414
941,287,reg_simple_,MNAR_,0.1_,1/,0.09622199233607318,SimpleImputer,0.9879774379840002,0.9879774379840002,0.09561644885433852,0.48055995534078577,0.48025972858811905,0.6327494947267228,0.4171070419492434,0.4164789600870754,0.670450752507939,ExtraTreesRegressor,1756.496021747589,0.11551737785339355,0.8676037551829763,0.8676037551829763,0.3173013580205801,0.4713917502546239,0.47103711875532606,0.6383387683696908,0.4166676271351628,0.41542274511482913,0.6710572601727107,SimpleImputer,0.11070809024623618,0.10793062813011339,HistGradientBoostingRegressor,887.05504155159,0.013245820999145508
942,287,reg_simple_,MNAR_,0.3_,1/,0.10468158719338436,SimpleImputer,1.0,1.0,0.0,0.4414292292022408,0.4406877165653117,0.6563958116399445,0.3338615832436539,0.33383511578442826,0.716356969458878,ExtraTreesRegressor,3294.5462639331818,0.1525731086730957,0.8879934623384665,0.8879934623384665,0.2918473696540093,0.4206477403023082,0.42064506176083194,0.6680530931231612,0.31391747472534415,0.3138991928142728,0.7269969481154877,SimpleImputer,0.10770220839886982,0.10969408513478689,RandomForestRegressor,822.990795135498,0.060747385025024414
943,287,reg_simple_,MNAR_,0.5_,1/,0.11274977198051425,SimpleImputer,0.48385069450972173,0.48385069450972173,0.6265010033409879,0.318756853827468,0.31873507409221924,0.7244303516725978,0.19904530527163655,0.1990332611567297,0.7854994106053786,LGBMRegressor,2079.1915123462677,0.02836894989013672,0.8567454598158737,0.8567454598158737,0.3300565035795052,0.34616012486172554,0.34590295530169635,0.7098387701401052,0.219654419957239,0.21956994830725407,0.7753639674702985,SimpleImputer,0.10734708470094828,0.10625259615107559,ExtraTreesRegressor,526.314487695694,0.09715008735656738
944,287,reg_simple_,MCAR_,0.01_,1/,0.10741034869907144,SimpleImputer,0.9443753593088128,0.9443753592264237,0.20566846505561076,0.5095681006024828,0.5090008362055934,0.6150054987863195,0.503945541724597,0.5033823112284839,0.6185142570749431,HistGradientBoostingRegressor,5023.043205738068,1.7361195087432861,1.0,1.0,0.0,0.48399168729696673,0.48223601952315776,0.6315453470343289,0.465573757727034,0.4642401582545863,0.6424268760058998,SimpleImputer,0.11595661334922795,0.11415362039708096,KNeighborsRegressor,1889.1783633232117,0.27269577980041504
945,287,reg_simple_,MCAR_,0.1_,1/,0.10310376048070913,SimpleImputer,0.9858375045242433,0.9858375045242433,0.10377768756573416,0.47372396878660106,0.47371465748424213,0.6367211263457832,0.41928047682625813,0.41918213343807254,0.6688960112989342,ExtraTreesRegressor,2730.7541801929474,0.10378670692443848,0.7523557565315018,0.7523557565315018,0.43395851641284355,0.45678467872005,0.456783272301703,0.6468821837914926,0.41896797690696985,0.41832658864830397,0.6693884719709757,SimpleImputer,0.117138559420864,0.12179710054762222,HistGradientBoostingRegressor,544.2690696716309,0.012685775756835938
946,287,reg_simple_,MCAR_,0.3_,1/,0.10456329416597503,SimpleImputer,0.8013058343262163,0.8013058343262163,0.38871084240207654,0.4144675555318209,0.41438169513718215,0.6716545237401396,0.328960713750146,0.32890163351328117,0.719004673757568,HistGradientBoostingRegressor,2874.676458835602,0.026493310928344727,0.7810552447565647,0.7810429743795491,0.40805014791970684,0.4037001885811794,0.40370018382301276,0.6777522379806539,0.3188774651785178,0.31846190082227477,0.7245755779762753,SimpleImputer,0.10532944160782097,0.10437779550258103,ExtraTreesRegressor,1090.3434228897095,0.06727075576782227
947,287,reg_simple_,MCAR_,0.5_,1/,0.11159557761396373,SimpleImputer,0.33703545594095863,0.3370354559409512,0.7100341684948462,0.3541819126836475,0.3541436183190325,0.7053531337655635,0.2101704681160408,0.20984615026893394,0.780179353016975,HistGradientBoostingRegressor,2914.5523340702057,1.6940443515777588,0.6191444574484656,0.6191444404216508,0.5381635097334831,0.3647303860342431,0.3643573173931871,0.6997536113864764,0.21726424835955582,0.21651821289585427,0.7768784510708444,SimpleImputer,0.1082484014296892,0.10721080210560034,RandomForestRegressor,509.72026109695435,0.06114768981933594
948,287,reg_full_,MAR_,0.01_,1/,0.06582661462919989,KNNImputer,0.8745512990141963,0.8745512990141963,0.30886392172128574,0.4998729231720498,0.4996102745475852,0.6208587618153844,0.499820806308818,0.49956101572086764,0.6208893200183176,ExtraTreesRegressor,1174.728375673294,0.0916297435760498,0.9245683550834656,0.9245682954788208,0.23950304090976715,0.501175582408905,0.5005695819854736,0.6202633380889893,0.49816378951072693,0.4977119565010071,0.6220352649688721,KNNImputer,0.058242121758313274,0.054188433380288066,XGBRegressor,6406.221771478653,0.06865215301513672
949,287,reg_full_,MAR_,0.1_,1/,0.07523704640000135,KNNImputer,0.9287515353192164,0.9287515353192164,0.23276723747289463,0.5008548974775344,0.5004350777440918,0.6203468633289793,0.49109159248973777,0.4904168477056048,0.6265361774821799,RandomForestRegressor,1454.2730531692505,0.1062164306640625,0.9628818035125732,0.9628806710243225,0.16800956428050995,0.4783575236797333,0.47825586795806885,0.6339681148529053,0.4653083086013794,0.4653080701828003,0.6417862772941589,KNNImputer,0.0637519424249053,0.05444925692444423,XGBRegressor,5628.317826032639,0.3932349681854248
950,287,reg_full_,MAR_,0.3_,1/,0.09228233251038298,KNNImputer,0.8837097836399423,0.8837097836399423,0.29737584319305677,0.4643539963496254,0.46381440626713444,0.6426820838258175,0.40054792671948136,0.40054114863776613,0.6795451405845406,HistGradientBoostingRegressor,3948.3193368911743,1.7346138954162598,0.9275975823402405,0.9275975823402405,0.23464465141296387,0.4317225515842438,0.431086003780365,0.6620060205459595,0.4161437451839447,0.415723979473114,0.6708843111991882,KNNImputer,0.07545989191564433,0.06297252368523976,XGBRegressor,5095.410940885544,1.045628309249878
951,287,reg_full_,MAR_,0.5_,1/,0.07940698124977313,IterativeImputer,0.9978727005689457,0.9978727005689457,0.04022058742096992,0.4331934106184381,0.4329972435014362,0.6608930848250004,0.2950005230651518,0.29222023508846684,0.738393208765001,HistGradientBoostingRegressor,5169.3086841106415,0.8745865821838379,0.8518936634063721,0.8518934845924377,0.3355993926525116,0.38333559036254883,0.38304251432418823,0.6893920302391052,0.3211570680141449,0.32092148065567017,0.7232669591903687,KNNImputer,0.07252996215915118,0.06888496176627279,XGBRegressor,1546.0272719860077,1.3273794651031494
952,287,reg_full_,MNAR_,0.01_,1/,0.0654305632415055,KNNImputer,1.0,1.0,0.0,0.4864520702886269,0.484996271157215,0.6298596816721778,0.4880459233454929,0.4864773598807526,0.6289533292546239,KNeighborsRegressor,2327.9081666469574,0.4537832736968994,0.872590645285635,0.872590645285635,0.3112682007365456,0.49891773377907134,0.4985127890686746,0.6215392416864127,0.4991967384289625,0.4988479477659328,0.6213315104668744,KNNImputer,0.06589429996926631,0.05424555888116664,RandomForestRegressor,6577.226788282394,0.13477635383605957
953,287,reg_full_,MNAR_,0.1_,1/,0.07654026410906674,KNNImputer,1.0,1.0,0.0,0.4358283266603159,0.43358042813102515,0.6605531201237267,0.4321463215104028,0.42945169829709107,0.6629561917156449,KNeighborsRegressor,1916.9522697925568,0.36504125595092773,0.9773915410041809,0.9773914813995361,0.13112035393714905,0.4696776270866394,0.46931153535842896,0.63937908411026,0.4485039710998535,0.44831931591033936,0.6519023180007935,KNNImputer,0.0657883279576302,0.060722057918740774,XGBRegressor,2342.0105307102203,0.5873932838439941
954,287,reg_full_,MNAR_,0.3_,1/,0.10205864894197492,IterativeImputer,0.9904359428079591,0.9904359428079591,0.0852815685265253,0.44238701251441215,0.4421833028768861,0.6555176316351952,0.36056744386296824,0.3597243441878114,0.7022991089710555,ExtraTreesRegressor,2191.243776321411,0.13010692596435547,0.5896777492375547,0.5896777492375547,0.5585944692583698,0.39559648040220885,0.3927581309322873,0.683942319284354,0.3445678386159945,0.34383798854466585,0.7109583581507404,IterativeImputer,0.08185632655043634,0.08214049664547182,HistGradientBoostingRegressor,9845.418532848358,2.3434228897094727
955,287,reg_full_,MNAR_,0.5_,1/,0.10629290730939749,KNNImputer,0.38566457021481415,0.38566457021481404,0.6834974182725457,0.32764801725054293,0.32577170451090065,0.7206794027175109,0.16706784371826944,0.16462533887871345,0.8021937454863718,LGBMRegressor,2423.312881231308,0.019902944564819336,0.2747477709868449,0.27469655589639097,0.742666726987413,0.35849686500629985,0.35624067441786544,0.70420708351675,0.22693417143283834,0.22576259765198814,0.7722816155509443,IterativeImputer,0.09446867369290879,0.09596535319945214,LGBMRegressor,5735.4531190395355,2.435565948486328
956,287,reg_full_,MCAR_,0.01_,1/,0.07092703674294613,KNNImputer,0.9452663960027368,0.9452663960027368,0.2040145398132673,0.4965437512576151,0.4959567109149823,0.623121219833243,0.4977760915654089,0.49728474278898827,0.6222997917333756,HistGradientBoostingRegressor,2884.0656900405884,1.7050321102142334,0.8896592761970566,0.8896592761970566,0.2896689942491014,0.49512721202072196,0.49491567548387405,0.6237643755705441,0.4928970060704808,0.49265787535150285,0.6251569796008436,KNNImputer,0.06473148873816123,0.06886516026449083,RandomForestRegressor,5405.628304004669,0.14555144309997559
957,287,reg_full_,MCAR_,0.1_,1/,0.07002187405428217,KNNImputer,0.9201135352518219,0.9201135352518219,0.24647376459890574,0.4877099214545778,0.48730153760649475,0.6284484075236578,0.46215409013995856,0.46136359777768365,0.6441492017068802,RandomForestRegressor,1594.889816045761,0.08880186080932617,1.0,1.0,0.0,0.4403778751893491,0.43951131183794756,0.6570857495768864,0.4210095347254472,0.42001458492448107,0.668416495111956,KNNImputer,0.06608058614582557,0.06824781052757282,KNeighborsRegressor,4200.865835428238,0.7769691944122314
958,287,reg_full_,MCAR_,0.3_,1/,0.1025672398449496,KNNImputer,0.9991987252832031,0.9991987252832031,0.024684527403689142,0.3695436960146393,0.3689006058067732,0.6972483644942746,0.279675600059338,0.2796394769570113,0.7449267587079852,KNeighborsRegressor,1675.5143158435822,0.42757368087768555,0.8464589138174459,0.8464589138174459,0.3417011193627661,0.4080520807078635,0.40804609682049975,0.6752779469118037,0.3271097785290713,0.3257537789748799,0.7206889829137254,KNNImputer,0.0930125419705842,0.09477254299368257,RandomForestRegressor,3368.463357448578,1.3590507507324219
959,287,reg_full_,MCAR_,0.5_,1/,0.11413985613695692,KNNImputer,0.9748905497904047,0.9748905497904047,0.13818238969538477,0.36589907539910227,0.3655510176003871,0.6990962542093704,0.1927065423047607,0.19242509600160662,0.7887330327864727,ExtraTreesRegressor,2489.398499727249,0.13625526428222656,0.42342702172179414,0.4234258596252881,0.6621580714285417,0.34695271811284345,0.3466030113150468,0.709458811282761,0.24623871653534235,0.24537750342008946,0.7624361798008054,IterativeImputer,0.08860817354557944,0.08687421260031493,ExtraTreesRegressor,10464.872875452042,4.297043323516846
960,287,reg_simple_,MAR_,0.01_,2/,0.11148541403173098,SimpleImputer,1.0,1.0,0.0,0.5245671578872981,0.5245526896537951,0.6051873200156233,0.5242193003236142,0.524205685869207,0.605408126803729,RandomForestRegressor,2249.5466754436493,0.09790492057800293,0.9815938472747803,0.9815938472747803,0.118308424949646,0.4864528775215149,0.4863690137863159,0.6290196776390076,0.47610580921173096,0.47597748041152954,0.6353508234024048,SimpleImputer,0.08996080730617857,0.1339647143188397,XGBRegressor,1432.5462756156921,0.03196883201599121
961,287,reg_simple_,MAR_,0.1_,2/,0.10402398662941,SimpleImputer,0.9925311285891456,0.9925311285891456,0.07536359176696465,0.5117829963920824,0.5116826438193384,0.6133236377438788,0.4664363625592327,0.4660266568806608,0.6413548909565172,ExtraTreesRegressor,2119.2941994667053,0.13516473770141602,0.9776887986549321,0.9776887986549321,0.13025535142321845,0.48632355043869757,0.4862297410364178,0.6291049505410904,0.4711197159091729,0.471112231285171,0.638293444828348,SimpleImputer,0.10121760264186841,0.09231549870775842,HistGradientBoostingRegressor,1545.3400392532349,0.012009859085083008
962,287,reg_simple_,MAR_,0.3_,2/,0.07595314094632523,SimpleImputer,0.8491985159593465,0.8491985159593465,0.3386389469225601,0.4519517687065404,0.45047690681822505,0.6506262729715028,0.3660444102371797,0.35641341979099617,0.7041125942624533,HistGradientBoostingRegressor,2397.489824771881,1.7322053909301758,0.9397641097476171,0.9397641097476171,0.21402364879232474,0.47323693611907314,0.47323134156865065,0.637013426747099,0.4145060384426762,0.4141562261588094,0.6717838081943782,SimpleImputer,0.08896399730041411,0.1011611941132915,ExtraTreesRegressor,3083.249565601349,0.06688714027404785
963,287,reg_simple_,MAR_,0.5_,2/,0.10903188782707281,SimpleImputer,0.9828033214289136,0.9828033214289136,0.11435532278608336,0.4351765915953446,0.4347391211258672,0.6598771458682073,0.2870211180312858,0.28484889977914984,0.7422283322195121,HistGradientBoostingRegressor,1966.3573150634766,0.02479720115661621,0.9998222788638148,0.9998222788638148,0.011625285778322864,0.4448161230629527,0.4431329208913475,0.6549594227194994,0.3025870012042532,0.2965515020256808,0.7361304385493013,SimpleImputer,0.1158623335622231,0.10230482161582384,HistGradientBoostingRegressor,592.1905744075775,0.014754772186279297
964,287,reg_simple_,MNAR_,0.01_,2/,0.104678528282841,SimpleImputer,0.9851326105041711,0.9851326105041711,0.10632893324784466,0.5277887717252363,0.5276749109883977,0.6031969405967667,0.5199227968193518,0.5197194622800506,0.6082556009346533,ExtraTreesRegressor,2793.809493780136,0.09777998924255371,0.9642068380607359,0.9642068380607359,0.16498107528828876,0.5155946334919344,0.5152584000061475,0.6110739477358024,0.5094794548823643,0.5091338302797453,0.614922201672671,SimpleImputer,0.09884976632623817,0.0941206658334443,RandomForestRegressor,1667.34911942482,0.06370234489440918
965,287,reg_simple_,MNAR_,0.1_,2/,0.09375281698503349,SimpleImputer,0.9320667741745243,0.9320667741745243,0.22728732430679321,0.45791587573439585,0.4577890621428694,0.6462830408147968,0.41741818872818837,0.417184271298898,0.6700454377205408,HistGradientBoostingRegressor,2123.992959022522,0.22163867950439453,0.8965280652046204,0.8965278267860413,0.2805083990097046,0.4721282422542572,0.4721277952194214,0.6376803517341614,0.42455264925956726,0.4241396188735962,0.6660352349281311,SimpleImputer,0.11289215407932163,0.11694715661468025,XGBRegressor,1086.5861275196075,0.025989055633544922
966,287,reg_simple_,MNAR_,0.3_,2/,0.10108993754597015,SimpleImputer,0.8879185095162041,0.8879185095162041,0.29194500290895126,0.41590783836751377,0.41573468362816135,0.6708781935609305,0.3045373592639943,0.30370933449879456,0.732375671335243,RandomForestRegressor,2993.9168739318848,0.09849905967712402,0.6832011938095093,0.6832009553909302,0.49082428216934204,0.39256343245506287,0.3915488123893738,0.6846230030059814,0.3027978241443634,0.3015791177749634,0.7334951162338257,SimpleImputer,0.10560786695462603,0.11103684311481554,XGBRegressor,1611.602884054184,0.012882471084594727
967,287,reg_simple_,MNAR_,0.5_,2/,0.11159657132385825,SimpleImputer,0.6779142725694416,0.6779142725694416,0.4949027162096682,0.3615859895016351,0.3599851621742324,0.7021560526987072,0.2187226589164999,0.2180449532409917,0.7761211456169385,ExtraTreesRegressor,1882.2386507987976,0.11085200309753418,0.45030846923920076,0.45030846923920076,0.6465373518485578,0.3292937909965461,0.32867690342444955,0.7191250498956533,0.2210862979784266,0.21924766479348612,0.7755240466667382,SimpleImputer,0.10599298672671804,0.10514862045196197,LGBMRegressor,526.8565220832825,0.0229952335357666
968,287,reg_simple_,MCAR_,0.01_,2/,0.1029047163764405,SimpleImputer,0.8416731009367752,0.8416731009367752,0.3469855986663367,0.483609364793384,0.48329506557333146,0.6308991279136703,0.4685347606422887,0.46817779524093217,0.6400617220909687,ExtraTreesRegressor,1219.5335609912872,0.10444426536560059,0.8887643218040466,0.8887643218040466,0.29084137082099915,0.4810416102409363,0.4806438088417053,0.6325156688690186,0.4743710160255432,0.4738181233406067,0.6366585493087769,SimpleImputer,0.10669731493616313,0.12615604264042188,XGBRegressor,1262.2440588474274,0.02536487579345703
969,287,reg_simple_,MCAR_,0.1_,2/,0.10704413314484525,SimpleImputer,0.9898279524217951,0.9898279524217951,0.08795049511030711,0.4858789953208792,0.48580876846110066,0.6293626354678811,0.4312315541019933,0.43089092320204325,0.6621195004725227,RandomForestRegressor,1298.053555727005,0.10059547424316406,0.9500575661659241,0.9500575661659241,0.19488076865673065,0.45981383323669434,0.45981383323669434,0.6450752019882202,0.42207276821136475,0.4219430088996887,0.6673043370246887,SimpleImputer,0.11885854238341217,0.12482201613063579,XGBRegressor,651.1269538402557,0.025498390197753906
970,287,reg_simple_,MCAR_,0.3_,2/,0.11629691340518919,SimpleImputer,0.6970561001184796,0.6970544303552118,0.4799725495257913,0.40988416192656696,0.40983105784654317,0.6742590712665139,0.3314808939920846,0.3304340113635843,0.7181833213581688,RandomForestRegressor,2064.685096025467,0.09874415397644043,0.8705503940582275,0.8705501556396484,0.31375086307525635,0.4134945273399353,0.41338372230529785,0.6722265481948853,0.2973385155200958,0.29635703563690186,0.7362322211265564,SimpleImputer,0.11908792827086653,0.1193871418349327,XGBRegressor,1757.9993388652802,0.026904582977294922
971,287,reg_simple_,MCAR_,0.5_,2/,0.10622980585545774,SimpleImputer,0.3977079868558918,0.3977079868558917,0.6767646242854822,0.3522474988924694,0.35223444791980907,0.7063948867419182,0.2415484190186521,0.24087120188783295,0.7647092722041331,HistGradientBoostingRegressor,3165.8056371212006,0.3848743438720703,0.4524859278157026,0.4524859278157025,0.6452555372700212,0.3688823629869977,0.3688291627601392,0.6972878290684633,0.23382760493465782,0.2334659340495464,0.7684300727230827,SimpleImputer,0.1068298215450197,0.10948914111132127,LGBMRegressor,1191.7642788887024,0.0201570987701416
972,287,reg_full_,MAR_,0.01_,2/,0.0685606502023749,KNNImputer,0.9883971660247813,0.9883971660247813,0.09393255515573638,0.5005843078043217,0.5004875117947027,0.6203143068473935,0.49625306732641716,0.4961648791340516,0.6229925330388347,HistGradientBoostingRegressor,4956.151627063751,1.716808557510376,0.8694051881698559,0.8693784930612916,0.3151675111068497,0.49474475734996937,0.4945856488369288,0.6239681289230394,0.4934705172454469,0.49331202927259976,0.6247538189162317,KNNImputer,0.06953502780613241,0.05433904710358789,ExtraTreesRegressor,5893.856104373932,0.11486458778381348
973,287,reg_full_,MAR_,0.1_,2/,0.06992561458252085,KNNImputer,1.0,1.0,0.0,0.46819099322691593,0.46646195375620103,0.6410934203194316,0.4642519096163714,0.4623378337718912,0.6435663991359251,KNeighborsRegressor,2750.458316087723,0.43192243576049805,0.9987742889862757,0.9987742889862757,0.030530093999153667,0.49850013451493325,0.4982108807689277,0.6217263049034536,0.500669743077722,0.5004937677817777,0.6203104223694992,KNNImputer,0.06802806878288892,0.049210140466422914,HistGradientBoostingRegressor,5384.808568716049,0.38317394256591797
974,287,reg_full_,MAR_,0.3_,2/,0.08658074268882333,KNNImputer,1.0,1.0,0.0,0.4868871071291131,0.4866566809462469,0.6288435050520549,0.42724302255466995,0.4269110172453392,0.6644306411681185,ExtraTreesRegressor,1625.5905997753143,0.14011263847351074,0.9873794087077365,0.9873794087077365,0.09796567801211185,0.48059523065990006,0.4802235109349188,0.6327715406444672,0.437646054306871,0.4376087555906166,0.6582000303209731,KNNImputer,0.07539950079371287,0.06451185231003713,ExtraTreesRegressor,5757.0588965415955,0.9507393836975098
975,287,reg_full_,MAR_,0.5_,2/,0.08347975144819485,KNNImputer,0.8694744463581614,0.8694744463581614,0.3150517303359044,0.42315900419966657,0.42315535552145134,0.6666042144389803,0.3571950974467232,0.35715801761021426,0.703705164673499,ExtraTreesRegressor,3264.2357680797577,0.08678364753723145,0.9233150482177734,0.9233150482177734,0.24148447811603546,0.4363110661506653,0.43399786949157715,0.6603096723556519,0.3450279235839844,0.3349297046661377,0.7157682180404663,KNNImputer,0.07317968471732522,0.07780369421537225,XGBRegressor,5503.6041531562805,1.2239675521850586
976,287,reg_full_,MNAR_,0.01_,2/,0.0633246006135492,KNNImputer,1.0,1.0,0.0,0.5211318667382565,0.5210629799386877,0.60740425013077,0.5213410992281038,0.5213124232347743,0.6072460532854612,RandomForestRegressor,1776.6657025814056,0.11061263084411621,0.8741327511543426,0.8741327511543426,0.30937874046385105,0.4966414080740712,0.49581238270782635,0.6232104259921434,0.4955490873182077,0.494796979259124,0.6238376644488751,KNNImputer,0.08487387950206797,0.050669843301946065,HistGradientBoostingRegressor,2344.8242897987366,0.09193563461303711
977,287,reg_full_,MNAR_,0.1_,2/,0.08375053196094098,KNNImputer,0.8596018517686659,0.8595841117771001,0.3267700337353963,0.48333207592303506,0.4832604653646707,0.6309202510679007,0.44861253958340896,0.4484888279512649,0.6518021366976832,RandomForestRegressor,2948.9540836811066,0.09917378425598145,0.979019820690155,0.9790197610855103,0.12631040811538696,0.4447488486766815,0.4444987177848816,0.6541557312011719,0.43679365515708923,0.4361584186553955,0.6590481996536255,KNNImputer,0.06656313031976675,0.06607732382493313,XGBRegressor,855.0111572742462,0.6406407356262207
978,287,reg_full_,MNAR_,0.3_,2/,0.0954602954269099,KNNImputer,0.8389854716569325,0.8389854716569326,0.34991827866602826,0.4187572840505599,0.418747818785803,0.6691460527207755,0.34008383921054863,0.3393320848131617,0.7133952784480465,ExtraTreesRegressor,2736.9697103500366,0.10789608955383301,0.9983552782128906,0.9983552782128906,0.03536554212982769,0.4394551633663861,0.4392408106407837,0.6572442907262929,0.3534465134281055,0.35193940165563253,0.7065557438948248,KNNImputer,0.09658967023087159,0.08897113736949759,RandomForestRegressor,5130.509679555893,1.2301442623138428
979,287,reg_full_,MNAR_,0.5_,2/,0.0978703086156541,VAE,0.09220355569559624,0.09220343576078205,0.8308609819697381,-0.002699132202159893,-0.004200501983490312,0.8795263186254672,-0.016827536833590395,-0.017060311828188457,0.8851400185081988,ExtraTreesRegressor,2272.6086208820343,0.08118629455566406,0.4363927879964007,0.4363927879964006,0.6546698915910018,0.3458040454073841,0.34284670444204135,0.7114951887888613,0.20819519519587637,0.20767615299584652,0.7812499206672547,SimpleImputer,0.1075880120545163,0.10870020584764715,HistGradientBoostingRegressor,4478.23544716835,0.011754512786865234
980,287,reg_full_,MCAR_,0.01_,2/,0.07324598328273148,KNNImputer,0.9358165537164617,0.9358165537164617,0.2209253814173811,0.49954128799868047,0.49886693609106236,0.6213197394320771,0.49757776452801994,0.49685005032027574,0.622568781561688,HistGradientBoostingRegressor,2565.068019628525,1.7199897766113281,0.9045283794403076,0.9045280814170837,0.26944613456726074,0.4887356162071228,0.4882233142852783,0.6278831958770752,0.48839372396469116,0.48783713579177856,0.6281200647354126,KNNImputer,0.0625588525805641,0.06617743762638727,XGBRegressor,7256.971847772598,0.1111910343170166
981,287,reg_full_,MCAR_,0.1_,2/,0.07537664679072721,KNNImputer,1.0,1.0,0.0,0.4347025806610251,0.43370102640790054,0.6604827960982762,0.42105320254852263,0.41987312630319296,0.668498003636737,KNeighborsRegressor,2012.5486450195312,0.4080348014831543,0.8871943950653076,0.8871942758560181,0.2928867042064667,0.48880717158317566,0.4884880781173706,0.6277207732200623,0.4572192132472992,0.457000195980072,0.6467530131340027,KNNImputer,0.06072206071715268,0.06361294627105597,XGBRegressor,4884.618498325348,0.5970664024353027
982,287,reg_full_,MCAR_,0.3_,2/,0.1018348280614525,KNNImputer,0.6222256917942961,0.6222069437493977,0.5359954251645965,0.4005140730678045,0.4003301312578419,0.6796647344630006,0.3120607724962612,0.31155394774929646,0.728238406707701,ExtraTreesRegressor,2687.674558877945,0.09414100646972656,0.35753944516181946,0.35753536224365234,0.6989702582359314,0.38068628311157227,0.38062119483947754,0.6907435059547424,0.2860831022262573,0.28487175703048706,0.7422164678573608,SimpleImputer,0.10705772004871014,0.10720535810854769,XGBRegressor,265.4757480621338,0.009612083435058594
983,287,reg_full_,MCAR_,0.5_,2/,0.13546784860913527,IterativeImputer,0.6808139290002719,0.6808139290002719,0.49266993750271076,0.37383329304820656,0.37343805680427744,0.6947373199078098,0.21742600303385062,0.21665012798316874,0.776813046676966,ExtraTreesRegressor,1435.1127490997314,0.1108696460723877,0.5508649296464605,0.5508649296464605,0.5844166509363387,0.36852657216289675,0.3685008736692795,0.6974691446615418,0.21574197995233435,0.2142977671530606,0.7779785378886206,IterativeImputer,0.09210650222534542,0.09322956420294286,ExtraTreesRegressor,7485.326908349991,0.08945465087890625
984,287,reg_simple_,MAR_,0.01_,3/,0.09900604828304245,SimpleImputer,0.9295808372133988,0.9295808372133988,0.2314086165245037,0.5132327670950286,0.5129595866480159,0.6125211965833557,0.5070670466421447,0.5066002320501757,0.616507114949269,RandomForestRegressor,3394.8676500320435,0.08487081527709961,0.9297824501991272,0.9297823905944824,0.231077179312706,0.48621195554733276,0.4858272671699524,0.6293513178825378,0.47990474104881287,0.47925686836242676,0.6333596706390381,SimpleImputer,0.3178323281199058,0.22239451095406199,XGBRegressor,1095.0643513202667,0.023440837860107422
985,287,reg_simple_,MAR_,0.1_,3/,0.09686715917597752,SimpleImputer,0.9488214373245161,0.9488214373245161,0.19727776523580876,0.5015883854934662,0.5012789794913004,0.6198226741254477,0.47545093271313676,0.4749382798782549,0.6359805018670107,RandomForestRegressor,2653.137369155884,0.10854005813598633,0.9721525036667314,0.9721525036667314,0.14552150410005518,0.5022425718039134,0.5020777813684482,0.6193260899522437,0.4708756046950493,0.4700490288269862,0.6389346909335109,SimpleImputer,0.09748455941782833,0.11024736521030265,RandomForestRegressor,797.4653248786926,0.06002497673034668
986,287,reg_simple_,MAR_,0.3_,3/,0.09973817512127084,SimpleImputer,0.9584414023852551,0.9584414023852551,0.17777248332945605,0.4520713893899271,0.44982568835600234,0.6510116747798995,0.3656128510104052,0.35815781423179127,0.7031577239052292,HistGradientBoostingRegressor,3859.6559970378876,1.3517181873321533,0.9190500304108354,0.9190282715408137,0.24814229935903928,0.45873323578052627,0.4575970362381795,0.646397472386528,0.4041594277106815,0.4038135466283216,0.6776878110389541,SimpleImputer,0.12777897195478727,0.10900851291203269,RandomForestRegressor,1065.046695947647,0.05733036994934082
987,287,reg_simple_,MAR_,0.5_,3/,0.11189256431807655,SimpleImputer,0.8627268707451329,0.8627268707451329,0.32309249059916434,0.43602068295851315,0.4357893468116406,0.6592638519430469,0.33537863226420994,0.32994648058860887,0.7184447390258774,RandomForestRegressor,1694.8644440174103,0.10265445709228516,0.9884113040677839,0.9884113040677839,0.09387530934397223,0.4404356454871431,0.4395799993163928,0.6570454856544646,0.22075209546737418,0.21315898891337015,0.7785421255993024,SimpleImputer,0.10447998898703388,0.10679640060414834,HistGradientBoostingRegressor,660.9227576255798,0.014364957809448242
988,287,reg_simple_,MNAR_,0.01_,3/,0.10810083199014445,SimpleImputer,0.9924365697380929,0.9924365697380929,0.07583915765200325,0.528087247178842,0.5280056768820587,0.6029856963477658,0.5248606895216763,0.5246804070179643,0.6051060301239013,ExtraTreesRegressor,2220.0630333423615,0.11066031455993652,1.0,1.0,0.0,0.5242144736104294,0.5241710354193504,0.6054301712895487,0.5222391008550082,0.5222060453551423,0.6066789798694072,SimpleImputer,0.09949413244810724,0.08423733451197779,ExtraTreesRegressor,1768.1614215373993,0.09092545509338379
989,287,reg_simple_,MNAR_,0.1_,3/,0.10835341030789096,SimpleImputer,1.0,1.0,0.0,0.49526722855547345,0.49526586980617726,0.6235480982003159,0.4476405543150218,0.4474531420069301,0.6524138610988014,RandomForestRegressor,1227.7473320960999,0.09762835502624512,0.9195212392811273,0.9195212392811273,0.24738578282712603,0.4839125742597161,0.4837321701350291,0.6306322181025823,0.409688224090612,0.4089845358883395,0.6747424672394762,SimpleImputer,0.10692185272884137,0.11351429215507214,RandomForestRegressor,963.5002684593201,0.058927297592163086
990,287,reg_simple_,MNAR_,0.3_,3/,0.10763912828470727,SimpleImputer,0.6816359804461558,0.6816359804461558,0.4920351022559261,0.3926677116134548,0.3926591728530646,0.6839980457291895,0.3048106999368255,0.30365092165054763,0.7324063907272184,ExtraTreesRegressor,2714.8326835632324,0.09476900100708008,0.9822807753849329,0.9822807753849329,0.11607974728098742,0.4298446070943337,0.42983375717168903,0.6627341853468481,0.31653250476604766,0.3160627358432996,0.7258497907993215,SimpleImputer,0.1111634698191502,0.1062840336527717,ExtraTreesRegressor,1019.2251617908478,0.0818641185760498
991,287,reg_simple_,MNAR_,0.5_,3/,0.11614240388907407,SimpleImputer,0.7029694140005716,0.7029694140005716,0.47526374211115335,0.3621787395046443,0.36133553691794984,0.7014149179525283,0.17207088676104465,0.1642275885685217,0.8023846986326856,HistGradientBoostingRegressor,4011.759128808975,1.7726454734802246,0.584582661394861,0.584564622796166,0.5620640852926247,0.3459155715065697,0.3449781535054005,0.7103403992968045,0.22532067320637883,0.22521378822631333,0.7725552786079568,SimpleImputer,0.10765291891630417,0.10967823468755693,RandomForestRegressor,1503.6853618621826,0.05550551414489746
992,287,reg_simple_,MCAR_,0.01_,3/,0.11274709600520724,SimpleImputer,1.0,1.0,0.0,0.4887163229024293,0.4872954067537614,0.6284521650082238,0.4767839372012417,0.47522539791612084,0.6358065923659848,KNeighborsRegressor,1997.7121405601501,0.3771340847015381,0.8572001215761964,0.8572001215761964,0.3295323200928103,0.4876319702760691,0.48731978024347833,0.6284372268209778,0.4763886695437157,0.47597724349566395,0.6353509684516214,SimpleImputer,0.10773277828478277,0.1078415304426229,RandomForestRegressor,1094.4523224830627,0.05572080612182617
993,287,reg_simple_,MCAR_,0.1_,3/,0.0996827597837732,SimpleImputer,0.8708776493168084,0.8708495474307916,0.3133877839415845,0.46650438791162063,0.46644099501253844,0.6411060120931601,0.4129528756895734,0.4125105752921041,0.6727266758871507,RandomForestRegressor,2270.717512369156,0.08640551567077637,0.9675434231758118,0.9675430655479431,0.1571042686700821,0.4714471101760864,0.4714471101760864,0.6380913257598877,0.4216684401035309,0.4213221073150635,0.6676626205444336,SimpleImputer,0.11929716269505974,0.12155889750692894,XGBRegressor,987.8317320346832,0.03263545036315918
994,287,reg_simple_,MCAR_,0.3_,3/,0.11043782872957489,SimpleImputer,0.5926400267978502,0.5926400267978503,0.5565744603610292,0.3929512956357355,0.39226033317722475,0.6842225990389676,0.30103183644109477,0.3004547420872392,0.734085306105274,LGBMRegressor,2454.464527130127,0.028916120529174805,0.6875125777947108,0.6875125777947106,0.48747277750927365,0.40714262676179525,0.40707681289840947,0.6758305814438464,0.3212332963140945,0.32077959776092213,0.7233425018164364,SimpleImputer,0.10720157938325513,0.10836391325742413,LGBMRegressor,1089.7158851623535,0.032029151916503906
995,287,reg_simple_,MCAR_,0.5_,3/,0.11317363095597421,SimpleImputer,0.42014345507887074,0.42014345507887074,0.6640402110565209,0.3572536050497095,0.3563946644061692,0.7041228538039531,0.22969124782169703,0.22887961351421304,0.7707254767367719,LGBMRegressor,1686.8057072162628,0.026552200317382812,0.37917158007621765,0.37917137145996094,0.6870999932289124,0.3632034659385681,0.3625345826148987,0.7007561922073364,0.2352573722600937,0.23489534854888916,0.7677132487297058,SimpleImputer,0.10651908181387512,0.10675106840640733,XGBRegressor,1050.178156375885,0.01027679443359375
996,287,reg_full_,MAR_,0.01_,3/,0.059582748776943216,KNNImputer,0.9300230302243981,0.9300230302243981,0.23068091390253104,0.5076483195886261,0.5074216344852358,0.6159937266023278,0.50855690408885,0.5083294450975335,0.6154258336843978,RandomForestRegressor,2151.810191631317,0.10860347747802734,1.0,1.0,0.0,0.4867337988624484,0.48525359510401245,0.6297023058892981,0.48366623487233507,0.48216157971645135,0.6315907445761634,KNNImputer,0.09394723323186328,0.0618144336455005,KNeighborsRegressor,4206.182131767273,0.33756399154663086
997,287,reg_full_,MAR_,0.1_,3/,0.08213612416471798,IterativeImputer,0.9892212960877472,0.9892212960877472,0.09053517976891332,0.5048300858853036,0.5047530420387735,0.6176600764866303,0.47042247617104116,0.4702555859010503,0.6388101611656996,RandomForestRegressor,2299.1125271320343,0.11598682403564453,0.9710801391141575,0.9710801391141575,0.14829694245644395,0.47715163071123534,0.4767855857073634,0.6348607423952698,0.4751247135721718,0.4743830104976485,0.6363166977567912,KNNImputer,0.05822977590194403,0.06582510867566173,HistGradientBoostingRegressor,6144.107510328293,0.440443754196167
998,287,reg_full_,MAR_,0.3_,3/,0.08990047467811758,KNNImputer,0.9334178673087293,0.9334178673087293,0.2250157658024439,0.45429887832776983,0.45348553411983683,0.6488427458924151,0.42296024365230434,0.42166028542712497,0.6674675102232516,RandomForestRegressor,2047.3607103824615,0.09297394752502441,0.8078632538623048,0.8078632538623048,0.3822427993741098,0.4472974531439873,0.4465379305959917,0.6529539506458654,0.3373663866569788,0.33733616387766374,0.7144720726673168,KNNImputer,0.07262781721475475,0.07980137308859528,HistGradientBoostingRegressor,946.8689885139465,0.8705804347991943
999,287,reg_full_,MAR_,0.5_,3/,0.09236050147639621,IterativeImputer,0.9825363623391594,0.9825363623391594,0.11523952331906037,0.44957390679405373,0.4495181695730661,0.6511935901714189,0.3289159747202527,0.32886549456499425,0.7190240328591666,ExtraTreesRegressor,2051.3643250465393,0.14171361923217773,0.6276695295157569,0.6276540545468238,0.5321173403943937,0.3951133101156068,0.3950918761029849,0.6826267943726858,0.3412424469462285,0.340829985753764,0.7125860959408065,KNNImputer,0.06520256547561996,0.06655568389631251,RandomForestRegressor,918.465113401413,1.2660369873046875
1000,287,reg_full_,MNAR_,0.01_,3/,0.06153943124355156,KNNImputer,0.9534515221519843,0.9534515221519843,0.18814246908380983,0.5062880157031213,0.5059879559729588,0.6168895183779795,0.5051407878613924,0.5048750447970514,0.6175839923498969,RandomForestRegressor,1024.131611585617,0.11357641220092773,0.910446510491985,0.910446510491985,0.26096084726933944,0.4995945862132921,0.49909461928801857,0.6211785791829045,0.4989057429368937,0.49844857000909404,0.6215790367070683,KNNImputer,0.06719994566549616,0.058614377339206235,RandomForestRegressor,3992.8133528232574,0.15237784385681152
1001,287,reg_full_,MNAR_,0.1_,3/,0.07952537287874015,KNNImputer,0.9996698722796797,0.9996698722791864,0.01584437432027371,0.48361898375990775,0.4833147153809201,0.6308871315463922,0.44257358551832926,0.44167380122719246,0.6558169334367239,HistGradientBoostingRegressor,6317.497722625732,1.3283288478851318,0.9580666422843933,0.9580665826797485,0.1785723865032196,0.48371413350105286,0.48219799995422363,0.6315685510635376,0.46017417311668396,0.45944374799728394,0.6452961564064026,KNNImputer,0.06519887533858092,0.07513621025953343,XGBRegressor,6825.809857368469,0.6577911376953125
1002,287,reg_full_,MNAR_,0.3_,3/,0.07487563218510544,KNNImputer,0.9243599548690405,0.9243599548690405,0.23983357813697626,0.4377343871328595,0.4376611441127467,0.6581693729003033,0.3274677156673973,0.3255055558320473,0.7208216312082893,ExtraTreesRegressor,1488.6617813110352,0.12350225448608398,0.8135270589074421,0.8135270589074421,0.3765667824182592,0.4233930923693262,0.4229531669467008,0.6667210292079643,0.3321408872514433,0.33181924683470476,0.7174400278566959,IterativeImputer,0.07734110249879102,0.08109737901452661,ExtraTreesRegressor,9034.102105140686,1.8655431270599365
1003,287,reg_full_,MNAR_,0.5_,3/,0.1040545914953186,KNNImputer,0.48144087635934696,0.48144087635934685,0.6279618164968798,0.3380511755939223,0.33511197623056066,0.7156701075234583,0.19661391090268254,0.1921834907660408,0.788851008084233,LGBMRegressor,3030.8367092609406,0.023645877838134766,0.6565701516811071,0.6565631369795826,0.5110431265896329,0.3543183488351803,0.35362900690267796,0.7056340867057914,0.2263737010401522,0.22579774047336798,0.7722640883281768,SimpleImputer,0.10576571123531528,0.10570340317348963,RandomForestRegressor,8119.5272715091705,0.058234214782714844
1004,287,reg_full_,MCAR_,0.01_,3/,0.07513175009102757,KNNImputer,0.959761470986738,0.959761470986738,0.17492631411533946,0.5145058128356153,0.5144004983706634,0.6116144517816802,0.5101898775823436,0.5100772262608914,0.6143310078110331,ExtraTreesRegressor,3950.4297840595245,0.09975767135620117,0.9854971286475286,0.9854971286475286,0.10501735951702132,0.5271915888825989,0.5269797522875621,0.6036406640395023,0.523038898605763,0.5228499634411681,0.6062700344737935,KNNImputer,0.059850080316908506,0.0531591228317835,ExtraTreesRegressor,4138.499884128571,0.15371417999267578
1005,287,reg_full_,MCAR_,0.1_,3/,0.0810814816444275,KNNImputer,0.9593747944485922,0.9593747944485922,0.17576479132967726,0.4960036890323761,0.49581419126205084,0.6232093082426977,0.4530500130139755,0.4529295919335352,0.6491726798543133,ExtraTreesRegressor,3479.8113956451416,0.11895513534545898,0.9976773764765867,0.9976773764195993,0.04202652801679982,0.49972255983898994,0.4994629079113373,0.6209501776931801,0.4789130652886019,0.47883008227006807,0.633619147141905,KNNImputer,0.06316173365091546,0.06371119241984934,HistGradientBoostingRegressor,4657.2857234478,0.6062626838684082
1006,287,reg_full_,MCAR_,0.3_,3/,0.093444462367733,IterativeImputer,1.0,1.0,0.0,0.4546953044838189,0.45460032154019747,0.6481806490833816,0.34916819379057196,0.34915151333592975,0.7080738770669451,ExtraTreesRegressor,2871.159501314163,0.16266083717346191,0.6587144637782821,0.6587144637782821,0.5094399965395376,0.39428786199548305,0.3929048775568216,0.6838596732282886,0.3121322247072088,0.3094096297455359,0.7293716550164827,KNNImputer,0.09281369219336796,0.09362089741823919,LGBMRegressor,4590.167055130005,1.3311185836791992
1007,287,reg_full_,MCAR_,0.5_,3/,0.11082534664345452,IterativeImputer,0.6390413869716537,0.6390413869716537,0.523917375406026,0.37205115794156396,0.37194144665864604,0.6955665521841956,0.23159639522898878,0.23095318516039232,0.7696885243069874,ExtraTreesRegressor,2301.288352251053,0.10463595390319824,0.28617139978640205,0.2861443021342063,0.7367825176097198,0.36284522696220367,0.36250238112118227,0.7007738801737001,0.20090086921346306,0.20060276054357296,0.7847294376990218,KNNImputer,0.09316242525908743,0.0945386791652985,LGBMRegressor,568.8304636478424,1.589127779006958
1008,42688,reg_simple_,MAR_,0.01_,1/,0.24439919946064595,SimpleImputer,0.9996498349501023,0.9996498349501023,342.2628813939304,0.998736738195828,0.9987367182272954,160.7697776359903,0.9967546015707097,0.996753605020203,257.7240664459663,LinearSVR,3340.869268655777,0.012104034423828125,0.9997882370011072,0.9997882370010892,266.16346588562783,0.9991614756321231,0.9991600074672108,131.0967752037931,0.9949041912547515,0.9949041766976842,322.8951161776335,SimpleImputer,0.1938675206811946,0.22495049651690607,LinearSVR,1564.865204334259,0.005181312561035156
1009,42688,reg_simple_,MAR_,0.1_,1/,0.2969179939194139,SimpleImputer,0.9978683905643344,0.9978683905603458,844.4563799875214,0.9933487850021931,0.99332996363153,369.4182928834583,0.982887304428739,0.9826957776012765,595.0183237838095,LinearSVR,3740.294555425644,0.012025833129882812,0.9857977572749395,0.9857977572749395,2179.7258224630477,0.997671139665301,0.9976193773757575,220.69859805724187,0.9005524711290522,0.8998606790303778,1431.385512257425,SimpleImputer,0.24300590157920557,0.24946940787652694,ARDRegression,668.0062787532806,0.00540924072265625
1010,42688,reg_simple_,MAR_,0.3_,1/,0.21895982917810541,SimpleImputer,0.9992883941428492,0.9992883941427968,487.91386640448593,0.9887952570713283,0.9887645697312979,479.45643343601955,0.7239756219126735,0.7204007905072567,2391.785703879228,LinearSVR,3616.207016468048,0.012816190719604492,0.5654109303182258,0.5654109303182258,12057.653610672052,0.9840209635524366,0.984017820032666,571.8370685420242,0.7962671178906502,0.7946672979242171,2049.6672279302,SimpleImputer,0.23917013072219664,0.2092663835783701,ARDRegression,1522.902146577835,0.005407094955444336
1011,42688,reg_simple_,MAR_,0.5_,1/,0.2177348296709798,SimpleImputer,0.5458127788746279,0.5458127788746278,12326.530630474259,0.9796819399630867,0.9787240321800098,659.7797142549823,0.9711400610732922,0.9700222033737484,783.1665872204269,ARDRegression,1841.1622548103333,0.013242006301879883,0.5626276350728119,0.5626276350728119,12096.203186005863,0.9597588134636793,0.9597439238414446,907.5488621742683,0.9618047713939551,0.9602718987008084,901.5777825098389,SimpleImputer,0.17803275072010538,0.2384222916758875,ARDRegression,1328.3210196495056,0.0057871341705322266
1012,42688,reg_simple_,MNAR_,0.01_,1/,0.1774293208417108,SimpleImputer,0.9997850433952794,0.9997850433952563,268.16296613231646,0.9998139326712099,0.9998093965043973,62.448171509479394,0.9863266525407907,0.986314616843944,529.1548446420458,LinearSVR,4432.213477134705,0.01671886444091797,0.9996998548109375,0.9996998548109374,316.8758174837363,0.9992034232052337,0.9992023200925125,127.75226905645415,0.9968427227595313,0.9968383746139611,254.33697471039085,SimpleImputer,0.25326686673379156,0.24694779402310352,LinearSVR,2211.931288957596,0.00523686408996582
1013,42688,reg_simple_,MNAR_,0.1_,1/,0.22045506969031817,SimpleImputer,0.9475824594769265,0.9475824594769094,4187.5665651442,0.9861144387050329,0.9854302647046913,545.9842651734863,0.9218778742323436,0.9218619235927635,1264.403396852825,LinearSVR,4390.659818649292,0.010692119598388672,0.9971932793903509,0.9971932793898194,968.9982565770819,0.9908939370665613,0.9908938268582247,431.64056058249565,0.9522747651083721,0.9522607149890098,988.3078644213177,SimpleImputer,0.24805249855973854,0.23362421447326737,LinearSVR,2157.181975841522,0.005411624908447266
1014,42688,reg_simple_,MNAR_,0.3_,1/,0.21783649298942692,SimpleImputer,0.09056078878146812,0.09056078878146823,17442.56063648331,0.9381023501400347,0.9377038482624916,1128.9765099329475,0.8741505342690868,0.8722243608167412,1616.8820033905513,ARDRegression,2607.6796383857727,0.013331890106201172,0.9889426467232084,0.988942646723003,1923.308701468803,0.9222191298545052,0.9206904157789604,1273.846601190645,0.8750430675632134,0.8747301531325067,1600.9492660118233,SimpleImputer,0.2361796719841102,0.2340508018860673,LinearSVR,3109.2403728961945,0.005603313446044922
1015,42688,reg_simple_,MNAR_,0.5_,1/,0.20712049468818344,SimpleImputer,0.9341618034805105,0.9341618034805105,4693.127648378091,0.6399603721511192,0.6332549636693948,2739.2799481589695,0.7830823968423557,0.7826439154362417,2108.8233281156245,ARDRegression,2954.829967021942,0.013747692108154297,0.06639599988351008,0.06639599988351008,17672.775301603968,0.8140218150462277,0.8139996192367107,1950.7931086484875,0.7404534604326978,0.7399333168277539,2306.729424612174,SimpleImputer,0.23669794909515468,0.2428535345788816,ARDRegression,1989.7870285511017,0.005716800689697266
1016,42688,reg_simple_,MCAR_,0.01_,1/,0.23602455170086492,SimpleImputer,0.9996339935119881,0.9996339935119878,349.9192185273416,0.9988085166392345,0.9988084642984624,156.1377173221708,0.9956344486888241,0.995634375421502,298.86667301548556,LinearSVR,5335.492009401321,0.011840343475341797,0.999715129389053,0.9997151293880419,308.70753364627444,0.9995201727509679,0.9995200339235565,99.09678561250973,0.9942665379716041,0.9942631680713913,342.6023672111502,SimpleImputer,0.23771912244119228,0.25274955321269305,LinearSVR,2705.370679616928,0.005296230316162109
1017,42688,reg_simple_,MCAR_,0.1_,1/,0.16234386829183634,SimpleImputer,0.9973892809233952,0.9973892809232072,934.5520083108255,0.9905505999320979,0.9905017307151845,440.8354742488375,0.95304687794503,0.953039452582658,980.2139332886022,LinearSVR,3328.9645614624023,0.019635915756225586,0.9975861374896549,0.9975861374896549,898.6274251803826,0.9931529930164388,0.9930118875549381,378.1239955910567,0.956064656662914,0.956033147365593,948.4555560952242,SimpleImputer,0.23815428585762877,0.2467019788799132,ARDRegression,2053.8856298923492,0.005398750305175781
1018,42688,reg_simple_,MCAR_,0.3_,1/,0.2740660367971369,SimpleImputer,0.49271500806382573,0.4927150080638255,13027.149907390925,0.8961619243298538,0.8949594028639586,1465.9963435138798,0.8505693843552856,0.8478654441745068,1764.2829272705605,LinearSVR,4304.8118505477905,0.012685775756835938,0.9917534291168273,0.9917534291168202,1660.9635500798006,0.9319225885019383,0.9300648956203588,1196.1947990607011,0.856683603297878,0.8565259874116091,1713.3296016733022,SimpleImputer,0.2381862232388192,0.2398708416178465,LinearSVR,1187.7270164489746,0.0058135986328125
1019,42688,reg_simple_,MCAR_,0.5_,1/,0.20155114947753586,SimpleImputer,0.5163792776303284,0.5163792776302147,12719.67030481639,0.7096084624660719,0.7093928313191065,2438.414081895289,0.7390964533894384,0.7389814611052012,2310.9469356342024,LinearSVR,4633.413643360138,0.008589982986450195,0.9172600606318569,0.9172600606318569,5261.153862754375,0.6175415309909049,0.6157976663262852,2803.7177773008775,0.7630447355789434,0.7628661495913258,2202.6782967593717,SimpleImputer,0.23827814626782884,0.2405967400608653,ARDRegression,1937.0424764156342,0.0058498382568359375
1020,42688,reg_full_,MAR_,0.01_,1/,0.21401626939169643,KNNImputer,0.9999684173008374,0.9999684173008374,102.78932770302704,0.9999953425621069,0.9999951674860157,9.943536124155731,0.9999755313492451,0.9999754087177125,22.430806229495246,ARDRegression,2582.712658405304,0.009933948516845703,0.9999916681491613,0.9999916681491613,52.795164449298895,0.9999962655190908,0.9999962539963763,8.754642026760719,0.9990850748859667,0.9990811571143121,137.11182915868724,IterativeImputer,0.19689187152581628,0.1539973941358568,ARDRegression,10628.510323524475,0.02367711067199707
1021,42688,reg_full_,MAR_,0.1_,1/,0.21733871691527035,KNNImputer,0.9856068210960365,0.9856068210960108,2194.329115538692,0.9988828348460532,0.9988457529185268,153.6751651999545,0.9782163783521198,0.9782075359487101,667.740111367014,LinearSVR,5435.632854223251,0.014586925506591797,0.9990955342542223,0.9990955342542223,550.0719072979919,0.9998104768906305,0.9998081924673089,62.64510269580482,0.9941507553776031,0.9941142544728968,347.02042451354464,KNNImputer,0.18766648952630408,0.23639446033464778,ARDRegression,7192.484858036041,1.1089377403259277
1022,42688,reg_full_,MAR_,0.3_,1/,0.21079482512025063,IterativeImputer,0.999371977839465,0.9993719778121262,458.36441883082136,0.9982407004197293,0.9982148363575939,191.11435660518288,0.9620560823416364,0.959187406337794,913.8005050548023,LinearSVR,3215.317058801651,0.02436542510986328,0.9640524911254558,0.9640524911254558,3467.830034009243,0.9969191887038624,0.9968403307750631,254.2582808398597,0.9855537223429293,0.9855276997101485,544.1555696721188,KNNImputer,0.2332385675823813,0.30220676341977004,ARDRegression,4197.007665157318,2.12892746925354
1023,42688,reg_full_,MAR_,0.5_,1/,0.2197384345767997,IterativeImputer,0.9919114157033232,0.9919114157033073,1644.9763626148044,0.9459940698172387,0.9458187483673874,1052.8798464872366,0.9120690939335397,0.9107555598830898,1351.2785433518297,LinearSVR,3599.781013727188,0.01114201545715332,0.9647215929991994,0.9647215929991994,3435.4045534131033,0.9998692094978346,0.999752237929824,71.19864141233761,0.8530920279528559,0.8530906037508814,1733.7204945396275,IterativeImputer,0.2724485766998651,0.06848217252979734,ARDRegression,7120.531618118286,0.03285622596740723
1024,42688,reg_full_,MNAR_,0.01_,1/,0.22939284698641735,IterativeImputer,0.999877396141329,0.999877396141329,202.5235228341423,0.9999700717218394,0.9999689994914079,25.18481155202732,0.9960777810618593,0.9960777809815459,283.2828067309133,ARDRegression,1181.9833199977875,0.011355876922607422,0.9999569157916552,0.9999569157916552,120.05561103660663,0.999990809586138,0.9999903438370663,14.0558330045291,0.9981454922624575,0.9981454918611898,194.79090167739923,IterativeImputer,0.2315263311036256,0.20810382900404573,ARDRegression,10322.003867387772,0.23511576652526855
1025,42688,reg_full_,MNAR_,0.1_,1/,0.2201849278467231,IterativeImputer,0.9964776974622831,0.9964776974622824,1085.5172559823952,0.9987323683047599,0.9986771099410369,164.51904223592965,0.9800580274217813,0.9800333255763386,639.1564328859632,LinearSVR,2244.319096803665,0.07571148872375488,0.997968766410164,0.997968766410164,824.3342387437157,0.998545740443814,0.9985137446219396,174.38174356806994,0.9452805438938156,0.9452251864405514,1058.631348020973,IterativeImputer,0.23517445739640458,0.2501993348670674,ARDRegression,5852.990558862686,1.7436234951019287
1026,42688,reg_full_,MNAR_,0.3_,1/,0.19618833878666997,IterativeImputer,0.9707852190800035,0.9666451806032907,3340.4325009320996,0.5602107660441192,0.49202820126191826,3223.844584650178,0.5514093350784557,0.49016241725889886,3229.7597599682554,AdaBoostRegressor,3407.430218935013,0.06624460220336914,0.9752383787885268,0.9752383787880162,2878.1468019457634,0.9911150900219763,0.9890084948418388,474.223291028527,0.7923209436168487,0.7918349053969569,2063.7555309944687,KNNImputer,0.3359148360901867,0.32883892050747787,LinearSVR,6317.129196643829,2.6105549335479736
1027,42688,reg_full_,MNAR_,0.5_,1/,0.19269786280325968,KNNImputer,0.563671719893304,0.5636717198932637,12081.756676187239,0.8687744383962526,0.8677017660423041,1645.2478029910078,0.6157570202350477,0.6146520415897081,2807.8947659718497,LinearSVR,2939.3420989513397,0.010465860366821289,0.6718770865976451,0.6718770865976451,10477.114334377562,0.9167313432698365,0.9131078826683424,1333.3509849977595,0.730613729666717,0.7302786870152762,2349.1563830339,KNNImputer,0.24562700888692268,0.2357905285503024,ARDRegression,6119.185366868973,6.145972490310669
1028,42688,reg_full_,MCAR_,0.01_,1/,0.25891258469408457,KNNImputer,0.999795274908768,0.999795274908768,261.70314420505724,0.999846330253561,0.9998459462176713,56.1423359827825,0.9970803227835923,0.9970785418766939,244.48607523999567,LinearSVR,3240.2894773483276,0.023449182510375977,0.9998505461249373,0.9998505461249373,223.60267448161096,0.9997297845340397,0.999727750631476,74.63417502159224,0.9976846060130209,0.997684349609807,217.66609797305173,KNNImputer,0.21880558086255678,0.198924718660039,ARDRegression,331.34070205688477,0.24592113494873047
1029,42688,reg_full_,MCAR_,0.1_,1/,0.3111771787784165,KNNImputer,0.9981176115478303,0.9981176115478303,793.5568206213251,0.998555703296094,0.9984497243035791,178.0978863984327,0.9734286176124548,0.9733886202984764,737.8838276902642,ARDRegression,2205.479014635086,0.017295122146606445,0.982904550490953,0.9829045504909528,2391.463000760283,0.9976759913186439,0.9973880194824476,231.1741464242579,0.9836575634991901,0.9835604393083845,579.9618146220677,IterativeImputer,0.24095040978166923,0.24960978868782252,LinearSVR,8563.637141227722,1.8291404247283936
1030,42688,reg_full_,MCAR_,0.3_,1/,0.14882049079289478,IterativeImputer,0.21268907477512333,0.2122501619807612,16233.701837502935,0.9542300882797022,0.9542277796638955,967.7324098436208,0.8711435330936004,0.8698286312172621,1631.9694773171097,LinearSVR,13895.999370336533,0.013124227523803711,0.9458046139252558,0.9447608720468981,4298.795748859407,0.5581076901477192,0.5537157227328076,3021.7608453030903,0.41864437948446964,0.4016651811330947,3498.8589441243375,SimpleImputer,0.4174102448417245,0.4151591687735604,AdaBoostRegressor,5131.0208740234375,0.15953660011291504
1031,42688,reg_full_,MCAR_,0.5_,1/,0.1723658587328571,KNNImputer,0.05113919005196166,0.05113919005196155,17816.592979314446,0.916938229890522,0.9101038418069073,1356.2035040988305,0.7704240062088666,0.7664764795453707,2185.846248988566,ARDRegression,2042.6829586029053,0.02171802520751953,0.5449374134991334,0.5449374134991333,12338.403514120117,0.8752800287785404,0.8736112999095007,1608.082847821728,0.6908464512584558,0.6893673154709239,2521.029171636788,KNNImputer,0.23266370038621276,0.23554101181610368,ARDRegression,6095.995766401291,4.677671670913696
1032,42688,reg_simple_,MAR_,0.01_,2/,0.23736997626022802,SimpleImputer,0.9996230711999862,0.9996230711999803,355.10195617476006,0.9984615473194098,0.9984489227238387,178.14392376100497,0.9949774418447126,0.9949595040236178,321.13743357020746,LinearSVR,4594.347239732742,0.012049198150634766,0.9999830385646374,0.9999830385646374,75.32769955317723,0.9999908688504464,0.9999904541244634,13.97533348126588,0.9859506898534309,0.9859291345347833,536.5555623232548,SimpleImputer,0.2898785376081694,0.2534051231342574,ARDRegression,2380.3950226306915,0.0051915645599365234
1033,42688,reg_simple_,MAR_,0.1_,2/,0.23650517971670756,SimpleImputer,0.9995324243087159,0.9995324243087158,395.50262116861546,0.9996636150794008,0.9996559295778411,83.90309209714184,0.9898743365978204,0.9898743365185425,455.16204608087054,LinearSVR,3142.8489458560944,0.008844852447509766,0.980762256586747,0.9807622565867309,2536.8831727608135,0.9905445943834662,0.9905077123004868,440.6966431526208,0.9737512625791415,0.9736641836359581,734.0534577387641,SimpleImputer,0.060234817142037954,0.2662227328272946,LinearSVR,2121.191082715988,0.005960941314697266
1034,42688,reg_simple_,MAR_,0.3_,2/,0.1617698845778823,SimpleImputer,0.9137940551409731,0.9137794511179244,5370.674048610469,0.8123574237644269,0.8050517890700748,1997.1648922703396,0.7070792186966373,0.7070790771496355,2448.101911287888,AdaBoostRegressor,3842.938708782196,0.19669723510742188,0.9945093554322516,0.9945093554322516,1355.29884826089,0.9616077088615613,0.961279098247426,890.07587013944,0.9559078064377299,0.9558993148846368,949.897980379415,SimpleImputer,0.08816170494135947,0.23695654446287887,ARDRegression,2929.502119541168,0.005394697189331055
1035,42688,reg_simple_,MAR_,0.5_,2/,0.2193571264103983,SimpleImputer,0.9646061425934072,0.9646061425916298,3441.02123129768,0.9906118345483454,0.9905386513047584,439.9778573292751,0.9890686690575337,0.9889190527078322,476.1488509911877,LinearSVR,2201.197818040848,0.010329008102416992,0.9104070266242481,0.91039934302679,5474.9354202273325,0.7577881138422009,0.7538565558768571,2244.1321761409868,0.769686714599017,0.7638982613959837,2197.8795525294554,SimpleImputer,0.24599226169911137,0.28674392709879803,AdaBoostRegressor,2344.4573471546173,0.07984709739685059
1036,42688,reg_simple_,MNAR_,0.01_,2/,0.23905280501599718,SimpleImputer,0.9995905690023333,0.9995905690022561,370.0954651650976,0.998834148913515,0.9988341348411043,154.44663766160207,0.9936114699514428,0.9936099231601838,361.58244437931546,LinearSVR,3040.2913177013397,0.02259206771850586,0.999758717619228,0.999758717619228,284.10979615391983,0.9995522251348162,0.9995504070174084,95.91003690427804,0.9936304506840204,0.9936188392543667,361.3300977663111,SimpleImputer,0.2515292339634496,0.2246353839386291,ARDRegression,1930.6034967899323,0.0052182674407958984
1037,42688,reg_simple_,MNAR_,0.1_,2/,0.26248604427148775,SimpleImputer,0.9967648760368006,0.9967648760367616,1040.324597487333,0.988745878105852,0.9887205179595302,480.3954381157213,0.9474096066012542,0.9470552164410304,1040.7966476518725,LinearSVR,2893.8135752677917,0.008564472198486328,0.9973281168572127,0.9973281168572127,945.4359968916432,0.991579246929471,0.9914246492432296,418.87095083025355,0.9481917157499608,0.9476522551804144,1034.9116705398712,SimpleImputer,0.24224573411175318,0.23942695382152934,LinearSVR,987.8833811283112,0.005366325378417969
1038,42688,reg_simple_,MNAR_,0.3_,2/,0.21575947952738544,SimpleImputer,0.5408979984959212,0.5408979984959212,12393.044149787267,0.9161216027568082,0.9158093128990977,1312.4607459279666,0.8584961985826995,0.858095366058682,1703.93327856276,ARDRegression,2480.2454867362976,0.01270437240600586,0.9394241087581419,0.9394198984071006,4501.822862997679,0.6985981245859363,0.6896847756523928,2519.740622488561,0.6256155669963472,0.6256150680037618,2767.664713453879,SimpleImputer,0.2958513272275336,0.2940934000948265,AdaBoostRegressor,886.5951323509216,0.11546039581298828
1039,42688,reg_simple_,MNAR_,0.5_,2/,0.20904456423409093,SimpleImputer,0.5159646713123073,0.5159646713123072,12725.121400725731,0.6926553444824375,0.690052044695445,2518.2490799628995,0.7519447876205768,0.7504200064103822,2259.743681428566,ARDRegression,3214.064064979553,0.02233433723449707,0.4801398209585649,0.480139820958565,13187.627752710741,0.7186304054482517,0.7184308403473334,2400.1967228798076,0.7692876336782795,0.759294152496404,2219.205992728911,SimpleImputer,0.23881638075870237,0.23568338849235312,ARDRegression,2400.6532735824585,0.006124019622802734
1040,42688,reg_simple_,MCAR_,0.01_,2/,0.23517267978259312,SimpleImputer,0.9996524815992598,0.9996524815987627,340.96696713227556,0.9987884631075764,0.998788424876489,157.44521631760583,0.9916085118935792,0.9916078894162731,414.3715167961147,LinearSVR,3790.3957283496857,0.014438867568969727,0.99971188457472,0.99971188457472,310.46071903997847,0.9992724109800935,0.9992703446549752,122.18367405701902,0.9941474454338227,0.9941460486537895,346.0818713116828,SimpleImputer,0.23873751911181962,0.21125493767101977,ARDRegression,2720.30890750885,0.005194902420043945
1041,42688,reg_simple_,MCAR_,0.1_,2/,0.22764897578416282,SimpleImputer,0.5633296322304361,0.5633296322304361,12086.491883969098,0.9819718192146175,0.9812156446417831,619.9439753638015,0.9420680706396364,0.9410634323923873,1098.1121981586073,ARDRegression,4928.718452692032,0.011475324630737305,0.9805241506528862,0.980524150652886,2552.5344195522316,0.9895714936359097,0.9895703708222322,461.94336099485304,0.9559368621651022,0.9559285764382878,949.5827913651345,SimpleImputer,0.24095875433137576,0.2386423138382271,LinearSVR,907.6068902015686,0.005322933197021484
1042,42688,reg_simple_,MCAR_,0.3_,2/,0.2231272384045552,SimpleImputer,0.9784953100043603,0.9784953099958051,2682.192828775544,0.9018618857516352,0.9015477546605517,1419.276816488399,0.8541974097905833,0.8540774498100278,1727.8876540650724,LinearSVR,3025.69793176651,0.010821819305419922,0.9892408333094197,0.9892408333094197,1897.1982781170884,0.9316238811209203,0.9304758769743766,1192.6748347437385,0.8705263496830686,0.8705031299893774,1627.735861824396,SimpleImputer,0.23953181889862002,0.23988612303996326,LinearSVR,900.8158829212189,0.005624532699584961
1043,42688,reg_simple_,MCAR_,0.5_,2/,0.2155352855357048,SimpleImputer,0.5328229312275388,0.5328229311265924,12501.558646513658,0.6570394122501655,0.6570257380391782,2649.018926471493,0.7509327557750638,0.7496159784072695,2263.3806641676465,LinearSVR,4299.361406087875,0.014627456665039062,0.9191167236992964,0.9190543396668307,5203.79511317955,-1.2460630613907067,-1.3139913852770189,6880.740275193248,0.5536859996606215,0.5520362908012699,3027.441166718989,SimpleImputer,0.41535356155295133,0.4164846810985477,AdaBoostRegressor,2458.057520389557,0.08422017097473145
1044,42688,reg_full_,MAR_,0.01_,2/,0.21468472678828965,KNNImputer,0.9998965886833632,0.9998965886833632,185.99764163809948,0.9999902869946489,0.9999885899593859,15.279104149238762,0.998599729862697,0.9985997255735443,169.26254818654485,ARDRegression,3931.3862833976746,0.0126495361328125,0.999952947318762,0.999952947318762,125.46297803429208,0.9999857198079518,0.9999854853213024,17.232885775272056,0.999985696238502,0.9999854654251856,17.24469279139588,IterativeImputer,0.16250977676104325,0.18142073233594752,ARDRegression,11303.92488527298,0.10930609703063965
1045,42688,reg_full_,MAR_,0.1_,2/,0.21972474218653387,KNNImputer,0.9994968386411159,0.9994968386396736,410.27688083233244,0.9944354055072385,0.9944109232762184,338.16163280882785,0.9904446608687623,0.9904446458252874,442.1582071742262,LinearSVR,1977.9870207309723,0.012978076934814453,0.9992225813118051,0.9992225813117954,509.9773547890805,0.9980299736627546,0.997983652872204,203.1126379149689,0.9948982581891682,0.9948812627467991,323.6202692738128,IterativeImputer,0.22956342685627082,0.2110574837160181,LinearSVR,7831.528409719467,0.8458764553070068
1046,42688,reg_full_,MAR_,0.3_,2/,0.19704881285263437,IterativeImputer,0.9640649705883446,0.9640649705883446,3467.2280394040563,0.998673451534778,0.9985846554950203,170.17093209099323,0.9988961697160317,0.9988122152312507,155.89176425380782,ARDRegression,2282.14022898674,0.01085805892944336,0.9999998694595128,0.9999998694595128,6.6083953727497375,0.9999963067276013,0.9999963055018605,8.694247961818482,0.9947296621583342,0.9946656177122222,330.36677525516507,IterativeImputer,0.36715943177776145,0.23712900960989822,ARDRegression,8737.490263700485,0.029843807220458984
1047,42688,reg_full_,MAR_,0.5_,2/,0.2344818249144108,KNNImputer,0.9559153455129703,0.9559153455129663,3840.3174392690107,0.951169094315693,0.9395145076509079,1112.4484779789339,0.9200697844470203,0.9160763316060897,1310.3777965097293,LinearSVR,3421.335154056549,0.0165865421295166,0.12899136706579084,0.12899136706579084,17070.043724418752,0.9360831064331385,0.9354272517571685,1149.4204810475283,0.6160895733180689,0.6055291379071265,2840.938031621292,SimpleImputer,0.32782536026305736,0.2428265862688989,ARDRegression,1189.9515380859375,0.005613565444946289
1048,42688,reg_full_,MNAR_,0.01_,2/,0.2170118470007365,KNNImputer,0.9998637945296697,0.9998637945296697,213.46205147883512,0.9998666981386067,0.9998634360332945,52.85941562943481,0.9984657062369837,0.9984655918638794,177.184098160692,ARDRegression,2821.1414682865143,0.011768341064453125,0.9997835509509616,0.9997835509509616,269.0922839620915,0.9991373604794618,0.9991372846445296,132.85810698858648,0.9972635793869241,0.9972621728366199,236.67768360064255,IterativeImputer,0.25224871439978347,0.22527529190154802,ARDRegression,14874.18134021759,0.1946423053741455
1049,42688,reg_full_,MNAR_,0.1_,2/,0.21327761205349502,KNNImputer,0.9642555130320432,0.9642555130320432,3458.023480378258,0.998099518070811,0.9976453088643957,219.49330128120403,0.9588460517168859,0.9587544674157715,918.6345050201068,ARDRegression,2504.0772297382355,0.010118961334228516,0.9988434842230371,0.9988434842230371,622.0126034992942,0.9998171190293762,0.9998056586514492,63.05752229458295,0.9897928983045251,0.9897166711473465,458.69199218480713,IterativeImputer,0.23369577545246836,0.23008317831581632,ARDRegression,12517.60979938507,0.039697885513305664
1050,42688,reg_full_,MNAR_,0.3_,2/,0.20728783655227412,KNNImputer,0.5199210653169695,0.5199210652676445,12673.008578219344,0.9463617613850003,0.915935779159582,1311.4746250918672,0.8412570571762137,0.8351710830131125,1836.4157069483917,LinearSVR,5656.017261266708,0.012980222702026367,0.9585072545314766,0.9585072545314766,3725.713794291592,0.9855924390490477,0.985592428759848,542.9373063377737,0.8967413204984224,0.8967091378385341,1453.7350024624416,KNNImputer,0.2453209933421418,0.22984765064800775,ARDRegression,6817.061908960342,3.8883841037750244
1051,42688,reg_full_,MNAR_,0.5_,2/,0.20350993676997478,VAE,0.48891370316359206,0.48883994503980877,13076.811330651512,-0.0021539954427303165,-0.04873395815632198,4632.196365486002,-0.0628670835777938,-0.06294403804506699,4663.473317862877,AdaBoostRegressor,4428.436375141144,0.12022519111633301,0.9660564784696342,0.9660564784696342,3369.782358032071,0.882812035962133,0.8812959179121359,1558.4293658966387,0.7337794886068989,0.7337336342930569,2334.0623402978217,KNNImputer,0.24676310095664988,0.22665363142480957,ARDRegression,4276.945404291153,6.0451459884643555
1052,42688,reg_full_,MCAR_,0.01_,2/,0.2187950634412438,IterativeImputer,0.9999242284863324,0.9999242284863324,159.21221534954168,0.9999867966098366,0.9999854816448469,17.23506811517562,0.9990981752891948,0.9990971740058072,135.91153688918328,ARDRegression,2060.981015443802,0.009773731231689453,0.9999572711430966,0.9999572711430966,119.55948649497768,0.9999821947469238,0.9999820935016499,19.140779912791757,0.999550097715313,0.9995499338356321,95.96049470575109,IterativeImputer,0.21121935586580137,0.20655861333622236,ARDRegression,9013.390556812286,1.3607301712036133
1053,42688,reg_full_,MCAR_,0.1_,2/,0.21375099995802568,IterativeImputer,0.9991484294163125,0.9991484294162634,533.7448888901288,0.9992235975862334,0.9991395429164084,132.68410618734976,0.9869512177976031,0.9869297298785087,517.126242867397,LinearSVR,2815.890550136566,0.012173175811767578,0.9825023883112237,0.9825023883111502,2419.4284932516503,0.9966676098261067,0.9963600241106383,272.900008743147,0.9730771871744073,0.9729901684227008,743.3874657014156,KNNImputer,0.22581436424927248,0.2339213911686366,LinearSVR,3740.740886926651,1.9625663757324219
1054,42688,reg_full_,MCAR_,0.3_,2/,0.20936904487149918,IterativeImputer,0.974962220901785,0.9748483550849143,2900.7252832953213,0.6548609839497692,0.650551593066938,2673.9041087165615,0.654231054230797,0.6527725317467463,2665.393492004329,AdaBoostRegressor,4181.798038721085,0.3190133571624756,0.9235756314209362,0.9235756314209362,5056.375675571247,0.9966556303483444,0.996541281072857,266.0185557903392,0.9119206473543209,0.9118443984493296,1343.0100195736982,IterativeImputer,0.2629716770891799,0.2752729002312722,ARDRegression,340.11415362358093,3.418272018432617
1055,42688,reg_full_,MCAR_,0.5_,2/,0.16675644914401064,KNNImputer,0.9815078998266625,0.9815078998263221,2487.2332938317945,0.70366401595736,0.6965563348721582,2491.686124662497,0.7393525516071294,0.7391956551192401,2309.998549759764,LinearSVR,3594.679668903351,0.008522987365722656,0.8740937979074269,0.8740937979074269,6490.033906106872,0.9549471186568812,0.9474498163497621,1036.9108411775915,0.6656781882790919,0.6654051445975717,2616.4589515228113,KNNImputer,0.29403247052943937,0.29450860576850985,ARDRegression,5718.895456314087,5.3374433517456055
1056,42688,reg_simple_,MAR_,0.01_,3/,0.23753745760327485,SimpleImputer,0.9998590943366726,0.9998590943146541,217.11391674716612,0.9998420551448644,0.9998342043359442,58.24261694582855,0.9990619347637608,0.9990602072825087,138.66611041693852,LinearSVR,3162.919755458832,0.013236761093139648,0.9999978148257562,0.9999978148257562,27.037494261113093,0.9999959246894333,0.9999959242807166,9.131800777244301,0.9986330345029565,0.9986290886396445,167.4784696241053,SimpleImputer,0.19441369013226173,0.18188577922489574,ARDRegression,1611.3915448188782,0.005304813385009766
1057,42688,reg_simple_,MAR_,0.1_,3/,0.31765805833217264,SimpleImputer,0.9994110269592068,0.9994110269592066,443.8856567117965,0.9915195184849944,0.9915128915430114,416.7102394696515,0.9802840514305523,0.9802659541087975,635.4221694705099,LinearSVR,5015.283403396606,0.012369155883789062,0.9999999163259337,0.9999999163259337,5.290769500639886,0.9999963419055665,0.9999963402676965,8.653244117942064,0.9379406515474551,0.937464236741233,1131.145633926429,SimpleImputer,0.3372197893530409,0.1908149743344285,ARDRegression,2548.6556527614594,0.005433559417724609
1058,42688,reg_simple_,MAR_,0.3_,3/,0.17989157453900134,SimpleImputer,0.5466306889143804,0.5466306889142929,12315.42668947108,0.9837235626050679,0.982975513251737,590.1892706445682,0.757745968938949,0.7577049196383516,2226.5199671838127,LinearSVR,3719.8723554611206,0.010164976119995117,0.9949136377336159,0.9949136377335551,1304.4488317795444,0.9650678852657498,0.9644634040165856,852.6920394229215,0.9285023375799111,0.9275595303656897,1217.4325936636799,SimpleImputer,0.17671848298559956,0.18897559718025123,LinearSVR,2150.8808336257935,0.00525212287902832
1059,42688,reg_simple_,MAR_,0.5_,3/,0.23001363517433043,SimpleImputer,0.999999961363534,0.999999961363534,3.5951921075501065,0.7858981945709749,0.7813172771233552,2115.249165999445,0.6446680301839229,0.6364603232266692,2727.282994196419,KNeighborsRegressor,3032.609633922577,0.40421271324157715,0.9569434041325497,0.956898293169468,3797.2626545982857,0.6903325395461888,0.6864723304954854,2532.749470620688,0.4850164081005711,0.4757768183118365,3275.008315949742,SimpleImputer,0.25093141178640166,0.09053473071908513,AdaBoostRegressor,2306.8543820381165,0.08187699317932129
1060,42688,reg_simple_,MNAR_,0.01_,3/,0.23683048560675796,SimpleImputer,0.9996836365436709,0.9996836365436707,325.32434167131726,0.9992282299720565,0.9992275704814936,125.7140237444309,0.9922433142043557,0.9922425103142606,398.3959359448063,LinearSVR,4387.537170886993,0.012549877166748047,0.9995565443547025,0.9995565443501593,385.1664936338091,0.998844627482855,0.9988433768512436,153.83325735193,0.992793959568515,0.9927917475309311,384.0336595411206,SimpleImputer,0.22867103444111828,0.2469609007806834,LinearSVR,2357.2966442108154,0.005205631256103516
1061,42688,reg_simple_,MNAR_,0.1_,3/,0.23698733131260058,SimpleImputer,0.971446081025757,0.9713052457559984,3098.308500804561,0.670827159043631,0.6681280076445963,2605.791105787,0.6018069286745763,0.598296037168889,2866.865736344897,AdaBoostRegressor,2874.7113082408905,0.48948192596435547,0.9970786295058557,0.9970786295058557,988.5911609355899,0.9901472972578095,0.9901058816615476,449.9278189299627,0.9399464342645524,0.9385704887526569,1121.096059481101,SimpleImputer,0.24300017298001808,0.2431317255761932,LinearSVR,1017.6630373001099,0.005491733551025391
1062,42688,reg_simple_,MNAR_,0.3_,3/,0.22355600805271236,SimpleImputer,0.9930347622352509,0.9930347622352462,1526.480907862937,0.9342799953641954,0.9253787548560102,1235.6217428647246,0.8120710562357181,0.8009663980324736,2017.9829726224627,LinearSVR,3387.242577314377,0.014235973358154297,0.955072699919539,0.955072699919539,3876.846125792349,0.9494388461067363,0.9383610410515482,1123.005656167367,0.8426243959073831,0.8412886440030546,1802.0145662480688,SimpleImputer,0.26944782213724666,0.26717572855194865,ARDRegression,1793.0419495105743,0.005795717239379883
1063,42688,reg_simple_,MNAR_,0.5_,3/,0.16727277299524226,SimpleImputer,0.9361628793099185,0.9361628793099185,4621.256229106716,0.5563862027920163,0.554058818493217,3020.599082807718,0.7573125908224817,0.7558776259072596,2234.899963994796,ARDRegression,3298.1030695438385,0.01409912109375,0.09780883905534776,0.09780883905534776,17372.91471716087,0.8126863123011725,0.7514816405337044,2254.932443202674,0.7344541416442711,0.7341612183569344,2332.1875093496465,SimpleImputer,0.26558870353959446,0.27548392150179446,ARDRegression,2943.498364686966,0.006904125213623047
1064,42688,reg_simple_,MCAR_,0.01_,3/,0.23852086299122663,SimpleImputer,0.9996803589295873,0.9996803589295873,327.00522496751995,0.998946556361041,0.9989446511372446,146.9441561949317,0.9948713471356475,0.9948712414608305,323.936900637399,ARDRegression,1523.5265691280365,0.014684200286865234,0.9996974078493444,0.9996974078493444,318.16487532516305,0.999188155871864,0.9991858453906941,129.0647781071642,0.9946247697619245,0.994624249025669,331.6453155009198,SimpleImputer,0.2326761470724503,0.23061833262847276,LinearSVR,761.156200170517,0.005353450775146484
1065,42688,reg_simple_,MCAR_,0.1_,3/,0.226403329137423,SimpleImputer,0.5626217669562055,0.5626217669562055,12096.284331613584,0.9918098624007559,0.9912040700575993,424.22394366225416,0.9574199918133163,0.956558212095878,942.7751822235272,ARDRegression,3322.2867448329926,0.014438867568969727,0.5610540801380246,0.5610540801380246,12117.943186694809,0.982884104952008,0.9821481053304514,604.3610317888238,0.9475119510335325,0.9467626868687672,1043.6679824751686,SimpleImputer,0.23816779640528166,0.2426260705437036,ARDRegression,1113.8838326931,0.005882978439331055
1066,42688,reg_simple_,MCAR_,0.3_,3/,0.21788079930043755,SimpleImputer,0.5439271587833532,0.5439271587833532,12352.091762977709,0.9063484621411443,0.9061844647967814,1385.4526138530337,0.8468770438330011,0.8458455323814607,1775.9566224116336,ARDRegression,1772.2383444309235,0.023869037628173828,0.5408132242541287,0.5408132242541287,12394.188299042664,0.9097990216552188,0.8737493122621909,1607.2046209049845,0.8091428902732198,0.8082503699204149,1980.713052477425,SimpleImputer,0.26998421050496757,0.27350050319358804,ARDRegression,618.3052051067352,0.00578761100769043
1067,42688,reg_simple_,MCAR_,0.5_,3/,0.19878933938344856,SimpleImputer,0.8842252705282849,0.8804840358685446,6323.191917317008,0.4638274578249182,0.4039104145899213,3492.288092491466,0.2751258435622569,0.22072862462506337,3992.9940035701575,AdaBoostRegressor,4081.3075931072235,0.1142885684967041,0.5292881876226632,0.5292881876220759,12548.764014609482,0.7032573396335091,0.7032077132113352,2464.226372434632,0.7338116250595175,0.7332174826758016,2336.3235098186087,SimpleImputer,0.23783953457964427,0.23835970369062667,LinearSVR,1431.1205673217773,0.005872249603271484
1068,42688,reg_full_,MAR_,0.01_,3/,0.21844606658477858,KNNImputer,0.9998754350880358,0.9998754350880358,204.13678303824992,0.999934355323494,0.9999339179770015,36.77019736718524,0.9982032071735654,0.9982027448861124,191.76050295845232,ARDRegression,3502.5333676338196,0.013829469680786133,0.9999582270369007,0.9999582270369007,118.21458038006743,0.9999935828080687,0.9999935802896344,11.460722933447592,0.9999935909598198,0.9999935883872485,11.453492560887609,KNNImputer,0.2722215225067843,0.2832791147233994,ARDRegression,597.9503555297852,0.11340069770812988
1069,42688,reg_full_,MAR_,0.1_,3/,0.243464474792987,IterativeImputer,0.9999518161292292,0.9999518161292292,126.96214364417924,0.9999770435579168,0.9999714528138088,24.167734981746346,0.9808276439949629,0.9806726808611025,628.8399218645804,ARDRegression,3748.4523084163666,0.016939878463745117,0.9995849153658011,0.9995849153658011,372.6419400088135,0.9999567914378897,0.9999552850549237,30.246884429137324,0.9958223823946574,0.9958222933972857,292.36357540708883,KNNImputer,0.24809328426872843,0.2135582486835941,ARDRegression,8858.27764248848,1.081575870513916
1070,42688,reg_full_,MAR_,0.3_,3/,0.2636034626012154,KNNImputer,0.9981501737672925,0.9981501737672925,786.6632658789453,0.9920565836523942,0.9919014109666211,407.06051397970714,0.9826088259231143,0.9824555212705393,599.1347792449321,LinearSVR,3577.640410423279,0.02350592613220215,0.999999759478828,0.9999997594788272,8.970157327285403,0.999995036378258,0.9999950338443114,10.080091198784945,0.9086604680867247,0.9080653430079447,1371.494044644297,KNNImputer,0.28708062237157955,0.1408839059849637,LinearSVR,350.487092256546,2.894233465194702
1071,42688,reg_full_,MAR_,0.5_,3/,0.19621718299679552,KNNImputer,0.9881587054154854,0.9881587054154854,1990.320409972459,0.9049393607220727,0.9044838466200398,1397.9534436111537,0.8960120588002913,0.8944105702323534,1469.8212379217919,DecisionTreeRegressor,3304.3028540611267,0.011600732803344727,0.9467781664276427,0.9467781664276079,4219.5712060468595,0.9905932686698266,0.9899895510145416,452.56511522928656,0.9892151091395498,0.9881669127933279,492.0433069723598,KNNImputer,0.15972308847039285,0.24520044127170176,LinearSVR,5549.585160732269,3.8355932235717773
1072,42688,reg_full_,MNAR_,0.01_,3/,0.2997016667126341,KNNImputer,0.9998663771882633,0.9998663771882633,211.4285867436903,0.9998669654765701,0.9998657666849147,52.406415286887494,0.9992387695932015,0.9992371570716381,124.93147239003679,ARDRegression,2520.855260848999,0.01421499252319336,0.9998086344780286,0.9998086344780286,253.02023278461579,0.9996200282286286,0.9996197800583483,88.20064103004553,0.9966211917968459,0.996621086531272,262.9316283869076,IterativeImputer,0.23173544828381706,0.24307955444827928,ARDRegression,9802.650402069092,0.03837776184082031
1073,42688,reg_full_,MNAR_,0.1_,3/,0.216594847964403,KNNImputer,0.994789875919095,0.994789875919095,1320.2234331549394,0.9984720355600029,0.9984227058289018,179.6431432111602,0.9838313556128625,0.9837799001195867,576.0776923208474,LinearSVR,2912.220199108124,0.022911548614501953,0.99815301047889,0.9981530104788875,786.0598597478267,0.9988794624928994,0.9988638251614624,152.4673597403971,-0.1543651666257737,-0.15469777945660956,4860.584094826864,IterativeImputer,0.23353078592759904,0.24198745311749,LinearSVR,5562.980937719345,1.801823377609253
1074,42688,reg_full_,MNAR_,0.3_,3/,0.20593334766813545,IterativeImputer,0.994538000243852,0.9945380002438519,1351.7589135253716,0.9809216579598141,0.9798211502898845,642.5434473062845,0.9079384523846352,0.9078633458191553,1372.9999290504736,LinearSVR,3469.5986902713776,0.006911277770996094,0.9393725159093913,0.9393613861311297,4503.996417682623,0.05998257652182837,0.059876716759297066,4385.778562528706,0.03972547788395564,0.03971054120051243,4432.567694497998,SimpleImputer,0.2960360814013401,0.29196754518745377,AdaBoostRegressor,245.88063836097717,0.15157365798950195
1075,42688,reg_full_,MNAR_,0.5_,3/,0.19749003552541314,IterativeImputer,0.9424531507532602,0.9424531507469252,4387.672248581346,0.29739366250225585,0.2951574456223479,3797.522487887036,0.6292704477886637,0.6281490366876215,2758.2825477331307,LinearSVR,3677.1206851005554,0.014789581298828125,0.536444220630257,0.536444220630257,12453.01191979381,0.8658961753376937,0.8460939881645888,1774.524861670003,0.5632996675874486,0.553844212878326,3021.3258149187764,IterativeImputer,0.28580797976942884,0.2560940197725752,ARDRegression,8510.339352846146,0.058963775634765625
1076,42688,reg_full_,MCAR_,0.01_,3/,0.05131831999151456,IterativeImputer,0.9976128366905558,0.9976128366905558,893.6438464073965,0.9999566182416784,0.9999560678522321,29.980958548281773,0.9983789347501656,0.9983764768730581,182.25671398355666,ARDRegression,3588.9469957351685,0.01618051528930664,0.999831660155209,0.999831660155209,237.31045117388118,0.9994714255762075,0.9994709501018949,104.04054383342101,0.9978951609642719,0.997891936930324,207.6806795384533,IterativeImputer,0.22309291238440057,0.22828446322838455,ARDRegression,10617.784586191177,0.24251508712768555
1077,42688,reg_full_,MCAR_,0.1_,3/,0.21378421774439166,KNNImputer,0.9985945176408662,0.9985945176408662,685.7030848329185,0.9973866467482971,0.9971231578407653,242.61201976357972,0.9727890839674029,0.9727890777641137,746.1496278263054,ARDRegression,2866.3702549934387,0.01132965087890625,0.9984025509566973,0.9984025509566973,731.0328795428829,0.9987023744088842,0.9986050322490768,168.94151324198126,0.9785761033017535,0.9785710765321035,662.1470873215616,KNNImputer,0.2332893421797532,0.23799615002006996,ARDRegression,6627.632648468018,1.8965246677398682
1078,42688,reg_full_,MCAR_,0.3_,3/,0.18946165791070813,IterativeImputer,0.975139103805265,0.9751112795507426,2885.523985431135,0.6637146425361895,0.6616695722684951,2631.0240926825395,0.654645797881916,0.6541854965926472,2659.964851130034,AdaBoostRegressor,3115.923993587494,0.29347896575927734,0.7601117115015688,0.7601117115015688,8958.347949168812,0.9876941368020505,0.9869695500284412,516.3378983149979,0.621337608907181,0.6206864465515476,2785.822723892825,KNNImputer,0.2590491361323853,0.26320842864447014,ARDRegression,5702.79420042038,3.578127145767212
1079,42688,reg_full_,MCAR_,0.5_,3/,0.20623997196942895,IterativeImputer,0.05163778605308944,0.05142111140839256,17813.945988756743,0.931044992649796,0.9292177739624878,1203.4177265866472,0.8282394780202192,0.8273636497118,1879.4051782013273,LinearSVR,2998.448782682419,0.013303995132446289,0.1006997314822844,0.10069973147825284,17345.058356517235,0.7570767158958275,0.7544462968851903,2241.4421787419515,0.8330135607341825,0.8279318680864168,1876.3096750249294,IterativeImputer,0.2574176646787027,0.2591008615502195,LinearSVR,9066.735072135925,0.05842232704162598
1080,23515,reg_simple_,MAR_,0.01_,1/,0.19515368388128226,SimpleImputer,0.9984670351950095,0.9984670351950095,0.0020707642614176,0.7796435370724745,0.7795406598745305,0.02505827458892348,0.7760921864403687,0.7759585733354667,0.025261031308710116,ExtraTreesRegressor,3043.0083994865417,0.24006366729736328,1.0,1.0,0.0,0.8566755414341198,0.8566562401941025,0.020056928395352214,0.7907129300697409,0.7906938828858867,0.024236281539976437,SimpleImputer,0.24938428252209685,0.38169913440109826,KNeighborsRegressor,1072.379915714264,0.036592960357666016
1081,23515,reg_simple_,MAR_,0.1_,1/,0.177039282024573,SimpleImputer,0.935058444671983,0.9350573196656655,0.013478131010304276,0.6616308759951024,0.6613282331865082,0.031058209067427397,0.6415003957790244,0.6413054169788968,0.03196313148819053,LGBMRegressor,2343.3965146541595,0.07993173599243164,0.9056943306974227,0.9056896588756904,0.01624217654838031,0.7611325656587641,0.7611229708502307,0.026083994920232216,0.6983052608847833,0.6982962049511979,0.0293141495339293,SimpleImputer,0.14078567202367193,0.1328521651942705,LGBMRegressor,539.9577450752258,0.050186872482299805
1082,23515,reg_simple_,MAR_,0.3_,1/,0.18236081802733792,SimpleImputer,0.8530881348634546,0.853088130936526,0.0202718325882745,0.6859290410486262,0.6857909608727052,0.02991549887963243,0.5013980689863902,0.5008305511161008,0.037706038865413696,ExtraTreesRegressor,3096.696703195572,0.14592838287353516,0.8890900166442602,0.8890877598976517,0.017613850562210646,0.7308383089380066,0.7305506746679835,0.02770291456109994,0.585426134814456,0.5853357561764483,0.034366492247175855,SimpleImputer,0.1634390340276452,0.17271673952033328,RandomForestRegressor,636.2296075820923,0.08720803260803223
1083,23515,reg_simple_,MAR_,0.5_,1/,0.20936219186182328,SimpleImputer,0.9132305221966147,0.9132305221966147,0.015579304325419804,0.7210186983757736,0.7204402512512366,0.028217870309294485,-1.643739530832757,-1.8450006144053899,0.0900177377909818,RandomForestRegressor,1350.5171999931335,0.1498563289642334,1.0,1.0,1.3058396973551983e-16,0.8081704185380445,0.8080910595559447,0.023379462165112545,-0.12613403611418406,-0.2858726049970184,0.060518183564764724,SimpleImputer,0.17610001489504737,0.21210460935865072,ExtraTreesRegressor,591.0915455818176,0.12016749382019043
1084,23515,reg_simple_,MNAR_,0.01_,1/,0.22049208552574365,SimpleImputer,1.0,1.0,1.3058396973551983e-16,0.7038018792529592,0.7037349043007328,0.029048730440159626,0.6984373450992345,0.6983685908207498,0.0293106327444,RandomForestRegressor,3474.290693759918,0.2455306053161621,0.9962344375993655,0.9962344375993655,0.0032515492780715795,0.8764873658529565,0.8764597649151521,0.01861998127896543,0.8754914170484333,0.8754699197146453,0.01869442717766965,SimpleImputer,0.19178038904550193,0.15850569981449134,HistGradientBoostingRegressor,1883.793054819107,0.02004265785217285
1085,23515,reg_simple_,MNAR_,0.1_,1/,0.2170215788218195,SimpleImputer,0.8942832832451438,0.8942832832451438,0.01719635501227989,0.7069407557548104,0.7069014423256978,0.02889307420761366,0.6117505523393533,0.611562796094211,0.03326192056003244,RandomForestRegressor,4076.004277229309,0.13482165336608887,0.8711211047563665,0.8711210913579139,0.01898696255414015,0.6954940949374347,0.6952831537448881,0.02946016295600516,0.6603026368412054,0.6602982891461313,0.03110539920447711,SimpleImputer,0.18198666417716702,0.23921273706630536,LGBMRegressor,311.01166677474976,0.044080495834350586
1086,23515,reg_simple_,MNAR_,0.3_,1/,0.1760218301135096,SimpleImputer,0.7459366115387067,0.7459342820512451,0.026658616246844766,0.675191871106547,0.6751581850844073,0.030417455158269192,0.535750053849731,0.535409092091897,0.03637661348304395,LGBMRegressor,2776.709584236145,0.07458662986755371,0.8571747885303953,0.8571747885303953,0.019987892584772057,0.6453297624586454,0.6451846148739298,0.03178982475649049,0.44157945350497685,0.4403365859003958,0.03992550068282053,SimpleImputer,0.2017969716415167,0.2103204631613712,RandomForestRegressor,871.9396271705627,0.09221482276916504
1087,23515,reg_simple_,MNAR_,0.5_,1/,0.22978254088390795,SimpleImputer,0.5445248086227591,0.5445248086227592,0.03569414080397633,0.6445579752224664,0.6430376839409017,0.03188585726926683,0.3188854258624859,0.3188730364544413,0.04404543959350506,ExtraTreesRegressor,2224.953633546829,0.134019136428833,0.6755958173661891,0.6755958173661891,0.030179958506021554,0.795628052818103,0.794618869550033,0.024007962179506948,0.4378801271918005,0.4378648689961917,0.03971873352687998,SimpleImputer,0.2546222199688387,0.24104360854095028,ExtraTreesRegressor,738.7415885925293,0.10973429679870605
1088,23515,reg_simple_,MCAR_,0.01_,1/,0.1900529189303716,SimpleImputer,0.9593902423386952,0.9593898382055492,0.010658152473257902,0.7529222702519816,0.7528028112301228,0.026534363606843275,0.7480981523456428,0.7480137955037423,0.026790159230491453,ExtraTreesRegressor,1769.9856050014496,0.1533794403076172,0.9737604575790579,0.9737604575790579,0.008567274805784978,0.7171594412828592,0.7170100395258383,0.028390459824107848,0.714236334130695,0.7141279378896724,0.028534664429160205,SimpleImputer,0.20153056506939854,0.2285668431397706,RandomForestRegressor,1019.6832845211029,0.09570026397705078
1089,23515,reg_simple_,MCAR_,0.1_,1/,0.23254530372534804,SimpleImputer,0.9850731785908351,0.9850731785908351,0.00646172152038128,0.6948951118154478,0.6948006509211143,0.029483478026079295,0.600014978408823,0.599814699772369,0.033761169186259286,HistGradientBoostingRegressor,1381.2172424793243,0.026655197143554688,0.8501272993254656,0.8501266061298922,0.02051340180369933,0.8315550475580231,0.8314376656487437,0.021749801453746446,0.7428514497245119,0.7428216395000715,0.026865333735511098,SimpleImputer,0.1898889246647086,0.18804835970295078,ExtraTreesRegressor,1420.7821698188782,0.09611248970031738
1090,23515,reg_simple_,MCAR_,0.3_,1/,0.16022078077345284,SimpleImputer,0.7933210242966845,0.793319176092459,0.024044439686827037,0.6792715759667356,0.679031030924652,0.03023558919359818,0.47009183793789777,0.469967807044153,0.038854205836016356,RandomForestRegressor,2063.5023329257965,0.14808320999145508,0.9437108836292603,0.9437108836292603,0.012548065717986742,0.7334324159638983,0.7333192190514832,0.027560225804145872,0.4799475078769634,0.47942642725240137,0.038505961379012514,SimpleImputer,0.20249280499224898,0.19848139850322222,ExtraTreesRegressor,989.5760989189148,0.12894797325134277
1091,23515,reg_simple_,MCAR_,0.5_,1/,0.2242342106434143,SimpleImputer,0.4696466387853365,0.4696464781252152,0.0385165427244686,0.612485972487961,0.6117860597937379,0.03325236013847155,0.23424559418183,0.23383104807001942,0.046714229144456484,LGBMRegressor,2339.322552919388,0.028500080108642578,0.7792648930842117,0.779264315422208,0.024848538080290236,0.7015718817790644,0.6999929714076392,0.02923160268408904,0.40775393323214615,0.407728930982307,0.04107212488202449,SimpleImputer,0.20203772116787802,0.2024621230346082,RandomForestRegressor,1984.8226001262665,0.10732054710388184
1092,23515,reg_full_,MAR_,0.01_,1/,0.051769625024320344,KNNImputer,0.8956349092333579,0.8950764446221406,0.017131723964688022,0.6803827334228081,0.6803245905099837,0.030174600396958892,0.676787162000603,0.6767552469363949,0.030342590392520612,MLPRegressor,6842.497751712799,0.039943695068359375,1.0,1.0,1.3058396973551983e-16,0.7923086323328927,0.7921079253807137,0.02433357278050651,0.7900376928820463,0.7898333044881937,0.024466331751075505,KNNImputer,0.02854879270324314,0.046190344487087566,ExtraTreesRegressor,6708.286453008652,0.37640810012817383
1093,23515,reg_full_,MAR_,0.1_,1/,0.07373097742428132,KNNImputer,1.0,1.0,0.0,0.8397509678176154,0.8392745303288163,0.021395836185624184,0.784840829548745,0.7837394661042841,0.0248185010309974,KNeighborsRegressor,1979.3056073188782,0.049601078033447266,0.9442790065578616,0.9442790065578616,0.01248458166092081,0.69816487305334,0.6981491898013781,0.029321290808388637,0.6335252760018218,0.632648620019351,0.03234653386999375,KNNImputer,0.04389716462088511,0.05318739886552092,RandomForestRegressor,4279.715762138367,0.5487258434295654
1094,23515,reg_full_,MAR_,0.3_,1/,0.14085104771350965,KNNImputer,0.9974524792248601,0.9974524792248601,0.00266946011397414,0.7643171435537094,0.7641993769473654,0.025915487718987634,0.5682378507244907,0.5648981293535225,0.03520321982601009,ExtraTreesRegressor,4537.162098646164,0.21007537841796875,0.9135010799805782,0.9135010799805782,0.01601641835739661,0.6562735648164582,0.6559772847576738,0.027336819888215978,0.7545797205175081,0.7545332931287034,0.023091424749678853,IterativeImputer,0.03621094144259075,0.15877762910531448,ExtraTreesRegressor,10369.979640960693,0.36908984184265137
1095,23515,reg_full_,MAR_,0.5_,1/,0.15799949459372914,KNNImputer,0.8284521613616465,0.8284521613616465,0.021905702958154562,0.7010345532832589,0.6998701901325433,0.029237583754471497,0.45814671354112224,0.4579668562292416,0.03929161083919805,ExtraTreesRegressor,1937.2554094791412,0.15612220764160156,0.8935980924922777,0.8935980924922777,0.01728423341870004,0.8383703396413126,0.8383426085338277,0.021299666897149575,0.3682555403503156,0.3625521948662903,0.04229580969355727,KNNImputer,0.08509431575250273,0.10602891592033577,ExtraTreesRegressor,4381.621858596802,2.1158764362335205
1096,23515,reg_full_,MNAR_,0.01_,1/,0.06186150303382347,KNNImputer,0.9332999282015705,0.9332987740264398,0.013659395412314998,0.675705267896249,0.6756596217883184,0.03039396939020842,0.6729010306482341,0.6728482978672106,0.03052540990247034,LGBMRegressor,2706.987179517746,0.06767010688781738,1.0,1.0,1.3058396973551983e-16,0.764041458284879,0.7639408139366308,0.025929692411370716,0.7619046557728243,0.7618449733934514,0.026044545830703692,IterativeImputer,0.09081323063475438,0.10020473551293765,ExtraTreesRegressor,5440.936612129211,0.18558144569396973
1097,23515,reg_full_,MNAR_,0.1_,1/,0.09964540239709657,KNNImputer,0.8494283007128232,0.8494266778476431,0.020522893206498017,0.6414110087684641,0.6413719531660358,0.03196016684412905,0.5430973249306565,0.5428673093784564,0.03608344981460201,LGBMRegressor,2725.697676897049,0.03915262222290039,1.0,1.0,1.3058396973551983e-16,0.7096007552001411,0.709406500611528,0.028769337414024713,0.746236847043187,0.7459971039678291,0.026897148857022816,IterativeImputer,0.06526023372231193,0.06384080994829108,ExtraTreesRegressor,12088.236359119415,0.3819882869720459
1098,23515,reg_full_,MNAR_,0.3_,1/,0.1753161218334742,KNNImputer,0.8793239038984689,0.8793239038984689,0.018372793553412307,0.7280775696512927,0.7279519760803593,0.02783618410387078,0.4872011030529818,0.48648024382792976,0.03824419206520661,ExtraTreesRegressor,2052.509050130844,0.16068124771118164,0.8476618462739314,0.8476584734080622,0.020681620629712343,0.825335291833882,0.8241161024600049,0.022217135754881184,0.6302646892582098,0.6302237829156176,0.03221398972869249,IterativeImputer,0.09547580804052164,0.11121026619429913,RandomForestRegressor,7979.329790592194,0.6529331207275391
1099,23515,reg_full_,MNAR_,0.5_,1/,0.17532724507304734,VAE,0.01162679520805543,0.011409577902213086,0.05258631859240605,-0.006293648066824087,-0.011160642244991914,0.053665723767910574,-0.0008543047198985576,-0.0010080923144157872,0.05339562896212528,HistGradientBoostingRegressor,1681.2207233905792,0.33618688583374023,0.6506974487422782,0.6506938419865965,0.031258468062894076,0.6136039724921489,0.6127666025868828,0.03321033952401087,0.37956855091279695,0.37932614269602993,0.04204541457230576,SimpleImputer,0.19633341557244816,0.18904008531866404,RandomForestRegressor,3458.179354906082,0.09448766708374023
1100,23515,reg_full_,MCAR_,0.01_,1/,0.05821492376437818,KNNImputer,1.0,1.0,1.3058396973551983e-16,0.7975798887596873,0.7975236095898623,0.02401453088817423,0.7966778301404267,0.796603645937781,0.024069024791628695,ExtraTreesRegressor,1727.122546195984,0.22919917106628418,0.992495034720335,0.992495034720335,0.004590391846534109,0.8980097032125502,0.8980022628862815,0.016918828831335674,0.8835845591201724,0.8835783455895126,0.018075566262774383,KNNImputer,0.04845096244580334,0.05532712135366598,RandomForestRegressor,7355.833678722382,0.20640826225280762
1101,23515,reg_full_,MCAR_,0.1_,1/,0.09445407851714656,KNNImputer,0.9638533542024776,0.9638533542024776,0.010055381925817114,0.7667686396225448,0.766758775400544,0.02577445962445118,0.6936747488273266,0.6935040228053229,0.029546041378463922,ExtraTreesRegressor,2200.620692014694,0.25273823738098145,0.9504272509967526,0.9504244453870306,0.011798022132127042,0.8749513304965975,0.8745965897721657,0.018759864695358567,0.8148218673154788,0.814820804545528,0.022796654893708336,IterativeImputer,0.05695698990524915,0.054920555495903724,RandomForestRegressor,9817.431433200836,0.3478214740753174
1102,23515,reg_full_,MCAR_,0.3_,1/,0.19312566206203616,VAE,0.002819157197733624,0.002818497830326394,0.05281431797502485,0.0008272710583064891,0.0008232756104573635,0.0533467623196643,-0.0020035559087874244,-0.0020113956058640525,0.05342238128995843,LGBMRegressor,2024.0498485565186,0.014356613159179688,0.8712345882180639,0.8712344998730125,0.018978606814778042,0.6743139674609272,0.6741820293312045,0.03046312338747484,0.496415575489202,0.4961249342985615,0.037883347369188525,IterativeImputer,0.09930715624770389,0.10292364937051998,ExtraTreesRegressor,7619.35426402092,0.6504404544830322
1103,23515,reg_full_,MCAR_,0.5_,1/,0.17721169497797046,VAE,0.008168641594161419,0.008168641594158865,0.052672445998108226,3.90872023896538e-05,-3.97392431383814e-06,0.05336884147375086,-0.00029884104863286964,-0.000309441391208809,0.05337699204138339,HistGradientBoostingRegressor,1949.072152376175,0.021828174591064453,0.6051265546075002,0.605125357767851,0.03323488586855205,0.6264126042446725,0.6250837310054135,0.032677893691712485,0.3097622849067685,0.30964258357665,0.04434288135899853,SimpleImputer,0.19148100127439976,0.19195713979422746,RandomForestRegressor,5483.6883893013,0.08401298522949219
1104,23515,reg_simple_,MAR_,0.01_,2/,0.18571028429784897,SimpleImputer,0.9973003376565658,0.9973003376218202,0.0027480162477166647,0.7004779723371504,0.7003949937887899,0.02921201031290831,0.6952122044088108,0.6950985151574334,0.029469087075556764,HistGradientBoostingRegressor,1858.239403963089,0.028511762619018555,0.9458542282600657,0.9458415837446338,0.012308285087530442,0.8184508692699677,0.817526416148024,0.02279748366916739,0.8147621586513033,0.8137059754927652,0.023034902310853325,SimpleImputer,0.14882606731515893,0.2022295961684615,KNeighborsRegressor,1315.7216308116913,0.03941059112548828
1105,23515,reg_simple_,MAR_,0.1_,2/,0.18872402474488223,SimpleImputer,0.9900157745166744,0.9900157745166744,0.005284717288941703,0.7083787359310202,0.708299034220202,0.02882410597564559,0.6841631346746433,0.6840537544528792,0.029998083649203953,RandomForestRegressor,3188.643259048462,0.15421128273010254,0.9895891870203197,0.9895891870203197,0.005396434267726148,0.7502106194251816,0.7501593152158843,0.026675863909490727,0.6889716386750633,0.6889222048761698,0.02976606449305387,SimpleImputer,0.18123937482527988,0.1427603247297205,RandomForestRegressor,847.7359442710876,0.10846567153930664
1106,23515,reg_simple_,MAR_,0.3_,2/,0.1549491904158084,SimpleImputer,0.9368701105297161,0.9368701105297161,0.013288687343978384,0.6355480821604187,0.6354880460158735,0.03222128082548094,0.3163934340142791,0.31356647606786714,0.0442166824920935,RandomForestRegressor,2952.9224066734314,0.10425209999084473,0.8503615542685417,0.850360595201588,0.020459148519597004,0.6812819213955674,0.6812302652910156,0.030131826137009148,0.6322003053379694,0.6317866436709012,0.03238446160327875,SimpleImputer,0.2536598582921295,0.27118614686673526,LGBMRegressor,820.721971988678,0.05091691017150879
1107,23515,reg_simple_,MAR_,0.5_,2/,0.19802065019409212,SimpleImputer,0.9176131155633149,0.917612346643512,0.015180834145554167,0.6572393535762816,0.6565443258846628,0.03127679619341152,0.297796203985481,0.2839761640188261,0.045159658834546326,RandomForestRegressor,1642.3558204174042,0.11276936531066895,0.9109253618672795,0.9109253618672795,0.015784891547133615,0.6665455699566438,0.6657854338285123,0.030853156303664645,0.5357913842276814,0.5325151739115854,0.03648973183918111,SimpleImputer,0.4897360662747405,0.6308542763308547,HistGradientBoostingRegressor,1302.2904348373413,0.013941764831542969
1108,23515,reg_simple_,MNAR_,0.01_,2/,0.1795980464815752,SimpleImputer,0.9907307321161312,0.9907307321161312,0.005091986994726103,0.7298299190683974,0.7297230303629163,0.02774542826904298,0.7278825653470833,0.7277804335583078,0.027844958908865132,RandomForestRegressor,4549.295439004898,0.24979543685913086,0.9344688413938966,0.9344688653945923,0.0135390597435099,0.6770973657981796,0.6770358085632324,0.030329417999687282,0.6828390800146745,0.6827123761177063,0.03006169387392585,SimpleImputer,0.2269708370499426,0.2008162368696252,XGBRegressor,1236.6370050907135,0.013556957244873047
1109,23515,reg_simple_,MNAR_,0.1_,2/,0.16613021492081376,SimpleImputer,0.9990139000339303,0.9990139000339302,0.0016608294642670718,0.7579632824380871,0.7578533991704739,0.0262618974320465,0.5564159046556907,0.5563984887853315,0.03554540123153351,HistGradientBoostingRegressor,4191.152113437653,1.7301421165466309,0.956690548545269,0.956690548545269,0.011006669108360257,0.7691798662342126,0.7691428850509259,0.02564239254755048,0.6704373879795371,0.6703309989152659,0.03064262514491969,SimpleImputer,0.188675686262898,0.23402100513790677,ExtraTreesRegressor,2213.1176886558533,0.1136026382446289
1110,23515,reg_simple_,MNAR_,0.3_,2/,0.1938522904152233,SimpleImputer,0.8163391348880232,0.8163383740977086,0.02266594242891178,0.6777441740037915,0.677253768510226,0.03031918355848804,0.39049976672764053,0.3903409924464988,0.04167066294210225,RandomForestRegressor,2272.18861079216,0.13503313064575195,0.9111926299799062,0.9111926299799062,0.015761192503057037,0.688708844172413,0.6885434031388813,0.029784182157929738,0.506322900532669,0.5062374722241043,0.037501270054382654,SimpleImputer,0.20200012521657318,0.1971526652787177,ExtraTreesRegressor,989.156655550003,0.11248922348022461
1111,23515,reg_simple_,MNAR_,0.5_,2/,0.2241243501958154,SimpleImputer,0.6750841712885698,0.6750841712885698,0.030147409737745712,0.638563337435699,0.6381152877317118,0.032104952430832674,0.2293661315612403,0.22881568986415346,0.046866875911965505,ExtraTreesRegressor,1771.8292105197906,0.1350879669189453,0.48444173534847934,0.4844325697000449,0.03797583274958023,0.6049392158468577,0.6044614451286642,0.03356458822680806,0.21797454552927276,0.21785688547902748,0.04719869875994639,SimpleImputer,0.20833562899245464,0.18655427603530836,LGBMRegressor,834.3698282241821,0.0278317928314209
1112,23515,reg_simple_,MCAR_,0.01_,2/,0.19389917290687175,SimpleImputer,0.9980050816189081,0.9980050816189081,0.00236225694755756,0.6746869104368933,0.6745082704241531,0.03044786822567129,0.6780048224248303,0.6778613900648313,0.03029062974950189,HistGradientBoostingRegressor,2796.443817138672,1.2429687976837158,0.9273684795126841,0.9273684795126841,0.014253684346341744,0.7142967642642923,0.7141935258808991,0.028531390869187802,0.7140773569447895,0.7140081284629527,0.028540643263955737,SimpleImputer,0.18980509900696704,0.1965446501261475,ExtraTreesRegressor,1643.7766666412354,0.08732843399047852
1113,23515,reg_simple_,MCAR_,0.1_,2/,0.19107250627427455,SimpleImputer,0.893555832020454,0.8935545550148771,0.01725552232431018,0.7450307153668139,0.7449696096611338,0.026951496219051095,0.6563188614097513,0.6563187600901668,0.031287065083910555,LGBMRegressor,2698.2815656661987,0.05808210372924805,0.8859888346685318,0.8859871950335719,0.01785835221588873,0.6827944101251222,0.6827857437651932,0.03005822014794237,0.6172882763184557,0.617229274346685,0.0330184186745029,SimpleImputer,0.20564199909816813,0.20479408719676112,LGBMRegressor,943.7527806758881,0.045586347579956055
1114,23515,reg_simple_,MCAR_,0.3_,2/,0.19364100858868505,SimpleImputer,0.8362346242460725,0.8362346242460725,0.021403047336403514,0.6971870338805062,0.6971716048429526,0.02936873292430134,0.5635351506457245,0.5631276315024917,0.03527477082717758,ExtraTreesRegressor,1737.081799507141,0.12918901443481445,0.9049695824930313,0.9049695824930313,0.016304064608064564,0.6825911988016701,0.6825744797350204,0.030068227837771865,0.5010018489308266,0.5008781913737967,0.037704239508227266,SimpleImputer,0.2384454740124569,0.23838901456116554,RandomForestRegressor,1476.4847609996796,0.10219049453735352
1115,23515,reg_simple_,MCAR_,0.5_,2/,0.22839254367814915,SimpleImputer,0.5736201540300219,0.5736200358339564,0.03453527856122561,0.6344923885028535,0.6344884322193383,0.032265431346302546,0.3711954958239442,0.37118062642347915,0.042320410259915384,LGBMRegressor,1506.0030541419983,0.05691385269165039,0.6867780583786958,0.6867762557946555,0.02960001337854813,0.6648938842296119,0.6623619225465902,0.03101077512382569,0.40076987318969526,0.4007432566854401,0.04131363204796127,SimpleImputer,0.20327243744870058,0.20193047836724387,RandomForestRegressor,982.1979174613953,0.1012113094329834
1116,23515,reg_full_,MAR_,0.01_,2/,0.05539922210552735,KNNImputer,1.0,1.0,1.3058396973551983e-16,0.7934748226989533,0.7933333000562997,0.024261752312044388,0.7870717423766214,0.7868975996835195,0.024636617627706095,ExtraTreesRegressor,1957.509691476822,0.23631787300109863,0.9335422802469507,0.9335418677435576,0.013634481746203147,0.6818446729403072,0.6817689248956923,0.03010635687453083,0.6810861051342905,0.6810061644722507,0.03014241588220177,KNNImputer,0.03254202630284744,0.03216405480183081,LGBMRegressor,9745.664338588715,0.0925297737121582
1117,23515,reg_full_,MAR_,0.1_,2/,0.07216504256464512,KNNImputer,0.9527701459719882,0.9527701459719877,0.011494044406024643,0.6501581962843948,0.6498897303155166,0.03157834297590421,0.4594540967701237,0.4592480781432462,0.03924514591636834,HistGradientBoostingRegressor,4057.9283409118652,1.6902759075164795,0.9992310033265542,0.9992310033265542,0.0014666510569557463,0.7352416285282606,0.7350995064413994,0.027468079525236992,0.7339092527133777,0.7337298971760249,0.027538996785258056,IterativeImputer,0.04252931699700624,0.03288256899344283,RandomForestRegressor,8234.344541311264,0.25572848320007324
1118,23515,reg_full_,MAR_,0.3_,2/,0.13863916220517722,KNNImputer,0.8370949010938598,0.8370949010938598,0.021346757078174884,0.7107201200904192,0.7099151394147338,0.028744148257558767,0.7069639811063927,0.7062534532420439,0.028924995313391343,ExtraTreesRegressor,2225.9823565483093,0.13626432418823242,0.9262953563909258,0.9262926987745871,0.014358855464672107,0.7014701752333887,0.701355985229561,0.029165123514796856,0.7038245117220658,0.7036430929570319,0.02905323113298829,IterativeImputer,0.07583275797454739,0.06608523225598896,LGBMRegressor,9765.171334266663,0.3226189613342285
1119,23515,reg_full_,MAR_,0.5_,2/,0.1565919898629224,KNNImputer,0.9199226235672794,0.9199203196006727,0.014966689008587117,0.641635928093593,0.641491779945401,0.03195482704451363,0.3071520174195458,0.2900778934802444,0.04496682895691822,LGBMRegressor,2870.7263712882996,0.057099103927612305,0.8210615900984439,0.821056584881809,0.02237290763951318,0.5378276619437314,0.5314834199618818,0.036529976648125906,0.40440099345634606,0.404293102468819,0.04119108452584976,KNNImputer,0.03781985665896832,0.04112925076447477,LGBMRegressor,8320.382333517075,1.6510705947875977
1120,23515,reg_full_,MNAR_,0.01_,2/,0.05464210456766344,KNNImputer,0.9406928862178178,0.9406926004145626,0.01288009333407805,0.6941929567974295,0.6941130854754884,0.029516670128744007,0.6914059721566232,0.6912968232581576,0.029652236935407666,LGBMRegressor,3112.105840921402,0.0607914924621582,0.9378825945612107,0.9378811735258954,0.013181844685986368,0.6900236324461976,0.689881998941394,0.0297201091671585,0.6728883211544286,0.6727274097296767,0.030531049211535845,KNNImputer,0.03695760169209164,0.06132440037992177,LGBMRegressor,6704.648079156876,0.13611459732055664
1121,23515,reg_full_,MNAR_,0.1_,2/,0.10874966552395456,KNNImputer,0.8820182466580337,0.8820171423091849,0.01816661550792688,0.6704270156957147,0.6704108479057096,0.030638913951494148,0.6443109913942957,0.6442202138156911,0.03183299838663797,ExtraTreesRegressor,1824.1520810127258,0.11543083190917969,0.9086230188601773,0.9086173463161077,0.015988085119092287,0.6671509669327453,0.6670493780891426,0.03079476027098625,0.6208035936776608,0.6208028231011244,0.03286392721304541,IterativeImputer,0.05854202502612858,0.054622989291028705,LGBMRegressor,9294.153235673904,0.31757283210754395
1122,23515,reg_full_,MNAR_,0.3_,2/,0.17771182707416336,SimpleImputer,0.9998441878558061,0.9998441878558061,0.0006601843440728472,0.6735618227545456,0.6735568824605231,0.030492334176671864,0.4748990379971807,0.47325936911569555,0.038733373360694365,RandomForestRegressor,990.4268050193787,0.2933354377746582,0.9308662323930645,0.9308662323930645,0.01390623876229454,0.6898697179026456,0.6890682109232125,0.029759078241450368,0.6387113170115887,0.6387095347655356,0.03207858200041621,IterativeImputer,0.09827527440546371,0.10351338014897542,ExtraTreesRegressor,9758.5755610466,0.710839033126831
1123,23515,reg_full_,MNAR_,0.5_,2/,0.1650141403967802,VAE,0.018921335254908467,0.018921335254908467,0.0523861503033475,0.0008095471350128003,0.0007975037921793549,0.053347450303163825,0.0003138162483554696,0.00030463194253593784,0.05336060590225006,HistGradientBoostingRegressor,1851.0626771450043,0.010040044784545898,0.6039032504975829,0.6039032504975829,0.033286275871248,0.6027459292277173,0.6014379326047878,0.03369262853334562,0.33680102819358526,0.3367890145474757,0.04346230628295102,IterativeImputer,0.1299177602210257,0.14764979584276203,ExtraTreesRegressor,5368.414449453354,0.8906910419464111
1124,23515,reg_full_,MCAR_,0.01_,2/,0.068117366128485,KNNImputer,0.9599196925167475,0.9599196925167475,0.010588393952339386,0.7053903392647035,0.7053302776685759,0.028970411850465252,0.704741729667152,0.7046901046785219,0.029001864035428596,HistGradientBoostingRegressor,1390.45774269104,0.02509284019470215,1.0,1.0,0.0,0.8819175143327641,0.8819120608208566,0.018204459962208454,0.8780604879970881,0.8780604605470189,0.018498959581347122,KNNImputer,0.039123511698418906,0.02779164426459375,KNeighborsRegressor,4627.93913269043,0.13674569129943848
1125,23515,reg_full_,MCAR_,0.1_,2/,0.10118269494727547,KNNImputer,0.9643094894530262,0.964309489453026,0.009991735967534193,0.7207248509957056,0.7207062532988755,0.02820444241478422,0.6574361274770987,0.657209726190423,0.031246484160408743,HistGradientBoostingRegressor,4146.163458347321,0.4876596927642822,0.9030923237849976,0.903090009098287,0.016464511333786777,0.7176413042300659,0.7176413035419095,0.028358776930879275,0.5922388807003156,0.5919993844977556,0.03408924019559314,IterativeImputer,0.05723479793694769,0.057826971306091164,ExtraTreesRegressor,9621.43801689148,0.333310604095459
1126,23515,reg_full_,MCAR_,0.3_,2/,0.17710669701740586,SimpleImputer,0.7290686306209653,0.7290663924884913,0.027529353266735362,0.6612887451659499,0.6611956107492301,0.03106428960412881,0.5184162856438683,0.5181594574899213,0.037045766234595066,LGBMRegressor,2251.4260396957397,0.05289173126220703,0.8827345966072426,0.8827345967292786,0.01811129580362898,0.6404467922552886,0.640389084815979,0.03200393164113719,0.4142375322057922,0.41398364305496216,0.04085467690508534,KNNImputer,0.13299946165870152,0.13402534191013407,XGBRegressor,4113.279591321945,2.305908203125
1127,23515,reg_full_,MCAR_,0.5_,2/,0.15280326887484824,VAE,0.008587856411085726,0.008587856411085726,0.05266131335779113,-0.0012137125779578817,-0.0015788565689465184,0.053410849604951904,-0.0012561038952623171,-0.0012627942499727762,0.05340242166697394,HistGradientBoostingRegressor,1441.4393212795258,0.023098230361938477,0.5114538147789298,0.5114538147789298,0.036967270232785,0.5821693292719299,0.5804972929230023,0.03456641153606596,0.3456764607743713,0.34563720879739634,0.04317140774405627,IterativeImputer,0.14521746882511388,0.15021549053123137,LGBMRegressor,11786.407158613205,3.6981394290924072
1128,23515,reg_simple_,MAR_,0.01_,3/,0.172911299033863,SimpleImputer,0.9660655868899064,0.9660655868899064,0.009742821375046548,0.7523117232263299,0.7521587980371136,0.026568905594967926,0.7405223313290672,0.7403194063471203,0.027196101916718587,ExtraTreesRegressor,2994.0823545455933,0.13959741592407227,0.9950277171955783,0.9950277171955783,0.003729430170143615,0.6961317378308961,0.6960686329664763,0.029422168211341342,0.6960549262244378,0.6959286559555686,0.029428942689934626,SimpleImputer,0.6580721341834683,0.5937921635501836,HistGradientBoostingRegressor,594.1724982261658,0.00879216194152832
1129,23515,reg_simple_,MAR_,0.1_,3/,0.21194941434339082,SimpleImputer,0.9746895823271587,0.9746895823271587,0.008414227013216494,0.7870419246787401,0.787028462842251,0.02462905196747056,0.708317206511835,0.7078780718531666,0.028844896941005352,RandomForestRegressor,2285.2563695907593,0.17113423347473145,0.9330915313543321,0.9330914644934969,0.013680605862223012,0.6946463410968713,0.6945914208538713,0.0294935825253306,0.6892101492387541,0.6891409457066313,0.029755597338587677,SimpleImputer,0.20641237554069583,0.16877259996840158,LGBMRegressor,1823.0955319404602,0.04697608947753906
1130,23515,reg_simple_,MAR_,0.3_,3/,0.16516351372059349,SimpleImputer,0.9172376009625041,0.9172364375913419,0.015215427426092368,0.6497438100709436,0.64960844093168,0.03159102593606615,0.5496374966525085,0.5483041452483578,0.035868231562399794,LGBMRegressor,1996.9492557048798,0.04496169090270996,0.7998460666324403,0.7998457805465149,0.023661754493157054,0.6875834575185056,0.6875493380951412,0.029831674855191226,0.5635408077401649,0.5621619455200582,0.035313735923780114,SimpleImputer,0.13315429535287193,0.2249431524439413,LGBMRegressor,1129.5410809516907,0.05271458625793457
1131,23515,reg_simple_,MAR_,0.5_,3/,0.2121213424402591,SimpleImputer,0.9454397442294448,0.9454397442294448,0.012353862627910944,0.7006209359915687,0.7000511336018823,0.02922876898953817,0.4997503306496902,0.4986541238689426,0.03778815045376369,ExtraTreesRegressor,2240.9064157009125,0.13774967193603516,0.8735502851406393,0.8735502851406393,0.018807171990422613,0.6932771799522774,0.6931481831739204,0.02956318777426833,0.5660718775010689,0.5657539462435893,0.03516858157064624,SimpleImputer,0.17704493805985128,0.24786386060129714,ExtraTreesRegressor,945.1449570655823,0.08415436744689941
1132,23515,reg_simple_,MNAR_,0.01_,3/,0.18930317260368365,SimpleImputer,0.9961921154912586,0.9961921154912586,0.003263671604938123,0.7367751387705229,0.7365563468857412,0.02739244399309505,0.7296683483024899,0.7294239596571612,0.02776077465729044,HistGradientBoostingRegressor,4901.57296538353,0.024507761001586914,0.9999320137404786,0.999932013740468,0.0004360890108696966,0.758950532748039,0.7587868633664231,0.026211229340596935,0.7530489778227332,0.7529072777638606,0.02652875624956248,SimpleImputer,0.20321717723020344,0.22305679249589197,HistGradientBoostingRegressor,1337.605150938034,0.020260095596313477
1133,23515,reg_simple_,MNAR_,0.1_,3/,0.1543275229962296,SimpleImputer,0.9221192822347979,0.9221192822347979,0.0147597683594657,0.7172132944385415,0.7171948728215631,0.028381186775389623,0.6153706931601606,0.6145362203617213,0.033134368670021064,ExtraTreesRegressor,2395.8187193870544,0.14464545249938965,0.8322314083673759,0.8322312328369589,0.021663076111341974,0.7130166041222998,0.7130132871786643,0.02859024040953201,0.588038764102436,0.5876251516824427,0.03427149081828421,SimpleImputer,0.20258990551855022,0.1864925287992139,LGBMRegressor,1295.2148537635803,0.032647132873535156
1134,23515,reg_simple_,MNAR_,0.3_,3/,0.1731529847715309,SimpleImputer,0.8149052229549084,0.8149052229549084,0.0227542041923958,0.6982357720611189,0.6982266377129351,0.029317528985755518,0.48229659960719384,0.48207115900245834,0.03840802362494919,ExtraTreesRegressor,2025.343022108078,0.14471697807312012,0.7846662221960735,0.7846660704971542,0.02454261314442916,0.6464411262808244,0.6464184311103758,0.03173450449583961,0.5475268742492152,0.5463607253359233,0.03594531021721005,SimpleImputer,0.2090330939795658,0.1979476075061657,LGBMRegressor,982.7907173633575,0.03937792778015137
1135,23515,reg_simple_,MNAR_,0.5_,3/,0.24031183079379576,SimpleImputer,0.5932540288231168,0.5932508038803117,0.03373089934374493,0.6098979373058141,0.607822949057242,0.03342165875081837,0.35345662051008153,0.35322862237258,0.042920256476896186,LGBMRegressor,1883.7741549015045,0.04020285606384277,0.7684130525810354,0.7684063028298823,0.025452352945709317,0.6567217214676531,0.6566852441937812,0.03127037917114231,0.2820209726941578,0.282020830911742,0.04522127827331187,SimpleImputer,0.28326855014999275,0.2923983966967215,RandomForestRegressor,892.9466290473938,0.08824825286865234
1136,23515,reg_simple_,MCAR_,0.01_,3/,0.19791371017715692,SimpleImputer,0.9847691984070066,0.9847691984070066,0.006527185410066346,0.7257400523272585,0.7255164706090147,0.027960507962809376,0.7203324297555882,0.7200853612998399,0.028235775359134345,RandomForestRegressor,2838.7429959774017,0.1352062225341797,0.9912033985991675,0.9912033985991675,0.0049604608418563805,0.7377952336699464,0.7376205835482675,0.027337059200338968,0.7377596939957963,0.7375003270734051,0.0273433231859399,SimpleImputer,0.2153593667456553,0.17600303155802094,RandomForestRegressor,1086.3645248413086,0.11614036560058594
1137,23515,reg_simple_,MCAR_,0.1_,3/,0.18801023250203636,SimpleImputer,0.9036164052971651,0.9036164052971651,0.016419734436465116,0.7038208028360342,0.703809322854277,0.029045081849247308,0.6538176654538244,0.6538143921962423,0.031400850897709165,RandomForestRegressor,1608.3678288459778,0.10868310928344727,0.8863051526987581,0.8863040447526556,0.017833520133910295,0.6868526766423062,0.6867452955872753,0.02987003374893768,0.6391281057781995,0.6391280611176902,0.03205999636971969,SimpleImputer,0.18837531106262054,0.19226183765559027,LGBMRegressor,1294.0977206230164,0.05247831344604492
1138,23515,reg_simple_,MCAR_,0.3_,3/,0.1728034383653257,SimpleImputer,0.8899684553141312,0.889968455314131,0.017543780052740345,0.6741686311830499,0.6740699582475203,0.030468362112818722,0.48474278046437425,0.4846779227869865,0.03831124687371902,RandomForestRegressor,2691.580799341202,0.13517165184020996,0.7408612417669893,0.7408612034212535,0.026923454817710985,0.678034070161018,0.6779673539594383,0.03028564745772967,0.4901297083137425,0.4900461163828498,0.0381111772363403,SimpleImputer,0.19326308395353112,0.1941120466409705,LGBMRegressor,1119.926590681076,0.041205644607543945
1139,23515,reg_simple_,MCAR_,0.5_,3/,0.22639954198602613,SimpleImputer,0.7347128250047322,0.7347128250047322,0.027240978064694783,0.668241223078323,0.667891382810549,0.03075579691443364,0.3935007150002564,0.39349994284852163,0.041562564384911384,ExtraTreesRegressor,2161.827536344528,0.13406848907470703,0.511415334273944,0.511414281291501,0.03696876591077119,0.6111482413760004,0.6108174858498231,0.033293815766871654,0.3100384630542198,0.30980876652879463,0.04433754392488289,SimpleImputer,0.19180046034097817,0.19073989496953714,LGBMRegressor,755.7489261627197,0.026195764541625977
1140,23515,reg_full_,MAR_,0.01_,3/,0.05089657325013226,KNNImputer,0.9674933207923995,0.9674933207923995,0.009535662504943594,0.6950259408803083,0.6948990346607409,0.02947872551163575,0.6942629777698189,0.6941383146346689,0.029515452855154476,RandomForestRegressor,1982.9711151123047,0.14469456672668457,1.0,1.0,0.0,0.8589348006978732,0.8586438941316369,0.02006523260495144,0.8586925376281376,0.8583850221537811,0.020083597395213624,IterativeImputer,0.03950553964063598,0.02229429232643237,KNeighborsRegressor,6804.44780755043,0.05881333351135254
1141,23515,reg_full_,MAR_,0.1_,3/,0.0667861852611262,KNNImputer,1.0,1.0,0.0,0.8298278691045706,0.8293965123090423,0.022043515907138347,0.8235263104940593,0.8228746396649247,0.022460906797886177,KNeighborsRegressor,3737.407644510269,0.07518386840820312,1.0,1.0,0.0,0.7315642452407716,0.7291175720162655,0.02777648771115915,0.6825419030463806,0.6794480161054053,0.030215942605704253,KNNImputer,0.04432428957511794,0.06793712138913693,KNeighborsRegressor,756.5452003479004,0.5491385459899902
1142,23515,reg_full_,MAR_,0.3_,3/,0.13254489819994442,KNNImputer,0.9993826966025254,0.9993826966025254,0.0013140560878266028,0.7482480931532842,0.7481454139626583,0.026783161744183794,0.4898085063581632,0.4841001476798259,0.038332717993184794,RandomForestRegressor,2708.364781856537,0.2798478603363037,0.9496484261865222,0.9496484261865222,0.011867823909974208,0.6818506373808215,0.6815188615199058,0.030118183216212135,0.663909281813756,0.6631629859354102,0.030973965962979817,IterativeImputer,0.05501903212852977,0.17589983007640994,RandomForestRegressor,4199.842378616333,0.43623948097229004
1143,23515,reg_full_,MAR_,0.5_,3/,0.14560064634194014,KNNImputer,0.8861893675684943,0.8861893675684943,0.017842511581500412,0.6698062384206764,0.6675836086693123,0.030770044733439493,0.6292523262253393,0.6276624115694879,0.03256532022897026,RandomForestRegressor,3052.3038523197174,0.12336301803588867,0.9297663364219394,0.9297662461193931,0.01401643313843366,0.6377753919639169,0.6377285773822102,0.032122101542097166,0.5878785959660445,0.583657664488672,0.03443596037439397,IterativeImputer,0.09185623774347222,0.039867160842929524,LGBMRegressor,12113.019712686539,0.5437324047088623
1144,23515,reg_full_,MNAR_,0.01_,3/,0.059768584884001344,KNNImputer,0.9336254107340285,0.9336241692980448,0.013626036679866409,0.6878124054969291,0.6876871105573308,0.02982509711834721,0.6874767587217193,0.6873209975939266,0.02984257343271529,LGBMRegressor,2904.1007430553436,0.06646871566772461,0.9755112418065115,0.9755112418065115,0.008276523461010982,0.7670486119328381,0.7669109291139647,0.02576605133485614,0.7664266615808746,0.7662948735380702,0.025800078767062865,IterativeImputer,0.03039856445940481,0.03194779685450257,ExtraTreesRegressor,7005.163462162018,0.2051074504852295
1145,23515,reg_full_,MNAR_,0.1_,3/,0.10344570204435007,KNNImputer,0.8905975393161303,0.8905974871754684,0.017493560753987104,0.7235341448130503,0.723529110202995,0.028061547516360093,0.6243635219391466,0.6237470113899972,0.03273609644167378,ExtraTreesRegressor,1777.7288172245026,0.12193655967712402,0.9738199950154006,0.9738187446938451,0.008557754072833745,0.6974447480190005,0.697429808529226,0.029356209772030368,0.6566615321912095,0.656363182829434,0.03128504300372712,IterativeImputer,0.05868867311464868,0.06974226118465132,RandomForestRegressor,10691.841542005539,0.395404577255249
1146,23515,reg_full_,MNAR_,0.3_,3/,0.1648571934899683,SimpleImputer,0.8904245900625929,0.8904245900625929,0.017507378499200033,0.7089306415522526,0.7086049115246242,0.02880898954929629,0.5185590965334752,0.5178379937674835,0.03705812186187423,RandomForestRegressor,2376.3430256843567,0.165726900100708,0.7168677869248123,0.7168677869248123,0.02814227553347339,0.6607542508355724,0.6606767131108846,0.0310880688405987,0.5181259377755403,0.5168609494711214,0.03709564981116822,IterativeImputer,0.09723309444632264,0.09889648842322835,RandomForestRegressor,10397.249225378036,0.6293988227844238
1147,23515,reg_full_,MNAR_,0.5_,3/,0.16847823081619756,VAE,0.01944910842198111,0.01944910842198111,0.05237205779233138,-0.0041917651391572,-0.004206270903445608,0.05348085932955379,-0.002410662222605664,-0.0024224113527759883,0.053433336848358916,ExtraTreesRegressor,1726.4899835586548,0.06959772109985352,0.549305407861614,0.549305407861614,0.03550632651438647,0.6192078070919591,0.6175654194833662,0.033003917279886885,0.3117821395506495,0.31036012721581874,0.044319830817540484,IterativeImputer,0.13165048873580706,0.13644491597702138,LGBMRegressor,11511.885066509247,3.582785129547119
1148,23515,reg_full_,MCAR_,0.01_,3/,0.06043254350659525,KNNImputer,0.9791013036070672,0.9791013036070672,0.007645821722845542,0.7314594973226277,0.7313247663554537,0.027663092565112766,0.7296251790565709,0.7294722254471391,0.027758298541008943,RandomForestRegressor,1316.7944822311401,0.15464329719543457,0.9643628429561806,0.9643628429561802,0.009984264885066619,0.694902651692493,0.6947620038495126,0.02948534469784682,0.6934657228172977,0.6933635314881887,0.029552812244982078,KNNImputer,0.04942100489069554,0.03631527448564741,HistGradientBoostingRegressor,7585.745877742767,0.10088205337524414
1149,23515,reg_full_,MCAR_,0.1_,3/,0.1100365294402268,KNNImputer,1.0,1.0,0.0,0.8124875225002806,0.8115060996495131,0.02317050839045564,0.760366616612621,0.7581003648521673,0.026248501741296417,KNeighborsRegressor,2610.4939551353455,0.0832061767578125,0.9845139334332524,0.9845139334332524,0.006581655247680192,0.6923630307171444,0.6922118083960268,0.029608260241795838,0.6134643232017334,0.6128467966286963,0.033206900500832665,IterativeImputer,0.06397713229514028,0.04800604645253935,RandomForestRegressor,6705.366510391235,0.36243271827697754
1150,23515,reg_full_,MCAR_,0.3_,3/,0.19166027923808995,KNNImputer,0.794886943094255,0.7948869430942549,0.023953072146653705,0.6838115142057355,0.6833799761537522,0.030030053159235844,0.47765360643536525,0.4773870358946706,0.038581312845649494,RandomForestRegressor,1495.0297734737396,0.13036012649536133,0.7604581613587501,0.760442903605669,0.02588624690751401,0.645528751599564,0.6444004732737147,0.03182493310823718,0.35018184208553194,0.35015716340259273,0.04302204798486771,IterativeImputer,0.10407431414677876,0.11107936830982217,LGBMRegressor,9404.903984308243,0.5749623775482178
1151,23515,reg_full_,MCAR_,0.5_,3/,0.169834494483804,VAE,0.036896231254698986,0.036896231254698986,0.051904033697310024,0.002257039938861727,0.002234402103486355,0.053309078481803766,0.0008339007884665683,0.000822845342717704,0.05334677380581475,ExtraTreesRegressor,2014.5287363529205,0.06698298454284668,0.4630192655255162,0.46301260806145106,0.03875668413125623,0.5883062405243491,0.5841565587542208,0.03441532224639366,0.24009064427089422,0.24008964424237045,0.046523040890982775,IterativeImputer,0.1365884901488976,0.13683908522696026,LGBMRegressor,11680.227528810501,3.7003512382507324
