,DatasetID,Exp_Name,Condition,Level,Triplicate,Exp1ImputeRMSEAcc,Exp2ImputeModel,Exp2train_explained_var,Exp2train_r2,Exp2train_rmse,Exp2ori_explained_var,Exp2ori_r2,Exp2ori_rmse,Exp2impute_explained_var,Exp2impute_r2,Exp2impute_rmse,Exp2RegressorModel,Exp2duration,Exp2inference_duration,Exp3train_explained_var,Exp3train_r2,Exp3train_rmse,Exp3ori_explained_var,Exp3ori_r2,Exp3ori_rmse,Exp3impute_explained_var,Exp3impute_r2,Exp3impute_rmse,Exp3ImputeModel,Exp3TrainRMSEAcc,Exp3ImputeRMSEAcc,Exp3RegressorModel,Exp3duration,Exp3inference_duration
0,189,reg_non_simple_,MNAR_,0.01_,1/,0,0.0,0.9714750214957891,0.9714750214957891,0.04470361296579616,0.7899586027812131,0.7899293469864711,0.11877495371460182,0.7702036472763295,0.7701265558217472,0.12424719089698712,HistGradientBoostingRegressor,294.4386377334595,0.011583089828491211,0.9531489315124401,0.9530826795082589,0.057331930011997684,0.9258911747394248,0.925891152106062,0.07054678197268618,0.9056874951545022,0.9056839830875418,0.07958567479506878,KNNImputer,0.2898915652483231,0.2938725165313794,MLPRegressor,10501.548249721527,0.09292125701904297
1,189,reg_non_simple_,MNAR_,0.1_,1/,0,0.0,0.8814820528170256,0.8814820528170256,0.09112174370434384,0.7545623796637675,0.7544741267934274,0.12840762376605108,0.5972814786565046,0.5972738117405414,0.1644550116793538,HistGradientBoostingRegressor,310.7807207107544,0.010323524475097656,0.7629855969039941,0.7629305493061159,0.12887472697354882,0.8889958343870539,0.8889882590206544,0.08634290054449953,0.6995484141039103,0.6995032429891708,0.1420568145186406,IterativeImputer,0.2918282140297099,0.2897845863477305,MLPRegressor,13309.59716463089,0.030629873275756836
2,189,reg_non_simple_,MNAR_,0.3_,1/,0,0.0,0.676639693506043,0.676639693506043,0.15051275854651605,0.6222799504865397,0.6219915893678677,0.1593282949573171,0.36720742729767464,0.36712426184466007,0.2061585735493858,LGBMRegressor,317.54915142059326,0.03330588340759277,0.4831062224781765,0.48252853725470235,0.19040272682715584,0.7699088640282512,0.7696523086824338,0.1243752907634466,0.4422858982477025,0.4417516234669888,0.1936225393146452,IterativeImputer,0.2875652484630638,0.28402080155440934,MLPRegressor,12106.952510118484,0.03725075721740723
3,189,reg_non_simple_,MNAR_,0.5_,1/,0,0.0,0.42446765721609936,0.42446765721609925,0.2008005179526954,0.49233056991406554,0.4886906283356738,0.18530368399871436,0.18107765249828744,0.18052272604761588,0.23459061518719804,HistGradientBoostingRegressor,329.8793954849243,0.010620355606079102,0.3755964871235131,0.37559425830841064,0.209152669607382,0.4894598812412485,0.4888160824775696,0.18528094315035834,0.20800570183521783,0.2078586220741272,0.2306447178567353,KNNImputer,0.2933447364423827,0.2882289778590391,XGBRegressor,7584.624909877777,2.365060806274414
4,189,reg_non_simple_,MNAR_,0.01_,2/,0,0.0,0.9570880029123106,0.9570880029123104,0.054830136222196624,0.7937917731154096,0.7937902554718053,0.11767840387256849,0.7831187150360754,0.7830949908468308,0.12069157865458031,HistGradientBoostingRegressor,455.81068229675293,0.011004924774169922,0.951514218675024,0.9513072087019528,0.05840664995800712,0.9229234795013433,0.922412561295292,0.07218349146737227,0.9056469544964572,0.9053456391125954,0.07972829758734933,KNNImputer,0.29198373810461753,0.302314994185736,MLPRegressor,8250.49013376236,0.1038825511932373
5,189,reg_non_simple_,MNAR_,0.1_,2/,0,0.0,0.885608156654794,0.885608156654794,0.08952152890064097,0.7428670694564696,0.7428564677618603,0.131410473378865,0.6038835152793678,0.6038445822597046,0.16310789274328355,HistGradientBoostingRegressor,390.3503692150116,0.01197361946105957,0.779619171180803,0.776171269072899,0.12522408807275995,0.8901429275214314,0.888378892799926,0.08657955317757024,0.7006202219897094,0.6954985418019224,0.14300027264106085,IterativeImputer,0.28810579704575356,0.2888355568332672,MLPRegressor,12398.591479301453,0.050868988037109375
6,189,reg_non_simple_,MNAR_,0.3_,2/,0,0.0,0.6716276877214384,0.6716276877214384,0.1516747287967649,0.6347799065295223,0.6346902948951341,0.15662921892501094,0.33460071575042016,0.33409166965354486,0.2114703095656782,HistGradientBoostingRegressor,372.8240520954132,0.010869264602661133,0.48610573083116837,0.4842456214784002,0.19008656525544457,0.8054594745302505,0.7933792689452561,0.11779561502681034,0.41433075726993873,0.4116675167471109,0.1987712600774714,IterativeImputer,0.2889698217543866,0.28911001578538437,MLPRegressor,12692.865176677704,0.03043055534362793
7,189,reg_non_simple_,MNAR_,0.5_,2/,0,0.0,0.42336433306154964,0.4233643330615495,0.20099289809124693,0.5181698971392654,0.5181257048862655,0.17989084308163475,0.21574723601673473,0.21570615491499834,0.2294994137710224,LGBMRegressor,295.47975420951843,0.03505420684814453,0.2998526872708642,0.299677057984451,0.22150275812505318,0.6384130693745916,0.6305019002864118,0.15752456236239298,0.23244204428049597,0.23213260611879116,0.22708334890161874,KNNImputer,0.29540552477519066,0.29360053162569616,MLPRegressor,9217.522058486938,2.4151055812835693
8,189,reg_non_simple_,MNAR_,0.01_,3/,0,0.0,0.9679891403338801,0.9679889678955078,0.04735653196886295,0.8091740800626661,0.8091543912887573,0.11320959930509261,0.7872054383782254,0.7870688438415527,0.11958089347650236,XGBRegressor,318.67037534713745,0.02771472930908203,0.9349787912853325,0.9330930356331639,0.06846452895497478,0.9253085768715883,0.9221740751819061,0.07229434415400994,0.9072316819413347,0.9035867489269891,0.08046565316135906,IterativeImputer,0.2880029854299086,0.27513332955132835,MLPRegressor,7332.046027183533,0.02293705940246582
9,189,reg_non_simple_,MNAR_,0.1_,3/,0,0.0,0.8673168333830981,0.8673141002655029,0.09641449251292576,0.7439395102146091,0.743924617767334,0.13113725632209808,0.6209753633635311,0.620975136756897,0.15954236099769525,XGBRegressor,344.7459719181061,0.04124331474304199,0.7755093816518726,0.7752106798424319,0.12549250787601235,0.8841242633493536,0.8833738939972584,0.08849934670500241,0.7157007605868813,0.7150007870481601,0.1383451719416579,KNNImputer,0.2893865028349093,0.2937672113313501,MLPRegressor,10752.557441234589,0.6866540908813477
10,189,reg_non_simple_,MNAR_,0.3_,3/,0,0.0,0.6755109018780319,0.6755109018780319,0.15077523592279402,0.6215342346770542,0.6215009578755197,0.15943166055441002,0.31910970739202327,0.31896908099957133,0.21385804474293554,LGBMRegressor,371.4065001010895,0.0399935245513916,0.4656683568803981,0.4654469877911841,0.1935197757455764,0.7569248379216761,0.756019841492167,0.128002788783545,0.4137034035399866,0.413524444605189,0.19845732568845506,IterativeImputer,0.2882727945673339,0.28679104424012875,MLPRegressor,9113.249144554138,0.030667543411254883
11,189,reg_non_simple_,MNAR_,0.5_,3/,0,0.0,0.43705512235474364,0.43705512235474364,0.19859252487072263,0.49215114936172877,0.49159058403902656,0.18477745015920408,0.21311135252940705,0.21290492554837082,0.22990889517078106,HistGradientBoostingRegressor,262.87653255462646,0.011822223663330078,0.3264184369909776,0.32344184163244816,0.21771208109840925,0.6104100565979004,0.6029471475824255,0.16329253728706128,0.251274004039018,0.2478713889151566,0.2247440650729208,KNNImputer,0.2939743499805904,0.29079792448657393,MLPRegressor,6657.425461530685,2.8851418495178223
12,197,reg_non_simple_,MNAR_,0.01_,1/,0,0.0,0.9999004511532774,0.9999004511532774,0.18595658121054487,0.9824346998546658,0.9824297788901739,2.308181718051649,0.9816910612567731,0.9816710096447634,2.3574943186470882,HistGradientBoostingRegressor,1135.4932577610016,0.02941584587097168,0.9932639999853368,0.9932639999853368,1.5296584717529589,0.9843068649780893,0.9843036236986634,2.1816299363710585,0.9841583190979198,0.9841541833269837,2.1919906483561573,IterativeImputer,0.055439865173078605,0.05785831822833875,LGBMRegressor,10787.513683795929,1.2867231369018555
13,197,reg_non_simple_,MNAR_,0.1_,1/,0,0.0,0.997557307988452,0.9975573053767677,0.9211450545983209,0.9792511375155675,0.9792449584360153,2.5086679831452035,0.9458790736589734,0.9456245807053587,4.0605297138541925,RandomForestRegressor,745.6467010974884,0.15676331520080566,0.9994178097428789,0.999417809740011,0.44970312377071325,0.9810037027295265,0.9809902838709122,2.4008730644566993,0.94672818370509,0.9467180731470771,4.019493627308422,IterativeImputer,0.0580920076643062,0.060248726843308474,HistGradientBoostingRegressor,10060.170817375183,5.449187755584717
14,197,reg_non_simple_,MNAR_,0.3_,1/,0,0.0,0.9882584205817978,0.9882583694622717,2.0195640997326474,0.9698375024709642,0.9697417272968882,3.029029128872345,0.9687179697908538,0.9686712396522869,3.0821444494077257,RandomForestRegressor,1195.7321181297302,0.12620997428894043,0.9907562157924239,0.9907560985898635,1.7919302008734115,0.9704143915203677,0.9700731692747449,3.0123938135112662,0.9577829213331261,0.9577013671216598,3.581331716737132,IterativeImputer,0.06347040225642778,0.06701020818943076,RandomForestRegressor,12718.409105300903,21.281625032424927
15,197,reg_non_simple_,MNAR_,0.5_,1/,0,0.0,0.9304589248338218,0.9304589248338218,4.914893788204442,0.9663672542504419,0.9654299574822203,3.237660749478357,0.895975086956706,0.8959417220986895,5.617197587003382,LGBMRegressor,558.321298122406,0.0665130615234375,0.9211615648651547,0.921155804345117,5.233332157239689,0.9610471826465415,0.9532691899906943,3.764289687420141,0.8778533014891274,0.8776703089096347,6.090421122355623,KNNImputer,0.09460264434917079,0.09036765871272812,RandomForestRegressor,5987.824461221695,9.581739664077759
16,197,reg_non_simple_,MNAR_,0.01_,2/,0,0.0,0.9996571281596639,0.9996571281596639,0.34511143205597267,0.9832031452800378,0.983203090723004,2.256815582030139,0.9806686922191864,0.980668284073251,2.4211215081389508,HistGradientBoostingRegressor,921.0189554691315,0.02979874610900879,0.9935322663451113,0.9935322663451113,1.4988890956651326,0.984170573599764,0.9841701347023645,2.190887074133243,0.9840729740917323,0.9840707694138567,2.197752501069955,KNNImputer,0.07707967831640447,0.07007461372971767,LGBMRegressor,7191.066910743713,0.6626813411712646
17,197,reg_non_simple_,MNAR_,0.1_,2/,0,0.0,0.9949820485818673,0.9949820467760031,1.320251716822553,0.9797307904961967,0.9797198471111497,2.4798019423185678,0.9686577987429866,0.9686577894939541,3.0828059962086765,RandomForestRegressor,1128.0333178043365,0.12594866752624512,0.9823279451745155,0.9823030527973381,2.4793772629381485,0.980390446066701,0.980390305841205,2.4384665001307426,0.9723372359357664,0.9723212290526385,2.897041952405196,KNNImputer,0.06367563261086269,0.0654405355194185,MLPRegressor,13846.103097438812,3.5246686935424805
18,197,reg_non_simple_,MNAR_,0.3_,2/,0,0.0,0.9818787824579694,0.9818787824579694,2.508921791375294,0.9718727300511222,0.9712675127196694,2.951671316845417,0.9350956757958566,0.9346692966135686,4.450820200683533,LGBMRegressor,686.8884515762329,0.08210635185241699,0.9799088800344538,0.9799081165376111,2.6418232735149334,0.9751584116570989,0.9751293285785857,2.7461555823983232,0.9597412938090673,0.9597155656831232,3.4950228402085166,IterativeImputer,0.06272815395855157,0.06784868961542952,LGBMRegressor,10103.732843637466,24.619417667388916
19,197,reg_non_simple_,MNAR_,0.5_,2/,0,0.0,0.9609219806167876,0.9609219806167876,3.6843400631205596,0.9562079348319581,0.9536925834298007,3.7471981581940623,0.8444893531577319,0.8442495335411802,6.872204292704,LGBMRegressor,693.1659557819366,0.08529829978942871,0.9288335827991405,0.9288335827991405,4.97199848609314,0.963492508155777,0.9571147417973855,3.606080339189827,0.851094738950422,0.850827333620952,6.7255221870804895,KNNImputer,0.10105640758386082,0.09065720766918949,RandomForestRegressor,8125.161208152771,9.680148601531982
20,197,reg_non_simple_,MNAR_,0.01_,3/,0,0.0,0.9926762003777598,0.9926762003777598,1.5950035844535415,0.983266368886675,0.9832663491791674,2.2525619025371193,0.980065094648781,0.9800650448097681,2.458606442746647,LGBMRegressor,764.5328726768494,0.04799294471740723,0.9930043446689346,0.9930043446689346,1.558861885674223,0.9839299367553221,0.9839296571372957,2.2074656521766,0.9837734494926554,0.9837728383076783,2.2182100329161014,IterativeImputer,0.05522328344025434,0.041044852040765745,LGBMRegressor,12442.266335487366,18.63346028327942
21,197,reg_non_simple_,MNAR_,0.1_,3/,0,0.0,0.989796291158504,0.989796291158504,1.8826624709311413,0.981854762273396,0.9818543052470359,2.3456768617700283,0.9727494820578304,0.9727485913217467,2.874589678141005,LGBMRegressor,477.8935627937317,0.060004472732543945,0.9835085160816347,0.9832813864624551,2.40986972677926,0.9811487333820018,0.981031505114023,2.3982685889193736,0.9691926825149407,0.9690945422417291,3.061251237764981,IterativeImputer,0.0679583807233083,0.06897299758695834,MLPRegressor,11954.977972984314,3.144211530685425
22,197,reg_non_simple_,MNAR_,0.3_,3/,0,0.0,0.9969914076982326,0.9969913107243928,1.0223088150524275,0.9688241031961522,0.9688233716141145,3.074651920232156,0.9348167194851137,0.9348041097790212,4.446225584398096,RandomForestRegressor,1217.493760585785,0.13435983657836914,0.9776848214003844,0.9776814603920616,2.7843660092263085,0.9782817426711337,0.978273265022382,2.5667207223986512,0.9469475173597319,0.9469475165468997,4.010829889630598,IterativeImputer,0.07066520602038306,0.07094990914128335,LGBMRegressor,12252.511637449265,4.521181344985962
23,197,reg_non_simple_,MNAR_,0.5_,3/,0,0.0,0.9246303863290926,0.9246296026463039,5.116745768016993,0.9605405353357325,0.949372755154536,3.918082083883918,0.8968940789384412,0.8968835770068344,5.591718541603247,RandomForestRegressor,809.5925924777985,0.16815423965454102,0.9215383266365398,0.9215302813111169,5.220889295164699,0.962369507507178,0.9586091237924227,3.542694421924341,0.8809403834716298,0.8805376687186692,6.018619339153205,IterativeImputer,0.08004548212763107,0.07632645891077174,RandomForestRegressor,11338.586496591568,34.87025284767151
24,198,reg_non_simple_,MNAR_,0.01_,1/,0,0.0,0.6619645389743869,0.6619630387775491,0.0013821801794024707,0.6427081771436772,0.6419472367513104,0.0014132543509880354,0.6368624616768204,0.6360312175318108,0.0014248819477080577,LGBMRegressor,543.335072517395,0.029372453689575195,0.6824513446115126,0.6824513446115126,0.0013396387626657474,0.6480308922878995,0.6470738218616137,0.0014031004144634584,0.6406544413917968,0.6397161839464711,0.0014176505586658427,IterativeImputer,0.1339421908391433,0.1351228477467394,LGBMRegressor,14621.519812822342,3.1222076416015625
25,198,reg_non_simple_,MNAR_,0.1_,1/,0,0.0,0.6564279119818637,0.6564279119818637,0.0013934503644971329,0.6405933617160793,0.6392460504947538,0.0014185752014597907,0.5978564087619735,0.5973519011734627,0.0014986825229231706,LGBMRegressor,427.2263081073761,0.027110815048217773,0.6431549559219452,0.6431526048922054,0.0014201160369231732,0.6452852981830298,0.6440688608921662,0.0014090610451752872,0.6068107100287202,0.6057790439737605,0.0014829164053007924,IterativeImputer,0.13437356787799792,0.13372025243917254,LGBMRegressor,12478.610107660294,0.06813430786132812
26,198,reg_non_simple_,MNAR_,0.3_,1/,0,0.0,0.5811812528345104,0.5811812528345104,0.001538493348747229,0.6352014081415933,0.6347120595185578,0.0014274617628965978,0.4528747709385199,0.45135045189316103,0.0017494209749289705,LGBMRegressor,542.0034708976746,0.02726578712463379,0.5749689409624159,0.5749689409624159,0.001549861535082137,0.6346986952069396,0.6335014434868322,0.0014298252116617476,0.4693925918665084,0.46642942977458945,0.0017252131114733535,IterativeImputer,0.13892040171935588,0.14023388588011768,LGBMRegressor,8863.905925750732,0.10362768173217773
27,198,reg_non_simple_,MNAR_,0.5_,1/,0,0.0,0.44149781626119644,0.44149781626119633,0.0017766218709070155,0.6305206949695981,0.6247240299723338,0.0014468456218229124,0.36423125236847254,0.36422242268589444,0.00188321289766948,LGBMRegressor,447.48019313812256,0.03273582458496094,0.4613250450800268,0.4613250450800268,0.0017448012285330185,0.6131944524287904,0.6098962758933382,0.0014751523127267225,0.3670200700318279,0.36684617183864465,0.001879323025864582,KNNImputer,0.14192957016215035,0.14295191601707238,ExtraTreesRegressor,7614.758120059967,5.979226589202881
28,198,reg_non_simple_,MNAR_,0.01_,2/,0,0.0,0.6773645730921172,0.6773645730921172,0.0013503258852602435,0.6475222190532468,0.6465457194576739,0.001404149789322302,0.6429189878279978,0.6420641593058055,0.0014130235822048135,LGBMRegressor,517.5002248287201,0.02441859245300293,0.6742917111068021,0.6742917111068021,0.0013567410703329648,0.6481851305882078,0.6472790232327204,0.00140269245380509,0.6433399611948651,0.6425047892012157,0.0014121535768901287,KNNImputer,0.1277632309934322,0.12945262859809764,LGBMRegressor,9324.887899160385,0.22098302841186523
29,198,reg_non_simple_,MNAR_,0.1_,2/,0,0.0,0.7178017586139673,0.7178017527718705,0.001262873128356653,0.6367039083996782,0.6363513740026674,0.0014242551281015477,0.587407920043236,0.5869730819563548,0.001517874953367941,ExtraTreesRegressor,477.3681297302246,0.12823843955993652,0.7308216250710775,0.7308216250710775,0.001233396324256976,0.6376471989324536,0.6369392920999422,0.0014231033513351589,0.5964593537992877,0.5955777004468554,0.0015019807391522207,IterativeImputer,0.1323653977543274,0.13229441017802807,ExtraTreesRegressor,10510.48915028572,0.1722571849822998
30,198,reg_non_simple_,MNAR_,0.3_,2/,0,0.0,0.5675063945629275,0.5675063945629275,0.0015634082943801367,0.6333722264449189,0.6321677689960798,0.0014324243893700807,0.5031480777679236,0.5018216993143023,0.0016670138949660296,LGBMRegressor,435.39451575279236,0.04185891151428223,0.5409740839336079,0.5409725699962041,0.0016106526280217465,0.6297862294982259,0.6285912842629231,0.0014393713759104597,0.5012402961343858,0.5011494916385119,0.0016681381930143393,IterativeImputer,0.14031943155547166,0.14062944017298998,LGBMRegressor,9766.995561122894,0.10004973411560059
31,198,reg_non_simple_,MNAR_,0.5_,2/,0,0.0,0.4605237435923738,0.4605176691211834,0.0017461083090802734,0.6247331977510244,0.6247314815726998,0.0014468312572355872,0.37772126644145465,0.3774082773281917,0.0018635819165171547,LGBMRegressor,560.3279187679291,0.03693079948425293,0.4769595659232089,0.4769595032096421,0.0017192943034787557,0.603736360958958,0.6023999984602918,0.001489258217140625,0.3721492048523789,0.37212485622218805,0.0018714725508904065,IterativeImputer,0.1485284439039539,0.15047271948723542,ExtraTreesRegressor,7237.299965620041,0.17870497703552246
32,198,reg_non_simple_,MNAR_,0.01_,3/,0,0.0,0.6613147148147078,0.6613086816023053,0.0013835173146141094,0.644931013710109,0.6441680496885164,0.001408864697072885,0.6399029001584606,0.6390282953290806,0.001419003270893685,LGBMRegressor,415.6135413646698,0.027932405471801758,0.6905804866604359,0.6905804866604359,0.001322380436925468,0.64935721982573,0.648337331150425,0.0014005865459991982,0.6458512685824055,0.6448400972003143,0.0014075336312503516,IterativeImputer,0.1291008702360529,0.131279246429113,LGBMRegressor,13561.221624612808,0.06348967552185059
33,198,reg_non_simple_,MNAR_,0.1_,3/,0,0.0,0.6380195384754932,0.638019523640561,0.0014302934176558312,0.6394849613616101,0.6385142207102739,0.0014200133417975771,0.5913952960789274,0.5908878975225166,0.0015106643480371983,LGBMRegressor,543.2186677455902,0.035527706146240234,0.7534606053788373,0.7534605887738773,0.0011803906034210448,0.6411348070516567,0.6406295369392265,0.0014158524803399575,0.5980391931838162,0.5974838189921521,0.001498436999442871,IterativeImputer,0.13176721954730808,0.1377375267356675,ExtraTreesRegressor,13032.399779081345,0.18153023719787598
34,198,reg_non_simple_,MNAR_,0.3_,3/,0,0.0,0.5641606467597826,0.5641606467597828,0.0015694438663535603,0.6310560226553823,0.6310556330910525,0.0014345882131673589,0.497513778454132,0.49526293576127856,0.0016779515437177557,LGBMRegressor,652.8077750205994,0.03675222396850586,0.5374150632257331,0.5374150632257331,0.001616881938335482,0.624491973319931,0.624437968818155,0.001447396959396375,0.49005051240312225,0.48739732195683705,0.0016909752525277237,IterativeImputer,0.1396881554291349,0.14205125861965093,LGBMRegressor,11708.040184020996,0.06871676445007324
35,198,reg_non_simple_,MNAR_,0.5_,3/,0,0.0,0.4369556082106717,0.4369556082106717,0.001783831730792276,0.63261735172367,0.6309036933338841,0.0014348835809348999,0.37028175065570923,0.3696783079791206,0.0018751151511432272,LGBMRegressor,568.808671951294,0.030182361602783203,0.431139004629303,0.431139004629303,0.001793022109442816,0.6285735860103063,0.6234968927978137,0.0014492092543533378,0.3707187387137656,0.36929162209969624,0.0018756902300196372,IterativeImputer,0.14031485036072625,0.14112949294672897,LGBMRegressor,9415.298122406006,0.09669899940490723
36,215,reg_non_simple_,MNAR_,0.01_,1/,0,0.0,0.9369191191186242,0.9369189109863117,1.1033896736313813,0.9480316828498607,0.9480315752077454,1.0007814546764149,0.9367468273697792,0.9367381383201488,1.1041814745012521,LGBMRegressor,814.3963131904602,0.07819771766662598,0.9367072967479796,0.9367070804653456,1.1052407491297542,0.9480085384075143,0.9480084341968095,1.0010042487780855,0.9360458123934979,0.9360448983837545,1.1102149443666618,KNNImputer,0.43817602393850036,0.4369811988337392,LGBMRegressor,9758.280231237411,5.229299306869507
37,215,reg_non_simple_,MNAR_,0.1_,1/,0,0.0,0.8195746400049353,0.8195746400049353,1.8660707877499496,0.9478846612811553,0.9478846257440233,1.0021953948056417,0.841430029414785,0.8413448620264279,1.7486244350592566,LGBMRegressor,1309.5177266597748,0.12561416625976562,0.8158716469432146,0.8158343187168884,1.8853139283251916,0.9471150030788276,0.947090372080789,1.0098033939705353,0.8428370628007884,0.8428245437081905,1.7404511458854381,IterativeImputer,0.41813668486079814,0.41880166632244353,MLPRegressor,13687.729370832443,0.15154194831848145
38,215,reg_non_simple_,MNAR_,0.3_,1/,0,0.0,0.6339720967518708,0.6339720967518708,2.657886437520881,0.9419590989709629,0.9419395930108595,1.0578144863827796,0.5987956179458056,0.5987956143780325,2.7806882912410336,HistGradientBoostingRegressor,1301.579847574234,0.20678472518920898,0.6387430785790857,0.638743078579048,2.640507542419653,0.9441122215956922,0.9441022940394533,1.037926175882342,0.5989282303132089,0.5989080587919908,2.7802985961285547,IterativeImputer,0.41843207458473325,0.4173217274050667,HistGradientBoostingRegressor,15463.609456062317,1.9874861240386963
39,215,reg_non_simple_,MNAR_,0.5_,1/,0,0.0,0.5274558583024984,0.5274558583024984,3.019955306877628,0.9387243966843795,0.9385792047442032,1.0879957275815262,0.39027949320151123,0.39027328044481646,3.42797057925849,LGBMRegressor,829.4822244644165,0.13620972633361816,0.5308413474425766,0.5308413474425766,3.0091177965753877,0.9187276843584073,0.9160395089130323,1.2720581282553787,0.38841028545959244,0.38827966614206877,3.4335701977208806,IterativeImputer,0.41853638619668065,0.4185132311563122,HistGradientBoostingRegressor,14652.85482597351,1.793022871017456
40,215,reg_non_simple_,MNAR_,0.01_,2/,0,0.0,0.935350191156784,0.9353500607180292,1.1170262644250664,0.9479900745388223,0.9479898129890594,1.0011834916906315,0.938890368853203,0.9388903661618859,1.085236302617876,LGBMRegressor,797.3562002182007,0.10157632827758789,0.9354400135614359,0.9354400131202264,1.1162488919143467,0.9480003071206715,0.9480000101976133,1.001085339983116,0.9388168288747876,0.9388167825836763,1.0858894856006163,KNNImputer,0.4459992343149458,0.4459486077578389,LGBMRegressor,9891.234543085098,5.295665740966797
41,215,reg_non_simple_,MNAR_,0.1_,2/,0,0.0,0.8283716736308178,0.8283716736308178,1.8200101407433886,0.9478282032407702,0.9477516235902628,1.003473417003538,0.8264640280115545,0.8264567264246243,1.828830116901509,LGBMRegressor,832.9000341892242,0.09627342224121094,0.8250732473140604,0.8243808856908983,1.8410484396501514,0.947175046184852,0.9461145986791496,1.019072385019457,0.8295809125211829,0.8288715558497317,1.8160615906359947,IterativeImputer,0.4179611740800569,0.4161475071437603,MLPRegressor,14709.548555612564,0.17102313041687012
42,215,reg_non_simple_,MNAR_,0.3_,2/,0,0.0,0.6737454949332726,0.6737454949332725,2.5093288670417118,0.945162978269251,0.9451284414693712,1.0283551330628389,0.605763969475428,0.6052730748400099,2.7581497893287366,LGBMRegressor,1111.947184085846,0.15079236030578613,0.674787618353536,0.674787618353536,2.5053180075474866,0.9453004568916279,0.9452330651945312,1.027374281759075,0.6070400765517248,0.6065268729300457,2.7537658555417797,IterativeImputer,0.41871239951741995,0.4177480599701453,LGBMRegressor,15232.378447055817,0.30488109588623047
43,215,reg_non_simple_,MNAR_,0.5_,2/,0,0.0,0.453902190081216,0.453902190081216,3.2464935283066962,0.9385616828226566,0.937482371179025,1.0976672863191488,0.2918476002643259,0.2914259950745456,3.6954053234940623,LGBMRegressor,588.390753030777,0.13778090476989746,0.44390575962813184,0.4439057596281317,3.276072638383112,0.9388108349234076,0.9381758180625965,1.0915626363128619,0.30083569535522225,0.3005406204070028,3.671560775484945,IterativeImputer,0.41882691828781793,0.4182936708487104,LGBMRegressor,14641.670375347137,0.22726941108703613
44,215,reg_non_simple_,MNAR_,0.01_,3/,0,0.0,0.9398960999652979,0.9398958678673158,1.0770391482747192,0.9480878145616543,0.9480872896096677,1.000244851029975,0.9380834573665162,0.9380816046345601,1.0923940319355407,LGBMRegressor,880.6986169815063,0.09216833114624023,0.9399849776884472,0.9399318643572203,1.0767165794762563,0.9479099020546793,0.9478641448496444,1.002392302552115,0.9378677150323932,0.9378304190992527,1.0946075571462424,IterativeImputer,0.42156061596401656,0.4047939040617585,MLPRegressor,13836.954865932465,0.07284307479858398
45,215,reg_non_simple_,MNAR_,0.1_,3/,0,0.0,0.843825683685538,0.843825683685538,1.7361375517784208,0.9477510172041064,0.9477410763434668,1.0035746962051908,0.8155239228033645,0.8155221219631325,1.8855654836107731,LGBMRegressor,616.605217218399,0.13832330703735352,0.8449482213020592,0.844948221302059,1.729886862166099,0.9476276431513189,0.947615183089085,1.0047827892546326,0.8179264885445342,0.8179245010051547,1.8732477807224517,KNNImputer,0.42445478092091715,0.4230128625899801,LGBMRegressor,12271.484673500061,55.085127115249634
46,215,reg_non_simple_,MNAR_,0.3_,3/,0,0.0,0.6803007093919453,0.6803007093919453,2.483991814362551,0.946785884867709,0.9467827354634278,1.0127348287369646,0.5324766270628802,0.5324415335693743,3.001839272347349,LGBMRegressor,1157.8480677604675,0.13544440269470215,0.6767472668764289,0.6767472668764289,2.4977583922054074,0.9467256807260214,0.9466867298492215,1.0136479198073447,0.5351873377563114,0.5351559391624336,2.993113016237682,IterativeImputer,0.4178961307141242,0.4195021874332559,LGBMRegressor,15204.193239450455,0.25696706771850586
47,215,reg_non_simple_,MNAR_,0.5_,3/,0,0.0,0.4529743940084566,0.4529743940084565,3.2492501825427396,0.9422248370616154,0.9421972587922928,1.055464643485749,0.4030851580242636,0.40293427961873296,3.3921929021593504,LGBMRegressor,796.262669801712,0.14788317680358887,0.4538794023451569,0.4538794023451568,3.2465612629364147,0.9360623580615739,0.9357454623861073,1.1128109070233423,0.40434829810918016,0.4041908518676358,3.3886214523235707,IterativeImputer,0.41817761546757926,0.4184242084779894,LGBMRegressor,15107.025241851807,0.2325763702392578
48,216,reg_non_simple_,MNAR_,0.01_,1/,0,0.0,0.9345941978771526,0.9345941978771525,0.0017059142679363413,0.8886311671683147,0.8886251064296388,0.0023022717249367303,0.8733177271654231,0.8733121405727275,0.0024554462276852734,LGBMRegressor,766.6755700111389,0.10525345802307129,0.8839470815068782,0.8836872599929589,0.002274902074903384,0.8896189459846553,0.8895422450119361,0.0022927728736066915,0.8779501228568368,0.8778989048134285,0.0024105864356671193,KNNImputer,0.06649034780433655,0.07126049640766345,MLPRegressor,9410.961511135101,1.9502525329589844
49,216,reg_non_simple_,MNAR_,0.1_,1/,0,0.0,0.9815375409862256,0.9815375409862256,0.0009063456101579597,0.8732357989719273,0.8731207048116523,0.0024573007178417886,0.7870265386588718,0.7868331984095496,0.0031850973685231617,HistGradientBoostingRegressor,929.6707720756531,0.03231692314147949,0.9272147530754904,0.9272147530754903,0.001799578282242078,0.8774276161162738,0.8773867516222286,0.0024156367491799933,0.8220275372446424,0.8218066488993429,0.002912116039645386,IterativeImputer,0.06162767492984328,0.06468994051020868,LGBMRegressor,12937.21839928627,0.27349090576171875
50,216,reg_non_simple_,MNAR_,0.3_,1/,0,0.0,0.8828400044942676,0.8828400044942675,0.002283172562045057,0.8394904767175395,0.839024216833909,0.00276785415347406,0.6037546227085431,0.6034984120501357,0.004343955766281996,LGBMRegressor,603.8668994903564,0.12844347953796387,0.771459402110096,0.7713937534632109,0.003189283382669956,0.8815893754070556,0.8815671266002356,0.002374100294405946,0.6963609117082674,0.6962436854419809,0.0038021179564421423,IterativeImputer,0.06863432345237895,0.07086455952802015,MLPRegressor,14136.194850683212,0.9392015933990479
51,216,reg_non_simple_,MNAR_,0.5_,1/,0,0.0,0.7338156273893578,0.7338156273893577,0.003441441099522197,0.7464001101118518,0.7461588982882794,0.0034757129401093503,0.48994758666389127,0.48981860155718504,0.004927484181156256,LGBMRegressor,847.7860736846924,0.12291407585144043,0.7739627420518986,0.7739627420518985,0.0031713127867537536,0.728242087962384,0.7280444092725762,0.003597592129136253,0.5193155470893995,0.5192109192510039,0.004783438852540737,IterativeImputer,0.07819250724293958,0.07920547983699662,LGBMRegressor,11959.892604589462,1.7810215950012207
52,216,reg_non_simple_,MNAR_,0.01_,2/,0,0.0,0.9419271745100068,0.9419271745100067,0.0016074428525024325,0.8930650972576218,0.8930110559835932,0.002256484628037778,0.8839571236727566,0.8839408645871639,0.0023501879448656992,LGBMRegressor,606.1397922039032,0.14666962623596191,0.8493668014776588,0.8484112625216939,0.0025970632781502864,0.8547688596723603,0.8532281128196242,0.002642922133238459,0.8472532235080465,0.8457825400415621,0.002709129102582822,KNNImputer,0.06944551116549129,0.06119732018872127,MLPRegressor,12725.038379192352,1.9466156959533691
53,216,reg_non_simple_,MNAR_,0.1_,2/,0,0.0,0.9295154757632118,0.9295154757632117,0.0017709077960260608,0.8705589269152348,0.8704289154008417,0.002483230168696331,0.7734258145387025,0.7728911066151913,0.003287607778731738,LGBMRegressor,585.6255424022675,0.13321471214294434,0.890757081937217,0.8907504961906325,0.002204747201833071,0.8660010416338135,0.8659971730814287,0.002525340297514575,0.8103988982344107,0.8103931787718024,0.003003930686586439,IterativeImputer,0.06716953558630323,0.06549571509553297,LGBMRegressor,11054.860915899277,0.2896890640258789
54,216,reg_non_simple_,MNAR_,0.3_,2/,0,0.0,0.8490007365487242,0.8490007365487242,0.0025920088375753635,0.7993294800710217,0.7991734573246447,0.0030915301382998675,0.5394609108639208,0.5347966115587932,0.004705267985903219,LGBMRegressor,668.6938836574554,0.15764808654785156,0.6179252315912904,0.6179252315912904,0.004123094063012716,0.7454252262319923,0.7448277385463015,0.003484814459214375,0.6212367057793268,0.6211610084716956,0.004246100456318083,IterativeImputer,0.07179229677137412,0.07254287030310771,ARDRegression,12126.69635295868,1.0206186771392822
55,216,reg_non_simple_,MNAR_,0.5_,2/,0,0.0,0.7553488698028835,0.7553488698028834,0.003299306606760635,0.7358934350122307,0.7329025958510451,0.0035653138183567488,0.4521059737394968,0.44952001003523623,0.005118393806691536,LGBMRegressor,772.7070944309235,0.11794137954711914,0.7070967370251083,0.7070967370251082,0.0036100329710126357,0.6976453675312639,0.6975272750821562,0.0037940761056761644,0.5118512955465021,0.5118491075527776,0.004819921582880548,IterativeImputer,0.08182311030834265,0.08299830982985319,LGBMRegressor,12461.304650068283,1.0704717636108398
56,216,reg_non_simple_,MNAR_,0.01_,3/,0,0.0,0.9518610251729931,0.951861025172993,0.0014635160248701623,0.8911599156456937,0.891126265977979,0.0022762737379028097,0.877398241371676,0.8773187640884352,0.002416306376758092,LGBMRegressor,706.3042430877686,0.14868950843811035,0.9177400426859104,0.9176806075984238,0.0019138158261652449,0.919594497350304,0.9195428021258639,0.001956795226817676,0.9143394842910786,0.9142710584629942,0.0020198850724000702,IterativeImputer,0.06409425948599955,0.063639456797749,MLPRegressor,9811.918248176575,0.22417473793029785
57,216,reg_non_simple_,MNAR_,0.1_,3/,0,0.0,0.9285909586835401,0.92859095868354,0.001782484100961013,0.8775443167284769,0.8775139677937498,0.0024143832638691617,0.7538028252998645,0.7535395563501113,0.003424810463881256,LGBMRegressor,622.7595195770264,0.151261568069458,0.9882033023720574,0.988203302371941,0.0007244848152930448,0.8736086444233556,0.8735619116837667,0.0024530245192406824,0.7763172028526995,0.7757834243447697,0.003266606234025021,IterativeImputer,0.06477222220543587,0.06775849439208,HistGradientBoostingRegressor,12388.600350379944,2.0877158641815186
58,216,reg_non_simple_,MNAR_,0.3_,3/,0,0.0,0.8640822372079013,0.8640822372079012,0.002459162186367301,0.81931490936956,0.819196363345681,0.0029333677270227693,0.6146520995663198,0.6146483792496058,0.004282442335334662,LGBMRegressor,846.8449463844299,0.15260720252990723,0.8566473813657864,0.8566473813657863,0.002525526203228605,0.8047834481406911,0.8038580288270349,0.0030552601569073215,0.6430657163069714,0.6424562302852783,0.004125034034645219,IterativeImputer,0.06930263902329112,0.07121171581338567,LGBMRegressor,11517.304911375046,0.6748309135437012
59,216,reg_non_simple_,MNAR_,0.5_,3/,0,0.0,0.6499570342821169,0.6499570342821168,0.003946478497353626,0.6547879461520133,0.6532574196868888,0.004062248781951593,0.4271527546357482,0.42157803536519833,0.005246688938925435,LGBMRegressor,649.0950086116791,0.0957956314086914,0.5155287415000842,0.5083383293580932,0.004677160139126105,0.40736686220862206,0.3843516772980443,0.0054128909668069766,0.4918237110035343,0.48295927265239835,0.0049604983065704485,IterativeImputer,0.08416200817018842,0.08623630847102072,MLPRegressor,12902.08228969574,1.4077541828155518
60,218,reg_non_simple_,MNAR_,0.01_,1/,0,0.0,0.7697131582708792,0.7697126065935491,25355.49827857646,0.6941571479071886,0.693947518028829,29244.93799774631,0.6885807613991025,0.6883921869415657,29509.16503236803,LGBMRegressor,783.8211874961853,0.07235884666442871,0.907686626631782,0.907686626631782,16053.486911500097,0.6896963807975431,0.6894980466367432,29456.756204604422,0.6827466900874785,0.6825186972973487,29785.975563280732,KNNImputer,0.1282639634099961,0.11318681583140357,HistGradientBoostingRegressor,10305.67308807373,1.8192777633666992
61,218,reg_non_simple_,MNAR_,0.1_,1/,0,0.0,0.7820614835470211,0.7820554884326449,24666.642296576687,0.6976479709535837,0.6974916671594789,29075.113792454787,0.6368084677511143,0.6362799846556668,31881.324256316977,LGBMRegressor,702.4132936000824,0.08062577247619629,0.7787322228288285,0.7787053808851458,24855.49946128453,0.6969217125576936,0.6968924450629495,29103.89619196985,0.6344474444748622,0.6341243008564774,31975.661275347218,IterativeImputer,0.14359118272410218,0.1392841117085177,LGBMRegressor,11977.94850730896,0.12623310089111328
62,218,reg_non_simple_,MNAR_,0.3_,1/,0,0.0,0.6481806940879846,0.6481806940879846,31339.84911841749,0.6486467230954069,0.6484146861172393,31344.988507858558,0.5786569022902974,0.5785628647408849,34317.77737871334,LGBMRegressor,693.8511006832123,0.0824282169342041,0.7332198195306383,0.7332198195306382,27290.648043779136,0.6373767990817261,0.6373750752479801,31833.293827071633,0.553928453792948,0.5539223725683133,35306.7687561338,IterativeImputer,0.15140385347797153,0.15734948321774447,HistGradientBoostingRegressor,12972.263049840927,0.13126564025878906
63,218,reg_non_simple_,MNAR_,0.5_,1/,0,0.0,0.6731412321904098,0.6731310423231847,30208.134522961478,0.6271430848257408,0.6221856670970449,32493.161323991455,0.44457260392977427,0.4442516853946319,39408.674632681716,RandomForestRegressor,806.2760190963745,0.3437960147857666,0.542192605855578,0.5421761071714772,35750.84362483055,0.6280687558066638,0.6256767441284143,32342.691397520848,0.4190278316824557,0.41893860344761724,40296.16942377662,IterativeImputer,0.1467373798483413,0.14743504358982118,LGBMRegressor,12911.787963151932,0.13938188552856445
64,218,reg_non_simple_,MNAR_,0.01_,2/,0,0.0,0.7936192904403013,0.7936152919631302,24003.569281637047,0.6968395033833371,0.6966671805928459,29114.70894804961,0.6915464441749957,0.6913683639607136,29367.9054003818,LGBMRegressor,970.3814449310303,0.10207080841064453,0.8203233928054211,0.8203233928054211,22396.638319435264,0.6891238443473762,0.6888268915501388,29488.574651726798,0.6862977768594433,0.6859729761883486,29623.492822371772,IterativeImputer,0.15348429913612033,0.13977031964245779,LGBMRegressor,10346.450673341751,0.15796804428100586
65,218,reg_non_simple_,MNAR_,0.1_,2/,0,0.0,0.8100001107597213,0.8099878810471026,23031.79138045218,0.7020449752721725,0.7019497269039039,28860.07890168157,0.654620188753338,0.6544801436933865,31073.43445945488,LGBMRegressor,791.6312942504883,0.10307455062866211,0.7752958986147136,0.7752958986147136,25046.241698570695,0.695046742738541,0.6950041290535398,29194.41195729314,0.6261137366949585,0.6260545421730381,32326.365815231755,IterativeImputer,0.14790614314555725,0.13355964996913258,LGBMRegressor,12877.918063163757,0.14004850387573242
66,218,reg_non_simple_,MNAR_,0.3_,2/,0,0.0,0.6835654913970937,0.6835654913970937,29722.065514450696,0.6670994056414337,0.6655532822063344,30571.46291041623,0.5507241460319146,0.5504200969823076,35445.099244491794,LGBMRegressor,835.7919385433197,0.10378623008728027,0.6478189896893193,0.6478132346607048,31356.21137791537,0.6218441479412129,0.6218426986233043,32507.906135194826,0.5304297029767082,0.5302445285044368,36231.69699355382,KNNImputer,0.15636088865281988,0.1506075619526913,HistGradientBoostingRegressor,12213.52951002121,35.93430852890015
67,218,reg_non_simple_,MNAR_,0.5_,2/,0,0.0,0.566517831153429,0.5665178311534289,34787.45730703528,0.6185187508541652,0.6179140864608699,32676.329401017378,0.4227176777745154,0.4226155461905634,40168.470481765726,LGBMRegressor,815.5891230106354,0.0854940414428711,0.5273225327397997,0.5273093728394689,36326.6678499603,0.6090313681396823,0.6039024807659732,33270.07755583488,0.42162083227954006,0.421610900122913,40203.401762376285,KNNImputer,0.14698095930781738,0.1444304942408358,LGBMRegressor,13553.694926023483,67.16524744033813
68,218,reg_non_simple_,MNAR_,0.01_,3/,0,0.0,0.8030080980368408,0.8029994214292548,23451.510377302624,0.6994239029242038,0.6992747798404615,28989.296605942996,0.6921086622579853,0.6919941264479956,29338.11801628815,LGBMRegressor,1201.8021862506866,0.07634520530700684,0.8160116671504811,0.8160116671504811,22663.772895828293,0.7038471504205801,0.7036435682280845,28777.955095516085,0.7007730384570142,0.7005906965095758,28925.801230124845,KNNImputer,0.12523539073514614,0.12229440937987067,LGBMRegressor,11679.935884952545,2.11002779006958
69,218,reg_non_simple_,MNAR_,0.1_,3/,0,0.0,0.7839790839270329,0.7839790839270329,24557.54617251798,0.6953709456538824,0.6950088741277348,29194.18485554715,0.6640397550066891,0.6639134193308074,30646.320430960448,LGBMRegressor,864.3816282749176,0.0815889835357666,0.7898740141083833,0.7898740141083833,24220.156755009833,0.6881417439555895,0.6879814190288001,29528.60842495043,0.6582409571753234,0.6582177348845982,30904.91218382019,IterativeImputer,0.14724079467919646,0.14424204608940439,LGBMRegressor,13786.137845277786,0.16389083862304688
70,218,reg_non_simple_,MNAR_,0.3_,3/,0,0.0,0.6789957433856814,0.6789778337578264,29936.744999847055,0.6777299370886043,0.677633083497488,30014.283794913885,0.508036844697149,0.5077038997731274,37090.77857968335,LGBMRegressor,857.2484068870544,0.1103372573852539,0.6715994397998134,0.6715669026218691,30280.324541536276,0.6580398512496953,0.6578837050340611,30920.01045431329,0.47942940784450483,0.4793083138610318,38145.47908305114,IterativeImputer,0.14654295522782865,0.14545100839480776,LGBMRegressor,10019.293807029724,0.15059113502502441
71,218,reg_non_simple_,MNAR_,0.5_,3/,0,0.0,0.5399319664376685,0.539925991831917,35838.59016229414,0.6141437640952836,0.6099570243328419,33014.82370717849,0.4189327784011361,0.4189304345848087,40296.45267501717,LGBMRegressor,770.6731562614441,0.08550596237182617,0.6957125364520557,0.6956669342937432,29148.193102426645,0.6006686772136329,0.596164779090513,33593.46866753539,0.39489831995089775,0.39487530206415167,41122.09115780456,KNNImputer,0.15974097061704975,0.15348993261715949,ExtraTreesRegressor,12943.584396839142,67.12282872200012
72,1193,reg_non_simple_,MNAR_,0.01_,1/,0,0.0,0.62708449735173,0.62708449735173,442.1290980711584,0.6102970385911601,0.6101659431992916,458.9123454499173,0.602965876120013,0.6028226813349782,463.2144215818127,LGBMRegressor,730.0481593608856,0.05956745147705078,0.646378970935932,0.646378970935932,430.5394196976376,0.6102872740757228,0.6101928516053492,458.89650689936036,0.6039534609088897,0.6038221578841518,462.6312266733434,KNNImputer,0.31600066334346755,0.31000838207864534,HistGradientBoostingRegressor,9872.461755990982,4.543824911117554
73,1193,reg_non_simple_,MNAR_,0.1_,1/,0,0.0,0.5968972132135886,0.5968972132135886,459.67594714105036,0.6100460221251294,0.6098137951411928,459.11957287058334,0.5476140437990725,0.5473263664522079,494.5183960829265,LGBMRegressor,717.40806889534,0.08336973190307617,0.5988486479691222,0.5988486479691221,458.5619435663936,0.6101836026087291,0.609854390989826,459.0956883338265,0.5436245352226127,0.5432635094423086,496.7326508253389,IterativeImputer,0.32224722752078605,0.3284914625884054,LGBMRegressor,11387.74092912674,0.11552643775939941
74,1193,reg_non_simple_,MNAR_,0.3_,1/,0,0.0,0.49126067799309103,0.49126067799309114,516.40630099955,0.604087586718425,0.6040561570170504,462.49458185865535,0.44292929422939786,0.442928408219323,548.5868060827386,LGBMRegressor,841.5659031867981,0.14273452758789062,0.5055412635226145,0.5055412635226146,509.1068103602652,0.6064588159614486,0.6061800449152475,461.25247709797287,0.4403594729166447,0.4401610062499768,549.9477437360487,IterativeImputer,0.3296132229535686,0.32717189947508923,LGBMRegressor,14262.837384939194,0.2790522575378418
75,1193,reg_non_simple_,MNAR_,0.5_,1/,0,0.0,0.3778980141017755,0.3778980141017756,571.0507064683748,0.5971119304455705,0.5971098325276105,466.5338785430434,0.35890888554327005,0.35868571093564516,588.6068481447454,LGBMRegressor,1025.891499042511,0.12946748733520508,0.36636800785332335,0.36636800785332324,576.3183233178935,0.5959542379190053,0.5945881083744915,467.9916388423328,0.35046375895121207,0.3502147648691334,592.4814693195021,IterativeImputer,0.3337459854013431,0.3314881244860557,LGBMRegressor,14346.814415931702,0.1793534755706787
76,1193,reg_non_simple_,MNAR_,0.01_,2/,0,0.0,0.6300769814388744,0.6300769814388744,440.3515784485276,0.6105149547163651,0.6104206845062373,458.76238031360793,0.6061578914686025,0.6060922179043742,461.30390690423496,HistGradientBoostingRegressor,1190.280550956726,1.7960636615753174,0.6290171369577933,0.6290171369577934,440.9819398523134,0.610110838135457,0.6100065249240012,459.00616939305894,0.6067491740771531,0.6066497533088846,460.9773275066476,KNNImputer,0.3192075830905289,0.3128797115609444,HistGradientBoostingRegressor,11577.193951368332,5.1494622230529785
77,1193,reg_non_simple_,MNAR_,0.1_,2/,0,0.0,0.5889429018496235,0.5889429018496235,464.1891182610041,0.6081283769715347,0.6078650295129641,460.26466982509373,0.5553542116399226,0.5551772848386819,490.21131422127587,LGBMRegressor,750.1493172645569,0.09394574165344238,0.5771979490450259,0.5771979490450259,470.7739484388102,0.6092290253634145,0.6088885216012425,459.66362035334,0.5588143407398806,0.558749748319221,488.2388515569394,KNNImputer,0.3330442343689021,0.32675036758187803,HistGradientBoostingRegressor,9699.848962783813,30.303305864334106
78,1193,reg_non_simple_,MNAR_,0.3_,2/,0,0.0,0.5291299668403696,0.5291299668403695,496.81466329699674,0.60289473304293,0.6022878741122091,463.5261804226621,0.45067169098300985,0.45066281910269057,544.7651910029857,HistGradientBoostingRegressor,1489.913892507553,1.6207425594329834,0.49522423250622527,0.4952242325062254,514.3907237954522,0.6058225172443268,0.6047373182485627,462.09658477779203,0.44665054482629285,0.44660186419227477,546.7750616903362,IterativeImputer,0.3293035493208531,0.3287320448449795,LGBMRegressor,14226.857522249222,0.1792614459991455
79,1193,reg_non_simple_,MNAR_,0.5_,2/,0,0.0,0.39405747049856843,0.3940574704985683,563.5852223824965,0.5937721010397281,0.5911731141436176,469.95857332030164,0.3439350304552923,0.34345616689099556,595.5547811397827,HistGradientBoostingRegressor,1099.2581224441528,0.03481483459472656,0.3960960505084309,0.3960960505084309,562.6363852674086,0.5954551256232616,0.5942936110070098,468.1615861089529,0.3426334225191361,0.3422129585764697,596.1183752606833,IterativeImputer,0.3368782113784271,0.3394340414199877,LGBMRegressor,15334.717037677765,0.1935276985168457
80,1193,reg_non_simple_,MNAR_,0.01_,3/,0,0.0,0.6305285807255958,0.6305285807255832,440.08270738850024,0.6104940257918641,0.6103782948555677,458.787338322545,0.6044397430637559,0.60434630005412,462.3250954818125,HistGradientBoostingRegressor,1050.1421988010406,1.7386229038238525,0.6260137772756342,0.6260137772756342,442.7633666648513,0.6093453413692775,0.6092066231974085,459.4766538711112,0.604518321866576,0.6043970814934605,462.29542523335004,KNNImputer,0.32051468094379126,0.3308440549733698,LGBMRegressor,11688.740639686584,3.126319169998169
81,1193,reg_non_simple_,MNAR_,0.1_,3/,0,0.0,0.5964261190094815,0.5964261190094815,459.9444734939146,0.6099302997948999,0.6098562775491072,459.09457834788947,0.5527907431109624,0.5523587026252214,491.7619533781019,LGBMRegressor,706.8374178409576,0.08307051658630371,0.6096170308234035,0.6096170308234035,452.36532816515614,0.6088846388145921,0.6086589276027479,459.798518624987,0.5481967052014223,0.54787272767489,494.21987278612727,IterativeImputer,0.32803429998044364,0.3238969452937357,LGBMRegressor,10640.928452014923,0.15903186798095703
82,1193,reg_non_simple_,MNAR_,0.3_,3/,0,0.0,0.4978861097962263,0.4978861097962263,513.0326406734908,0.6061567076073584,0.6058826338190316,461.42661214765,0.4497255514585501,0.44962736397741676,545.2783679441569,LGBMRegressor,692.8062705993652,0.09769701957702637,0.49035486955804175,0.49035486955804186,516.8658262758105,0.6044290845883498,0.6038489525557441,462.61558185418426,0.45324028174782716,0.4530919760397668,543.5593866668788,IterativeImputer,0.3383478980196587,0.33819997735881413,LGBMRegressor,13611.982156038284,0.17805886268615723
83,1193,reg_non_simple_,MNAR_,0.5_,3/,0,0.0,0.3919029524916593,0.3919029524916592,564.5862884905974,0.59626506796626,0.5962618030496827,467.0246158988908,0.32163601134258024,0.32163578992008923,605.37058643558,LGBMRegressor,768.3993971347809,0.11890888214111328,0.41243128369213145,0.41243128369213145,554.9747339556878,0.5970383318123875,0.5969369726033535,466.63395093136825,0.311194702933034,0.31109434830426796,610.056032778581,IterativeImputer,0.3356788873954727,0.33641834815947497,LGBMRegressor,14309.257898569107,0.7324445247650146
84,1199,reg_non_simple_,MNAR_,0.01_,1/,0,0.0,0.5813258068772705,0.5813246175915485,10.21298936201836,0.47609547136969654,0.4760899837406981,11.46043921310421,0.4713046852639533,0.47130179269115835,11.512690516453205,HistGradientBoostingRegressor,1832.533121585846,1.362168312072754,0.5656868751177112,0.5656868751177111,10.401971119542146,0.47833872659478394,0.4782978358253682,11.436265530645713,0.475556254500506,0.4755186241965029,11.466686704874013,IterativeImputer,0.24100585600352514,0.22291964734874162,HistGradientBoostingRegressor,11987.179755210876,1.9255576133728027
85,1199,reg_non_simple_,MNAR_,0.1_,1/,0,0.0,0.5530189437501756,0.5530189437501756,10.552581753601944,0.4680495482048025,0.46800822097212047,11.54849449821662,0.4337624779663677,0.4337390628891281,11.914647906363967,HistGradientBoostingRegressor,987.6427533626556,1.7941124439239502,0.5537762912609133,0.5537762912609133,10.54363801918136,0.4605749217500953,0.46056920492922404,11.628957388660929,0.43344981379292624,0.43344103325461913,11.917782901936512,KNNImputer,0.2513840668246648,0.2460901639190013,ExtraTreesRegressor,10596.089615821838,8.63486647605896
86,1199,reg_non_simple_,MNAR_,0.3_,1/,0,0.0,0.43776196992499716,0.43776196992499705,11.83516387636497,0.45457364824239443,0.4543956533461,11.695312265893786,0.38853712130016804,0.3881611287675347,12.384869756261084,LGBMRegressor,640.6767077445984,0.04880690574645996,0.4218307943995757,0.4218307943995757,12.00166900092246,0.45506328585311007,0.4549810992834996,11.689035913056388,0.39073610914542356,0.39068499493576725,12.359299253260561,IterativeImputer,0.24933893150850445,0.2505555818441601,HistGradientBoostingRegressor,12580.719229221344,1.9466702938079834
87,1199,reg_non_simple_,MNAR_,0.5_,1/,0,0.0,0.35050117002518544,0.350501170025185,12.720475716733443,0.4406757727318972,0.44065757115632875,11.841638345374147,0.2563083062111996,0.25630633536848835,13.654316084834926,HistGradientBoostingRegressor,946.9323275089264,1.7235743999481201,0.41526425285114177,0.41526425285114166,12.069630896915445,0.43786513297139873,0.4365108753642698,11.885451399244728,0.24525945543591987,0.24524897437213655,13.755448877386991,IterativeImputer,0.2742722492019929,0.2741294998729401,LGBMRegressor,12525.933676958084,0.1603071689605713
88,1199,reg_non_simple_,MNAR_,0.01_,2/,0,0.0,0.5521368014827324,0.5521368014827324,10.562989677934707,0.47765282606433135,0.4776274765145141,11.443610665913114,0.47543452351293103,0.4754092416902097,11.467882352232026,HistGradientBoostingRegressor,1523.0705535411835,0.029848814010620117,0.6209408853774521,0.620940816764654,9.717793762841655,0.4760144483855081,0.47600274179209157,11.461393374504159,0.4735436643140577,0.4735144644325141,11.488574193239097,IterativeImputer,0.21724851104314766,0.20513971890342467,RandomForestRegressor,12224.733939170837,0.21021533012390137
89,1199,reg_non_simple_,MNAR_,0.1_,2/,0,0.0,0.5227068428797331,0.5227068428797331,10.904525457048292,0.4714134778550927,0.4714078209182492,11.511536047463288,0.4469371268547314,0.4469337150425319,11.775015934887074,HistGradientBoostingRegressor,1152.9672274589539,1.2702736854553223,0.5385646333957292,0.5385646333957292,10.721847001360059,0.47314586459178976,0.47310504725807434,11.493040323065449,0.4514006739121794,0.451353292013424,11.727874233418467,KNNImputer,0.2563644170221366,0.25152650656610925,HistGradientBoostingRegressor,9892.838084697723,10.636348247528076
90,1199,reg_non_simple_,MNAR_,0.3_,2/,0,0.0,0.45345262838623557,0.45345262838623557,11.668850392708103,0.45542074700961177,0.4553638532740406,11.68493072430781,0.34538257072789624,0.3451812550993427,12.812487737977357,LGBMRegressor,738.6120579242706,0.03403496742248535,0.4973529100193972,0.4973529100193972,11.19040366863262,0.45332091987227663,0.45303409944754003,11.709895980299441,0.34332506749390046,0.34291823076254346,12.834608335207324,KNNImputer,0.30141805315546616,0.27091971322971564,LGBMRegressor,11899.758093833923,20.50182843208313
91,1199,reg_non_simple_,MNAR_,0.5_,2/,0,0.0,0.3861460091188563,0.3861460091188563,12.366497343915041,0.43499493969706704,0.4273269154955244,11.981916732288516,0.3014191250766264,0.301410012078253,13.233785459974724,LGBMRegressor,760.9976539611816,0.0490565299987793,0.38373536862749236,0.38373536862749225,12.39075553026094,0.4391539865553208,0.43665249943875484,11.883957695320799,0.3050345490955171,0.3050295775052039,13.19945719838723,KNNImputer,0.2810320794116025,0.27159562911157786,LGBMRegressor,11450.673988580704,40.85292029380798
92,1199,reg_non_simple_,MNAR_,0.01_,3/,0,0.0,0.5536323323944708,0.5536214180415955,10.545467578513142,0.47658901784824215,0.4765866792998722,11.455005361019188,0.4701143908346226,0.4701143901365895,11.52561143341278,HistGradientBoostingRegressor,1640.5278594493866,1.169780969619751,0.5792967714787551,0.5792950135728295,10.237714082840553,0.47450454763472283,0.4744985152227502,11.477832560870047,0.46985815043345536,0.46984375950800816,11.52855431886043,KNNImputer,0.24987810372658226,0.24660139653728402,RandomForestRegressor,9931.495042562485,1.0850341320037842
93,1199,reg_non_simple_,MNAR_,0.1_,3/,0,0.0,0.5824892260026393,0.5824892260026389,10.19877498894232,0.47308235458982895,0.47293262801892355,11.49492064016619,0.44623871407227766,0.4461151959474502,11.78372602288276,HistGradientBoostingRegressor,1334.6530191898346,1.8819825649261475,0.620979497437443,0.6209790078472578,9.717304205498982,0.4673060820709022,0.46729255634128386,11.556259722852648,0.4396558932408937,0.43952574179113624,11.85361306789999,IterativeImputer,0.23918180652680152,0.2400398781639425,RandomForestRegressor,12352.509221792221,0.26088380813598633
94,1199,reg_non_simple_,MNAR_,0.3_,3/,0,0.0,0.457067403997766,0.457067403997766,11.63019843591844,0.4555991550977082,0.4554917978513746,11.683558146171187,0.37383809517628963,0.3737888610807768,12.529487450553633,HistGradientBoostingRegressor,1206.958458662033,1.3191943168640137,0.4522908947303599,0.45229089472343675,11.681245384426491,0.45897832641320313,0.4580298474394019,11.656296770132627,0.3717392832050219,0.3716481723506978,12.55088506522146,IterativeImputer,0.2610355805382504,0.2557651953088485,HistGradientBoostingRegressor,11107.908567667007,1.953625202178955
95,1199,reg_non_simple_,MNAR_,0.5_,3/,0,0.0,0.354331549575705,0.3543315495757049,12.68291113810188,0.44778829544958854,0.447460306276635,11.76940892448501,0.2819106294222652,0.27821133876367354,13.451723719245873,LGBMRegressor,708.0919332504272,0.0439295768737793,0.3704483467511889,0.37044834675118876,12.523619123182373,0.44600957951224884,0.44291029767956824,11.817768453965641,0.2733755434171399,0.2695715507445353,13.53199258888297,KNNImputer,0.2924573848939083,0.2841969820998973,LGBMRegressor,10302.061309337616,41.576685428619385
96,1200,reg_non_simple_,MNAR_,0.01_,1/,0,0.0,0.9349820590915666,0.9349820590915663,1.665827976227079,0.812096868437004,0.8120962887120148,2.8395482851187093,0.808215734905185,0.8082156916310607,2.868719690858999,HistGradientBoostingRegressor,3759.0694155693054,1.7052197456359863,0.8493607878314251,0.8493607878314251,2.5356106286139384,0.8056300932961524,0.8056265355720643,2.888019137600214,0.8033921460920607,0.803388828122228,2.904595598788362,KNNImputer,0.13498187221615648,0.13482402375348682,HistGradientBoostingRegressor,9677.656512737274,14.045572519302368
97,1200,reg_non_simple_,MNAR_,0.1_,1/,0,0.0,0.9155255459044815,0.9155255459044815,1.898786969318597,0.8065789744757956,0.8065719472777746,2.880987068538915,0.7709881463468451,0.7709389695107649,3.1351417693378885,HistGradientBoostingRegressor,2108.826493501663,0.05433249473571777,0.8957019013690886,0.8957012608591378,2.10985726131513,0.7995325645937695,0.7995309661770793,2.9329538384696328,0.7684410439126581,0.768413667078268,3.1523762148354457,IterativeImputer,0.14890029149321354,0.148054887279037,RandomForestRegressor,14893.911649465561,22.742920398712158
98,1200,reg_non_simple_,MNAR_,0.3_,1/,0,0.0,0.9177725294908576,0.9177725291880229,1.873363316701923,0.7951845057109812,0.7951844414038495,2.9645791591460773,0.6811883840287695,0.6810601235491366,3.6994400159211223,HistGradientBoostingRegressor,2368.076413154602,0.0624995231628418,0.7431263778201396,0.7431263778201396,3.311107649374966,0.7736705717693046,0.773658471288809,3.1164753881293343,0.6539995935229859,0.6539995679538935,3.853185343018328,IterativeImputer,0.16585948395864886,0.16609091324159825,HistGradientBoostingRegressor,16490.81627368927,51.719388008117676
99,1200,reg_non_simple_,MNAR_,0.5_,1/,0,0.0,0.7061686297522933,0.7061686297522932,3.5412992374947843,0.7751697316760526,0.7751207643499095,3.1063919872818664,0.5425129305910696,0.5424519544697404,4.430981444493682,HistGradientBoostingRegressor,6093.396760463715,1.9072296619415283,0.7714372183270871,0.771437218327087,3.1233187052667466,0.7301861349047798,0.7286823141041265,3.4120912041054217,0.4930276266266831,0.4928600343717304,4.66493393373747,IterativeImputer,0.18444624936942156,0.18377262387844123,HistGradientBoostingRegressor,17788.729611873627,4.173999786376953
100,1200,reg_non_simple_,MNAR_,0.01_,2/,0,0.0,0.8909522042532049,0.890952204253205,2.15735686666877,0.8112934755459811,0.8112904236235965,2.8456307743985008,0.8078038984109114,0.8077997022884322,2.871829200748979,HistGradientBoostingRegressor,2606.1948454380035,1.8657982349395752,0.8821169658945738,0.8821169550104825,2.243051362633401,0.806712168689901,0.8067103980262209,2.8799558163190615,0.8042992560739292,0.8042965477952309,2.897882834909145,KNNImputer,0.13332209851703175,0.14243719621309883,RandomForestRegressor,10890.379603147507,14.570950746536255
101,1200,reg_non_simple_,MNAR_,0.1_,2/,0,0.0,0.9318334106945169,0.9318334106915839,1.705686955327965,0.8080581249247287,0.8080553338646945,2.869918760183066,0.7757730429482727,0.7757555625135274,3.1020044645674223,HistGradientBoostingRegressor,3754.1613471508026,0.06043410301208496,0.9078518327273875,0.9078518327273875,1.983156084332551,0.8031671184834744,0.803156534053291,2.906310967115824,0.7694331260777745,0.7694318667296391,3.1454386634711953,IterativeImputer,0.15197538941545763,0.15101886073007031,RandomForestRegressor,14572.74958229065,22.117058992385864
102,1200,reg_non_simple_,MNAR_,0.3_,2/,0,0.0,0.8236684727900329,0.8236684727900329,2.7433330155711446,0.7943269376853181,0.7940933800417498,2.9724648920519017,0.6865952230483403,0.6865275689581622,3.667594012479715,HistGradientBoostingRegressor,4991.055250406265,1.922858715057373,0.7857162705728749,0.785716153965072,3.0241843528427674,0.7683037124347251,0.7682764856107549,3.153309740506236,0.6669964530394776,0.6669609190010785,3.78032535205841,IterativeImputer,0.16672787105470707,0.16701613549278443,RandomForestRegressor,15259.933188199997,59.24414610862732
103,1200,reg_non_simple_,MNAR_,0.5_,2/,0,0.0,0.691626956760693,0.691626956760693,3.627870273816227,0.7743103161544216,0.774149973335783,3.113089826277752,0.5578699274916604,0.55749612446783,4.357527317689419,HistGradientBoostingRegressor,3770.520077943802,1.7472190856933594,0.6945336705936209,0.6945336705936209,3.610731700293125,0.7111209006005016,0.7110933723233526,3.5209538405002956,0.47717011335926907,0.47716456004479346,4.736571398253074,IterativeImputer,0.18336137193035928,0.19130164124361373,ExtraTreesRegressor,15384.492172002792,59.33790063858032
104,1200,reg_non_simple_,MNAR_,0.01_,3/,0,0.0,0.9650673878992538,0.9650673878890016,1.221037709323129,0.8110899274914379,0.8110863977950518,2.8471686543153383,0.8075327194767178,0.8075311739804052,2.8738346561998838,RandomForestRegressor,8687.477079153061,0.9710776805877686,0.9005559879909849,0.9005559879723002,2.0601690782552144,0.8115389013774592,0.8115387460320463,2.843757879237323,0.8090160450414575,0.8090158785316306,2.8627288166511202,KNNImputer,0.13896951885637163,0.13896301834149144,HistGradientBoostingRegressor,10673.50216126442,12.929371356964111
105,1200,reg_non_simple_,MNAR_,0.1_,3/,0,0.0,0.9620983529613673,0.9620983529403997,1.2718696007695651,0.8027659874494887,0.8027656204339554,2.909195373353016,0.764447725240514,0.7644427885252426,3.179287344744172,RandomForestRegressor,2615.7849147319794,1.0274343490600586,0.8509360035387953,0.8509360035271708,2.522318504683484,0.8042416274191855,0.8042321184858416,2.898359814806951,0.7645456479384964,0.764542930970221,3.1786114676364647,IterativeImputer,0.1483038182650471,0.14922106425770804,HistGradientBoostingRegressor,15305.285633087158,19.878914833068848
106,1200,reg_non_simple_,MNAR_,0.3_,3/,0,0.0,0.7863286989265668,0.7863286989265668,3.0198588410143956,0.7907070900541626,0.7906899502295368,2.996930140869444,0.6897945580459048,0.6896526847093506,3.6492664591200183,HistGradientBoostingRegressor,3296.8867659568787,1.8881547451019287,0.89329522429712,0.89329522429712,2.134054342663378,0.7674389568167593,0.7674250648440527,3.1590975254511044,0.6647059384305567,0.6647019685197164,3.7931243545394704,IterativeImputer,0.1642455673556638,0.16827112539593714,ExtraTreesRegressor,15435.790175437927,52.853968381881714
107,1200,reg_non_simple_,MNAR_,0.5_,3/,0,0.0,0.6882100645761731,0.688210064576173,3.647914004225586,0.7681250595742453,0.7680738087776178,3.154688459336616,0.5666657766088823,0.5666622729763124,4.312159631366568,HistGradientBoostingRegressor,2896.1998693943024,1.8093905448913574,0.6454814826132362,0.6454814826132362,3.8898513746511107,0.7273706513883726,0.7264560556984996,3.4260613180077883,0.5340849262095937,0.5340336204001652,4.47155802140495,IterativeImputer,0.17538281235839623,0.17589668120384896,HistGradientBoostingRegressor,14662.199839830399,2.5756609439849854
108,1213,reg_non_simple_,MNAR_,0.01_,1/,0,0.0,0.4542068510483489,0.454206851048349,7.670336576022064,0.2533804167726358,0.2528486679817675,9.000563151457747,0.2505823450120549,0.2501025616836926,9.017088474215385,LGBMRegressor,1146.5020141601562,0.19112873077392578,0.4593026428056981,0.4593026428056981,7.634445598920572,0.2507540726223262,0.2503096755558505,9.015843175203607,0.24822536931810002,0.2478375353753247,9.030696030701627,IterativeImputer,0.2911970089761478,0.3018867253563302,LGBMRegressor,13221.49225783348,0.2927539348602295
109,1213,reg_non_simple_,MNAR_,0.1_,1/,0,0.0,0.41878129809799125,0.41878129809799136,7.915350879017654,0.25122590973085546,0.25020907005089754,9.016448100328866,0.23110506459609026,0.2308049078120591,9.132373143377029,LGBMRegressor,1610.299332857132,0.2082991600036621,0.4167864941061915,0.4167864941061916,7.928922404509097,0.25139984039606333,0.2503898257947166,9.015361215335895,0.23099066153485837,0.2306553613322866,9.133260855672344,IterativeImputer,0.29799499248970457,0.3005297693091493,LGBMRegressor,14969.161212682724,0.3968987464904785
110,1213,reg_non_simple_,MNAR_,0.3_,1/,0,0.0,0.3754425366962082,0.3754425366962081,8.205151089784568,0.24742731650962269,0.24735281181751423,9.033605432792962,0.18643481001271933,0.18632066620952625,9.392734332483625,LGBMRegressor,2925.713578939438,0.19173979759216309,0.4299563542412176,0.4299562960467477,7.838887974840279,0.2557222877586174,0.255595660117533,8.984002086357586,0.18536122389731025,0.18524404746783119,9.398946270380613,IterativeImputer,0.2987377805552811,0.3047822845162289,ExtraTreesRegressor,15359.933648586273,1.6304967403411865
111,1213,reg_non_simple_,MNAR_,0.5_,1/,0,0.0,0.3098675181383498,0.3098675181383498,8.625149184677786,0.2473184989876811,0.24723511842949375,9.034311709309838,0.11911666200783855,0.11908739174865801,9.77308799043364,LGBMRegressor,1590.7697894573212,0.26731181144714355,0.3453447182675409,0.345344718267541,8.40053062456734,0.2703377704829327,0.27029564343216783,8.89485484996715,0.1258802375118394,0.12587792002684628,9.735347119280842,IterativeImputer,0.30769213632779663,0.3158663692677555,ExtraTreesRegressor,15230.876213550568,1.281156063079834
112,1213,reg_non_simple_,MNAR_,0.01_,2/,0,0.0,0.4563156313549822,0.4563156313549821,7.655504300380088,0.2528676314620799,0.25242737764414813,9.003100332184612,0.2519087997238557,0.25146566148866445,9.008889498285333,LGBMRegressor,2428.652675151825,0.1689128875732422,0.45179730031096454,0.45179730031096454,7.687249312632169,0.2534059446924728,0.2529490827299784,8.999958307691488,0.2515384671451293,0.2511645787031811,9.010701137849075,IterativeImputer,0.29468900356289673,0.30043362978085353,LGBMRegressor,13395.804764270782,0.299574613571167
113,1213,reg_non_simple_,MNAR_,0.1_,2/,0,0.0,0.4298892261885542,0.4298892261885543,7.8393491128525445,0.2548644237691323,0.25411072442629856,8.992958253242113,0.22653969357295067,0.22592955278056348,9.161269085433885,LGBMRegressor,1942.6141517162323,0.2239999771118164,0.41703234441889836,0.41703234441889847,7.927251032440202,0.25264585785087057,0.2517947880293905,9.006908700287017,0.22221402939116597,0.22186174437575834,9.185309181741768,IterativeImputer,0.29547430716851925,0.30432682331113664,LGBMRegressor,15250.456305503845,0.7316052913665771
114,1213,reg_non_simple_,MNAR_,0.3_,2/,0,0.0,0.3794683644437511,0.3794683644437511,8.178663592539175,0.25350174340608955,0.2529400967440554,9.000012436033742,0.18701354683427507,0.1866546366559294,9.390806535196425,LGBMRegressor,2828.2335860729218,0.22833609580993652,0.42213146445519,0.4221314644551901,7.892505721957937,0.2585348495788531,0.25805257909946355,8.969163908204733,0.18374602287096942,0.18368499115930648,9.407934534396707,IterativeImputer,0.30082223832367805,0.3082439057707281,ExtraTreesRegressor,14954.141354560852,1.2178585529327393
115,1213,reg_non_simple_,MNAR_,0.5_,2/,0,0.0,0.28968748902161323,0.28968748902161323,8.750343732951004,0.24676822978633606,0.24673697884930101,9.037300427351887,0.1344411256990935,0.13444035673591037,9.687548628179334,LGBMRegressor,1703.9409708976746,0.2789647579193115,0.27860398889745164,0.2786038401546732,8.818349237682558,0.23251592413738242,0.23233742429824078,9.1232711024685,0.13289002539528771,0.1328681052562679,9.69634314183671,IterativeImputer,0.30702563025829216,0.31398807510859117,LGBMRegressor,15073.956165790558,1.1787304878234863
116,1213,reg_non_simple_,MNAR_,0.01_,3/,0,0.0,0.4515186134345276,0.4515186134345275,7.689203027287184,0.2534807998376223,0.25302996495435337,8.99947108765425,0.25188174811083797,0.2514862715075614,9.00876547280558,LGBMRegressor,4298.2333397865295,0.13562631607055664,0.4499315381146203,0.4499315381146203,7.70031965727746,0.2501105582116293,0.24969338140073427,9.01954821834443,0.2490109432695905,0.2486420932557647,9.025864852598245,KNNImputer,0.2981452754806641,0.2975922633015697,LGBMRegressor,12548.306952238083,25.542479276657104
117,1213,reg_non_simple_,MNAR_,0.1_,3/,0,0.0,0.42363531058907056,0.42363531058907067,7.882229296091585,0.2525983761762409,0.2520944666065754,9.00510475140345,0.23750035076781195,0.23715171318984052,9.094618447205562,LGBMRegressor,1553.171128988266,0.193497896194458,0.42206760995930215,0.42206760995930226,7.892941771008635,0.25114241020548034,0.2503026477783693,9.015885433446167,0.23426080171149277,0.23391803383910914,9.113873900960224,IterativeImputer,0.29704299654972793,0.3016873785592799,LGBMRegressor,14242.203637838364,0.332383394241333
118,1213,reg_non_simple_,MNAR_,0.3_,3/,0,0.0,0.37465737289146783,0.37465737289146794,8.210307031817734,0.2495292058740347,0.2494825610649144,9.02081528075953,0.19280000067957304,0.19261054663805754,9.356360180003698,LGBMRegressor,2877.4370810985565,0.22205257415771484,0.4038059902942467,0.40380596840154526,8.016673448425829,0.27051537901071654,0.27043762991283804,8.893989423738534,0.19928141112665376,0.19906791091243503,9.318869776019353,IterativeImputer,0.3024936410503621,0.3042887979956385,ExtraTreesRegressor,14730.578171491623,1.2217731475830078
119,1213,reg_non_simple_,MNAR_,0.5_,3/,0,0.0,0.2527959217657423,0.2527959217657423,8.97470119759896,0.24077012357315475,0.2407392589428653,9.073208023240346,0.13871113122486645,0.13854862635468213,9.664530919501676,LGBMRegressor,1336.098420381546,0.24640488624572754,0.2486040873282851,0.2486040873282852,8.999840143691909,0.2406379341645678,0.24040371552351691,9.07521268303106,0.13829153971889585,0.1381187270387898,9.66694211596418,IterativeImputer,0.31503069885605095,0.31166479298357386,LGBMRegressor,15338.725759506226,1.6420562267303467
120,42183,reg_non_simple_,MNAR_,0.01_,1/,0,0.0,0.7700194065994507,0.7700192146327847,0.7634507544210659,0.6782298183058643,0.6782285948628491,0.8623903992175612,0.676851200041314,0.6768235634000879,0.8642711844315054,LGBMRegressor,720.4592709541321,0.04726886749267578,0.8847458296493577,0.8847458296493578,0.5404600245773907,0.6716056383901581,0.6716052498672175,0.8712209140340998,0.6707845641397938,0.6707819979616041,0.8723122611579323,IterativeImputer,0.2449085373442109,0.25462539616248125,ExtraTreesRegressor,8470.23297214508,0.20903849601745605
121,42183,reg_non_simple_,MNAR_,0.1_,1/,0,0.0,0.6920186261241825,0.6920165690138033,0.8834844878910273,0.6713864170722741,0.6713673082555995,0.8715364826776592,0.6403912446935608,0.6402451828216313,0.9118711978984024,LGBMRegressor,531.3220193386078,0.04903292655944824,0.6669174022389152,0.6669174022389152,0.9187793460543853,0.6748243662009875,0.6747701420046928,0.8670125705401323,0.6323229637990396,0.6323106695162453,0.9218721677038422,IterativeImputer,0.2490130291777851,0.25225208649713876,LGBMRegressor,10418.013219833374,2.0274314880371094
122,42183,reg_non_simple_,MNAR_,0.3_,1/,0,0.0,0.5563113503144181,0.5563113503144179,1.0604114578035102,0.5798673992104082,0.5788627648815547,0.9866020425315294,0.41463077835819107,0.41460940373137856,1.1631964291114552,HistGradientBoostingRegressor,931.3913335800171,1.8441195487976074,0.6987730010971089,0.6987671878375565,0.8737483936435887,0.5930443095520685,0.5928611755527815,0.9700663695351246,0.39163786627673625,0.39163609753050954,1.1858012614536133,IterativeImputer,0.2590675735741977,0.26256768826121824,ExtraTreesRegressor,10006.968561172485,0.25807952880859375
123,42183,reg_non_simple_,MNAR_,0.5_,1/,0,0.0,0.6439606876789257,0.6439606876789259,0.949913870011308,0.5391655884496993,0.531504686504239,1.0405975879592317,0.3404177573969256,0.34024490646823313,1.2348709251940229,LGBMRegressor,643.2806475162506,0.07288718223571777,0.6042563775321519,0.6042563775321519,1.0014798477293656,0.5633113540856844,0.5575673421026153,1.011238923840671,0.3281064188110946,0.32810461478219877,1.246180693301806,IterativeImputer,0.27325433927620724,0.2670991255835237,LGBMRegressor,6936.407691001892,0.19977355003356934
124,42183,reg_non_simple_,MNAR_,0.01_,2/,0,0.0,0.8856608364226031,0.8856608359969522,0.5383103853143719,0.6654298073622327,0.6654196446335521,0.8793877438700557,0.6433295182712309,0.6432959055712206,0.9079966300343566,ExtraTreesRegressor,500.4813506603241,0.11206817626953125,0.784209897789263,0.7841915483942276,0.7395532954211724,0.65785025975829,0.657834279310503,0.889300299574984,0.6509538631135137,0.6509523034138387,0.8981990215989439,IterativeImputer,0.23919555560636216,0.2315455874964825,MLPRegressor,9093.689404964447,0.17914748191833496
125,42183,reg_non_simple_,MNAR_,0.1_,2/,0,0.0,0.9644287081119435,0.9644287081119435,0.30025142094110674,0.6951660189777196,0.6951346448021076,0.8394294980387946,0.6512151682549948,0.651064430315599,0.8980547428028681,HistGradientBoostingRegressor,1266.8060266971588,1.8502507209777832,0.7653431182211538,0.7653292794239624,0.7711958887373591,0.6820723910623352,0.6820648831859077,0.8572341013850084,0.6302485388864265,0.6299790870850777,0.9247904251421977,KNNImputer,0.22980273573174953,0.23425676915131416,LGBMRegressor,10339.435423374176,4.473711252212524
126,42183,reg_non_simple_,MNAR_,0.3_,2/,0,0.0,0.5468340262224989,0.5468340262224989,1.071676972106844,0.5715609144848852,0.5709448700841051,0.9958335160262772,0.46622399167022166,0.4654676675972458,1.1115197382935644,HistGradientBoostingRegressor,1082.0787842273712,1.8202693462371826,0.48527721454945716,0.48527721202111185,1.1421468601321996,0.5489004012682289,0.5488920899344947,1.0211050185255572,0.4550597946950775,0.4543272477667395,1.1230428405286255,IterativeImputer,0.2617634804424189,0.2666785537434817,RandomForestRegressor,9130.182021856308,0.2784106731414795
127,42183,reg_non_simple_,MNAR_,0.5_,2/,0,0.0,0.4467785212373616,0.44677850647968176,1.1840901669718926,0.5590711597855751,0.5588674370712194,1.009752060409166,0.3558067035012613,0.35575289819263034,1.22027138193193,RandomForestRegressor,854.1078705787659,0.1303391456604004,0.4175451618046595,0.4175451618046595,1.214972311645948,0.5600359034197053,0.5600329132936896,1.0084172911682405,0.3521046711352098,0.35157392552636324,1.22422269027068,KNNImputer,0.2776689009709301,0.2764490370129722,LGBMRegressor,10153.937701940536,12.837785482406616
128,42183,reg_non_simple_,MNAR_,0.01_,3/,0,0.0,0.9791300160467961,0.9791300160467961,0.22998330449231272,0.658285762038494,0.6582857606364336,0.8887133982792997,0.6549238152708543,0.6549037667811223,0.89310043094152,HistGradientBoostingRegressor,627.0471038818359,0.029479026794433594,0.9150978198813393,0.9150978174156018,0.4638682840632566,0.71232047094128,0.7122837766534671,0.8154782175002613,0.701042317819933,0.7009748442956851,0.8313502889329322,KNNImputer,0.25295108174215936,0.2296681977603953,HistGradientBoostingRegressor,11214.38378405571,2.562504291534424
129,42183,reg_non_simple_,MNAR_,0.1_,3/,0,0.0,0.748486270712543,0.7484862165565318,0.7983919461970429,0.6760224080498987,0.6760025049816154,0.8653683668244811,0.5127877690489594,0.5127188987763269,1.0612555475071754,LGBMRegressor,753.9397876262665,0.05567789077758789,0.7458658175543683,0.7399693003774996,0.8117972288280574,0.6558357156470002,0.6485454871199262,0.9012904131862373,0.5078520517878174,0.5019518882107499,1.0729162880949812,KNNImputer,0.2384143951247987,0.2370166222391766,MLPRegressor,12349.758145332336,4.1553404331207275
130,42183,reg_non_simple_,MNAR_,0.3_,3/,0,0.0,0.915512298146362,0.9155119689042852,0.46273552995025297,0.6421560430766875,0.6418767130206309,0.9098011269272058,0.5590275165352177,0.5585082412056619,1.0101630762729128,RandomForestRegressor,659.9265015125275,0.13939476013183594,0.5222214013693979,0.5218299714375702,1.1008456429912188,0.5351817046617013,0.5351323927489627,1.0365609216275922,0.4080657252458443,0.40668122424482,1.1710467562124296,IterativeImputer,0.24806198777689437,0.2543284738199132,AdaBoostRegressor,12623.69929432869,2.1396636962890625
131,42183,reg_non_simple_,MNAR_,0.5_,3/,0,0.0,0.5246514529660302,0.5246514529660302,1.0975930227364281,0.5746463126470134,0.573916781095213,0.9923786321320317,0.330828674902787,0.33078531879693085,1.24369222529189,LGBMRegressor,517.8466873168945,0.05861997604370117,0.5380793240882898,0.5380793240882897,1.0819793028470783,0.5416853217865019,0.5414031370697359,1.0295459374964777,0.2734158327110938,0.27337193170278873,1.295944116571345,IterativeImputer,0.2744417499397626,0.2687974433782018,LGBMRegressor,8920.95118689537,7.179539203643799
132,42225,reg_non_simple_,MNAR_,0.01_,1/,0,0.0,0.9637855262551474,0.9637855262542844,0.1350045822405246,0.9968955886930851,0.9968919769198322,0.03849799765565624,0.996722225000282,0.9967169434194588,0.039567189946079245,ExtraTreesRegressor,1472.8043308258057,0.6145164966583252,0.9488536207845543,0.948852768534673,0.16044215455895797,0.9983864971503523,0.9983783460642908,0.027808343176464922,0.9982591516832714,0.9982519558726948,0.02887169092909926,IterativeImputer,0.1448197272913822,0.15243332543666419,MLPRegressor,14878.541089296341,0.2239398956298828
133,42225,reg_non_simple_,MNAR_,0.1_,1/,0,0.0,0.9649385572459591,0.9649385572452647,0.13283799487944375,0.9972275206086978,0.9972216864226612,0.03639876553228437,0.9956485515470369,0.9956456694559916,0.04556765936079551,ExtraTreesRegressor,1421.6783895492554,0.7973504066467285,0.9465198851460515,0.9465198851460515,0.1640603318367553,0.9928997644904005,0.9928997025071756,0.05818811612038197,0.9904370779023834,0.9904370610002985,0.06752921742827252,IterativeImputer,0.1500288753597229,0.14722799673018755,ARDRegression,14137.954552412033,3.845768690109253
134,42225,reg_non_simple_,MNAR_,0.3_,1/,0,0.0,0.9513704325155931,0.9513704325155931,0.15644353599161354,0.9950119808817927,0.9950062988934754,0.04879859256236294,0.9872361292971528,0.9872170207953045,0.07807501301970116,HistGradientBoostingRegressor,1755.492478132248,0.05102348327636719,0.9325888464512749,0.9325634704779286,0.18422774068512857,0.996916162006865,0.9968611515217519,0.038688438348885884,0.9835006523938693,0.9834163126163628,0.0889276007506686,IterativeImputer,0.15892065234857544,0.15544804376794166,MLPRegressor,15488.933869838715,0.40714073181152344
135,42225,reg_non_simple_,MNAR_,0.5_,1/,0,0.0,0.9317681113191914,0.9317680918812615,0.18531099088126432,0.9959688927587481,0.9959641687365461,0.04386948380362509,0.9286458642949602,0.927814510559563,0.18553291876315853,RandomForestRegressor,1928.5978693962097,0.7146933078765869,0.9273678750663518,0.9273677031691374,0.19119314141786886,0.9948869483718772,0.9947694219422072,0.04994256780686665,0.9269068827862372,0.9256006192449611,0.1883565315081696,IterativeImputer,0.15628954278837856,0.15922641760486408,ExtraTreesRegressor,14457.83970785141,1.1959469318389893
136,42225,reg_non_simple_,MNAR_,0.01_,2/,0,0.0,0.9662511524544752,0.9662510943820423,0.13032786092369303,0.9965894772433196,0.9965844842350513,0.04035749217574472,0.9960514032832136,0.9960419855460795,0.043444490868440856,RandomForestRegressor,1403.436588048935,0.602013349533081,0.9476205388595529,0.9476200517174608,0.1623640787296008,0.9979061065907646,0.9979010574191468,0.031637073477328075,0.9887394963612647,0.9887374319463821,0.07328494026979994,IterativeImputer,0.14332024995375914,0.16158074062860409,LinearSVR,13472.971132278442,0.16004061698913574
137,42225,reg_non_simple_,MNAR_,0.1_,2/,0,0.0,0.9718652618479793,0.9718652600257007,0.11899504370353813,0.9971525646593467,0.997149259784789,0.036870144976195285,0.9959954211444638,0.9959888050403475,0.0437353805305797,RandomForestRegressor,2116.533362388611,0.6953418254852295,0.9425715548655506,0.9425450373387869,0.17004786882278294,0.997603714605533,0.9975925412679947,0.03388250021619749,0.9961204203665996,0.9961200405487508,0.04301397888312659,IterativeImputer,0.2794930569827769,0.15818569269232546,MLPRegressor,15431.951871395111,0.29433298110961914
138,42225,reg_non_simple_,MNAR_,0.3_,2/,0,0.0,0.9571900405827318,0.9571900398964693,0.14678437620801432,0.9966221599378164,0.9966209215216242,0.040141644760504795,0.9848116766588401,0.9847763914000404,0.08520298870011492,ExtraTreesRegressor,1689.9941334724426,0.7112164497375488,0.9434864129304796,0.9434852796199665,0.16865072465017297,0.9938197496337867,0.9938153971552948,0.054306514781042085,0.9835629918168786,0.9835628775192565,0.08853376220401193,IterativeImputer,0.15320243415921303,0.1523816455881475,HistGradientBoostingRegressor,15103.066737174988,1.6103334426879883
139,42225,reg_non_simple_,MNAR_,0.5_,2/,0,0.0,0.9177683289994039,0.9177682531624755,0.20343570486330573,0.9911242567621802,0.9911228178766598,0.06506292579989721,0.9350062192524513,0.9342750159801486,0.17703586965709514,ExtraTreesRegressor,1446.8266351222992,0.6893384456634521,0.9127324617650303,0.9127324617650303,0.20957225309138444,0.9931377385687175,0.9930909046825196,0.057399302661920296,0.9310583041260654,0.9305122004361204,0.18203307428211393,IterativeImputer,0.16589290500467474,0.16336504862385007,RandomForestRegressor,14503.299543619156,0.628544807434082
140,42225,reg_non_simple_,MNAR_,0.01_,3/,0,0.0,0.9650370803625231,0.9650370803621212,0.1326512253215548,0.9968462950777607,0.9968413823614415,0.03881008127672829,0.9964371583083278,0.9964289680938233,0.04126604898510679,RandomForestRegressor,1229.1651079654694,0.6936764717102051,0.9481303750469438,0.9480983289889875,0.16162111190131714,0.9981835943923675,0.9981247441390696,0.029903793832282942,0.9979172130532801,0.9978531970563951,0.03199573676952746,KNNImputer,0.12294854811485936,0.11336172036890849,MLPRegressor,13988.020859718323,8.589957475662231
141,42225,reg_non_simple_,MNAR_,0.1_,3/,0,0.0,0.9703566520559396,0.9703566520523975,0.12214369276175159,0.9969018800186805,0.9968929075086757,0.03849223378449386,0.9954891449646693,0.9954880987432845,0.04638481377892867,ExtraTreesRegressor,1677.8922901153564,0.8184463977813721,0.9450334654400842,0.9448857306425598,0.16654800973724002,0.9979354780343239,0.9978313362831143,0.03215822954496266,0.9959000309381314,0.9957889920815055,0.04481145579923334,IterativeImputer,0.15013752978030254,0.15000356876776938,MLPRegressor,14786.432139396667,3.6843297481536865
142,42225,reg_non_simple_,MNAR_,0.3_,3/,0,0.0,0.9464701014582116,0.9464701014582116,0.16413667449703018,0.9946764284172648,0.9946755651760048,0.050388656814602785,0.9784101537514645,0.9783536414078471,0.10159876958679147,HistGradientBoostingRegressor,1838.2618260383606,0.05353188514709473,0.9305173792082296,0.9305173792082296,0.18700168316268423,0.9774105409761106,0.9773735766475987,0.10387331180213949,0.9759180915406027,0.9758112229154607,0.10739967823398452,IterativeImputer,0.15613158330763433,0.15410006556442038,ARDRegression,14024.925752162933,8.79101848602295
143,42225,reg_non_simple_,MNAR_,0.5_,3/,0,0.0,0.9201980991892622,0.9201980991848774,0.20040753118421212,0.9936018189740372,0.993573664334339,0.05535766041760167,0.9362237244339512,0.9362001837780215,0.1744237976601747,RandomForestRegressor,1493.692300081253,0.8586735725402832,0.9017576972382673,0.9017573884308782,0.22236036045192648,0.993124639178828,0.9931161600681994,0.05729429841497275,0.9310438968168487,0.9308906306032382,0.1815367220252722,IterativeImputer,0.16871216397016342,0.1687474632992079,HistGradientBoostingRegressor,15128.7035882473,2.139313220977783
144,42712,reg_non_simple_,MNAR_,0.01_,1/,0,0.0,0.9758300546705232,0.9758300546705232,28.09031867922704,0.9516905716544497,0.9516903793191533,40.47368740762475,0.9395375022050844,0.9395369439629185,45.27943578330747,LGBMRegressor,510.8135242462158,0.15506553649902344,0.9697937269451291,0.9697937269451291,31.402729928036145,0.9512216154197797,0.9512197439508195,40.67035818016023,0.940585619349346,0.9405845689464559,44.88545020239729,KNNImputer,0.25542042445560037,0.2609975826287415,HistGradientBoostingRegressor,9569.42243719101,2.9761128425598145
145,42712,reg_non_simple_,MNAR_,0.1_,1/,0,0.0,0.9263914237171998,0.9263914237171998,49.021098734469966,0.9456594818301204,0.9455853572731386,42.955012567257285,0.8846481702989092,0.8846481554526662,62.54149107164626,HistGradientBoostingRegressor,2556.7837047576904,3.431420087814331,0.9222708927332501,0.9222708927332501,50.37449113361315,0.9405320072553824,0.9405051584028484,44.915435576210015,0.88293897710541,0.882925585007524,63.0067324550582,KNNImputer,0.2515089151940393,0.25806495518474154,LGBMRegressor,11491.244042396545,13.340715169906616
146,42712,reg_non_simple_,MNAR_,0.3_,1/,0,0.0,0.7946449057151971,0.7946449057151971,81.87881952412766,0.9226603398311938,0.9225408234417332,51.249826246181286,0.6689938585027501,0.6689894980976465,105.94411703248447,HistGradientBoostingRegressor,1750.6014029979706,1.8901336193084717,0.7858487607495016,0.7858487607495016,83.61402465301768,0.9030447493846436,0.9030417946901075,57.338752970239184,0.6713818747790071,0.6713712145657319,105.5622796256554,KNNImputer,0.2925694486621052,0.2839640932820993,LGBMRegressor,9623.564984798431,26.391279935836792
147,42712,reg_non_simple_,MNAR_,0.5_,1/,0,0.0,0.5667138209256459,0.5667138209256459,118.93406159063413,0.8676470587028469,0.8662249821565206,67.35091003156369,0.46693648788436315,0.4659765729431342,134.56623890745192,LGBMRegressor,1153.6007435321808,0.09219479560852051,0.6464861005911428,0.6464861005911428,107.42913507310911,0.8528566880524152,0.8503780930274037,71.2284595867601,0.4540658351187016,0.45249606380809104,136.25410090533623,IterativeImputer,0.3095126767185275,0.3112140211893104,LGBMRegressor,12259.557128667831,0.22058725357055664
148,42712,reg_non_simple_,MNAR_,0.01_,2/,0,0.0,0.9846627655333043,0.9846627655333043,22.37651045362882,0.9556785328812882,0.9556779883370364,38.767312158424275,0.9462486774046996,0.9462482301042351,42.69257439388918,HistGradientBoostingRegressor,5282.7266499996185,3.9008679389953613,0.9913761618679656,0.9913761618679656,16.77911807991287,0.9517104151491247,0.9517100778362491,40.46543488047125,0.9377665115352576,0.9377596736726125,45.940095102415846,KNNImputer,0.2155908237990644,0.19690025131169814,HistGradientBoostingRegressor,15893.284794569016,6.03178596496582
149,42712,reg_non_simple_,MNAR_,0.1_,2/,0,0.0,0.9045896008780462,0.9045896008780461,55.810599613628455,0.9429661519490438,0.9429660197035541,43.97671651879541,0.86401065170448,0.8640040853293971,67.90767954634404,LGBMRegressor,746.1936538219452,0.10715270042419434,0.9263266857807669,0.9263266857806167,49.04265075651642,0.94084821240715,0.940731259661447,44.83000713255092,0.8513392223087287,0.8513344777931923,71.00044811717467,KNNImputer,0.25554019297484876,0.2541004895074554,HistGradientBoostingRegressor,12145.094124794006,13.967037200927734
150,42712,reg_non_simple_,MNAR_,0.3_,2/,0,0.0,0.7397710987173942,0.7397710987173942,92.1714874705797,0.9244892707802246,0.9244853638338977,50.60244791732167,0.6929632188246623,0.692940503351027,102.03924257635198,LGBMRegressor,567.63951587677,0.09077858924865723,0.7704517198723616,0.7704517198723616,86.56769497564,0.9088938110851774,0.9083721948218819,55.74033843730463,0.6981447237327502,0.6981153542214833,101.17575917765369,KNNImputer,0.2845045588649115,0.2752345566879009,LGBMRegressor,11516.806294202805,26.62963318824768
151,42712,reg_non_simple_,MNAR_,0.5_,2/,0,0.0,0.6239472668781654,0.6239472668781654,110.80087929964257,0.8950833062941409,0.8950726488231571,59.648608141556686,0.4786112537520608,0.4785454780541938,132.9732178172498,LGBMRegressor,705.3831725120544,0.15139174461364746,0.6487177302304505,0.6487177302304505,107.08951392013113,0.8761099352289016,0.8758608358056514,64.87992929646953,0.4600307056379459,0.46000834513345845,135.31610348713366,KNNImputer,0.3118727286472727,0.3099371740226153,LGBMRegressor,11798.366450309753,51.34802746772766
152,42712,reg_non_simple_,MNAR_,0.01_,3/,0,0.0,0.968807156811772,0.968807156811772,31.911433463016575,0.953425237559436,0.953423436456931,39.741081419853316,0.9482264092750722,0.9482250217831055,41.9001831997498,LGBMRegressor,928.4887421131134,0.13346529006958008,0.9711209899662222,0.9711209899662222,30.705062307310946,0.9480830405163624,0.9480828500694208,41.95767175148697,0.9421244729099157,0.9421204831920152,44.30149761687875,KNNImputer,0.20440411619584523,0.2094987864982236,HistGradientBoostingRegressor,14401.671681404114,3.152527332305908
153,42712,reg_non_simple_,MNAR_,0.1_,3/,0,0.0,0.9439455825199211,0.9439455825199211,42.77832287474998,0.948387749776942,0.9483876118933798,41.83434143157548,0.8584398005187079,0.8584387895963475,69.28322468826198,LGBMRegressor,583.8926939964294,0.12016797065734863,0.9136375682391351,0.9136375682391351,53.09837905029646,0.9398170461820681,0.9397554501218606,45.1975445325974,0.8534834020788444,0.8534080674281994,70.50355152680713,KNNImputer,0.23540550578536373,0.2282270613296157,LGBMRegressor,9572.627047300339,12.079170942306519
154,42712,reg_non_simple_,MNAR_,0.3_,3/,0,0.0,0.8384051251865429,0.8384051251865429,72.63277271269467,0.9278465586144151,0.9270809571875467,49.72518859735688,0.6438893843980689,0.643845823004801,109.89425279940131,LGBMRegressor,1104.825841665268,0.16036319732666016,0.828281827897273,0.828281827897273,74.8732975478368,0.906213246943024,0.9061474958676597,56.41296051274723,0.6367184611262515,0.6366838305086916,110.993698419301,KNNImputer,0.2866264418602371,0.28252351842231027,LGBMRegressor,10646.402967214584,26.677189350128174
155,42712,reg_non_simple_,MNAR_,0.5_,3/,0,0.0,0.6673487494292063,0.6673487494292063,104.21096377859897,0.8920753375437164,0.8897324863694214,61.14764708917381,0.4750650322437936,0.47505106221810234,133.41801965035268,LGBMRegressor,767.9672253131866,0.11440539360046387,0.6515365068466986,0.6515365068466985,106.65899203166566,0.877383261632658,0.8771547754485343,64.54091210747622,0.47383881102468994,0.47383676742961534,133.572239626932,IterativeImputer,0.31381458385963235,0.3121163699578261,LGBMRegressor,11390.43108344078,0.22343111038208008
156,287,reg_non_simple_,MNAR_,0.01_,1/,0,0.0,0.9991736101145781,0.9991736101145512,0.02506839872289706,0.5055395715369919,0.5055173085985958,0.6171833050549446,0.49873326538340346,0.49873326485816427,0.6214025987003969,HistGradientBoostingRegressor,1833.5212397575378,1.8754372596740723,1.0,1.0,0.0,0.48799447319739464,0.4859853362878742,0.6292545679558131,0.4863665005544744,0.48428332580473876,0.6302955039804501,KNNImputer,0.06347369953079227,0.056738473756245585,KNeighborsRegressor,9238.470220088959,0.6373236179351807
157,287,reg_non_simple_,MNAR_,0.1_,1/,0,0.0,0.9330011666930123,0.9330011631392374,0.2257187979394815,0.48433176286761104,0.4840151790296736,0.6304593436927336,0.4315666018540232,0.43090961614984125,0.662108626399873,RandomForestRegressor,803.70729804039,0.09812593460083008,1.0,1.0,0.0,0.45095375629182943,0.44941285982383206,0.6512558753826923,0.43583238088004517,0.4345511412717816,0.6599868591909759,KNNImputer,0.0642068230473307,0.06885518905834435,KNeighborsRegressor,6999.45491027832,1.8996217250823975
158,287,reg_non_simple_,MNAR_,0.3_,1/,0,0.0,0.8389075324921804,0.8389075324921804,0.35000295748089216,0.4190169995640781,0.4189146417657972,0.6690500212968314,0.33025505452866655,0.32956597547685573,0.7186487026561685,HistGradientBoostingRegressor,1065.7785365581512,1.537707805633545,0.6363124346039533,0.6363124346039533,0.5258941302948263,0.4035546405974031,0.40316908479795177,0.6780539934314213,0.3222669460498745,0.32029890415004847,0.7235984162593849,KNNImputer,0.0973587960305379,0.09423285948140091,LGBMRegressor,6895.448224067688,2.4497528076171875
159,287,reg_non_simple_,MNAR_,0.5_,1/,0,0.0,0.43502568855405277,0.43502568855405277,0.6554634023455927,0.3617854715304808,0.3610047946548518,0.701596513723024,0.22755767281399208,0.22556425782553735,0.7723805286185401,HistGradientBoostingRegressor,993.467568397522,0.024641036987304688,0.7988112406206134,0.7988112406206134,0.391143352233009,0.3705823804662036,0.3705016305651172,0.6963633844167054,0.22768230058294014,0.22593455057963263,0.7721958515085099,IterativeImputer,0.08864792679312163,0.08875860408170083,ExtraTreesRegressor,8739.110799789429,0.2353801727294922
160,287,reg_non_simple_,MNAR_,0.01_,2/,0,0.0,0.9861494369104945,0.9861494344456394,0.10262846913385171,0.5245587969460084,0.5244666959581132,0.6052420473640574,0.5121960027694584,0.511962685027078,0.6131477474935468,ExtraTreesRegressor,676.122715473175,0.11276698112487793,1.0,1.0,0.0,0.486796877335396,0.4852046306260218,0.6297322549197354,0.4881176743708122,0.4865096429745319,0.6289335590664654,KNNImputer,0.05991610890480859,0.04731940830600459,KNeighborsRegressor,8126.656936407089,0.701324462890625
161,287,reg_non_simple_,MNAR_,0.1_,2/,0,0.0,0.8238182449805956,0.8238093101983908,0.36603749547543696,0.4476696989698308,0.4476333762401802,0.6523074475876425,0.39305012730744926,0.3928769398495394,0.6838754082019932,RandomForestRegressor,457.70976543426514,0.09457230567932129,0.9497491366069868,0.9497491366069868,0.1954815892841793,0.4813153042163818,0.4810853681219984,0.632246714139095,0.4625972793917187,0.4623988237761044,0.6435298964460935,KNNImputer,0.06753062681608711,0.06258640503573845,RandomForestRegressor,8967.691284656525,1.4939815998077393
162,287,reg_non_simple_,MNAR_,0.3_,2/,0,0.0,0.8223608500027475,0.8223608350478555,0.3675390248095914,0.4043448030198631,0.4042919140341078,0.6774158752930839,0.29225610294605353,0.29077501324470234,0.7391466901805694,RandomForestRegressor,642.6041162014008,0.125319242477417,0.6169409695013555,0.6169409695013555,0.5397180589351499,0.37996254219748715,0.37961420133405555,0.6913047587758833,0.30661792326235304,0.3056902824132638,0.7313331243920166,KNNImputer,0.0971264586663507,0.0919446806941348,LGBMRegressor,7275.423046827316,2.4614627361297607
163,287,reg_non_simple_,MNAR_,0.5_,2/,0,0.0,0.40884592726592395,0.40884592726592384,0.670477857999294,0.3721368507279953,0.36626239334882904,0.6987042135425141,0.2220493269364131,0.22124946724826222,0.7745292098646233,HistGradientBoostingRegressor,1279.22287607193,3.6534533500671387,0.6376583386117127,0.6376386839487356,0.5249343727552009,0.3656941204978432,0.3654002088876137,0.6991793369667685,0.21267904476707344,0.2126611056174531,0.7787884026839451,IterativeImputer,0.08952508575826595,0.09596270780189767,ExtraTreesRegressor,12496.386933088303,0.2761843204498291
164,287,reg_non_simple_,MNAR_,0.01_,3/,0,0.0,0.9868337617696599,0.9868337610089021,0.10006102888341674,0.5171262031192829,0.5171183374441216,0.6099004857877247,0.5057466866056752,0.5056835891342049,0.6170795256898749,ExtraTreesRegressor,562.3229854106903,0.10846567153930664,1.0,1.0,0.0,0.5301095394355303,0.5300595148937021,0.6016723488615837,0.5298254957718156,0.5297631387116424,0.6018620465496417,KNNImputer,0.06687542755183812,0.057696682725549245,ExtraTreesRegressor,6083.074363946915,0.3807497024536133
165,287,reg_non_simple_,MNAR_,0.1_,3/,0,0.0,0.992649709261194,0.992649709261194,0.0747629373739434,0.4674722132230621,0.46720308761273466,0.6406479964559796,0.44401938470720703,0.4429473685472517,0.6550685323605614,HistGradientBoostingRegressor,947.39013838768,0.02615523338317871,0.8855905363667599,0.8855905363667599,0.29496132261247154,0.4783752292075264,0.4779188837155015,0.6341728060302622,0.4721936362369,0.471727673530121,0.6379219604409853,KNNImputer,0.06686581624183668,0.06223103045724666,RandomForestRegressor,6656.925552606583,1.3307781219482422
166,287,reg_non_simple_,MNAR_,0.3_,3/,0,0.0,0.5080833599946126,0.5080833599946126,0.6116174306847693,0.3995811947277358,0.39936602041195157,0.6802108757747112,0.30228740583164015,0.30137617716658927,0.7336016813272731,LGBMRegressor,552.2254390716553,0.03481292724609375,0.9206911469885811,0.9206911469885811,0.24558109513624124,0.42250630489186813,0.42167967879775514,0.6674563190902539,0.3429682156631819,0.3422239613259678,0.7118322287262185,IterativeImputer,0.08330488946736912,0.08591139951330755,HistGradientBoostingRegressor,12081.43708372116,6.088148593902588
167,287,reg_non_simple_,MNAR_,0.5_,3/,0,0.0,0.48216320993224204,0.48216320993224204,0.6275243003552958,0.3587725324849147,0.35639618758114766,0.7041220206047175,0.20423034099158233,0.20409138552806316,0.783015258614775,LGBMRegressor,580.4041352272034,0.039295196533203125,0.7686489939273635,0.7686489939273635,0.41943995047246757,0.366945844894787,0.3668559821449425,0.6983769170785546,0.20624001879327136,0.20537466522363457,0.7823837583874905,IterativeImputer,0.09311847559542483,0.09447000474898061,RandomForestRegressor,11773.54142832756,0.19468045234680176
168,42688,reg_non_simple_,MNAR_,0.01_,1/,0,0.0,0.9998537522937447,0.9998537522697334,221.1912643618188,0.9873890295626044,0.9873847515905451,508.0450209587497,0.9843240245444753,0.9842987072931041,566.7897673770448,DecisionTreeRegressor,699.5320572853088,0.011848211288452148,0.9974794131617826,0.9974794131617826,918.2781188630976,0.999941165398065,0.9999397746068169,35.10299062637197,0.9980618608088784,0.9980527921045367,199.5999632681538,KNNImputer,0.22449055092278516,0.21193810574769495,ARDRegression,7987.5518498420715,0.694713830947876
169,42688,reg_non_simple_,MNAR_,0.1_,1/,0,0.0,0.9947924011654247,0.9947923995273729,1319.9036585896322,0.9944007891895308,0.9943879633949204,338.85550354108034,0.9868343295730687,0.9868332699481036,519.0309573641276,RandomForestRegressor,725.3976762294769,0.17218470573425293,0.9854137279119983,0.9854137278785927,2208.999204861112,0.9983967276952098,0.998390902871123,181.44517590188198,0.9873353588549008,0.9871778676025762,512.1939267427258,IterativeImputer,0.223603277217249,0.22725295513008917,LinearSVR,13006.94880771637,0.15926241874694824
170,42688,reg_non_simple_,MNAR_,0.3_,1/,0,0.0,0.7736846368932447,0.7736846354006733,8701.22549034189,0.8970076641388424,0.8965500829133252,1454.8538563565342,0.8242010173822851,0.8240760354314789,1897.2160844030418,DecisionTreeRegressor,669.7190842628479,0.009904623031616211,0.976475046519168,0.9764750465191507,2805.3547684306923,0.976306948324965,0.965390166219198,841.4998693228114,0.8270484227725957,0.8263623139034085,1884.847817267553,KNNImputer,0.2884906658719926,0.2872013788783358,LinearSVR,10114.67802453041,8.105365753173828
171,42688,reg_non_simple_,MNAR_,0.5_,1/,0,0.0,0.0804163619718875,0.08040194143359303,17539.71073326732,0.8902055983017256,0.8667487378408929,1651.1630516921518,0.7337220475284154,0.7242514504174478,2375.2586836037767,HistGradientBoostingRegressor,854.0688683986664,0.5702311992645264,0.4926225945655788,0.49262259455884616,13028.336449254199,0.8158233983775565,0.811333047832864,1964.7269977986534,0.8097431397387123,0.8089020546047114,1977.3443394235053,IterativeImputer,0.2665071243103385,0.2678249931349877,LinearSVR,12820.397941350937,0.41223669052124023
172,42688,reg_non_simple_,MNAR_,0.01_,2/,0,0.0,0.9998106058340211,0.9998106053205107,251.71395361495735,0.9890196361893073,0.989018417068578,474.00919781147553,0.9884566124729193,0.9884546786612444,486.02354481212603,DecisionTreeRegressor,756.5139288902283,0.015213489532470703,0.9999370044696458,0.9999370044696458,145.17046638747962,0.9999725492762467,0.9999706458192833,24.506950744316615,0.9993552295040925,0.9993548596697932,114.88977851013364,KNNImputer,0.20977081730707758,0.2513424915224656,ARDRegression,8721.39282822609,0.6279430389404297
173,42688,reg_non_simple_,MNAR_,0.1_,2/,0,0.0,0.999909826684369,0.9999098089857393,173.70208811763584,0.992522860124876,0.9925228119072154,391.13209029736174,0.9727935703229371,0.9727481011239708,746.7112258981149,ExtraTreesRegressor,811.9605884552002,0.3267326354980469,0.9826190376158607,0.9826190376158607,2411.350345227397,0.999064158882788,0.9990618156752193,138.5474006930442,0.9813886843157208,0.9813741474137943,617.3228845186023,IterativeImputer,0.24270308030048476,0.22837415507432238,ARDRegression,10877.252890586853,0.14823341369628906
174,42688,reg_non_simple_,MNAR_,0.3_,2/,0,0.0,0.6118729017320301,0.6118728209644781,11394.897729058102,0.9747480628598414,0.9747393503064494,718.9133596379359,0.7650952899587464,0.7630100931541051,2202.009667015191,ExtraTreesRegressor,705.0149171352386,0.14760208129882812,0.9543289625079571,0.9543289625079506,3908.803536056831,0.9861934663610566,0.9846677872265132,560.0885764312679,0.8082366928013691,0.8082255129167822,1980.841430811249,KNNImputer,0.36898815109857636,0.35212317406770494,LinearSVR,8103.9732983112335,7.346844911575317
175,42688,reg_non_simple_,MNAR_,0.5_,2/,0,0.0,0.11157423870651206,0.11157316999170774,17239.879921230935,0.9463415757263443,0.9436841374852368,1073.4199587027292,0.7887145079499309,0.7849925270045404,2097.399081885231,ExtraTreesRegressor,616.2350134849548,0.1373441219329834,0.060848088374999776,0.060848088374999665,17725.20747005584,0.9563395769435534,0.9504898667737978,1006.4711801830534,0.8069160729276001,0.8036669761588747,2004.2457614712616,IterativeImputer,0.2534695502143081,0.26106935157700006,ARDRegression,12268.104385137558,0.2013857364654541
176,42688,reg_non_simple_,MNAR_,0.01_,3/,0,0.0,0.9998225459175915,0.9998225458367264,243.65004740568713,0.9875176440329059,0.9874795113969974,506.1333267570754,0.9821374446865513,0.9820542296526179,605.9479896960567,DecisionTreeRegressor,548.3811657428741,0.013489484786987305,0.9999347951360181,0.9999347951360181,147.694186291177,0.9999889643771843,0.9999883803097142,15.418835401844884,0.9987699621934545,0.9987694372830572,158.6741470852856,IterativeImputer,0.22866215460715697,0.16686792121378557,ARDRegression,11147.464352369308,0.18135762214660645
177,42688,reg_non_simple_,MNAR_,0.1_,3/,0,0.0,0.9994432455330827,0.9994432296035664,431.580159962322,0.9454674921657116,0.9453893479965271,1057.0437846482132,0.8521931110922879,0.8508500756276223,1746.891030180862,ExtraTreesRegressor,601.6925714015961,0.2649228572845459,0.9967150946118369,0.9967150946118369,1048.2981914944141,0.996343843753962,0.9961247658107072,281.58095181752134,0.9141456780994713,0.9139657665457568,1326.7525863239605,KNNImputer,0.2303137644874561,0.23189796703740126,ARDRegression,6527.537650346756,3.8680050373077393
178,42688,reg_non_simple_,MNAR_,0.3_,3/,0,0.0,0.9984762538454788,0.998476249193198,713.9706811987033,0.9715715652989277,0.9714489793536597,764.3022096245987,0.9252675955109915,0.92523800440046,1236.7865076102933,DecisionTreeRegressor,745.455751657486,0.012192010879516602,0.9932373455057901,0.9932373455054686,1504.1183294973025,0.9908439499360963,0.9898971699777165,454.64855925283894,0.9455249552352202,0.945284020289565,1058.0626551625985,IterativeImputer,0.23501028773488755,0.22730333905822306,LinearSVR,13991.329960346222,0.3642699718475342
179,42688,reg_non_simple_,MNAR_,0.5_,3/,0,0.0,0.9929829660479895,0.9929827972573888,1532.1645720768377,-3.389393083816148,-3.4059286578718764,9494.520279038054,0.7411073057464594,0.7400243996097762,2306.3254479665056,DecisionTreeRegressor,640.1659650802612,0.009775638580322266,0.9650544575911093,0.9650544575905264,3419.1589966613524,0.9026643524201876,0.90266405045921,1411.207679247078,0.7359127886191272,0.7302445900395977,2349.3048633224735,KNNImputer,0.2484975101580924,0.24348043351211993,LinearSVR,11495.316046714783,14.012998580932617
180,23515,reg_non_simple_,MNAR_,0.01_,1/,0,0.0,0.9270848371292975,0.9270843670958178,0.014281535175843841,0.6966162111918837,0.6965092471266705,0.029400833582509493,0.6563515435463761,0.6561417715883703,0.03129512013230735,LGBMRegressor,748.1201391220093,0.07549929618835449,0.9213601570554286,0.9213601570554285,0.01483152771792242,0.702167596492016,0.7020284843853961,0.029132267381641066,0.69428577317854,0.6940861738057146,0.029517968525914626,KNNImputer,0.041003889734923624,0.04917401643511616,ExtraTreesRegressor,9203.910072565079,0.3782382011413574
181,23515,reg_non_simple_,MNAR_,0.1_,1/,0,0.0,0.9283831659279115,0.9283831624556225,0.014153770154928077,0.6885419886568644,0.6883059901562796,0.029795531740149667,0.6250485004122481,0.6246800761565738,0.032695480340807055,RandomForestRegressor,601.0685539245605,0.1416616439819336,0.8828352093115752,0.8828352046141111,0.018103524671456955,0.6613462403632864,0.6613432124838208,0.031057522214643155,0.5898682304549487,0.5897235161622499,0.03418418457703472,IterativeImputer,0.05648956432446625,0.06031028923383197,LGBMRegressor,11553.900082826614,0.47823548316955566
182,23515,reg_non_simple_,MNAR_,0.3_,1/,0,0.0,0.8629959343626621,0.8629959020283878,0.01957633317691207,0.6880320813392519,0.6877509280980042,0.029822049755181355,0.6103861068617584,0.610337104597827,0.03331435727627156,RandomForestRegressor,1006.9165167808533,0.1754744052886963,0.7118483689290822,0.7116729083968203,0.028399277709283726,0.657269822359724,0.6572651116602474,0.031243959772688554,0.723671529606515,0.72327450381571,0.028074465702958417,IterativeImputer,0.08880048371476565,0.10074448829117036,MLPRegressor,14520.6329870224,1.3284640312194824
183,23515,reg_non_simple_,MNAR_,0.5_,1/,0,0.0,0.48871740873034364,0.48871616606962065,0.03781774242663569,0.604042928414572,0.6038501640110518,0.033590514243081265,0.26548887859647163,0.2651459364751966,0.04574961697032777,LGBMRegressor,625.3833403587341,0.04358816146850586,0.4915272905437059,0.49152581459595535,0.037713689712303766,0.586977090741726,0.5826428907887871,0.03447790114847972,0.25716730453770753,0.2571050988952184,0.04599923415444304,KNNImputer,0.18183061605188808,0.17372548856059045,LGBMRegressor,6549.173131465912,7.504745006561279
184,23515,reg_non_simple_,MNAR_,0.01_,2/,0,0.0,0.9825392438434184,0.9825391192050548,0.0069887200274163005,0.7732705530731954,0.7731424588862433,0.025419296246901396,0.7690310304061985,0.7689317173747345,0.025654117563602547,ExtraTreesRegressor,1001.6862525939941,0.2903780937194824,1.0,1.0,1.3058396973551983e-16,0.791829119465637,0.7917737787151061,0.024353120706025157,0.7895774219536854,0.7894991145004896,0.024485776209927552,KNNImputer,0.047605679661528004,0.03403339941434106,ExtraTreesRegressor,12163.334990024567,0.5536458492279053
185,23515,reg_non_simple_,MNAR_,0.1_,2/,0,0.0,0.9623783928676426,0.9623783928438051,0.01025848531516157,0.7227330907998428,0.7227040017952444,0.028103390202386856,0.6631459270350224,0.66308147020509,0.030977713640065303,RandomForestRegressor,744.9848585128784,0.16115999221801758,0.9957789398028419,0.9957789398028419,0.0034361755386225104,0.7241354192030667,0.7240480937841488,0.02803519696025206,0.68754540162526,0.6871023289418032,0.029853006648167885,IterativeImputer,0.057112950105068686,0.059404909922095815,ExtraTreesRegressor,8199.271807909012,0.6388609409332275
186,23515,reg_non_simple_,MNAR_,0.3_,2/,0,0.0,0.9327793438591795,0.9327789670903188,0.013712516392044715,0.6408237693919272,0.6391846168584897,0.03205748405483032,0.456338418130111,0.455591278612578,0.039377618701278844,RandomForestRegressor,566.7584223747253,0.17256474494934082,0.7761471755838311,0.7761471755838311,0.025023373495282185,0.6423134586387588,0.6418201357290395,0.03194019006367566,0.5194828018073517,0.5194404603576466,0.03699648923153027,IterativeImputer,0.0965796013306798,0.1007848157679739,ExtraTreesRegressor,13515.186222314835,1.0263221263885498
187,23515,reg_non_simple_,MNAR_,0.5_,2/,0,0.0,0.5684831412824403,0.5684818183159561,0.0347427441817853,0.5992956106816962,0.5967660535205032,0.03388952295192556,0.29269316238705767,0.29255125133032234,0.044888428736057424,RandomForestRegressor,683.3244171142578,0.16363120079040527,0.5952768824359611,0.5952441674930471,0.03364814499650579,0.575914223021365,0.5670008874569763,0.03511805183082119,0.28199276685783004,0.28134314966164264,0.045242614814627144,KNNImputer,0.1479214352959576,0.1480494362797044,RandomForestRegressor,9572.879844427109,7.087666273117065
188,23515,reg_non_simple_,MNAR_,0.01_,3/,0,0.0,0.9418971703921927,0.9418970148728593,0.01274863806793952,0.6580709302414258,0.6579135286645513,0.031214390699665483,0.6492966469589019,0.6491428934634178,0.03161200566553582,LGBMRegressor,583.5486402511597,0.06534671783447266,0.999648161500629,0.999648161500629,0.000992056138796191,0.7328680890341113,0.7327275859819022,0.027590780138550833,0.7227787002742752,0.7225762683610362,0.02810986222013639,KNNImputer,0.04992659869543906,0.07766414663189845,HistGradientBoostingRegressor,8182.891358137131,2.1613893508911133
189,23515,reg_non_simple_,MNAR_,0.1_,3/,0,0.0,0.9373385409015046,0.9373385358725722,0.013239294354531502,0.6697025534863531,0.6696549432348498,0.03067402862979152,0.6380819422941231,0.6377809329017028,0.032119780312798905,RandomForestRegressor,654.1145112514496,0.13740277290344238,0.9268721208167916,0.9268721208167916,0.014302305756456727,0.6930967901935357,0.6930888124722259,0.029566047627485104,0.6766483877308829,0.6764287725927955,0.03035790939953827,IterativeImputer,0.05594763194806271,0.060972957841323824,RandomForestRegressor,12833.763042926788,0.5471155643463135
190,23515,reg_non_simple_,MNAR_,0.3_,3/,0,0.0,0.8120643461553543,0.8120604462195442,0.022928395514256315,0.7122655868595063,0.7119741087047289,0.028641956245773228,0.451276959421535,0.4508459724540036,0.039548862684140644,LGBMRegressor,736.2425727844238,0.07289648056030273,0.9539031043800181,0.9539031043800181,0.011355346958592997,0.6694672727374047,0.6692976401902593,0.030690612746335617,0.4661575572804504,0.4653973259760189,0.03902136665364491,IterativeImputer,0.09965711290242028,0.11042577666521523,RandomForestRegressor,10869.913713216782,0.9062595367431641
191,23515,reg_non_simple_,MNAR_,0.5_,3/,0,0.0,0.5482635525132157,0.5482635525132157,0.03554734220766282,0.6041605340775188,0.6039506123793397,0.033586255341584235,0.2562616404353192,0.2560625474767442,0.04603149965621157,LGBMRegressor,711.2955729961395,0.05840349197387695,0.5570073368790471,0.5570073368790471,0.03520163501865654,0.6301312050266923,0.6291727642732665,0.03249920402002303,0.2977557393541933,0.297689168575609,0.04472512834931331,IterativeImputer,0.16897764228434584,0.16663956116020842,LGBMRegressor,10767.01206946373,0.10055327415466309
