,DatasetID,Exp_Name,Condition,Level,Triplicate,Exp1ImputeRMSEAcc,Exp2ImputeModel,Exp2train_explained_var,Exp2train_r2,Exp2train_rmse,Exp2ori_explained_var,Exp2ori_r2,Exp2ori_rmse,Exp2impute_explained_var,Exp2impute_r2,Exp2impute_rmse,Exp2RegressorModel,Exp2duration,Exp2inference_duration,Exp3train_explained_var,Exp3train_r2,Exp3train_rmse,Exp3ori_explained_var,Exp3ori_r2,Exp3ori_rmse,Exp3impute_explained_var,Exp3impute_r2,Exp3impute_rmse,Exp3ImputeModel,Exp3TrainRMSEAcc,Exp3ImputeRMSEAcc,Exp3RegressorModel,Exp3duration,Exp3inference_duration
0,189,reg_non_simple_,MNAR_,0.01_,1/,0,0.0,0.9714750214957891,0.9714750214957891,0.04470361296579616,0.7899586027812131,0.7899293469864711,0.11877495371460182,0.7702036472763295,0.7701265558217472,0.12424719089698712,HistGradientBoostingRegressor,294.4386377334595,0.011583089828491211,0.9531489315124401,0.9530826795082589,0.057331930011997684,0.9258911747394248,0.925891152106062,0.07054678197268618,0.9056874951545022,0.9056839830875418,0.07958567479506878,KNNImputer,0.2898915652483231,0.2938725165313794,MLPRegressor,10501.548249721527,0.09292125701904297
1,189,reg_non_simple_,MNAR_,0.1_,1/,0,0.0,0.8814820528170256,0.8814820528170256,0.09112174370434384,0.7545623796637675,0.7544741267934274,0.12840762376605108,0.5972814786565046,0.5972738117405414,0.1644550116793538,HistGradientBoostingRegressor,310.7807207107544,0.010323524475097656,0.7629855969039941,0.7629305493061159,0.12887472697354882,0.8889958343870539,0.8889882590206544,0.08634290054449953,0.6995484141039103,0.6995032429891708,0.1420568145186406,IterativeImputer,0.2918282140297099,0.2897845863477305,MLPRegressor,13309.59716463089,0.030629873275756836
2,189,reg_non_simple_,MNAR_,0.3_,1/,0,0.0,0.676639693506043,0.676639693506043,0.15051275854651605,0.6222799504865397,0.6219915893678677,0.1593282949573171,0.36720742729767464,0.36712426184466007,0.2061585735493858,LGBMRegressor,317.54915142059326,0.03330588340759277,0.4831062224781765,0.48252853725470235,0.19040272682715584,0.7699088640282512,0.7696523086824338,0.1243752907634466,0.4422858982477025,0.4417516234669888,0.1936225393146452,IterativeImputer,0.2875652484630638,0.28402080155440934,MLPRegressor,12106.952510118484,0.03725075721740723
3,189,reg_non_simple_,MNAR_,0.5_,1/,0,0.0,0.42446765721609936,0.42446765721609925,0.2008005179526954,0.49233056991406554,0.4886906283356738,0.18530368399871436,0.18107765249828744,0.18052272604761588,0.23459061518719804,HistGradientBoostingRegressor,329.8793954849243,0.010620355606079102,0.3755964871235131,0.37559425830841064,0.209152669607382,0.4894598812412485,0.4888160824775696,0.18528094315035834,0.20800570183521783,0.2078586220741272,0.2306447178567353,KNNImputer,0.2933447364423827,0.2882289778590391,XGBRegressor,7584.624909877777,2.365060806274414
4,189,reg_non_simple_,MNAR_,0.01_,2/,0,0.0,0.9570880029123106,0.9570880029123104,0.054830136222196624,0.7937917731154096,0.7937902554718053,0.11767840387256849,0.7831187150360754,0.7830949908468308,0.12069157865458031,HistGradientBoostingRegressor,455.81068229675293,0.011004924774169922,0.951514218675024,0.9513072087019528,0.05840664995800712,0.9229234795013433,0.922412561295292,0.07218349146737227,0.9056469544964572,0.9053456391125954,0.07972829758734933,KNNImputer,0.29198373810461753,0.302314994185736,MLPRegressor,8250.49013376236,0.1038825511932373
5,189,reg_non_simple_,MNAR_,0.1_,2/,0,0.0,0.885608156654794,0.885608156654794,0.08952152890064097,0.7428670694564696,0.7428564677618603,0.131410473378865,0.6038835152793678,0.6038445822597046,0.16310789274328355,HistGradientBoostingRegressor,390.3503692150116,0.01197361946105957,0.779619171180803,0.776171269072899,0.12522408807275995,0.8901429275214314,0.888378892799926,0.08657955317757024,0.7006202219897094,0.6954985418019224,0.14300027264106085,IterativeImputer,0.28810579704575356,0.2888355568332672,MLPRegressor,12398.591479301453,0.050868988037109375
6,189,reg_non_simple_,MNAR_,0.3_,2/,0,0.0,0.6716276877214384,0.6716276877214384,0.1516747287967649,0.6347799065295223,0.6346902948951341,0.15662921892501094,0.33460071575042016,0.33409166965354486,0.2114703095656782,HistGradientBoostingRegressor,372.8240520954132,0.010869264602661133,0.48610573083116837,0.4842456214784002,0.19008656525544457,0.8054594745302505,0.7933792689452561,0.11779561502681034,0.41433075726993873,0.4116675167471109,0.1987712600774714,IterativeImputer,0.2889698217543866,0.28911001578538437,MLPRegressor,12692.865176677704,0.03043055534362793
7,189,reg_non_simple_,MNAR_,0.5_,2/,0,0.0,0.42336433306154964,0.4233643330615495,0.20099289809124693,0.5181698971392654,0.5181257048862655,0.17989084308163475,0.21574723601673473,0.21570615491499834,0.2294994137710224,LGBMRegressor,295.47975420951843,0.03505420684814453,0.2998526872708642,0.299677057984451,0.22150275812505318,0.6384130693745916,0.6305019002864118,0.15752456236239298,0.23244204428049597,0.23213260611879116,0.22708334890161874,KNNImputer,0.29540552477519066,0.29360053162569616,MLPRegressor,9217.522058486938,2.4151055812835693
8,189,reg_non_simple_,MNAR_,0.01_,3/,0,0.0,0.9679891403338801,0.9679889678955078,0.04735653196886295,0.8091740800626661,0.8091543912887573,0.11320959930509261,0.7872054383782254,0.7870688438415527,0.11958089347650236,XGBRegressor,318.67037534713745,0.02771472930908203,0.9349787912853325,0.9330930356331639,0.06846452895497478,0.9253085768715883,0.9221740751819061,0.07229434415400994,0.9072316819413347,0.9035867489269891,0.08046565316135906,IterativeImputer,0.2880029854299086,0.27513332955132835,MLPRegressor,7332.046027183533,0.02293705940246582
9,189,reg_non_simple_,MNAR_,0.1_,3/,0,0.0,0.8673168333830981,0.8673141002655029,0.09641449251292576,0.7439395102146091,0.743924617767334,0.13113725632209808,0.6209753633635311,0.620975136756897,0.15954236099769525,XGBRegressor,344.7459719181061,0.04124331474304199,0.7755093816518726,0.7752106798424319,0.12549250787601235,0.8841242633493536,0.8833738939972584,0.08849934670500241,0.7157007605868813,0.7150007870481601,0.1383451719416579,KNNImputer,0.2893865028349093,0.2937672113313501,MLPRegressor,10752.557441234589,0.6866540908813477
10,189,reg_non_simple_,MNAR_,0.3_,3/,0,0.0,0.6755109018780319,0.6755109018780319,0.15077523592279402,0.6215342346770542,0.6215009578755197,0.15943166055441002,0.31910970739202327,0.31896908099957133,0.21385804474293554,LGBMRegressor,371.4065001010895,0.0399935245513916,0.4656683568803981,0.4654469877911841,0.1935197757455764,0.7569248379216761,0.756019841492167,0.128002788783545,0.4137034035399866,0.413524444605189,0.19845732568845506,IterativeImputer,0.2882727945673339,0.28679104424012875,MLPRegressor,9113.249144554138,0.030667543411254883
11,189,reg_non_simple_,MNAR_,0.5_,3/,0,0.0,0.43705512235474364,0.43705512235474364,0.19859252487072263,0.49215114936172877,0.49159058403902656,0.18477745015920408,0.21311135252940705,0.21290492554837082,0.22990889517078106,HistGradientBoostingRegressor,262.87653255462646,0.011822223663330078,0.3264184369909776,0.32344184163244816,0.21771208109840925,0.6104100565979004,0.6029471475824255,0.16329253728706128,0.251274004039018,0.2478713889151566,0.2247440650729208,KNNImputer,0.2939743499805904,0.29079792448657393,MLPRegressor,6657.425461530685,2.8851418495178223
12,189,reg_simple_,MNAR_,0.01_,1/,0.28058234977210583,0.0,0.94097356691742,0.9408444626420891,0.06437654476359712,0.9259690490223336,0.9259540871011256,0.07051682060834974,0.9010797430369932,0.9010620230512901,0.0815124018023427,MLPRegressor,10250.900631904602,0.07427191734313965,0.9461417249296048,0.9461362512181076,0.06142967950312253,0.9289131843380425,0.9288309497971947,0.06913337547729254,0.912837754324977,0.9127970451848925,0.07652578223810104,SimpleImputer,0.2936035200080718,0.2650543640485756,MLPRegressor,7278.606927871704,0.023934125900268555
13,189,reg_simple_,MNAR_,0.1_,1/,0.274131431085321,0.0,0.7777134675549439,0.7738014597034266,0.12588525400104006,0.8960544587978096,0.8943316766392156,0.08423926819511844,0.7153002245076321,0.711736348979122,0.13913523265945177,MLPRegressor,13380.299926519394,0.07613730430603027,0.7459911418112104,0.7449796568787739,0.1336648989454988,0.8755520228833827,0.8729604204482797,0.092365907380192,0.7042865060051235,0.7004349282577609,0.14183642114228162,SimpleImputer,0.2903080336698366,0.2891710456432881,MLPRegressor,10831.471890211105,0.013310909271240234
14,189,reg_simple_,MNAR_,0.3_,1/,0.26564522792726347,0.0,0.4933115364073586,0.49210067742337016,0.18863348061441015,0.7481511499431277,0.7479876603864868,0.1300927458072227,0.4209342346875229,0.4191117673250315,0.19750971691951416,MLPRegressor,10823.312502384186,0.022927284240722656,0.5172450383073259,0.5172434182876884,0.18390522285916225,0.7977424781092923,0.7968720600278785,0.11679574176053333,0.4347970778016864,0.4347214223402308,0.19483790034466292,SimpleImputer,0.28600373014216274,0.2862937840565454,MLPRegressor,4787.489459037781,0.026782989501953125
15,189,reg_simple_,MNAR_,0.5_,1/,0.27758744666466334,0.0,0.3174285752059416,0.31741810284968475,0.21867913360441124,0.6063321240304609,0.6035251496123166,0.16317363901989426,0.20873146314944457,0.20868377309583297,0.23052456591099227,MLPRegressor,11348.168682575226,0.09395360946655273,0.3047268240296038,0.3040870435595098,0.22080424708561266,0.595627350881137,0.5914944506979114,0.16563082207126936,0.22607854384295234,0.22546588243720433,0.22806700191683746,SimpleImputer,0.28855319992430384,0.28934764455697454,MLPRegressor,2546.1769666671753,0.010213375091552734
16,189,reg_simple_,MNAR_,0.01_,2/,0.2879959848937308,0.0,0.9398108642022772,0.9398098289239217,0.06493707916060033,0.9262692617775186,0.9262606325444359,0.07037070160953285,0.9058497452520662,0.9058362363496755,0.07952141172973759,MLPRegressor,12049.886294603348,0.07021760940551758,0.9414862648161039,0.9414803703941165,0.06402959367322685,0.9265057764764713,0.9263405100494717,0.07033257706815563,0.9017703924944904,0.9016654561462705,0.08126344527621997,SimpleImputer,0.2904974965822429,0.2847257101265556,MLPRegressor,7299.356471538544,0.02549266815185547
17,189,reg_simple_,MNAR_,0.1_,2/,0.2766563979646969,0.0,0.774446915067078,0.774446422089436,0.1257056568831413,0.8880897867896173,0.8877290926699225,0.08683119807485395,0.712761330262304,0.7127569768346997,0.13888870276774512,MLPRegressor,10238.625223636627,0.07325124740600586,0.7832777880028492,0.7831540770726824,0.12325529686857536,0.8890060067848221,0.888845409217951,0.08639843566575571,0.7040443653936816,0.7040398641991314,0.14098041546345974,SimpleImputer,0.2900771766791,0.2949761910312844,MLPRegressor,8837.09017276764,0.027714967727661133
18,189,reg_simple_,MNAR_,0.3_,2/,0.27366941557819696,0.0,0.5010784632939398,0.4990400277013822,0.18734041357279,0.7844027874187456,0.784374452816834,0.12033508923964314,0.40097764771636013,0.39932520722133136,0.20084539596801598,MLPRegressor,10013.267574071884,0.14307785034179688,0.4640048111267987,0.4637168728414556,0.19383269231072942,0.7525884000258585,0.7492215926105701,0.1297738673546241,0.3782568150607707,0.3781986350724429,0.20434688066564077,SimpleImputer,0.2883379734893021,0.2903371400331032,MLPRegressor,9374.286505937576,0.03665876388549805
19,189,reg_simple_,MNAR_,0.5_,2/,0.2667636554074718,0.0,0.3085498448652916,0.30222464299888585,0.22109950756813437,0.6398969037460291,0.6398247763470899,0.15552460048112396,0.20444672904659356,0.1983773242490453,0.2320209357455064,MLPRegressor,9717.051131248474,0.07100176811218262,0.24389023932951182,0.24214260902312512,0.23042187524113147,0.5509116512493353,0.5039984481975351,0.1825087517254557,0.20257449002312,0.19816959028278613,0.23205099696291565,SimpleImputer,0.2880940656329803,0.28769681225422256,MLPRegressor,1328.7782309055328,0.03260016441345215
20,189,reg_simple_,MNAR_,0.01_,3/,0.2825142899082313,0.0,0.9385513984311358,0.9337448104275886,0.06813023892831285,0.924576732843997,0.9211301293741703,0.07277760195324721,0.8954287432372078,0.891331911630641,0.08542661358565973,MLPRegressor,12671.772299528122,0.10663747787475586,0.9391211218479891,0.9389985455028235,0.06537324705240787,0.9253289060146282,0.9253012561666123,0.07082699666007411,0.8907694672915047,0.890661813838269,0.08568959883061182,SimpleImputer,0.29192997438464746,0.2919040363068219,MLPRegressor,8617.439823627472,0.023623943328857422
21,189,reg_simple_,MNAR_,0.1_,3/,0.2749894472766439,0.0,0.7632717864726319,0.7628656921500735,0.12889235445920247,0.8906052862726594,0.8906001923472521,0.08571374216635085,0.713622998761575,0.7136218866321293,0.13867944309270108,MLPRegressor,13378.757119178772,0.03753089904785156,0.7737100816738117,0.7737023216341246,0.12591283741047696,0.8951875222891054,0.8946086173839842,0.08412880656087968,0.6939407932752177,0.6937945314291563,0.14339983393703812,SimpleImputer,0.2899541730378081,0.2903111784100984,MLPRegressor,8220.710565328598,0.018738746643066406
22,189,reg_simple_,MNAR_,0.3_,3/,0.2767707324097702,0.0,0.49459733761249736,0.4945950926521676,0.1881696983740519,0.7540967984065663,0.7514853716413562,0.12918680453815168,0.43902339801132617,0.43892409604565374,0.1941122689536231,MLPRegressor,9506.058797597885,0.06783270835876465,0.4770826301607968,0.4770653452116079,0.19140517396260323,0.7953047754953626,0.7936613350455122,0.11771518385004412,0.46326826003904975,0.463173227072342,0.18987127234840226,SimpleImputer,0.28848666075084584,0.28630799048045713,MLPRegressor,7382.631131649017,0.010293245315551758
23,189,reg_simple_,MNAR_,0.5_,3/,0.2518180362906556,0.0,0.26899268260895826,0.2659438146533384,0.22677470609560604,0.5864244748090016,0.5824985646883933,0.16744460663858818,0.22555651682007827,0.223132701193423,0.22841025439928142,MLPRegressor,11358.050636053085,0.05922222137451172,0.2939254647153746,0.28834230606587996,0.223288078292639,0.6002698077581641,0.5864161474032866,0.16665715523183036,0.25535920249512734,0.24720462912473018,0.22484366047972268,SimpleImputer,0.28916369665709424,0.2877831644307676,MLPRegressor,4956.211111068726,0.018244266510009766
24,189,reg_full_,MNAR_,0.01_,1/,0.2851336685292285,0.0,0.930562752864328,0.930552114601104,0.06975245133707889,0.9213243501633526,0.9213197375524421,0.07269006832376766,0.892567283031148,0.8925198337889644,0.08495840331530409,MLPRegressor,12207.93372797966,0.05109238624572754,0.9393987172620465,0.9393173976721275,0.06520217153098742,0.9258744665861599,0.9255615430643055,0.0707034910577165,0.9007530811022618,0.9004329716167653,0.08177112069903139,IterativeImputer,0.2842670841651859,0.2822616506187478,MLPRegressor,2060.5679800510406,0.028154611587524414
25,189,reg_full_,MNAR_,0.1_,1/,0.27529523490171065,0.0,0.7693788409781925,0.7645786010589263,0.1284259921554577,0.8818267708625228,0.8795498644374007,0.08993853801714795,0.6840293800157704,0.6784663067329788,0.14694520586213025,MLPRegressor,11413.55075931549,0.10077404975891113,0.7269908926926645,0.7266998042503481,0.13837254632907145,0.8775360395065425,0.875657946419645,0.09138000868076272,0.7209322281145947,0.7206755613310225,0.13696091364662452,IterativeImputer,0.28890150092829076,0.2898398221024694,MLPRegressor,10003.981341123581,0.025502681732177734
26,189,reg_full_,MNAR_,0.3_,1/,0.24167178329051162,0.0,0.01926125815473767,0.018345171187010068,0.26224629736352895,0.01820616202594194,0.017100433537061477,0.25691931112458083,-0.014644567363648164,-0.014920151306345497,0.26107068873415823,AdaBoostRegressor,2543.2475056648254,0.1159665584564209,0.49783624830114803,0.4965082767243101,0.18781320736620197,0.7758098277851044,0.7696231411130303,0.12438316496889791,0.41797093834350596,0.4128172196873424,0.19857694847341417,SimpleImputer,0.2880047383481687,0.2898789933808213,MLPRegressor,10329.375928401947,0.018726348876953125
27,189,reg_full_,MNAR_,0.5_,1/,0.2038924863437755,0.0,0.059126532445048174,0.059126532445048174,0.25674120331516054,0.010879506681098494,0.006099462948087608,0.2583530778151264,0.004867574688299348,0.004840035519932395,0.2585167128719583,LGBMRegressor,2694.3786237239838,0.01155710220336914,0.3455618356071066,0.34518369904625423,0.21418532054162767,0.6809893609113846,0.679521146310099,0.1467039699369636,0.21674619186459265,0.2165787177004168,0.22937171394426106,SimpleImputer,0.28789175086266544,0.29022237177824606,MLPRegressor,4943.24457859993,0.020927906036376953
28,189,reg_full_,MNAR_,0.01_,2/,0.2854412931546177,0.0,0.9373686782508864,0.9371987470958126,0.06633062899014715,0.9219602884490854,0.9215740977361576,0.07257247576563094,0.8995260222426297,0.8992443767903696,0.08225774959754178,MLPRegressor,11716.563341617584,0.10295224189758301,0.9483735650296542,0.9478844084209515,0.06042460185646003,0.9283519834014684,0.9278345755272341,0.06961563074144873,0.9014007725776099,0.900814196848341,0.08161442670389939,IterativeImputer,0.2909713291997069,0.2766245798717826,MLPRegressor,10486.973246335983,0.028998374938964844
29,189,reg_full_,MNAR_,0.1_,2/,0.27792950865068705,0.0,0.00865602946833377,0.008656024932861328,0.26353734731674194,0.014942563267705156,0.014734147375310536,0.2572283860144979,0.02054167769977,0.020302534103393555,0.2565004825592041,ARDRegression,1133.6240286827087,0.018936634063720703,0.7375732155511674,0.7375258856255702,0.13560421876712736,0.8830486141213953,0.8815565770758933,0.08918619832336222,0.6945354231334788,0.6931811527615261,0.1435433885163485,SimpleImputer,0.2892331082071163,0.2891054193131453,MLPRegressor,7299.253221988678,0.007783412933349609
30,189,reg_full_,MNAR_,0.3_,2/,0.24673094328218528,0.0,0.06264274931085567,0.06264274931085567,0.256261009748755,0.036125666754074914,0.03351552442742978,0.2547649147120732,0.012637458852688743,0.012450327352558577,0.2575263377296237,HistGradientBoostingRegressor,1288.718032360077,1.777756929397583,0.5112535588762772,0.5112535588762772,0.18504261854961288,0.529170963153939,0.5288274591781169,0.177882065382885,0.3644048411638874,0.3642812941771789,0.20662110148686896,KNNImputer,0.29888040492629303,0.29321104600372905,HistGradientBoostingRegressor,427.7193868160248,1.4954514503479004
31,189,reg_full_,MNAR_,0.5_,2/,0.2143152339478734,0.0,0.017056850217991193,0.017056100926530204,0.26241842660182624,0.06907953217463247,0.06827308448119696,0.2501419308531285,-0.011170536387698604,-0.011427466029184652,0.26062108509374365,AdaBoostRegressor,2643.229562520981,0.29795360565185547,0.27197025332943514,0.25968161852307947,0.2277399536127568,0.623253891827223,0.5844750276628683,0.1670477928238495,0.2396698055641444,0.22186978082668984,0.22859583745958628,SimpleImputer,0.2876112475849865,0.28908333945282294,MLPRegressor,8046.087761640549,0.03191661834716797
32,189,reg_full_,MNAR_,0.01_,3/,0.2874432666085635,0.0,0.9538973216967311,0.9530774203757063,0.05733514319390184,0.9271337993481165,0.9267245009920095,0.07014901374212369,0.9070227531509392,0.9065372645523132,0.07922484915764007,MLPRegressor,12483.885163068771,0.09161067008972168,0.9371401347856977,0.9349439329352707,0.06751089473962504,0.9300732609020962,0.9282917301714795,0.06939477933675425,0.903916615668282,0.9016562540500007,0.08126724748307229,KNNImputer,0.2922708817470789,0.2762162599815727,MLPRegressor,8822.921055555344,0.09832215309143066
33,189,reg_full_,MNAR_,0.1_,3/,0.2773155942066587,0.0,0.7963326676780416,0.7958807650034428,0.11958368371608422,0.8912476754635102,0.891228976139503,0.08546706404888331,0.7113192564811672,0.711291432375712,0.1392425644497565,MLPRegressor,10394.300158262253,0.1221768856048584,0.7969182375902619,0.7941962338778389,0.12007611289210039,0.8875477925196902,0.882900794632252,0.08867866594656874,0.7153728744622266,0.7134954409016351,0.13871005557227417,SimpleImputer,0.28767261735647026,0.29180873203828284,MLPRegressor,12118.447909355164,0.05066108703613281
34,189,reg_full_,MNAR_,0.3_,3/,0.2431508792603719,0.0,0.041080150066862164,0.041080150066862164,0.25919171534985547,0.015203395211476067,0.015182916710764549,0.25716979809161744,-0.006928482225852184,-0.007099422833685809,0.26006286978076965,LGBMRegressor,1877.5478188991547,0.013784170150756836,0.48752556744505315,0.4865321532763076,0.18966473483192026,0.7592551754035464,0.7489591174210636,0.1298417629774041,0.4092634859898646,0.40637751990529947,0.19966288708556149,SimpleImputer,0.2877302100324809,0.28834245122992547,MLPRegressor,9706.565644979477,0.008135795593261719
35,189,reg_full_,MNAR_,0.5_,3/,0.19921109035177673,0.0,0.08159360819779182,0.08159360819779193,0.25365732624285553,-0.008991724929263256,-0.028120619619983245,0.2627630000867404,-0.028300538550918075,-0.028461842123959524,0.26280660061814054,LGBMRegressor,3244.4914932250977,0.016308069229125977,0.2838440115571289,0.2828324486333066,0.22415079175498054,0.6368818137433352,0.6364254958532445,0.15625678606257637,0.24173097898809504,0.24113734775095086,0.22574792483757533,SimpleImputer,0.287665713679641,0.2897099148320428,MLPRegressor,7738.716503143311,0.006865978240966797
36,197,reg_non_simple_,MNAR_,0.01_,1/,0,0.0,0.9999004511532774,0.9999004511532774,0.18595658121054487,0.9824346998546658,0.9824297788901739,2.308181718051649,0.9816910612567731,0.9816710096447634,2.3574943186470882,HistGradientBoostingRegressor,1135.4932577610016,0.02941584587097168,0.9932639999853368,0.9932639999853368,1.5296584717529589,0.9843068649780893,0.9843036236986634,2.1816299363710585,0.9841583190979198,0.9841541833269837,2.1919906483561573,KNNImputer,0.055439865173078605,0.05785831822833875,LGBMRegressor,10787.513683795929,1.2867231369018555
37,197,reg_non_simple_,MNAR_,0.1_,1/,0,0.0,0.997557307988452,0.9975573053767677,0.9211450545983209,0.9792511375155675,0.9792449584360153,2.5086679831452035,0.9458790736589734,0.9456245807053587,4.0605297138541925,RandomForestRegressor,745.6467010974884,0.15676331520080566,0.9994178097428789,0.999417809740011,0.44970312377071325,0.9810037027295265,0.9809902838709122,2.4008730644566993,0.94672818370509,0.9467180731470771,4.019493627308422,KNNImputer,0.0580920076643062,0.060248726843308474,HistGradientBoostingRegressor,10060.170817375183,5.449187755584717
38,197,reg_non_simple_,MNAR_,0.3_,1/,0,0.0,0.9882584205817978,0.9882583694622717,2.0195640997326474,0.9698375024709642,0.9697417272968882,3.029029128872345,0.9687179697908538,0.9686712396522869,3.0821444494077257,RandomForestRegressor,1195.7321181297302,0.12620997428894043,0.9907562157924239,0.9907560985898635,1.7919302008734115,0.9704143915203677,0.9700731692747449,3.0123938135112662,0.9577829213331261,0.9577013671216598,3.581331716737132,KNNImputer,0.06347040225642778,0.06701020818943076,RandomForestRegressor,12718.409105300903,21.281625032424927
39,197,reg_non_simple_,MNAR_,0.5_,1/,0,0.0,0.9304589248338218,0.9304589248338218,4.914893788204442,0.9663672542504419,0.9654299574822203,3.237660749478357,0.895975086956706,0.8959417220986895,5.617197587003382,LGBMRegressor,558.321298122406,0.0665130615234375,0.9211615648651547,0.921155804345117,5.233332157239689,0.9610471826465415,0.9532691899906943,3.764289687420141,0.8778533014891274,0.8776703089096347,6.090421122355623,KNNImputer,0.09460264434917079,0.09036765871272812,RandomForestRegressor,5987.824461221695,9.581739664077759
40,197,reg_non_simple_,MNAR_,0.01_,2/,0,0.0,0.9996571281596639,0.9996571281596639,0.34511143205597267,0.9832031452800378,0.983203090723004,2.256815582030139,0.9806686922191864,0.980668284073251,2.4211215081389508,HistGradientBoostingRegressor,921.0189554691315,0.02979874610900879,0.9935322663451113,0.9935322663451113,1.4988890956651326,0.984170573599764,0.9841701347023645,2.190887074133243,0.9840729740917323,0.9840707694138567,2.197752501069955,KNNImputer,0.07707967831640447,0.07007461372971767,LGBMRegressor,7191.066910743713,0.6626813411712646
41,197,reg_non_simple_,MNAR_,0.1_,2/,0,0.0,0.9949820485818673,0.9949820467760031,1.320251716822553,0.9797307904961967,0.9797198471111497,2.4798019423185678,0.9686577987429866,0.9686577894939541,3.0828059962086765,RandomForestRegressor,1128.0333178043365,0.12594866752624512,0.9823279451745155,0.9823030527973381,2.4793772629381485,0.980390446066701,0.980390305841205,2.4384665001307426,0.9723372359357664,0.9723212290526385,2.897041952405196,KNNImputer,0.06367563261086269,0.0654405355194185,MLPRegressor,13846.103097438812,3.5246686935424805
42,197,reg_non_simple_,MNAR_,0.3_,2/,0,0.0,0.9818787824579694,0.9818787824579694,2.508921791375294,0.9718727300511222,0.9712675127196694,2.951671316845417,0.9350956757958566,0.9346692966135686,4.450820200683533,LGBMRegressor,686.8884515762329,0.08210635185241699,0.9799088800344538,0.9799081165376111,2.6418232735149334,0.9751584116570989,0.9751293285785857,2.7461555823983232,0.9597412938090673,0.9597155656831232,3.4950228402085166,KNNImputer,0.06272815395855157,0.06784868961542952,LGBMRegressor,10103.732843637466,24.619417667388916
43,197,reg_non_simple_,MNAR_,0.5_,2/,0,0.0,0.9609219806167876,0.9609219806167876,3.6843400631205596,0.9562079348319581,0.9536925834298007,3.7471981581940623,0.8444893531577319,0.8442495335411802,6.872204292704,LGBMRegressor,693.1659557819366,0.08529829978942871,0.9288335827991405,0.9288335827991405,4.97199848609314,0.963492508155777,0.9571147417973855,3.606080339189827,0.851094738950422,0.850827333620952,6.7255221870804895,KNNImputer,0.10105640758386082,0.09065720766918949,RandomForestRegressor,8125.161208152771,9.680148601531982
44,197,reg_non_simple_,MNAR_,0.01_,3/,0,0.0,0.9926762003777598,0.9926762003777598,1.5950035844535415,0.983266368886675,0.9832663491791674,2.2525619025371193,0.980065094648781,0.9800650448097681,2.458606442746647,LGBMRegressor,764.5328726768494,0.04799294471740723,0.9930043446689346,0.9930043446689346,1.558861885674223,0.9839299367553221,0.9839296571372957,2.2074656521766,0.9837734494926554,0.9837728383076783,2.2182100329161014,KNNImputer,0.05522328344025434,0.041044852040765745,LGBMRegressor,12442.266335487366,18.63346028327942
45,197,reg_non_simple_,MNAR_,0.1_,3/,0,0.0,0.989796291158504,0.989796291158504,1.8826624709311413,0.981854762273396,0.9818543052470359,2.3456768617700283,0.9727494820578304,0.9727485913217467,2.874589678141005,LGBMRegressor,477.8935627937317,0.060004472732543945,0.9835085160816347,0.9832813864624551,2.40986972677926,0.9811487333820018,0.981031505114023,2.3982685889193736,0.9691926825149407,0.9690945422417291,3.061251237764981,KNNImputer,0.0679583807233083,0.06897299758695834,MLPRegressor,11954.977972984314,3.144211530685425
46,197,reg_non_simple_,MNAR_,0.3_,3/,0,0.0,0.9969914076982326,0.9969913107243928,1.0223088150524275,0.9688241031961522,0.9688233716141145,3.074651920232156,0.9348167194851137,0.9348041097790212,4.446225584398096,RandomForestRegressor,1217.493760585785,0.13435983657836914,0.9776848214003844,0.9776814603920616,2.7843660092263085,0.9782817426711337,0.978273265022382,2.5667207223986512,0.9469475173597319,0.9469475165468997,4.010829889630598,KNNImputer,0.07066520602038306,0.07094990914128335,LGBMRegressor,12252.511637449265,4.521181344985962
47,197,reg_non_simple_,MNAR_,0.5_,3/,0,0.0,0.9246303863290926,0.9246296026463039,5.116745768016993,0.9605405353357325,0.949372755154536,3.918082083883918,0.8968940789384412,0.8968835770068344,5.591718541603247,RandomForestRegressor,809.5925924777985,0.16815423965454102,0.9215383266365398,0.9215302813111169,5.220889295164699,0.962369507507178,0.9586091237924227,3.542694421924341,0.8809403834716298,0.8805376687186692,6.018619339153205,KNNImputer,0.08004548212763107,0.07632645891077174,RandomForestRegressor,11338.586496591568,34.87025284767151
48,197,reg_simple_,MNAR_,0.01_,1/,0.10749485127808697,0.0,0.9865145785071476,0.9863987548754276,2.1736157404774343,0.9822423947831987,0.9820288554526838,2.33436762881525,0.9811541090152491,0.980924989328059,2.4049927873844736,MLPRegressor,10794.836688756943,0.21127843856811523,0.9981748461723328,0.9981748461723328,0.7962337136268616,0.9837137460708618,0.9837063550949097,2.222748041152954,0.8987010717391968,0.8985223174095154,5.5471086502075195,SimpleImputer,0.10694280928518432,0.13195694051005136,XGBRegressor,3720.8143696784973,0.015567779541015625
49,197,reg_simple_,MNAR_,0.1_,1/,0.10550481895048351,0.0,0.9988875710773093,0.9988875710773093,0.6216265748576065,0.9811618549451175,0.9811002395693724,2.3939194486798643,0.8997777652834718,0.8983706815344017,5.551251327552633,HistGradientBoostingRegressor,9743.48408460617,1.8179540634155273,0.9832968045238746,0.9831283998951932,2.4208705828286092,0.9774433028425399,0.9766593432326885,2.6603447483002465,0.9568087045390397,0.9565505645903947,3.6297227393819167,SimpleImputer,0.11344059880930957,0.11011089085975648,MLPRegressor,4921.190970182419,0.028120040893554688
50,197,reg_simple_,MNAR_,0.3_,1/,0.09615130954376627,0.0,0.9755941602015777,0.9755941602015777,2.9116576835071153,0.9780407420086491,0.97797426942294,2.5843215241660027,0.9437146018656339,0.9431539931697421,4.151751630628516,LGBMRegressor,3077.5134737491608,0.04254412651062012,0.9837962478207923,0.9837962478207923,2.37247274976365,0.9734534435910753,0.9734528788525827,2.8372009677755683,0.9484587175500351,0.9484291233763331,3.954427706713868,SimpleImputer,0.09785517188344839,0.10342279525671004,LGBMRegressor,1031.372441291809,0.03910040855407715
51,197,reg_simple_,MNAR_,0.5_,1/,0.08909592398826682,0.0,0.9605517722015319,0.9605499445864653,3.701836603516499,0.9691955307194807,0.9683946206729055,3.0957215257248523,0.8036780644968099,0.8036311528551527,7.716452349379979,RandomForestRegressor,2258.7193880081177,0.13283300399780273,0.9361641526985939,0.9361624448207384,4.709031111347304,0.9421273995514431,0.9249734131619937,4.769677092754344,0.7993878966437438,0.7992862696092216,7.801352914326101,SimpleImputer,0.10784873128192983,0.10715413244958424,RandomForestRegressor,990.8630669116974,0.08174633979797363
52,197,reg_simple_,MNAR_,0.01_,2/,0.10440393589323124,0.0,0.9851878109359558,0.9851446091106367,2.2716189269206537,0.9811230187914592,0.9810526191241854,2.3969334496091634,0.9669069190042587,0.9668882146548279,3.1686384104206944,MLPRegressor,9101.870609045029,0.10213828086853027,0.9866651800838083,0.9866208999617065,2.155792154733507,0.9815217383091732,0.9814740932598948,2.370124284839163,0.9804837295176746,0.9804506758823109,2.4347100979111054,SimpleImputer,0.1256942293803237,0.10592284741213326,MLPRegressor,7323.087482213974,0.031809091567993164
53,197,reg_simple_,MNAR_,0.1_,2/,0.10675440281992973,0.0,0.9809396596389341,0.9808418106049028,2.5797086966521525,0.9785277288732457,0.9783639934088275,2.5613559482369235,0.953944091729822,0.9538644882481382,3.7402364185735864,MLPRegressor,11428.517090797424,0.12149810791015625,0.9936296939849854,0.9936296939849854,1.4875550270080566,0.9814412593841553,0.9814251661300659,2.3732516765594482,0.97427898645401,0.9742769002914429,2.792820692062378,SimpleImputer,0.10434268535602531,0.11220997401664591,XGBRegressor,1323.708557844162,0.012809276580810547
54,197,reg_simple_,MNAR_,0.3_,2/,0.10688380935391999,0.0,0.9206772240005386,0.9206772240005386,5.249191160708291,0.9516755820702983,0.9487124834422415,3.9435487919354246,0.9104780607244005,0.9092773863432845,5.244923524427435,LGBMRegressor,2409.5235247612,0.045784950256347656,0.9840541410255729,0.9840541410255729,2.3535173054435083,0.975610153097269,0.9753282839101555,2.735149459020237,0.9645313882616982,0.9643998662500562,3.285543323885151,SimpleImputer,0.10198901276699499,0.10236050279582427,RandomForestRegressor,1023.3033499717712,0.07701849937438965
55,197,reg_simple_,MNAR_,0.5_,2/,0.09085816938058926,0.0,0.9080920570991072,0.9080868487469319,5.650439961331149,0.9628801227600379,0.9588106383210643,3.5340599653997913,0.8079459451575722,0.8078643894342511,7.632825185522592,RandomForestRegressor,3173.4424755573273,0.10914492607116699,0.9103919744242899,0.9103897043154812,5.579205931803315,0.961429983670119,0.95862509517605,3.5420108510968484,0.8799412851929759,0.8784631312715014,6.070652940639805,SimpleImputer,0.10305356017894748,0.1083216893619546,RandomForestRegressor,1234.7502615451813,0.06671690940856934
56,197,reg_simple_,MNAR_,0.01_,3/,0.09812384982887244,0.0,0.9865692734540916,0.9860881069463956,2.198297934269004,0.9814928115811375,0.980774109066433,2.4144856054573993,0.9805281347104386,0.9797375938212661,2.4787166951227255,MLPRegressor,4431.146518468857,0.11189746856689453,0.9847604549985323,0.9847504105304878,2.30156112153135,0.9809953915970708,0.9809928718165231,2.40070963381026,0.980430155342407,0.9804229507265989,2.436435958093726,SimpleImputer,0.10702026010437461,0.13597398493114654,MLPRegressor,10522.374601364136,0.009770393371582031
57,197,reg_simple_,MNAR_,0.1_,3/,0.10958719279246876,0.0,0.9981143011862171,0.9981143011861902,0.8093373825801814,0.981812347563531,0.9817730511968596,2.350922812908391,0.9338718088405975,0.9337640055738207,4.48155173125046,HistGradientBoostingRegressor,4901.424499750137,1.7939441204071045,0.9974848618179458,0.9974848618179458,0.9347045606442534,0.9813004561574329,0.9811655447804676,2.3897799597806215,0.9749776868651595,0.9749456245274927,2.756278987439941,SimpleImputer,0.11955322543467019,0.1141653123208454,ExtraTreesRegressor,2893.188235282898,0.08286905288696289
58,197,reg_simple_,MNAR_,0.3_,3/,0.09763952701240622,0.0,0.9835095481282492,0.9835095481282492,2.393369293305453,0.9708897633991914,0.9708807512237304,2.9714707996211334,0.9051909440271279,0.9048268366552892,5.372032553187098,RandomForestRegressor,2002.8735041618347,0.11113977432250977,0.9893840551376343,0.9893840551376343,1.9203152656555176,0.9768405556678772,0.9761709570884705,2.688032388687134,0.9418169856071472,0.9418157935142517,4.200334548950195,SimpleImputer,0.10053191283727651,0.10390193814819096,XGBRegressor,1060.3485445976257,0.02528834342956543
59,197,reg_simple_,MNAR_,0.5_,3/,0.12014940238765784,0.0,0.8928558046053381,0.8928558046053381,6.100673187675257,0.9444635368318867,0.9388241403481115,4.306965806587596,0.8351668181671171,0.8343830523443363,7.086532310358294,LGBMRegressor,3891.686408519745,0.027346372604370117,0.9588717574159327,0.9588673749687789,3.779955175954727,0.953323630015042,0.941804886677815,4.200728783263487,0.8060905213401761,0.8050523881388738,7.688477418315373,SimpleImputer,0.10399794162983597,0.10650890558389846,RandomForestRegressor,792.9614360332489,0.07537102699279785
60,197,reg_full_,MNAR_,0.01_,1/,0.052533601547468056,0.0,0.992317014951571,0.992317014951571,1.6336477938495237,0.9838416943928264,0.9838416685215238,2.2135005796429525,0.9836580368788115,0.9836579692849862,2.2260473332925965,LGBMRegressor,2199.262152671814,0.03381657600402832,0.9990038871765137,0.9990038871765137,0.5882315635681152,0.9807185530662537,0.9807041883468628,2.4188718795776367,0.9790071845054626,0.9789991974830627,2.523475408554077,KNNImputer,0.06261190536269226,0.05735001887687592,XGBRegressor,10286.610843896866,0.3969542980194092
61,197,reg_full_,MNAR_,0.1_,1/,0.05807659814219808,0.0,0.9885896071103808,0.9885883367890123,1.9909846401161257,0.9814656470643034,0.9814210888715441,2.3735124390711833,0.9625564026520008,0.962545796531338,3.3700136982963893,LGBMRegressor,5436.244448184967,0.03668832778930664,0.9889380625399441,0.9889380625399441,1.9602390475440643,0.9825151847571325,0.9825105394415725,2.302870893370666,0.9336686166413636,0.9336262095969985,4.486210972485292,KNNImputer,0.061375865744176,0.0654189862146629,LGBMRegressor,8907.944131851196,0.7112836837768555
62,197,reg_full_,MNAR_,0.3_,1/,0.0759287733220074,0.0,0.8912666045545062,0.8910718861917981,6.151250712376468,0.9743571745109186,0.9743491006623958,2.78889832614279,0.8803483528272495,0.880322661239014,6.0240330391449834,MLPRegressor,9205.092285633087,0.11680364608764648,0.975897880506117,0.975897880506117,2.8934837936591222,0.977894145350052,0.9778378586254307,2.592311842971107,0.8703618900899008,0.8699238977842665,6.280296398880787,KNNImputer,0.06414673593790099,0.06313821555147035,LGBMRegressor,8194.443331718445,1.2786836624145508
63,197,reg_full_,MNAR_,0.5_,1/,0.08327699750432256,0.0,0.9455514900615288,0.9455514900615288,4.34897024379288,0.9734206820566471,0.9733729730356423,2.8414676925912854,0.8430241199397017,0.842364844908559,6.9136584820604305,HistGradientBoostingRegressor,3826.037853240967,1.8162379264831543,0.9084779250064687,0.9084748845533763,5.638499928661558,0.9574790516276678,0.9553871364486691,3.677997531982594,0.87522511011674,0.874755439604638,6.162555163105995,SimpleImputer,0.10113920827914494,0.09769344786477668,RandomForestRegressor,7313.273797512054,0.06701016426086426
64,197,reg_full_,MNAR_,0.01_,2/,0.05479524079780884,0.0,0.9850915499620445,0.9849944822473974,2.2830684319459644,0.9815496829752249,0.981382568136276,2.3759717355622767,0.9812905294278106,0.9811245436946349,2.392379724533469,MLPRegressor,11073.3458507061,0.03370809555053711,0.9949824810028076,0.9949824810028076,1.3201943635940552,0.9833264350891113,0.9833246469497681,2.248636484146118,0.9832234382629395,0.983222246170044,2.2555301189422607,KNNImputer,0.061467367285226955,0.058365810185615916,XGBRegressor,7454.918138504028,0.2689175605773926
65,197,reg_full_,MNAR_,0.1_,2/,0.05766689432714893,0.0,0.9915502479494686,0.9915496345500364,1.7132911918963438,0.980749083632528,0.9807378198559823,2.416763223425095,0.978010757474107,0.9779999317173896,2.582815582098162,LGBMRegressor,3892.14346075058,0.048912763595581055,0.9913010693506255,0.9913010177783774,1.7383117198404465,0.9821719226211961,0.9821719223764649,2.3250571997331635,0.9810651873823419,0.9810632970013389,2.3962579534013013,KNNImputer,0.056891266619334115,0.05438769084629352,LGBMRegressor,11437.021597385406,0.7189717292785645
66,197,reg_full_,MNAR_,0.3_,2/,0.0714387014186711,0.0,0.950218979412742,0.9497076982749598,4.179691161257075,0.9771587823847154,0.9766156815139967,2.662831845280523,0.8670919780334165,0.866764852994909,6.356100949341401,MLPRegressor,6109.655178785324,0.024823427200317383,0.9775342148554498,0.9775320041940226,2.7936732133669415,0.9704362048308759,0.9702871725522211,3.001603850983052,0.9052075688709083,0.9051518203178466,5.362852887147992,KNNImputer,0.07216064485392132,0.06325536329054421,LGBMRegressor,8391.846856355667,1.4058349132537842
67,197,reg_full_,MNAR_,0.5_,2/,0.07719141067328791,0.0,0.8758145278874803,0.8758145278874803,6.567934800911773,0.9685617608048515,0.9685424829237028,3.0884715418576603,0.8493039102981297,0.8490697480182752,6.765026964998386,LGBMRegressor,3716.321879386902,0.027200937271118164,0.9187688266692069,0.9187674932568959,5.312003643399221,0.9565120640879377,0.9468856672786197,4.013167147190903,0.925419795119072,0.9253993710192233,4.756118077111018,SimpleImputer,0.10556763351927347,0.1115270936084069,RandomForestRegressor,3536.801782608032,0.0691232681274414
68,197,reg_full_,MNAR_,0.01_,3/,0.05286196394727362,0.0,0.9935431305846784,0.9935431305846784,1.4976296796731434,0.9837930434115996,0.9837927019382502,2.2168519643371054,0.9835966099213329,0.983596524023108,2.2302283231963766,LGBMRegressor,2999.125721216202,0.04300284385681152,0.9944719076156616,0.9943926334381104,1.412480354309082,0.9838100075721741,0.9838084578514099,2.2157747745513916,0.9833848476409912,0.983384370803833,2.2640626430511475,IterativeImputer,0.07639350057323763,0.0841410101705798,XGBRegressor,10320.682373523712,0.5247735977172852
69,197,reg_full_,MNAR_,0.1_,3/,0.06842124176384305,0.0,0.9995429870434402,0.9995429870407664,0.39843519520303405,0.9812296661873791,0.9812079988830639,2.3870850795984344,0.9769108924916258,0.9769105170509448,2.645991759475614,HistGradientBoostingRegressor,5100.044978141785,1.8436994552612305,0.9900800841174009,0.9900800841174009,1.856296865567523,0.9817803630031003,0.9817743314714018,2.350840246168466,0.9759555483365229,0.975954051205489,2.700239850972,KNNImputer,0.05951556025972051,0.06046026060705095,HistGradientBoostingRegressor,8739.326339006424,0.7061235904693604
70,197,reg_full_,MNAR_,0.3_,3/,0.07570642327292282,0.0,0.9805623888979487,0.9805623888978406,2.5984530904316454,0.9779510396778893,0.9779437750669707,2.586109886240485,0.9138669460875875,0.9138499007593032,5.111039936998225,HistGradientBoostingRegressor,5573.1391615867615,1.8357582092285156,0.9746042071547945,0.9746042071547945,2.9701222452867917,0.9761972577269933,0.9760764446933301,2.693358995503491,0.9332940705034595,0.9332374150679236,4.499331117316957,KNNImputer,0.05958295045230055,0.0662893038205887,LGBMRegressor,9441.847232103348,10.502742290496826
71,197,reg_full_,MNAR_,0.5_,3/,0.07692841318575191,0.0,0.9275944176406463,0.9275944176406463,5.015098439664427,0.9628942861127571,0.9628528871389302,3.3561697300687667,0.7349141295660298,0.7346284486754255,8.970332993948297,LGBMRegressor,4953.704122066498,0.036345720291137695,0.9026655028602308,0.9026655028602308,5.814693552360874,0.9539106748409594,0.9488451383243413,3.9384455061631125,0.8503444741074142,0.8501362338834979,6.741083468330379,SimpleImputer,0.1028141419146814,0.10071943757326161,LGBMRegressor,10799.98387002945,0.021405696868896484
72,198,reg_non_simple_,MNAR_,0.01_,1/,0,0.0,0.6619645389743869,0.6619630387775491,0.0013821801794024707,0.6427081771436772,0.6419472367513104,0.0014132543509880354,0.6368624616768204,0.6360312175318108,0.0014248819477080577,LGBMRegressor,543.335072517395,0.029372453689575195,0.6824513446115126,0.6824513446115126,0.0013396387626657474,0.6480308922878995,0.6470738218616137,0.0014031004144634584,0.6406544413917968,0.6397161839464711,0.0014176505586658427,RandomForestImputer,0.1339421908391433,0.1351228477467394,LGBMRegressor,14621.519812822342,3.1222076416015625
73,198,reg_non_simple_,MNAR_,0.1_,1/,0,0.0,0.6564279119818637,0.6564279119818637,0.0013934503644971329,0.6405933617160793,0.6392460504947538,0.0014185752014597907,0.5978564087619735,0.5973519011734627,0.0014986825229231706,LGBMRegressor,427.2263081073761,0.027110815048217773,0.6431549559219452,0.6431526048922054,0.0014201160369231732,0.6452852981830298,0.6440688608921662,0.0014090610451752872,0.6068107100287202,0.6057790439737605,0.0014829164053007924,IterativeImputer,0.13437356787799792,0.13372025243917254,LGBMRegressor,12478.610107660294,0.06813430786132812
74,198,reg_non_simple_,MNAR_,0.3_,1/,0,0.0,0.5811812528345104,0.5811812528345104,0.001538493348747229,0.6352014081415933,0.6347120595185578,0.0014274617628965978,0.4528747709385199,0.45135045189316103,0.0017494209749289705,LGBMRegressor,542.0034708976746,0.02726578712463379,0.5749689409624159,0.5749689409624159,0.001549861535082137,0.6346986952069396,0.6335014434868322,0.0014298252116617476,0.4693925918665084,0.46642942977458945,0.0017252131114733535,IterativeImputer,0.13892040171935588,0.14023388588011768,LGBMRegressor,8863.905925750732,0.10362768173217773
75,198,reg_non_simple_,MNAR_,0.5_,1/,0,0.0,0.44149781626119644,0.44149781626119633,0.0017766218709070155,0.6305206949695981,0.6247240299723338,0.0014468456218229124,0.36423125236847254,0.36422242268589444,0.00188321289766948,LGBMRegressor,447.48019313812256,0.03273582458496094,0.4613250450800268,0.4613250450800268,0.0017448012285330185,0.6131944524287904,0.6098962758933382,0.0014751523127267225,0.3670200700318279,0.36684617183864465,0.001879323025864582,KNNImputer,0.14192957016215035,0.14295191601707238,ExtraTreesRegressor,7614.758120059967,5.979226589202881
76,198,reg_non_simple_,MNAR_,0.01_,2/,0,0.0,0.6773645730921172,0.6773645730921172,0.0013503258852602435,0.6475222190532468,0.6465457194576739,0.001404149789322302,0.6429189878279978,0.6420641593058055,0.0014130235822048135,LGBMRegressor,517.5002248287201,0.02441859245300293,0.6742917111068021,0.6742917111068021,0.0013567410703329648,0.6481851305882078,0.6472790232327204,0.00140269245380509,0.6433399611948651,0.6425047892012157,0.0014121535768901287,KNNImputer,0.1277632309934322,0.12945262859809764,LGBMRegressor,9324.887899160385,0.22098302841186523
77,198,reg_non_simple_,MNAR_,0.1_,2/,0,0.0,0.7178017586139673,0.7178017527718705,0.001262873128356653,0.6367039083996782,0.6363513740026674,0.0014242551281015477,0.587407920043236,0.5869730819563548,0.001517874953367941,ExtraTreesRegressor,477.3681297302246,0.12823843955993652,0.7308216250710775,0.7308216250710775,0.001233396324256976,0.6376471989324536,0.6369392920999422,0.0014231033513351589,0.5964593537992877,0.5955777004468554,0.0015019807391522207,IterativeImputer,0.1323653977543274,0.13229441017802807,ExtraTreesRegressor,10510.48915028572,0.1722571849822998
78,198,reg_non_simple_,MNAR_,0.3_,2/,0,0.0,0.5675063945629275,0.5675063945629275,0.0015634082943801367,0.6333722264449189,0.6321677689960798,0.0014324243893700807,0.5031480777679236,0.5018216993143023,0.0016670138949660296,LGBMRegressor,435.39451575279236,0.04185891151428223,0.5409740839336079,0.5409725699962041,0.0016106526280217465,0.6297862294982259,0.6285912842629231,0.0014393713759104597,0.5012402961343858,0.5011494916385119,0.0016681381930143393,IterativeImputer,0.14031943155547166,0.14062944017298998,LGBMRegressor,9766.995561122894,0.10004973411560059
79,198,reg_non_simple_,MNAR_,0.5_,2/,0,0.0,0.4605237435923738,0.4605176691211834,0.0017461083090802734,0.6247331977510244,0.6247314815726998,0.0014468312572355872,0.37772126644145465,0.3774082773281917,0.0018635819165171547,LGBMRegressor,560.3279187679291,0.03693079948425293,0.4769595659232089,0.4769595032096421,0.0017192943034787557,0.603736360958958,0.6023999984602918,0.001489258217140625,0.3721492048523789,0.37212485622218805,0.0018714725508904065,IterativeImputer,0.1485284439039539,0.15047271948723542,ExtraTreesRegressor,7237.299965620041,0.17870497703552246
80,198,reg_non_simple_,MNAR_,0.01_,3/,0,0.0,0.6613147148147078,0.6613086816023053,0.0013835173146141094,0.644931013710109,0.6441680496885164,0.001408864697072885,0.6399029001584606,0.6390282953290806,0.001419003270893685,LGBMRegressor,415.6135413646698,0.027932405471801758,0.6905804866604359,0.6905804866604359,0.001322380436925468,0.64935721982573,0.648337331150425,0.0014005865459991982,0.6458512685824055,0.6448400972003143,0.0014075336312503516,IterativeImputer,0.1291008702360529,0.131279246429113,LGBMRegressor,13561.221624612808,0.06348967552185059
81,198,reg_non_simple_,MNAR_,0.1_,3/,0,0.0,0.6380195384754932,0.638019523640561,0.0014302934176558312,0.6394849613616101,0.6385142207102739,0.0014200133417975771,0.5913952960789274,0.5908878975225166,0.0015106643480371983,LGBMRegressor,543.2186677455902,0.035527706146240234,0.7534606053788373,0.7534605887738773,0.0011803906034210448,0.6411348070516567,0.6406295369392265,0.0014158524803399575,0.5980391931838162,0.5974838189921521,0.001498436999442871,IterativeImputer,0.13176721954730808,0.1377375267356675,ExtraTreesRegressor,13032.399779081345,0.18153023719787598
82,198,reg_non_simple_,MNAR_,0.3_,3/,0,0.0,0.5641606467597826,0.5641606467597828,0.0015694438663535603,0.6310560226553823,0.6310556330910525,0.0014345882131673589,0.497513778454132,0.49526293576127856,0.0016779515437177557,LGBMRegressor,652.8077750205994,0.03675222396850586,0.5374150632257331,0.5374150632257331,0.001616881938335482,0.624491973319931,0.624437968818155,0.001447396959396375,0.49005051240312225,0.48739732195683705,0.0016909752525277237,IterativeImputer,0.1396881554291349,0.14205125861965093,LGBMRegressor,11708.040184020996,0.06871676445007324
83,198,reg_non_simple_,MNAR_,0.5_,3/,0,0.0,0.4369556082106717,0.4369556082106717,0.001783831730792276,0.63261735172367,0.6309036933338841,0.0014348835809348999,0.37028175065570923,0.3696783079791206,0.0018751151511432272,LGBMRegressor,568.808671951294,0.030182361602783203,0.431139004629303,0.431139004629303,0.001793022109442816,0.6285735860103063,0.6234968927978137,0.0014492092543533378,0.3707187387137656,0.36929162209969624,0.0018756902300196372,IterativeImputer,0.14031485036072625,0.14112949294672897,LGBMRegressor,9415.298122406006,0.09669899940490723
84,198,reg_simple_,MNAR_,0.01_,1/,0.1370721653886364,0.0,0.6801434463478203,0.6801434463478203,0.001344498100981896,0.6471368748040072,0.6462039055457232,0.0014048285785987278,0.6399451110268205,0.6390624539206762,0.0014189361294815865,LGBMRegressor,3557.9898221492767,0.04076862335205078,0.675215935187147,0.675215935187147,0.0013548147706202271,0.6480790577556812,0.6470093364741313,0.001403228593310573,0.6442975373402986,0.643081608745151,0.0014110138600551272,SimpleImputer,0.15115356492272208,0.13372398018900417,LGBMRegressor,1337.892243862152,0.019222736358642578
85,198,reg_simple_,MNAR_,0.1_,1/,0.14450959279645934,0.0,0.7041004934177317,0.704098468149687,0.001293171644121947,0.6400117795759649,0.6389603041819076,0.0014191369034142975,0.5983902066622512,0.5974515655028374,0.001498497032872465,ExtraTreesRegressor,2540.851748228073,0.11136102676391602,0.6444747549659149,0.6444747549659149,0.0014174827699424406,0.6454331284915735,0.6453770662469007,0.001406469198190827,0.6007836460797853,0.6003798421932005,0.0014930367916994925,SimpleImputer,0.5443676005680007,0.5290594714523957,LGBMRegressor,419.44499826431274,0.021677732467651367
86,198,reg_simple_,MNAR_,0.3_,1/,0.13373556857179986,0.0,0.5389737176474128,0.538973696811229,0.0016141556791075527,0.6290101325426574,0.6289457970061563,0.0014386842658655281,0.4872707705322832,0.48716917709193563,0.0016913515131491298,LGBMRegressor,2889.3298025131226,0.01983809471130371,0.6020400372971046,0.6020399651721176,0.0014996927655808868,0.6358871362182408,0.6358859176191358,0.0014251663327625535,0.5055315526677924,0.5043800801210832,0.0016627279335287319,SimpleImputer,0.14165701339265244,0.141023759418957,ExtraTreesRegressor,1026.8751473426819,0.06959104537963867
87,198,reg_simple_,MNAR_,0.5_,1/,0.21285608640554549,0.0,0.4698337825097554,0.469828794859084,0.001730974358620437,0.6180895615864241,0.6180053675920231,0.001459739790907966,0.3826249635984661,0.38168098820558827,0.0018571762297574256,ExtraTreesRegressor,2035.5062544345856,0.1085972785949707,0.4387819731547191,0.43877815265830866,0.001780942306929923,0.6058688700531255,0.6031428212672585,0.0014878664010655495,0.3670074373949672,0.36697099652893017,0.001879137764821087,SimpleImputer,0.14362365938496413,0.14335172556795178,LGBMRegressor,799.3359897136688,0.016611814498901367
88,198,reg_simple_,MNAR_,0.01_,2/,0.14341095244703767,0.0,0.7537107194416057,0.7537088071613314,0.001179796239146106,0.640829689930706,0.6398759539385195,0.0014173361910417182,0.6361658593694008,0.6352689187360285,0.001426373308658714,ExtraTreesRegressor,2419.4586889743805,0.13291692733764648,0.7181783324026505,0.7181770304140476,0.0012620331413594975,0.6425397740051246,0.6418041558323128,0.0014135366969924858,0.6406443874372989,0.6399727074410246,0.0014171457824114417,SimpleImputer,0.14650106575836422,0.1509748974947872,ExtraTreesRegressor,1050.1533205509186,0.07207441329956055
89,198,reg_simple_,MNAR_,0.1_,2/,0.14700033853928568,0.0,0.6349803676999134,0.6349767975613965,0.001436292199550992,0.6423711977398441,0.6415901240846463,0.0014139589472137615,0.59593336749693,0.5954907493959007,0.0015021421938803295,LGBMRegressor,2933.9358263015747,0.0212404727935791,0.7022300815834208,0.7022292448572476,0.0012972497256395342,0.6366627081520042,0.6354596547237684,0.0014260002991817212,0.6004293589170003,0.5986916010414247,0.0014961872203812742,SimpleImputer,0.14576946956739384,0.14188831952602893,ExtraTreesRegressor,708.7138240337372,0.07330203056335449
90,198,reg_simple_,MNAR_,0.3_,2/,0.13371366617481176,0.0,0.537743570653687,0.537743570653687,0.001616307717236464,0.6254134986807329,0.6241332862251652,0.0014479839559726755,0.49882363403051744,0.4987771563958431,0.001672099990363206,LGBMRegressor,1699.7685062885284,0.022449493408203125,0.5846542860327875,0.5846542860327875,0.00153210113037959,0.6312276334270758,0.6300226605167397,0.0014365950936224125,0.5023611730962476,0.5014945539884393,0.0016675611551548225,SimpleImputer,0.14140147361049518,0.14326275817431572,LGBMRegressor,997.1236689090729,0.01941061019897461
91,198,reg_simple_,MNAR_,0.5_,2/,0.206899667994164,0.0,0.4567627674810475,0.4567627674810476,0.00175217439831356,0.622121967771606,0.6171158163351106,0.001461438451271583,0.3546244845611768,0.35448084850311345,0.0018975856267680908,LGBMRegressor,1202.1359596252441,0.027405261993408203,0.4816155111975188,0.48161434803394654,0.0017116267004221556,0.6155737181928627,0.614826022682398,0.0014658019172497845,0.3667379051180576,0.36562207054984397,0.0018811388333400093,SimpleImputer,0.14291478688663112,0.14447139226297476,ExtraTreesRegressor,510.2435185909271,0.07362651824951172
92,198,reg_simple_,MNAR_,0.01_,3/,0.1434820437647165,0.0,0.7636026051025666,0.7636026051025666,0.0011558564731345487,0.6401418927806873,0.6392059950197552,0.0014186539533714675,0.6375108534345483,0.6365822733478022,0.0014238028896329505,ExtraTreesRegressor,2200.1033720970154,0.11718273162841797,0.6735868316696141,0.6735868316696141,0.0013582083680041745,0.6466163650305046,0.6455972461153583,0.0014060325029622038,0.643765148885139,0.6427590332070766,0.0014116513387785368,SimpleImputer,0.14367109954964968,0.1316862088206147,LGBMRegressor,1164.7854189872742,0.018674612045288086
93,198,reg_simple_,MNAR_,0.1_,3/,0.13491826196389206,0.0,0.6877481961294881,0.6877481516050182,0.001328418990062531,0.6391620953179926,0.638172231397078,0.0014206848959917868,0.6044938808385342,0.6037513889398389,0.0014867251658378503,ExtraTreesRegressor,2196.0674028396606,0.09503602981567383,0.6223722391007378,0.6223661379069971,0.0014608917329508612,0.6379356887928485,0.6376158670805683,0.001421776734203849,0.5997419762867009,0.5992450652732355,0.0014951551315645578,SimpleImputer,0.14159906727413768,0.14478781785419856,LGBMRegressor,966.3894069194794,0.014096975326538086
94,198,reg_simple_,MNAR_,0.3_,3/,0.13819608135326908,0.0,0.5676759700216036,0.5676759700216036,0.0015631017676852503,0.6269985471777042,0.62659735319594,0.0014432298820969915,0.49093965690351915,0.48695833761703056,0.0016916991590042692,ExtraTreesRegressor,2116.1198432445526,0.104644775390625,0.5694816530423472,0.5694816530423472,0.0015598340570822636,0.6336006164000136,0.6335998229102043,0.0014296332943699382,0.4898648068019702,0.48975727417075887,0.0016870782533188276,SimpleImputer,0.5421427140154097,0.5369342952767631,LGBMRegressor,1108.751755952835,0.02263331413269043
95,198,reg_simple_,MNAR_,0.5_,3/,0.19453725241793005,0.0,0.5012149693096206,0.5012149693096206,0.0016789558341910422,0.6218319298211334,0.620289561877043,0.001455368880305803,0.31461335291729375,0.3137380813898426,0.001956553674100934,ExtraTreesRegressor,1326.5594177246094,0.10363435745239258,0.4649309050263104,0.4649309050263104,0.0017389516220624604,0.6204051333449119,0.6204027153987892,0.0014551520145468088,0.34442399947126434,0.3443284328422366,0.0019124495699104212,SimpleImputer,0.5396492401468823,0.5358760854049035,LGBMRegressor,1784.7228753566742,0.016796112060546875
96,198,reg_full_,MNAR_,0.01_,1/,0.1294548184082201,0.0,0.6757990684444405,0.6757990684444404,0.0013535979737194371,0.6494447259390266,0.6484738737075849,0.001400314611767111,0.6417604868368837,0.640721615192254,0.0014156710831631743,LGBMRegressor,2389.2709171772003,0.020651817321777344,0.8046646460295458,0.8046646460295458,0.0010506861156784042,0.6392545362506532,0.6383830819781745,0.0014202708925422642,0.6363694668803516,0.6355782490043316,0.0014257683231626201,IterativeImputer,0.1272577813817558,0.12941285283489606,ExtraTreesRegressor,8266.563481092453,0.09378862380981445
97,198,reg_full_,MNAR_,0.1_,1/,0.137323500642703,0.0,0.6670241338103006,0.6670238041542242,0.0013717948245111013,0.6384595020938786,0.6379284917253849,0.001421163326620562,0.5946404582910709,0.5938308559566619,0.001505221039798749,ExtraTreesRegressor,2875.119040966034,0.11037945747375488,0.6275020333325395,0.627491285750404,0.0014509444472281567,0.6447075377149234,0.6438267158788001,0.001409540265813152,0.6033916241795518,0.6024705531923856,0.0014891260756970499,IterativeImputer,0.13283715383696718,0.13462985861512564,LGBMRegressor,9382.582177639008,0.030834674835205078
98,198,reg_full_,MNAR_,0.3_,1/,0.1367620889690937,0.0,0.577607360682673,0.5776071458820096,0.0015450439847243674,0.627160755776885,0.6271360635390805,0.0014421884279268227,0.4930171235934967,0.49289413536824533,0.0016818843633753249,ExtraTreesRegressor,3194.121126651764,0.11616635322570801,0.6023570834870637,0.6023570834870637,0.001499095124132577,0.6243574354261948,0.6241716436644242,0.0014479100702418119,0.4951978288531217,0.4936168646256881,0.0016806854219595826,SimpleImputer,0.5281142019096029,0.5376146384287934,LGBMRegressor,3324.3608660697937,0.022710800170898438
99,198,reg_full_,MNAR_,0.5_,1/,0.11751125358271253,0.0,0.04208101629527117,0.04208101629527117,0.0023267351800437923,0.002086411208103489,-0.010981266799729328,0.0023747525926785975,-0.014850761270987833,-0.01488419200017499,0.002379332080920038,LGBMRegressor,2172.1653773784637,0.020688295364379883,0.47377055157588843,0.47377055157588843,0.0017245275643674692,0.6235326903138758,0.6234668449284037,0.0014492670822713605,0.36964874592540586,0.3691566619798622,0.0018758909010797608,SimpleImputer,0.14211829296363346,0.14245970698013763,ExtraTreesRegressor,3160.102599620819,0.07146072387695312
100,198,reg_full_,MNAR_,0.01_,2/,0.13143957024383704,0.0,0.6650692798755424,0.665064073946997,0.001375825748975858,0.6435261509687147,0.6425095212437235,0.0014121442307609153,0.6389651066620876,0.6379183688068514,0.0014211831931658391,LGBMRegressor,1513.397403717041,0.02703690528869629,0.6644416366584458,0.6644416366584458,0.0013771035571907685,0.646578537087724,0.6457518842693946,0.0014057257192377373,0.6462108263993247,0.6452780573643142,0.0014066655239387328,RandomForestImputer,0.128935484808397,0.13353387878850403,LGBMRegressor,10486.878549575806,0.7006175518035889
101,198,reg_full_,MNAR_,0.1_,2/,0.13752776039240588,0.0,0.7386655786694303,0.7386636619476359,0.0012152971152489336,0.6381003253040611,0.6364844810426058,0.0014239944427561627,0.5931459515939568,0.5908030258083042,0.0015108210361713193,ExtraTreesRegressor,1761.6978178024292,0.11704039573669434,0.639650326776698,0.639650326776698,0.0014270678844884184,0.6529830166163045,0.6521892515916692,0.001392894795893163,0.592425431672299,0.5920315284416247,0.0015085514167664754,KNNImputer,0.1375844136427731,0.13649497657437762,LGBMRegressor,9581.640518426895,0.8594119548797607
102,198,reg_full_,MNAR_,0.3_,2/,0.12963336795692204,0.0,0.0159133676655816,0.01591336766558149,0.0023583009861523406,0.026433917073812485,0.024443647364374876,0.002332775776706434,-0.004081860588286634,-0.004164505418755127,0.0023667329079094745,LGBMRegressor,4176.3898832798,0.0228273868560791,0.6411199806857473,0.6411199598901545,0.0014241548681965758,0.6354841289853794,0.6351707862965394,0.0014265651816382074,0.4882588734518608,0.48678430302343867,0.00169198606476023,SimpleImputer,0.14307530839104782,0.13979469912814296,ExtraTreesRegressor,5677.680624246597,0.07640194892883301
103,198,reg_full_,MNAR_,0.5_,2/,0.1108313778286621,0.0,0.025105055198763382,0.025105055198763715,0.002347261500481047,0.04491829078067855,0.04459221921374201,0.002308560195665098,-0.020953437488591797,-0.02103760395593257,0.0023865343237436027,LGBMRegressor,1008.4483280181885,0.01740097999572754,0.5050321507163845,0.5050321507163845,0.0016725190052317624,0.6140677066454573,0.6076714490510347,0.0014793528524370456,0.33578320102016657,0.33540661271473304,0.0019254170984676568,SimpleImputer,0.14197834490506595,0.14179572110629368,LGBMRegressor,3297.2637560367584,0.018205881118774414
104,198,reg_full_,MNAR_,0.01_,3/,0.11915269505196044,0.0,0.6769714560278153,0.6769714560278153,0.0013511482911430508,0.6472519764616902,0.6462837606682623,0.0014046700281074409,0.6408170307853832,0.6399557433026393,0.0014171791692885972,LGBMRegressor,880.7621595859528,0.027350187301635742,0.676924968822427,0.6769189226161851,0.0013512581537930613,0.6489116844976399,0.6477943784075854,0.001401667353081741,0.6483228882179766,0.6472075471355283,0.001402834568833832,KNNImputer,0.12785072292621957,0.12153277221359926,LGBMRegressor,8753.5070374012,0.10122346878051758
105,198,reg_full_,MNAR_,0.1_,3/,0.1368270889374778,0.0,0.6845880146004663,0.6845879824877605,0.0013351242513454714,0.6352544800190643,0.6342190119257898,0.001428424796680782,0.6007715067515798,0.6002817355035193,0.0014932200506085262,ExtraTreesRegressor,1966.5796699523926,0.10494351387023926,0.6891569741028966,0.6891555717412975,0.0013254218017684375,0.641903059409966,0.6412595838329904,0.0014146108023526528,0.6075057073800338,0.6070672040559639,0.0014804916271168225,RandomForestImputer,0.13020199511961,0.1424599965273419,ExtraTreesRegressor,8979.6722676754,1.5892314910888672
106,198,reg_full_,MNAR_,0.3_,3/,0.11658301151881315,0.0,0.5753170518744792,0.5753169707507736,0.0015492268656443168,0.6279975764642898,0.6279738543198865,0.0014405672847668464,0.4870185483285434,0.48331893781849244,0.0016976888182346668,ExtraTreesRegressor,1535.2449526786804,0.09425783157348633,0.6150412178236704,0.6150412178236704,0.0014749920592257706,0.6408859205089894,0.6402856536976655,0.0014165297362220015,0.5033542279755818,0.5017688774871907,0.0016671022693348504,SimpleImputer,0.5368953564966005,0.5413919919532564,LGBMRegressor,4995.86231803894,0.027718067169189453
107,198,reg_full_,MNAR_,0.5_,3/,0.11297444318061681,0.0,0.10188315941887571,0.10187701441495012,0.0022529443900538185,0.06350694540000268,0.015192832501395692,0.0023438100747600857,-0.10686842078462444,-0.10695016652195588,0.002484911072819272,LGBMRegressor,3790.2560365200043,0.023134946823120117,0.45744740757224167,0.45744740757224167,0.0017510699204058026,0.6246787726734209,0.6233906542600424,0.0014494137028821439,0.3624137044555348,0.36171295673320847,0.0018869258349136398,SimpleImputer,0.14086686541733748,0.13943372218087913,ExtraTreesRegressor,4205.959508895874,0.06732177734375
108,215,reg_non_simple_,MNAR_,0.01_,1/,0,0.0,0.9369191191186242,0.9369189109863117,1.1033896736313813,0.9480316828498607,0.9480315752077454,1.0007814546764149,0.9367468273697792,0.9367381383201488,1.1041814745012521,LGBMRegressor,814.3963131904602,0.07819771766662598,0.9367072967479796,0.9367070804653456,1.1052407491297542,0.9480085384075143,0.9480084341968095,1.0010042487780855,0.9360458123934979,0.9360448983837545,1.1102149443666618,KNNImputer,0.43817602393850036,0.4369811988337392,LGBMRegressor,9758.280231237411,5.229299306869507
109,215,reg_non_simple_,MNAR_,0.1_,1/,0,0.0,0.8195746400049353,0.8195746400049353,1.8660707877499496,0.9478846612811553,0.9478846257440233,1.0021953948056417,0.841430029414785,0.8413448620264279,1.7486244350592566,LGBMRegressor,1309.5177266597748,0.12561416625976562,0.8158716469432146,0.8158343187168884,1.8853139283251916,0.9471150030788276,0.947090372080789,1.0098033939705353,0.8428370628007884,0.8428245437081905,1.7404511458854381,IterativeImputer,0.41813668486079814,0.41880166632244353,MLPRegressor,13687.729370832443,0.15154194831848145
110,215,reg_non_simple_,MNAR_,0.3_,1/,0,0.0,0.6339720967518708,0.6339720967518708,2.657886437520881,0.9419590989709629,0.9419395930108595,1.0578144863827796,0.5987956179458056,0.5987956143780325,2.7806882912410336,HistGradientBoostingRegressor,1301.579847574234,0.20678472518920898,0.6387430785790857,0.638743078579048,2.640507542419653,0.9441122215956922,0.9441022940394533,1.037926175882342,0.5989282303132089,0.5989080587919908,2.7802985961285547,IterativeImputer,0.41843207458473325,0.4173217274050667,HistGradientBoostingRegressor,15463.609456062317,1.9874861240386963
111,215,reg_non_simple_,MNAR_,0.5_,1/,0,0.0,0.5274558583024984,0.5274558583024984,3.019955306877628,0.9387243966843795,0.9385792047442032,1.0879957275815262,0.39027949320151123,0.39027328044481646,3.42797057925849,LGBMRegressor,829.4822244644165,0.13620972633361816,0.5308413474425766,0.5308413474425766,3.0091177965753877,0.9187276843584073,0.9160395089130323,1.2720581282553787,0.38841028545959244,0.38827966614206877,3.4335701977208806,IterativeImputer,0.41853638619668065,0.4185132311563122,HistGradientBoostingRegressor,14652.85482597351,1.793022871017456
112,215,reg_non_simple_,MNAR_,0.01_,2/,0,0.0,0.935350191156784,0.9353500607180292,1.1170262644250664,0.9479900745388223,0.9479898129890594,1.0011834916906315,0.938890368853203,0.9388903661618859,1.085236302617876,LGBMRegressor,797.3562002182007,0.10157632827758789,0.9354400135614359,0.9354400131202264,1.1162488919143467,0.9480003071206715,0.9480000101976133,1.001085339983116,0.9388168288747876,0.9388167825836763,1.0858894856006163,KNNImputer,0.4459992343149458,0.4459486077578389,LGBMRegressor,9891.234543085098,5.295665740966797
113,215,reg_non_simple_,MNAR_,0.1_,2/,0,0.0,0.8283716736308178,0.8283716736308178,1.8200101407433886,0.9478282032407702,0.9477516235902628,1.003473417003538,0.8264640280115545,0.8264567264246243,1.828830116901509,LGBMRegressor,832.9000341892242,0.09627342224121094,0.8250732473140604,0.8243808856908983,1.8410484396501514,0.947175046184852,0.9461145986791496,1.019072385019457,0.8295809125211829,0.8288715558497317,1.8160615906359947,IterativeImputer,0.4179611740800569,0.4161475071437603,MLPRegressor,14709.548555612564,0.17102313041687012
114,215,reg_non_simple_,MNAR_,0.3_,2/,0,0.0,0.6737454949332726,0.6737454949332725,2.5093288670417118,0.945162978269251,0.9451284414693712,1.0283551330628389,0.605763969475428,0.6052730748400099,2.7581497893287366,LGBMRegressor,1111.947184085846,0.15079236030578613,0.674787618353536,0.674787618353536,2.5053180075474866,0.9453004568916279,0.9452330651945312,1.027374281759075,0.6070400765517248,0.6065268729300457,2.7537658555417797,IterativeImputer,0.41871239951741995,0.4177480599701453,LGBMRegressor,15232.378447055817,0.30488109588623047
115,215,reg_non_simple_,MNAR_,0.5_,2/,0,0.0,0.453902190081216,0.453902190081216,3.2464935283066962,0.9385616828226566,0.937482371179025,1.0976672863191488,0.2918476002643259,0.2914259950745456,3.6954053234940623,LGBMRegressor,588.390753030777,0.13778090476989746,0.44390575962813184,0.4439057596281317,3.276072638383112,0.9388108349234076,0.9381758180625965,1.0915626363128619,0.30083569535522225,0.3005406204070028,3.671560775484945,IterativeImputer,0.41882691828781793,0.4182936708487104,LGBMRegressor,14641.670375347137,0.22726941108703613
116,215,reg_non_simple_,MNAR_,0.01_,3/,0,0.0,0.9398960999652979,0.9398958678673158,1.0770391482747192,0.9480878145616543,0.9480872896096677,1.000244851029975,0.9380834573665162,0.9380816046345601,1.0923940319355407,LGBMRegressor,880.6986169815063,0.09216833114624023,0.9399849776884472,0.9399318643572203,1.0767165794762563,0.9479099020546793,0.9478641448496444,1.002392302552115,0.9378677150323932,0.9378304190992527,1.0946075571462424,IterativeImputer,0.42156061596401656,0.4047939040617585,MLPRegressor,13836.954865932465,0.07284307479858398
117,215,reg_non_simple_,MNAR_,0.1_,3/,0,0.0,0.843825683685538,0.843825683685538,1.7361375517784208,0.9477510172041064,0.9477410763434668,1.0035746962051908,0.8155239228033645,0.8155221219631325,1.8855654836107731,LGBMRegressor,616.605217218399,0.13832330703735352,0.8449482213020592,0.844948221302059,1.729886862166099,0.9476276431513189,0.947615183089085,1.0047827892546326,0.8179264885445342,0.8179245010051547,1.8732477807224517,KNNImputer,0.42445478092091715,0.4230128625899801,LGBMRegressor,12271.484673500061,55.085127115249634
118,215,reg_non_simple_,MNAR_,0.3_,3/,0,0.0,0.6803007093919453,0.6803007093919453,2.483991814362551,0.946785884867709,0.9467827354634278,1.0127348287369646,0.5324766270628802,0.5324415335693743,3.001839272347349,LGBMRegressor,1157.8480677604675,0.13544440269470215,0.6767472668764289,0.6767472668764289,2.4977583922054074,0.9467256807260214,0.9466867298492215,1.0136479198073447,0.5351873377563114,0.5351559391624336,2.993113016237682,IterativeImputer,0.4178961307141242,0.4195021874332559,LGBMRegressor,15204.193239450455,0.25696706771850586
119,215,reg_non_simple_,MNAR_,0.5_,3/,0,0.0,0.4529743940084566,0.4529743940084565,3.2492501825427396,0.9422248370616154,0.9421972587922928,1.055464643485749,0.4030851580242636,0.40293427961873296,3.3921929021593504,LGBMRegressor,796.262669801712,0.14788317680358887,0.4538794023451569,0.4538794023451568,3.2465612629364147,0.9360623580615739,0.9357454623861073,1.1128109070233423,0.40434829810918016,0.4041908518676358,3.3886214523235707,IterativeImputer,0.41817761546757926,0.4184242084779894,LGBMRegressor,15107.025241851807,0.2325763702392578
120,215,reg_simple_,MNAR_,0.01_,1/,0.4235917121673788,0.0,0.9376370879875211,0.9376370879875211,1.0970906585213478,0.9480841754570504,0.9480841491236401,1.0002751057349275,0.9329970840956265,0.9329945028825184,1.1363828978431638,LGBMRegressor,4120.0804669857025,0.0877218246459961,0.9382614768788058,0.9382614768788058,1.091584705946386,0.948077600446821,0.9480775623515041,1.0003385581788038,0.9343127895715472,0.9343060034934165,1.125206711307278,SimpleImputer,0.420741467512189,0.4141310607133492,LGBMRegressor,7733.759770154953,0.05105090141296387
121,215,reg_simple_,MNAR_,0.1_,1/,0.406911201754832,0.0,0.837305081975301,0.8372648454702084,1.7722297161152656,0.9467174786946027,0.9466150329731245,1.0143292789853808,0.8487678230948368,0.8486156577090488,1.7080868589834137,MLPRegressor,15214.53917002678,0.32279324531555176,0.8437976871126425,0.8437976871126425,1.7362931590656314,0.9472837523726922,0.9472622586870919,1.0081617940903072,0.8453492941825588,0.8452903424430258,1.7267449110033055,SimpleImputer,0.4189941468150662,0.418340764344996,HistGradientBoostingRegressor,6183.2148377895355,0.0225980281829834
122,215,reg_simple_,MNAR_,0.3_,1/,0.3760404342523173,0.0,0.687678828598326,0.687678828598326,2.4551613376864294,0.9462045727142847,0.9461342639766912,1.018886414516073,0.4989357194756453,0.49893085965130224,3.1075512552591804,LGBMRegressor,5668.581134319305,0.1116783618927002,0.712415774010002,0.712415774010002,2.355927137147131,0.9442193768585468,0.9429575044358097,1.0485007150437937,0.5691442630493616,0.5690780340297705,2.8818328567798464,SimpleImputer,0.41914043469905626,0.4183453212192117,LGBMRegressor,5145.326653242111,0.11609697341918945
123,215,reg_simple_,MNAR_,0.5_,1/,0.34841307068660393,0.0,0.49717182834296925,0.49717182834296925,3.1152228870401935,0.9343421088609466,0.9342979828096107,1.1252753983432127,0.258502319434317,0.25779549018946546,3.7820848402713487,LGBMRegressor,7129.225330591202,0.14804744720458984,0.487995910726718,0.4879959107267179,3.143518632358528,0.93836550571385,0.9383399592237103,1.0901126418777478,0.40593017546394705,0.40592559875624334,3.3836847325362434,SimpleImputer,0.41843042811512904,0.4179044367370288,LGBMRegressor,2505.7910673618317,0.09790611267089844
124,215,reg_simple_,MNAR_,0.01_,2/,0.4157423602870908,0.0,0.9333805917330287,0.9332055581883194,1.1354015597385299,0.9480428565777282,0.9478796690306052,1.0022430532684283,0.9359490079175591,0.9358151991034636,1.1122068652681674,MLPRegressor,13457.417289018631,0.023706674575805664,0.9390244387123248,0.9390244387123248,1.0848188611311143,0.9481805314905463,0.9481801480308688,0.9993498608698781,0.9343726357277107,0.9343725806800649,1.1246363997803324,SimpleImputer,0.4217283527140085,0.4124439752105098,LGBMRegressor,6549.413742303848,0.058515310287475586
125,215,reg_simple_,MNAR_,0.1_,2/,0.39105785163613854,0.0,0.8002204921885852,0.7999328482914574,1.9650211026432625,0.9405655168832514,0.9393460584145046,1.0811824478677148,0.7589638927702267,0.757568740822199,2.161542509574481,MLPRegressor,13740.551406860352,0.050177574157714844,0.8376570831029246,0.8376570831029246,1.7700926408040856,0.9478649871706433,0.9478644191253546,1.0023896658616707,0.8248175542240438,0.8247861706694781,1.8376113430970293,SimpleImputer,0.4183817705944186,0.4193796685653263,LGBMRegressor,12144.562460899353,0.07721090316772461
126,215,reg_simple_,MNAR_,0.3_,2/,0.37441459859891874,0.0,0.6488151442861116,0.6488151442861116,2.6034378452436795,0.9452024646488957,0.9449972546533026,1.0295836939231402,0.5632041273800616,0.5632023145810477,2.901413560600184,LGBMRegressor,8057.969639778137,0.1588749885559082,0.6827989160224361,0.682798916022436,2.4742675274078847,0.9450653155941051,0.9448707055043151,1.0307674355867567,0.5805166258066137,0.5802586732211559,2.8442013472792524,SimpleImputer,0.41820966661688175,0.41896575907095956,HistGradientBoostingRegressor,5600.2988703250885,0.03199148178100586
127,215,reg_simple_,MNAR_,0.5_,2/,0.341604299392944,0.0,0.45030627984045446,0.45030627984045446,3.25716464290249,0.935048703870614,0.9350328712512233,1.118964501488256,0.40547413211607286,0.40530309671240183,3.3854570687623813,LGBMRegressor,5744.930218458176,0.15558648109436035,0.5500262121190825,0.5500262121190824,2.946951116617319,0.9369496094197389,0.9342335505138099,1.1258270276036844,0.43063707760700765,0.430593412890788,3.3126893827662975,SimpleImputer,0.4185236125604598,0.41739636580859485,LGBMRegressor,4137.158020496368,0.07386112213134766
128,215,reg_simple_,MNAR_,0.01_,3/,0.41457265686824557,0.0,0.9425415038207378,0.9425415038207376,1.0530680868658564,0.9479922956479143,0.9479921512063808,1.0011609863793824,0.9370245362311242,0.9370245336052434,1.1016792474148778,LGBMRegressor,9079.659984827042,0.07044625282287598,0.9371786484409164,0.9371786484409164,1.101115717599971,0.947885182789527,0.9478851776231223,1.0021900883853807,0.9341877191567614,0.9341876300614167,1.126220005068265,SimpleImputer,0.4176692123899109,0.41124122584984485,LGBMRegressor,8177.492707490921,0.04236316680908203
129,215,reg_simple_,MNAR_,0.1_,3/,0.40776165418763616,0.0,0.8479135938178028,0.8479135938178027,1.7132649211005697,0.9476300313059302,0.9476253860038529,1.0046849344467883,0.8132358507163899,0.8132300468063091,1.8972430793131345,LGBMRegressor,8481.597084522247,0.17471671104431152,0.8333272328506908,0.8333272328506908,1.7935423955299477,0.9478638407461399,0.9478513762623427,1.0025150429389953,0.7905336185288258,0.790396026610146,2.009875831582452,SimpleImputer,0.4185219770887668,0.4193994009530752,LGBMRegressor,4069.586184501648,0.07854557037353516
130,215,reg_simple_,MNAR_,0.3_,3/,0.372336083011479,0.0,0.6047325498509603,0.604662137520941,2.7622534771685747,0.9448015285806004,0.9445279194794471,1.0339670514448065,0.5949798591144153,0.5949773159535371,2.7938889885404987,MLPRegressor,15011.580430746078,0.04405331611633301,0.6951713623294582,0.6951713562011719,2.4255331062388485,0.9455868900574034,0.945580780506134,1.0241074761161915,0.6400999236656131,0.6400972604751587,2.633674234037928,SimpleImputer,0.4184205187295768,0.4170906432277179,XGBRegressor,3115.228935241699,0.06538653373718262
131,215,reg_simple_,MNAR_,0.5_,3/,0.3700399564007898,0.0,0.5000989412658139,0.5000989412658139,3.106142331307061,0.9419474822059191,0.9418432634668672,1.0586916465825778,0.4456454360749884,0.4456421752506977,3.2686209752051525,LGBMRegressor,3461.2652547359467,0.09591197967529297,0.5235732012682777,0.5235732012682774,3.032336651388342,0.9215787840221257,0.9182306491670722,1.2553497698032385,0.29726303480271565,0.29725227526097175,3.68018114905033,SimpleImputer,0.4184548921795351,0.4187809408485858,HistGradientBoostingRegressor,3284.8470306396484,0.026865720748901367
132,215,reg_full_,MNAR_,0.01_,1/,0.415342705134832,0.0,0.9369503217170991,0.9369388436987542,1.1032153322629463,0.9480158639224406,0.9480031955660779,1.0010546777222138,0.937449227596543,0.9374395553455345,1.0980430962843841,MLPRegressor,13913.943156719208,0.01958775520324707,0.9380700153898891,0.9380700153898891,1.0932759891198063,0.9480743629860904,0.9480742895571366,1.0003700845377177,0.9367406061169414,0.9367398747663674,1.1041663203084064,IterativeImputer,0.41777089081600616,0.4175510738218105,LGBMRegressor,12065.921470403671,0.08804607391357422
133,215,reg_full_,MNAR_,0.1_,1/,0.39869577484146623,0.0,0.855368355425151,0.855368355425151,1.6707481399732842,0.9480233816380973,0.9480233446532018,1.0008607014524353,0.838097894211029,0.8380575907909722,1.7666469595389196,LGBMRegressor,6601.2083830833435,0.09018421173095703,0.8353983150232734,0.8352605950356309,1.7831097328378043,0.947121150777012,0.9470423054019896,1.0102619766380567,0.8222529244930306,0.821931135234093,1.852522397032395,KNNImputer,0.4226903828203388,0.4225322078903109,MLPRegressor,10319.856092691422,24.304946899414062
134,215,reg_full_,MNAR_,0.3_,1/,0.34973750528694836,0.0,0.1423834418024038,0.14238344180240392,4.068421144545461,-0.029684052280607665,-0.030125088920202492,4.455684736976797,-0.12061773641806783,-0.12062521578105034,4.647288859734728,LGBMRegressor,9220.710423231125,0.11409807205200195,0.640217321559776,0.6402173042297363,2.635114488312674,0.9456768604427244,0.9456647038459778,1.0233179404742994,0.6674120887922288,0.6673702597618103,2.5319201116074037,SimpleImputer,0.4174910581030291,0.4186556524877749,XGBRegressor,10800.401713132858,0.03146719932556152
135,215,reg_full_,MNAR_,0.5_,1/,0.2991006053966614,0.0,0.06752876325243318,0.06752876325243318,4.242257696079933,0.1125355460463231,0.09778675529981018,4.169884938933087,-0.022347902310488,-0.022369513643701433,4.43888013404252,LGBMRegressor,7049.18772482872,0.07145833969116211,0.4973379956408571,0.497337995640856,3.1147081078652175,0.9334312030677022,0.9301071018255528,1.1606091682641697,0.41756504998830546,0.41756394195869706,3.350376387812479,SimpleImputer,0.4184834831295703,0.4181340219610065,HistGradientBoostingRegressor,10284.686553001404,0.03060436248779297
136,215,reg_full_,MNAR_,0.01_,2/,0.4170116342399197,0.0,0.9346362899595639,0.9346356998560708,1.123180698980506,0.947942103154146,0.9479403761881884,1.0016592018904562,0.936805986471127,0.9368057076586657,1.1035916345667016,LGBMRegressor,12862.83912563324,0.07661151885986328,0.9384778406586698,0.9384777307811982,1.0896712610098342,0.9479040350285143,0.9479037260311493,1.0020117256456482,0.935715629880716,0.9357117244257218,1.113103019025909,SimpleImputer,0.4164999758147965,0.42243034265663776,LGBMRegressor,10856.91793847084,0.051025390625
137,215,reg_full_,MNAR_,0.1_,2/,0.39922851110635565,0.0,0.8232527901240518,0.8231453504783185,1.8475132638947138,0.9475421903329421,0.9474529681303416,1.0063372932489565,0.8276617877686773,0.8275059442195365,1.8232933129587507,MLPRegressor,15071.703583717346,0.168182373046875,0.8480874480347617,0.8480752465684813,1.7123541637657211,0.9477347870736147,0.9476988220030902,1.0039803381081083,0.840592298011279,0.8405791999773808,1.752838745286352,SimpleImputer,0.4185622097122664,0.41937064359721216,MLPRegressor,10921.725170612335,0.0287628173828125
138,215,reg_full_,MNAR_,0.3_,2/,0.3515468490750543,0.0,0.05550597518387945,0.055505975183879674,4.269518811896763,0.07855474504310489,0.07837545253385869,4.214504182394069,-0.014516997748844407,-0.01451888975980431,4.421804539486723,LGBMRegressor,5148.337712526321,0.07288241386413574,0.6983864731824756,0.6983864903450012,2.412707823203401,0.9456557121088477,0.9456517100334167,1.0234398232650257,0.5987813381680858,0.5987675786018372,2.780785403022872,SimpleImputer,0.41868512318466444,0.41825895239376476,XGBRegressor,10734.923305273056,0.04560089111328125
139,215,reg_full_,MNAR_,0.5_,2/,0.29752184951919625,0.0,0.05947352318573029,0.05947352318573029,4.260541863730314,0.09647223529262405,0.08903511537596465,4.190060468554245,-0.022143905098840788,-0.022143986585717146,4.438390515182504,LGBMRegressor,6747.4671459198,0.08569741249084473,0.48378130330653213,0.48378130330653213,3.1564301934310546,0.9342034362112503,0.9329612517882473,1.136664824624427,0.3954522108044034,0.394291605815719,3.4166561076279587,SimpleImputer,0.41847379463968853,0.41862490610354064,LGBMRegressor,11322.601076602936,0.08960938453674316
140,215,reg_full_,MNAR_,0.01_,3/,0.4282677461310806,0.0,0.937722434676952,0.9370497672838953,1.1022446359796152,0.9479822867328475,0.947315046458619,1.0076571086689385,0.9344119519302416,0.9338127555477302,1.1294229870566048,MLPRegressor,12655.859606266022,0.02046966552734375,0.9323889137217471,0.9323053814522974,1.1430267566556827,0.9474171440574637,0.947402943739343,1.0068161921798666,0.933504662677823,0.9333841727215778,1.1330737677405325,SimpleImputer,0.4193155044762982,0.42306129447706964,MLPRegressor,11728.669515371323,0.008381843566894531
141,215,reg_full_,MNAR_,0.1_,3/,0.3986367906710617,0.0,0.8439149514541235,0.8434774521144213,1.7380720608596019,0.9476070537569874,0.9470993815298069,1.0097174156724547,0.8333326589983969,0.8328201452235063,1.7949875643783246,MLPRegressor,14882.250767469406,0.03825688362121582,0.8425891756224194,0.8425891399383545,1.7429971251349354,0.9475319947795348,0.9475315809249878,1.0055840067084558,0.8260004073644719,0.8259971141815186,1.8312502072895183,SimpleImputer,0.41931043016797187,0.41818854571438996,XGBRegressor,8532.270064115524,0.019995689392089844
142,215,reg_full_,MNAR_,0.3_,3/,0.3595002819275387,0.0,0.17940260758442794,0.17940260758442794,3.979645525270619,-0.02270154063069363,-0.024160988584659426,4.442767506405907,-0.0576669879259919,-0.05766863457904936,4.514859969838867,LGBMRegressor,6947.286728143692,0.10117006301879883,0.6582046713481617,0.6582046713481617,2.56839836921479,0.9424822560103139,0.9421539075479137,1.0558603611361463,0.6010589340204626,0.6010084359548624,2.7730093187328757,SimpleImputer,0.4182325773683247,0.41999605972756776,HistGradientBoostingRegressor,14063.219259738922,0.02763533592224121
143,215,reg_full_,MNAR_,0.5_,3/,0.30022009284832807,0.0,0.08558652215868368,0.08558643160276813,4.2009803958348275,0.06058857942167595,0.06033493396287182,4.255553091002104,0.020979891956099728,0.020978978926169622,4.343756589484851,ExtraTreesRegressor,5501.248626708984,0.2638890743255615,0.37700573618188293,0.37700573618188293,3.467538949406254,0.9342070797098583,0.9308503161631706,1.1544219392291213,0.43124565136255677,0.43124535897637395,3.3107923960889516,SimpleImputer,0.41813161753266065,0.41889077025577276,LGBMRegressor,12415.0608689785,0.08466577529907227
144,216,reg_non_simple_,MNAR_,0.01_,1/,0,0.0,0.9345941978771526,0.9345941978771525,0.0017059142679363413,0.8886311671683147,0.8886251064296388,0.0023022717249367303,0.8733177271654231,0.8733121405727275,0.0024554462276852734,LGBMRegressor,766.6755700111389,0.10525345802307129,0.8839470815068782,0.8836872599929589,0.002274902074903384,0.8896189459846553,0.8895422450119361,0.0022927728736066915,0.8779501228568368,0.8778989048134285,0.0024105864356671193,KNNImputer,0.06649034780433655,0.07126049640766345,MLPRegressor,9410.961511135101,1.9502525329589844
145,216,reg_non_simple_,MNAR_,0.1_,1/,0,0.0,0.9815375409862256,0.9815375409862256,0.0009063456101579597,0.8732357989719273,0.8731207048116523,0.0024573007178417886,0.7870265386588718,0.7868331984095496,0.0031850973685231617,HistGradientBoostingRegressor,929.6707720756531,0.03231692314147949,0.9272147530754904,0.9272147530754903,0.001799578282242078,0.8774276161162738,0.8773867516222286,0.0024156367491799933,0.8220275372446424,0.8218066488993429,0.002912116039645386,IterativeImputer,0.06162767492984328,0.06468994051020868,LGBMRegressor,12937.21839928627,0.27349090576171875
146,216,reg_non_simple_,MNAR_,0.3_,1/,0,0.0,0.8828400044942676,0.8828400044942675,0.002283172562045057,0.8394904767175395,0.839024216833909,0.00276785415347406,0.6037546227085431,0.6034984120501357,0.004343955766281996,LGBMRegressor,603.8668994903564,0.12844347953796387,0.771459402110096,0.7713937534632109,0.003189283382669956,0.8815893754070556,0.8815671266002356,0.002374100294405946,0.6963609117082674,0.6962436854419809,0.0038021179564421423,IterativeImputer,0.06863432345237895,0.07086455952802015,MLPRegressor,14136.194850683212,0.9392015933990479
147,216,reg_non_simple_,MNAR_,0.5_,1/,0,0.0,0.7338156273893578,0.7338156273893577,0.003441441099522197,0.7464001101118518,0.7461588982882794,0.0034757129401093503,0.48994758666389127,0.48981860155718504,0.004927484181156256,LGBMRegressor,847.7860736846924,0.12291407585144043,0.7739627420518986,0.7739627420518985,0.0031713127867537536,0.728242087962384,0.7280444092725762,0.003597592129136253,0.5193155470893995,0.5192109192510039,0.004783438852540737,IterativeImputer,0.07819250724293958,0.07920547983699662,LGBMRegressor,11959.892604589462,1.7810215950012207
148,216,reg_non_simple_,MNAR_,0.01_,2/,0,0.0,0.9419271745100068,0.9419271745100067,0.0016074428525024325,0.8930650972576218,0.8930110559835932,0.002256484628037778,0.8839571236727566,0.8839408645871639,0.0023501879448656992,LGBMRegressor,606.1397922039032,0.14666962623596191,0.8493668014776588,0.8484112625216939,0.0025970632781502864,0.8547688596723603,0.8532281128196242,0.002642922133238459,0.8472532235080465,0.8457825400415621,0.002709129102582822,KNNImputer,0.06944551116549129,0.06119732018872127,MLPRegressor,12725.038379192352,1.9466156959533691
149,216,reg_non_simple_,MNAR_,0.1_,2/,0,0.0,0.9295154757632118,0.9295154757632117,0.0017709077960260608,0.8705589269152348,0.8704289154008417,0.002483230168696331,0.7734258145387025,0.7728911066151913,0.003287607778731738,LGBMRegressor,585.6255424022675,0.13321471214294434,0.890757081937217,0.8907504961906325,0.002204747201833071,0.8660010416338135,0.8659971730814287,0.002525340297514575,0.8103988982344107,0.8103931787718024,0.003003930686586439,IterativeImputer,0.06716953558630323,0.06549571509553297,LGBMRegressor,11054.860915899277,0.2896890640258789
150,216,reg_non_simple_,MNAR_,0.3_,2/,0,0.0,0.8490007365487242,0.8490007365487242,0.0025920088375753635,0.7993294800710217,0.7991734573246447,0.0030915301382998675,0.5394609108639208,0.5347966115587932,0.004705267985903219,LGBMRegressor,668.6938836574554,0.15764808654785156,0.6179252315912904,0.6179252315912904,0.004123094063012716,0.7454252262319923,0.7448277385463015,0.003484814459214375,0.6212367057793268,0.6211610084716956,0.004246100456318083,IterativeImputer,0.07179229677137412,0.07254287030310771,ARDRegression,12126.69635295868,1.0206186771392822
151,216,reg_non_simple_,MNAR_,0.5_,2/,0,0.0,0.7553488698028835,0.7553488698028834,0.003299306606760635,0.7358934350122307,0.7329025958510451,0.0035653138183567488,0.4521059737394968,0.44952001003523623,0.005118393806691536,LGBMRegressor,772.7070944309235,0.11794137954711914,0.7070967370251083,0.7070967370251082,0.0036100329710126357,0.6976453675312639,0.6975272750821562,0.0037940761056761644,0.5118512955465021,0.5118491075527776,0.004819921582880548,IterativeImputer,0.08182311030834265,0.08299830982985319,LGBMRegressor,12461.304650068283,1.0704717636108398
152,216,reg_non_simple_,MNAR_,0.01_,3/,0,0.0,0.9518610251729931,0.951861025172993,0.0014635160248701623,0.8911599156456937,0.891126265977979,0.0022762737379028097,0.877398241371676,0.8773187640884352,0.002416306376758092,LGBMRegressor,706.3042430877686,0.14868950843811035,0.9177400426859104,0.9176806075984238,0.0019138158261652449,0.919594497350304,0.9195428021258639,0.001956795226817676,0.9143394842910786,0.9142710584629942,0.0020198850724000702,IterativeImputer,0.06409425948599955,0.063639456797749,MLPRegressor,9811.918248176575,0.22417473793029785
153,216,reg_non_simple_,MNAR_,0.1_,3/,0,0.0,0.9285909586835401,0.92859095868354,0.001782484100961013,0.8775443167284769,0.8775139677937498,0.0024143832638691617,0.7538028252998645,0.7535395563501113,0.003424810463881256,LGBMRegressor,622.7595195770264,0.151261568069458,0.9882033023720574,0.988203302371941,0.0007244848152930448,0.8736086444233556,0.8735619116837667,0.0024530245192406824,0.7763172028526995,0.7757834243447697,0.003266606234025021,IterativeImputer,0.06477222220543587,0.06775849439208,HistGradientBoostingRegressor,12388.600350379944,2.0877158641815186
154,216,reg_non_simple_,MNAR_,0.3_,3/,0,0.0,0.8640822372079013,0.8640822372079012,0.002459162186367301,0.81931490936956,0.819196363345681,0.0029333677270227693,0.6146520995663198,0.6146483792496058,0.004282442335334662,LGBMRegressor,846.8449463844299,0.15260720252990723,0.8566473813657864,0.8566473813657863,0.002525526203228605,0.8047834481406911,0.8038580288270349,0.0030552601569073215,0.6430657163069714,0.6424562302852783,0.004125034034645219,IterativeImputer,0.06930263902329112,0.07121171581338567,LGBMRegressor,11517.304911375046,0.6748309135437012
155,216,reg_non_simple_,MNAR_,0.5_,3/,0,0.0,0.6499570342821169,0.6499570342821168,0.003946478497353626,0.6547879461520133,0.6532574196868888,0.004062248781951593,0.4271527546357482,0.42157803536519833,0.005246688938925435,LGBMRegressor,649.0950086116791,0.0957956314086914,0.5155287415000842,0.5083383293580932,0.004677160139126105,0.40736686220862206,0.3843516772980443,0.0054128909668069766,0.4918237110035343,0.48295927265239835,0.0049604983065704485,IterativeImputer,0.08416200817018842,0.08623630847102072,MLPRegressor,12902.08228969574,1.4077541828155518
156,216,reg_simple_,MNAR_,0.01_,1/,0.12841463229827538,0.0,0.9372640964486566,0.9372640964486565,0.0016707333514314794,0.889218787749462,0.8891894208844155,0.0022964317413567505,0.8814735661508533,0.8814457649737487,0.002375316387920587,LGBMRegressor,3997.5314123630524,0.12393927574157715,0.9411267666531905,0.9411267666531904,0.0016184824987346784,0.8927779271271289,0.8927587092018447,0.0022591441611068725,0.8766695674964269,0.8766543128356079,0.002422840993693324,SimpleImputer,0.57144178712622,0.5647149187943874,LGBMRegressor,1096.5335013866425,0.08956742286682129
157,216,reg_simple_,MNAR_,0.1_,1/,0.1171649617672944,0.0,0.911255108112198,0.9112551081121979,0.0019871046783685453,0.8513232625060168,0.8512541095196865,0.002660635716438518,0.7336892338447674,0.7331094562224261,0.0035639329269991195,LGBMRegressor,2167.3469231128693,0.12252187728881836,0.9137390510723682,0.9137390510723681,0.0019590980808742733,0.864769113268816,0.8647593307268259,0.002536977318201979,0.7890061601157837,0.7889843597580364,0.0031689854977766134,SimpleImputer,0.577391460919109,0.5933349370091354,LGBMRegressor,3212.336092710495,0.08646440505981445
158,216,reg_simple_,MNAR_,0.3_,1/,0.10929050156852851,0.0,0.817776447742957,0.8177764477429569,0.0028474186008724776,0.7652298938697355,0.7652275719379474,0.0033426158989858607,0.600462857781624,0.600428739607716,0.004360738564294066,LGBMRegressor,2550.111962080002,0.11433601379394531,0.7761621449163545,0.7761621449163545,0.0031558462112806205,0.7597901710741848,0.7504177999661499,0.0034464321512168946,0.5716503801252089,0.5712072101452055,0.004517380427164787,SimpleImputer,0.5891561835754348,0.5900292853710366,LGBMRegressor,2142.1189794540405,0.0640411376953125
159,216,reg_simple_,MNAR_,0.5_,1/,0.2196593922279268,0.0,0.6687864159100187,0.6687864159100185,0.0038388675980245658,0.6562495169212278,0.6562370482171385,0.0040447572646228214,0.5006082300219588,0.499973877661416,0.004878196333427525,LGBMRegressor,3191.7211394309998,0.10412144660949707,0.6899576028526506,0.6899576028526505,0.003714151430938424,0.6398825307586413,0.63332794403883,0.0041773593435505,0.48626620377927066,0.48230529965716895,0.00496363442972089,SimpleImputer,0.11473271828203896,0.11449536733180862,LGBMRegressor,1339.6632807254791,0.05876612663269043
160,216,reg_simple_,MNAR_,0.01_,2/,0.11465438927938414,0.0,0.871033849723414,0.8707872472610607,0.0023977381476197462,0.8968674738460339,0.8962944001130725,0.0022215906185784453,0.8631795304040537,0.8629717350666666,0.002553689013825395,MLPRegressor,7745.597870826721,0.04604935646057129,0.9658074523649964,0.9658074523649964,0.0012334308137093009,0.8935169516756404,0.8935131027971593,0.002251184112896962,0.87842533275168,0.8784230670631767,0.002405406722198702,SimpleImputer,0.5917396312959418,0.6003560724862238,HistGradientBoostingRegressor,3899.604264497757,0.020097732543945312
161,216,reg_simple_,MNAR_,0.1_,2/,0.10698257604556649,0.0,0.8720605470888279,0.8720605470888277,0.002385894896168269,0.8389536018792771,0.8386139052022844,0.0027713794041859196,0.7615296801999408,0.7612833708011687,0.0033705770972318173,LGBMRegressor,3827.114606618881,0.08910512924194336,0.909184276940934,0.9091842769409338,0.0020101551830215567,0.8635540401119802,0.8632807895492562,0.0025508075844066923,0.7343524311960679,0.7342958139613667,0.003556003068540143,SimpleImputer,0.5872050862427012,0.5799436710138318,LGBMRegressor,992.2951231002808,0.07554244995117188
162,216,reg_simple_,MNAR_,0.3_,2/,0.10726008688938182,0.0,0.8228998415970987,0.8228998415970985,0.0028071042280113723,0.7826342918061415,0.7823914631130413,0.0032181100620392463,0.6240013236839135,0.6236405619776337,0.004232181987481551,LGBMRegressor,4113.619678497314,0.0917198657989502,0.7945784115103163,0.7945784115103162,0.003023236380768245,0.818656929910139,0.818651758456175,0.002937782254444995,0.6034220031775859,0.6023102934567857,0.004350459238415708,SimpleImputer,0.5849106780140725,0.585327083363323,LGBMRegressor,1798.9934964179993,0.07451844215393066
163,216,reg_simple_,MNAR_,0.5_,2/,0.2200720733665087,0.0,0.6597164697987667,0.6597164697987667,0.003891074341258387,0.6815706881934398,0.680050569004083,0.0039021467657782243,0.488583153013872,0.48856121316303336,0.0049335525605929825,LGBMRegressor,2506.579960823059,0.09138250350952148,0.6731900170178671,0.673190017017867,0.0038132626590438356,0.6754247303484276,0.6743567488505543,0.003936714952527604,0.5422724576751576,0.5417718781230791,0.004669859325827736,SimpleImputer,0.11334067900297008,0.1130380527009811,LGBMRegressor,2179.7241802215576,0.05226325988769531
164,216,reg_simple_,MNAR_,0.01_,3/,0.11399146198465711,0.0,0.9415061924178247,0.9415061924178246,0.001613258676694465,0.8861185013378071,0.8861033440270563,0.0023281899780248647,0.8724714761044595,0.872471436831842,0.002463579956772203,LGBMRegressor,3329.669046640396,0.11876153945922852,0.946229994229927,0.9462299942299268,0.0015467463685154136,0.8883967455297351,0.8883767739888997,0.00230483698178002,0.8757444645469655,0.8757278725424806,0.002431922861643509,SimpleImputer,0.5796500720287137,0.5867881780963076,LGBMRegressor,3710.448616504669,0.08196091651916504
165,216,reg_simple_,MNAR_,0.1_,3/,0.10762604467823791,0.0,0.8973762000598781,0.897376200059878,0.002136845434753514,0.8476037151640743,0.8474088742429977,0.002694806382735597,0.7470818559880307,0.7467834650219258,0.00347143437448067,LGBMRegressor,3437.6216061115265,0.10213685035705566,0.9098197916627561,0.909819791662756,0.002003109453869882,0.8587198763403796,0.8581975525079868,0.002597794495111075,0.770838593793898,0.7708171679326397,0.003302584738662429,SimpleImputer,0.58522838131478,0.5905446903216612,LGBMRegressor,1294.8010115623474,0.07189822196960449
166,216,reg_simple_,MNAR_,0.3_,3/,0.10370816662567325,0.0,0.8051318124715093,0.8051318124715092,0.0029445540893273366,0.7650567893942035,0.7643278523435653,0.003349014736401603,0.5942454264628231,0.5936361326910273,0.004397648069868632,LGBMRegressor,2376.180352449417,0.13738512992858887,0.8453031897125491,0.845303189712549,0.0026235524016141004,0.8092759090350365,0.8086808489431387,0.0030174643745069832,0.606853735774634,0.6066282945643848,0.0043267767574029625,SimpleImputer,0.5957233934705358,0.5819833873369705,LGBMRegressor,1582.1653456687927,0.07608819007873535
167,216,reg_simple_,MNAR_,0.5_,3/,0.22715136600188557,0.0,0.7154692118110726,0.7154692118110726,0.003558063519588466,0.7002058089885943,0.6964898696667166,0.0038005769000971014,0.5145574244765267,0.5134945348739992,0.004811791386612299,LGBMRegressor,3145.022838830948,0.09107351303100586,0.7305780127504828,0.7305780127504827,0.0034623070581395726,0.6831725138740388,0.6820568048637923,0.0038898933642282445,0.5181037650804634,0.5155261277937241,0.004801734122270055,SimpleImputer,0.1151172693446089,0.11431901053087427,LGBMRegressor,2228.262797355652,0.07611083984375
168,216,reg_full_,MNAR_,0.01_,1/,0.07327707690097221,0.0,0.907286638678865,0.9065746882307357,0.0020388315308916003,0.9159590028801725,0.9153937337428302,0.0020066156433412746,0.9061053121309041,0.9054487278352081,0.0021212732581136337,MLPRegressor,10017.046547412872,0.04107475280761719,0.9125529536711141,0.9125478847599136,0.001972578170519453,0.9184857542674855,0.9184780980059868,0.0019696999805302196,0.9121883257996154,0.9121541525934984,0.0020446715166997143,IterativeImputer,0.06578660608235565,0.06556854939590488,MLPRegressor,13274.463860273361,0.09515380859375
169,216,reg_full_,MNAR_,0.1_,1/,0.09755880745596728,0.0,0.8425634966792019,0.8417534966046629,0.0026534818711492743,0.9024992937027976,0.9021468480437974,0.0021579945246400136,0.8194197268558683,0.8190345310950162,0.0029346802208749696,MLPRegressor,10558.49418258667,0.10660362243652344,0.8030621166199723,0.7997993624651137,0.0029845701532894447,0.8512926242626933,0.8489596310394671,0.0026810779920006045,0.7716854308584327,0.768603350075296,0.003318497251899695,IterativeImputer,0.06481385308935794,0.06928145970469189,MLPRegressor,9914.938405036926,0.10387921333312988
170,216,reg_full_,MNAR_,0.3_,1/,0.10547971731013248,0.0,0.8066012799216129,0.8066012799216128,0.0029334308924176622,0.7749786852015238,0.7749722809612671,0.0032725096644978316,0.6140103477981731,0.6135846002373604,0.004288349190792359,LGBMRegressor,3089.895132780075,0.09961867332458496,0.8798851496354403,0.8798851496354401,0.0023117848632737753,0.8295976801529901,0.8289389348734597,0.002853241385478673,0.6397253436901537,0.6395287862865784,0.004141886780661083,IterativeImputer,0.06988259533486058,0.07053758261046927,LGBMRegressor,9135.008413553238,0.19137787818908691
171,216,reg_full_,MNAR_,0.5_,1/,0.18511627014558013,0.0,0.266397320091482,0.26639732009148187,0.005713201191498085,0.08493152346561583,0.0009956712552305902,0.006895195968922641,-0.10462116667952093,-0.10615683715244861,0.007255565762762576,LGBMRegressor,4012.9703521728516,0.038037776947021484,0.6994608945462619,0.6994608945462619,0.0036567861062843606,0.7379565332840365,0.7379107609438553,0.003531730238105898,0.5339244908068974,0.5339031480562266,0.004709784256341052,IterativeImputer,0.08524234894198587,0.08544328594564307,LGBMRegressor,9764.714231967926,0.13527369499206543
172,216,reg_full_,MNAR_,0.01_,2/,0.07398407713369994,0.0,0.9106612874471313,0.9097529159026805,0.002003852048301241,0.9095021634483368,0.9086107763814466,0.0020855010974169127,0.9002059545639177,0.89942397550724,0.0021878128123150806,MLPRegressor,11448.175443172455,0.04097771644592285,0.912758131737631,0.9127450407792568,0.0019703533809992354,0.9193554191427493,0.9193247865849157,0.001959444605454293,0.9054955914949246,0.9054567837077556,0.0021211828887794924,IterativeImputer,0.061889795216417416,0.06175326966213354,MLPRegressor,12107.815267324448,0.13492369651794434
173,216,reg_full_,MNAR_,0.1_,2/,0.09531968055516025,0.0,0.8267500721295724,0.8267163814379921,0.002776692695048758,0.88883049790523,0.888726109004893,0.002301227557308516,0.8200293778188188,0.8200147304397225,0.0029267215824975296,MLPRegressor,8107.638823747635,0.03153634071350098,0.9837020032201823,0.9837020032201823,0.0008515618118465899,0.8639147690441508,0.8638915571761188,0.0025451035778123444,0.8139493915861942,0.8139397406744314,0.0029757040751951166,IterativeImputer,0.06370894919333257,0.06415825153446848,HistGradientBoostingRegressor,9939.584942817688,0.1036062240600586
174,216,reg_full_,MNAR_,0.3_,2/,0.1075915384124164,0.0,0.8489366663024985,0.8489366663024984,0.0025925586847338664,0.7984948353973149,0.7981543334655743,0.003099364424248701,0.6062683406914167,0.6050588563108857,0.004335399453449377,LGBMRegressor,2965.9895617961884,0.12302279472351074,0.752577124593528,0.7504862024297955,0.003331933665578701,0.85707771450431,0.8535878085150669,0.0026396816255062315,0.6723071665981017,0.6708287476391777,0.003957982582097958,IterativeImputer,0.0735630974892405,0.07024753018131903,MLPRegressor,8147.847083568573,0.12111496925354004
175,216,reg_full_,MNAR_,0.5_,2/,0.21376940467719874,0.0,0.700714723168901,0.7007147231689009,0.003649150202896059,0.6461089865124149,0.6457580904321645,0.004105942838021243,0.4668028476787296,0.4667858264342364,0.005037485061895526,LGBMRegressor,3431.5913894176483,0.06174206733703613,0.7730497513932215,0.7730497513932214,0.00317771098228421,0.7087127689518686,0.7086872642334978,0.0037234254653309897,0.5316744098427995,0.5313277789329913,0.004722778040844866,IterativeImputer,0.08060163030426559,0.08068311876722684,LGBMRegressor,8448.154508829117,0.1494600772857666
176,216,reg_full_,MNAR_,0.01_,3/,0.06223750195908828,0.0,0.9359254556538487,0.9359254556538485,0.001688464082920964,0.8918261299996635,0.8918254043439298,0.0022689533616190114,0.8850140919080252,0.8850132933784813,0.002339304447240634,LGBMRegressor,3286.6255617141724,0.1330115795135498,0.909206761971602,0.9092059154075335,0.0020099156910833977,0.9173141046853794,0.91730413884316,0.0019838316551439084,0.9036652070540169,0.9036359501469987,0.0021415116956441027,IterativeImputer,0.06585845625413081,0.0758438540745998,MLPRegressor,11874.062591314316,0.11340188980102539
177,216,reg_full_,MNAR_,0.1_,3/,0.09478255972776044,0.0,0.8216538511693116,0.8216398259800504,0.002817072390401059,0.8969747925296869,0.8967111466099437,0.0022171223347206732,0.8077146743758925,0.8076326802203044,0.0030257188843449017,MLPRegressor,5685.31055188179,0.04672503471374512,0.9586415005199033,0.9586415005199033,0.001356536395994982,0.8723693018157823,0.8723593164321084,0.0024646626823914258,0.8245509070814029,0.8245420477699571,0.002889678036188845,IterativeImputer,0.06388510459331372,0.06502498557737184,HistGradientBoostingRegressor,8313.792877197266,0.0794517993927002
178,216,reg_full_,MNAR_,0.3_,3/,0.1140958210331949,0.0,0.8128071417667717,0.8128071417667715,0.002885982553081987,0.789959297220479,0.789848327569545,0.0031624914064324566,0.5806901105686142,0.5796798738056169,0.00447252752186595,LGBMRegressor,2974.6121065616608,0.11605477333068848,0.8341915764542956,0.8341915764542955,0.002716141296199525,0.8320527403175821,0.8319144295914401,0.0028283173972850234,0.6821533697185901,0.6820860623506243,0.003889714383951359,IterativeImputer,0.06899389304520948,0.0697396828484825,LGBMRegressor,11286.907617807388,0.16116118431091309
179,216,reg_full_,MNAR_,0.5_,3/,0.181882577357035,0.0,0.12104126097551593,0.12104126097551582,0.006253646204924813,-0.03449755061150639,-0.034513767718572064,0.007016670232861857,-0.05320771669653568,-0.05385511275668975,0.007081958576930381,LGBMRegressor,3311.9598305225372,0.03583168983459473,0.7576049213342962,0.7576049213342961,0.0032840590884972774,0.7173295545040563,0.7162991812581448,0.0036744574560081808,0.5103340879204891,0.5102867716328768,0.004827628545127175,IterativeImputer,0.08262236441910331,0.08613725847631414,LGBMRegressor,11978.68121933937,0.1275036334991455
180,218,reg_non_simple_,MNAR_,0.01_,1/,0,0.0,0.7697131582708792,0.7697126065935491,25355.49827857646,0.6941571479071886,0.693947518028829,29244.93799774631,0.6885807613991025,0.6883921869415657,29509.16503236803,LGBMRegressor,783.8211874961853,0.07235884666442871,0.907686626631782,0.907686626631782,16053.486911500097,0.6896963807975431,0.6894980466367432,29456.756204604422,0.6827466900874785,0.6825186972973487,29785.975563280732,KNNImputer,0.1282639634099961,0.11318681583140357,HistGradientBoostingRegressor,10305.67308807373,1.8192777633666992
181,218,reg_non_simple_,MNAR_,0.1_,1/,0,0.0,0.7820614835470211,0.7820554884326449,24666.642296576687,0.6976479709535837,0.6974916671594789,29075.113792454787,0.6368084677511143,0.6362799846556668,31881.324256316977,LGBMRegressor,702.4132936000824,0.08062577247619629,0.7787322228288285,0.7787053808851458,24855.49946128453,0.6969217125576936,0.6968924450629495,29103.89619196985,0.6344474444748622,0.6341243008564774,31975.661275347218,IterativeImputer,0.14359118272410218,0.1392841117085177,LGBMRegressor,11977.94850730896,0.12623310089111328
182,218,reg_non_simple_,MNAR_,0.3_,1/,0,0.0,0.6481806940879846,0.6481806940879846,31339.84911841749,0.6486467230954069,0.6484146861172393,31344.988507858558,0.5786569022902974,0.5785628647408849,34317.77737871334,LGBMRegressor,693.8511006832123,0.0824282169342041,0.7332198195306383,0.7332198195306382,27290.648043779136,0.6373767990817261,0.6373750752479801,31833.293827071633,0.553928453792948,0.5539223725683133,35306.7687561338,IterativeImputer,0.15140385347797153,0.15734948321774447,HistGradientBoostingRegressor,12972.263049840927,0.13126564025878906
183,218,reg_non_simple_,MNAR_,0.5_,1/,0,0.0,0.6731412321904098,0.6731310423231847,30208.134522961478,0.6271430848257408,0.6221856670970449,32493.161323991455,0.44457260392977427,0.4442516853946319,39408.674632681716,RandomForestRegressor,806.2760190963745,0.3437960147857666,0.542192605855578,0.5421761071714772,35750.84362483055,0.6280687558066638,0.6256767441284143,32342.691397520848,0.4190278316824557,0.41893860344761724,40296.16942377662,IterativeImputer,0.1467373798483413,0.14743504358982118,LGBMRegressor,12911.787963151932,0.13938188552856445
184,218,reg_non_simple_,MNAR_,0.01_,2/,0,0.0,0.7936192904403013,0.7936152919631302,24003.569281637047,0.6968395033833371,0.6966671805928459,29114.70894804961,0.6915464441749957,0.6913683639607136,29367.9054003818,LGBMRegressor,970.3814449310303,0.10207080841064453,0.8203233928054211,0.8203233928054211,22396.638319435264,0.6891238443473762,0.6888268915501388,29488.574651726798,0.6862977768594433,0.6859729761883486,29623.492822371772,IterativeImputer,0.15348429913612033,0.13977031964245779,LGBMRegressor,10346.450673341751,0.15796804428100586
185,218,reg_non_simple_,MNAR_,0.1_,2/,0,0.0,0.8100001107597213,0.8099878810471026,23031.79138045218,0.7020449752721725,0.7019497269039039,28860.07890168157,0.654620188753338,0.6544801436933865,31073.43445945488,LGBMRegressor,791.6312942504883,0.10307455062866211,0.7752958986147136,0.7752958986147136,25046.241698570695,0.695046742738541,0.6950041290535398,29194.41195729314,0.6261137366949585,0.6260545421730381,32326.365815231755,IterativeImputer,0.14790614314555725,0.13355964996913258,LGBMRegressor,12877.918063163757,0.14004850387573242
186,218,reg_non_simple_,MNAR_,0.3_,2/,0,0.0,0.6835654913970937,0.6835654913970937,29722.065514450696,0.6670994056414337,0.6655532822063344,30571.46291041623,0.5507241460319146,0.5504200969823076,35445.099244491794,LGBMRegressor,835.7919385433197,0.10378623008728027,0.6478189896893193,0.6478132346607048,31356.21137791537,0.6218441479412129,0.6218426986233043,32507.906135194826,0.5304297029767082,0.5302445285044368,36231.69699355382,KNNImputer,0.15636088865281988,0.1506075619526913,HistGradientBoostingRegressor,12213.52951002121,35.93430852890015
187,218,reg_non_simple_,MNAR_,0.5_,2/,0,0.0,0.566517831153429,0.5665178311534289,34787.45730703528,0.6185187508541652,0.6179140864608699,32676.329401017378,0.4227176777745154,0.4226155461905634,40168.470481765726,LGBMRegressor,815.5891230106354,0.0854940414428711,0.5273225327397997,0.5273093728394689,36326.6678499603,0.6090313681396823,0.6039024807659732,33270.07755583488,0.42162083227954006,0.421610900122913,40203.401762376285,KNNImputer,0.14698095930781738,0.1444304942408358,LGBMRegressor,13553.694926023483,67.16524744033813
188,218,reg_non_simple_,MNAR_,0.01_,3/,0,0.0,0.8030080980368408,0.8029994214292548,23451.510377302624,0.6994239029242038,0.6992747798404615,28989.296605942996,0.6921086622579853,0.6919941264479956,29338.11801628815,LGBMRegressor,1201.8021862506866,0.07634520530700684,0.8160116671504811,0.8160116671504811,22663.772895828293,0.7038471504205801,0.7036435682280845,28777.955095516085,0.7007730384570142,0.7005906965095758,28925.801230124845,KNNImputer,0.12523539073514614,0.12229440937987067,LGBMRegressor,11679.935884952545,2.11002779006958
189,218,reg_non_simple_,MNAR_,0.1_,3/,0,0.0,0.7839790839270329,0.7839790839270329,24557.54617251798,0.6953709456538824,0.6950088741277348,29194.18485554715,0.6640397550066891,0.6639134193308074,30646.320430960448,LGBMRegressor,864.3816282749176,0.0815889835357666,0.7898740141083833,0.7898740141083833,24220.156755009833,0.6881417439555895,0.6879814190288001,29528.60842495043,0.6582409571753234,0.6582177348845982,30904.91218382019,IterativeImputer,0.14724079467919646,0.14424204608940439,LGBMRegressor,13786.137845277786,0.16389083862304688
190,218,reg_non_simple_,MNAR_,0.3_,3/,0,0.0,0.6789957433856814,0.6789778337578264,29936.744999847055,0.6777299370886043,0.677633083497488,30014.283794913885,0.508036844697149,0.5077038997731274,37090.77857968335,LGBMRegressor,857.2484068870544,0.1103372573852539,0.6715994397998134,0.6715669026218691,30280.324541536276,0.6580398512496953,0.6578837050340611,30920.01045431329,0.47942940784450483,0.4793083138610318,38145.47908305114,IterativeImputer,0.14654295522782865,0.14545100839480776,LGBMRegressor,10019.293807029724,0.15059113502502441
191,218,reg_non_simple_,MNAR_,0.5_,3/,0,0.0,0.5399319664376685,0.539925991831917,35838.59016229414,0.6141437640952836,0.6099570243328419,33014.82370717849,0.4189327784011361,0.4189304345848087,40296.45267501717,LGBMRegressor,770.6731562614441,0.08550596237182617,0.6957125364520557,0.6956669342937432,29148.193102426645,0.6006686772136329,0.596164779090513,33593.46866753539,0.39489831995089775,0.39487530206415167,41122.09115780456,KNNImputer,0.15974097061704975,0.15348993261715949,ExtraTreesRegressor,12943.584396839142,67.12282872200012
192,218,reg_simple_,MNAR_,0.01_,1/,0.07960724549326549,0.0,0.7920678730107235,0.7920604678622416,24093.816521202854,0.6964591512069935,0.6963636965651705,29129.26991806743,0.6873631589535182,0.6872204989377576,29564.59222642623,LGBMRegressor,4228.714949607849,0.09636402130126953,0.8191949974388152,0.8191857564747143,22467.429464936777,0.6953426695567497,0.6952461638793979,29182.825789259885,0.689255789173161,0.6891345131285378,29473.995042036113,SimpleImputer,0.4086581528069259,0.41036987418428106,LGBMRegressor,4395.63956451416,0.06783652305603027
193,218,reg_simple_,MNAR_,0.1_,1/,0.11699262784156646,0.0,0.77084231967595,0.77084231967595,25293.229011166703,0.6744028561445032,0.6743797241558134,30165.357175128396,0.6475606158933581,0.6471642321132902,31400.680079531186,HistGradientBoostingRegressor,6189.963749408722,1.5962028503417969,0.763822318322122,0.7638217503712854,25677.753023196954,0.6939598839022609,0.6939478878887371,29244.920326702973,0.6526442961584618,0.6524248687809928,31165.715349291273,SimpleImputer,0.1496687565345122,0.14839781068734625,LGBMRegressor,4983.5490899086,0.0681006908416748
194,218,reg_simple_,MNAR_,0.3_,1/,0.14418838991549893,0.0,0.6512333709777115,0.6512289675112206,31203.784582359145,0.6624287468418908,0.6623407535189678,30717.939133927972,0.546364195238247,0.5463535650734693,35605.04206212988,LGBMRegressor,4456.021040439606,0.0934760570526123,0.668221532491788,0.6682214736938477,30434.15077382233,0.6625727635447375,0.6622400879859924,30722.5193429864,0.5449706682228996,0.5447417497634888,35668.239945834495,SimpleImputer,0.14897191106828775,0.14564326946641348,XGBRegressor,3767.4092152118683,0.02794027328491211
195,218,reg_simple_,MNAR_,0.5_,1/,0.17005003363643428,0.0,0.5289371977241422,0.5289333509925856,36264.21212461829,0.6219165314089807,0.6213943694520883,32527.170506729937,0.39671826397956345,0.3963130097847962,41073.21139264893,LGBMRegressor,5751.472874164581,0.09643030166625977,0.5578319425777298,0.5578285695828549,35134.38911376307,0.6152990999267713,0.615293973725575,32788.17517946594,0.43001889993678244,0.42993673524844567,39912.99152574981,SimpleImputer,0.14503760836021742,0.150625526130476,LGBMRegressor,3560.4793496131897,0.06374931335449219
196,218,reg_simple_,MNAR_,0.01_,2/,0.15520049385460266,0.0,0.8130724798495765,0.8130677793157239,22844.368135570672,0.69069409782615,0.6906208116861656,29403.450632941276,0.6775405861972572,0.6773547172970888,30027.2397758871,LGBMRegressor,5007.706098556519,0.09729433059692383,0.8166444369613465,0.8166444301605225,22624.767120823326,0.6994181070617101,0.6992932558059692,28988.407520327102,0.6955611759172584,0.695427656173706,29174.13805932332,SimpleImputer,0.15853937970478418,0.14328059568616933,XGBRegressor,3299.668751478195,0.07642889022827148
197,218,reg_simple_,MNAR_,0.1_,2/,0.10283646396136877,0.0,0.780925615633774,0.780925405561842,24730.51017835916,0.6861445999070687,0.6860701049843994,29618.911183697084,0.6278428911311049,0.6273747035224875,32269.25354141885,HistGradientBoostingRegressor,5309.819380521774,1.8200254440307617,0.7353918032783069,0.7353865709578626,27179.596679076854,0.6702700987365267,0.6700387851738066,30365.763061674614,0.6163381236794268,0.616132521872665,32752.421304409447,SimpleImputer,0.15350591420315893,0.1526166313857485,LGBMRegressor,4442.214866161346,0.059479475021362305
198,218,reg_simple_,MNAR_,0.3_,2/,0.14123949067922198,0.0,0.6917821901899543,0.6917821668550741,29333.639408653904,0.6483073906037875,0.6476347773774,31379.73496553961,0.5305471533949673,0.5302819973398345,36230.25200073857,HistGradientBoostingRegressor,5916.896363019943,0.03491997718811035,0.6827487466845721,0.6827486753463745,29760.402464524617,0.656876912257236,0.6563764810562134,30988.046747532895,0.5282865518442097,0.5278363227844238,36324.45095627429,SimpleImputer,0.14639853750103965,0.147565739457355,XGBRegressor,4317.258372783661,0.024413108825683594
199,218,reg_simple_,MNAR_,0.5_,2/,0.17147548624609085,0.0,0.589931767941823,0.5898915531745953,33836.57719826963,0.5983837563587673,0.5958393491198686,33607.0015633737,0.47031061761990833,0.47030674364224423,38473.79033797519,LGBMRegressor,6736.8588988780975,0.08606672286987305,0.5733642033999549,0.5733642033999549,34511.649212127435,0.572735940368454,0.5699738639764023,34665.716257989574,0.4315410377591027,0.4314184046793368,39861.08821967226,SimpleImputer,0.14699018199627958,0.14833119994922156,LGBMRegressor,4972.125502109528,0.05932474136352539
200,218,reg_simple_,MNAR_,0.01_,3/,0.14370363140032033,0.0,0.8176969861861341,0.8176969861861341,22559.734890843214,0.6975870077324289,0.697353675543795,29081.74446020306,0.6939649164637549,0.6937672569816223,29253.549179558893,LGBMRegressor,4941.432818889618,0.1237335205078125,0.8989798399891953,0.8989798426628113,16793.496053237795,0.6988599683369081,0.6988043785095215,29011.962200745424,0.6933134266901841,0.6931949257850647,29280.872686212828,SimpleImputer,0.13989770516082928,0.14917715771611095,XGBRegressor,2774.9243173599243,0.10404133796691895
201,218,reg_simple_,MNAR_,0.1_,3/,0.09336010471990264,0.0,0.8192192126399334,0.819219212638479,22465.3507880616,0.6821652037938362,0.6821151041236606,29804.902029537832,0.6344751925912394,0.6342614592304698,31969.667244010274,HistGradientBoostingRegressor,7105.493577480316,0.033922433853149414,0.7399028595276458,0.7398983456877617,26946.88846310946,0.6878162574246327,0.687815270964462,29536.46928402296,0.638164297777496,0.6379530239267653,31807.91588784293,SimpleImputer,0.23566240791924886,0.23809066846120586,LGBMRegressor,3135.8193480968475,0.045295000076293945
202,218,reg_simple_,MNAR_,0.3_,3/,0.13949124880563635,0.0,0.700997484472932,0.700997484472932,28891.79259858224,0.6586703510691978,0.6586687393407435,30884.5149080041,0.55206386546034,0.5520318572342641,35381.50621455605,LGBMRegressor,5968.450302124023,0.06839537620544434,0.6626390554921491,0.6626386434815703,30689.141151931304,0.6461483449066863,0.6459542470261177,31454.47541458011,0.5213631200610622,0.5212677804600139,36576.24187555882,SimpleImputer,0.15122036303513217,0.14703604866269254,HistGradientBoostingRegressor,2675.7219502925873,0.02270054817199707
203,218,reg_simple_,MNAR_,0.5_,3/,0.2026469008595218,0.0,0.5491325873276451,0.5491325873276451,35478.19292571022,0.6168543563371731,0.6168154157069994,32723.27533076475,0.4785898462442658,0.4784072358203477,38178.47096362399,LGBMRegressor,4743.9140367507935,0.08471298217773438,0.6736222945596732,0.6736222937825818,30185.426080179546,0.6415865751322265,0.6409782266500353,31674.746361378035,0.4149441689621032,0.4140070344386564,40466.80842292706,SimpleImputer,0.15158742558940233,0.15090018516336579,HistGradientBoostingRegressor,2609.7011592388153,0.022474050521850586
204,218,reg_full_,MNAR_,0.01_,1/,0.1325363096766816,0.0,0.7936639969329973,0.7936532173114164,24001.363726877407,0.6933671639799036,0.6932899147186284,29276.33988094497,0.6899304021530217,0.6898888459328962,29438.213158558417,LGBMRegressor,4363.139146566391,0.06798505783081055,0.8480820849472605,0.848082084935253,20594.04053789917,0.6963036496049191,0.696169623949134,29138.577584039882,0.693057731895593,0.6929049983166902,29294.704797162285,KNNImputer,0.1298821745477286,0.13033753933233624,HistGradientBoostingRegressor,7297.724638700485,0.6841301918029785
205,218,reg_full_,MNAR_,0.1_,1/,0.13826185091228305,0.0,0.7768267499619547,0.7768267499619548,24960.77908421367,0.6899188346261698,0.6899182987073407,29436.815179755493,0.6633297717366237,0.6630827145600722,30684.17129188166,LGBMRegressor,6278.053578615189,0.07392024993896484,0.7840326628260612,0.7840326628260611,24554.50052326557,0.6911451649051946,0.6910659456385355,29382.290215574023,0.6334080704861589,0.6329833721942346,32025.478128326587,KNNImputer,0.13783722771994686,0.13062674596726767,LGBMRegressor,11839.199736833572,1.079728603363037
206,218,reg_full_,MNAR_,0.3_,1/,0.1447899744920637,0.0,0.6917668715731196,0.6917668715731196,29334.367239219082,0.6497303694603074,0.6497285424960837,31286.36637826015,0.5702394994713369,0.5701952722738275,34656.790910466625,HistGradientBoostingRegressor,3815.9961891174316,0.030831098556518555,0.6483500386556227,0.6483426571986293,31332.634500454107,0.642813823210393,0.6428093373837802,31593.868103367633,0.5044559619284834,0.5035489780499911,37246.970636119666,SimpleImputer,0.14960407298225767,0.14506826541661455,LGBMRegressor,7442.900081157684,0.047153472900390625
207,218,reg_full_,MNAR_,0.5_,1/,0.17240510301771397,0.0,0.5824362420251512,0.5824093287903999,34143.84778375082,0.6068240245263461,0.6068160221993989,33147.49074928724,0.4224923131593675,0.42242055977907056,40175.25248353201,LGBMRegressor,4535.957985639572,0.1068878173828125,0.5889887223061626,0.5889887223061627,33873.801391377114,0.6213384322438935,0.6200251305028557,32585.935181689714,0.47334134011481555,0.472860308689632,38380.94035591157,SimpleImputer,0.14724811394205065,0.14615426228805722,HistGradientBoostingRegressor,10121.962362766266,0.027248620986938477
208,218,reg_full_,MNAR_,0.01_,2/,0.1337401363667414,0.0,0.8612542746961,0.8612542746961,19680.98694826993,0.6988987004923581,0.6987382279264613,29015.146334810044,0.696330463165815,0.6961774899569835,29138.200390412156,HistGradientBoostingRegressor,8797.662760972977,0.03176760673522949,0.808640249302335,0.8086291264666281,23113.993519511918,0.6953941222118286,0.6953244081008436,29179.079266994893,0.6980845927031591,0.6979832012655914,29051.482674519662,KNNImputer,0.14561694858322421,0.13977530321767392,LGBMRegressor,7259.413857221603,0.8050920963287354
209,218,reg_full_,MNAR_,0.1_,2/,0.13129676027488274,0.0,0.7669215175839581,0.7669215175839581,25508.690143199616,0.6819244519389333,0.6817279933027269,29823.04427187362,0.6483406956717768,0.6479243844122663,31366.83689915283,LGBMRegressor,3959.739336490631,0.06632018089294434,0.9158122255431163,0.9158122255423465,15330.685766837178,0.6818304939427484,0.6817484099214988,29822.08770724059,0.63348533048533,0.6334494979096743,32005.134851561837,KNNImputer,0.1329214313693761,0.14208000314511082,HistGradientBoostingRegressor,8397.6216070652,6.115891695022583
210,218,reg_full_,MNAR_,0.3_,2/,0.1423119237857375,0.0,0.6972397298976356,0.6972397298892066,29072.776496121016,0.6613416657062379,0.6611097799669404,30773.88099083115,0.5101000363099237,0.5093429238332869,37028.98308420035,HistGradientBoostingRegressor,6435.946829080582,1.2909600734710693,0.664607958122934,0.6646079581229338,30599.437588704168,0.6424182304897379,0.6421441239330853,31623.273813304928,0.567906608602936,0.5678358315343364,34751.786061487335,SimpleImputer,0.14727140646936865,0.1474722043963632,HistGradientBoostingRegressor,8472.759004831314,0.022767305374145508
211,218,reg_full_,MNAR_,0.5_,2/,0.1690001541335031,0.0,0.5413696750399319,0.5413696750399319,35782.31636440302,0.5774306411716346,0.5770721149800317,34378.41994269534,0.3868717127233241,0.3867802900135333,41396.23128710758,LGBMRegressor,6088.101373910904,0.08315038681030273,0.5777368123855198,0.5777368123855198,34334.33802151784,0.6314819060499257,0.6313512025004391,32096.60982342076,0.4370615143483242,0.436019509934244,39699.47763214282,SimpleImputer,0.149900720739902,0.14892544751264855,LGBMRegressor,8374.161637067795,0.05192756652832031
212,218,reg_full_,MNAR_,0.01_,3/,0.15836186090885396,0.0,0.8369514505349979,0.836951450534998,21335.141979348628,0.6925096819454777,0.6923457555089153,29321.36658107203,0.6818178504063064,0.681642177311352,29827.064609137295,HistGradientBoostingRegressor,7157.668791294098,1.7642877101898193,0.8392710187478039,0.839270830154419,21182.851956495942,0.702354390441244,0.7022205591201782,28846.965469079205,0.6992497700161113,0.699039876461029,29000.616944362122,KNNImputer,0.13552468960703679,0.1321957785954947,XGBRegressor,8762.756956577301,0.8151729106903076
213,218,reg_full_,MNAR_,0.1_,3/,0.13406916319062026,0.0,0.7542345289479994,0.7542345289479994,26193.739298800025,0.6816077574046243,0.6815908896125763,29829.467094312044,0.6543066850423702,0.6536205259142094,31112.06419830071,LGBMRegressor,4272.057769060135,0.07046198844909668,0.8008596331432245,0.8008453460049691,23579.375436011724,0.6805372852029469,0.6805188182306454,29879.642236765052,0.6132112831939214,0.6131442811046808,32879.655820238215,SimpleImputer,0.14965693693363927,0.14529405557024425,LGBMRegressor,8911.391987323761,0.08155465126037598
214,218,reg_full_,MNAR_,0.3_,3/,0.09537223025747735,0.0,0.6508412010065702,0.6508412010065701,31221.126075862645,0.6595350364084587,0.6593567898761366,30853.3709297217,0.5794682907394209,0.5794668041921689,34280.9535651012,LGBMRegressor,4687.630382061005,0.09939908981323242,0.7723571329103147,0.7723344592706711,25210.74723246902,0.6395176478486835,0.6382234257581008,31796.035488590293,0.5021833436444167,0.5021759570443494,37298.44153647479,SimpleImputer,0.14838266422505617,0.14194286551867766,RandomForestRegressor,6585.725337266922,0.2030043601989746
215,218,reg_full_,MNAR_,0.5_,3/,0.1671764702871724,0.0,0.4595339347682328,0.4595339347682328,38843.761856650126,0.6007394269387789,0.6007179482677609,33403.55168425957,0.3678115330564947,0.36742764324054555,42044.37072059993,LGBMRegressor,5432.177755832672,0.06459856033325195,0.6206146119726841,0.6206146119726841,32544.482313456283,0.6215926129471907,0.6174084457307404,32697.943676431238,0.42387204695372194,0.4235390786723271,40136.332680792424,SimpleImputer,0.1468074444294108,0.14790490404616097,LGBMRegressor,8560.743904829025,0.0656285285949707
216,1193,reg_non_simple_,MNAR_,0.01_,1/,0,0.0,0.62708449735173,0.62708449735173,442.1290980711584,0.6102970385911601,0.6101659431992916,458.9123454499173,0.602965876120013,0.6028226813349782,463.2144215818127,LGBMRegressor,730.0481593608856,0.05956745147705078,0.646378970935932,0.646378970935932,430.5394196976376,0.6102872740757228,0.6101928516053492,458.89650689936036,0.6039534609088897,0.6038221578841518,462.6312266733434,KNNImputer,0.31600066334346755,0.31000838207864534,HistGradientBoostingRegressor,9872.461755990982,4.543824911117554
217,1193,reg_non_simple_,MNAR_,0.1_,1/,0,0.0,0.5968972132135886,0.5968972132135886,459.67594714105036,0.6100460221251294,0.6098137951411928,459.11957287058334,0.5476140437990725,0.5473263664522079,494.5183960829265,LGBMRegressor,717.40806889534,0.08336973190307617,0.5988486479691222,0.5988486479691221,458.5619435663936,0.6101836026087291,0.609854390989826,459.0956883338265,0.5436245352226127,0.5432635094423086,496.7326508253389,IterativeImputer,0.32224722752078605,0.3284914625884054,LGBMRegressor,11387.74092912674,0.11552643775939941
218,1193,reg_non_simple_,MNAR_,0.3_,1/,0,0.0,0.49126067799309103,0.49126067799309114,516.40630099955,0.604087586718425,0.6040561570170504,462.49458185865535,0.44292929422939786,0.442928408219323,548.5868060827386,LGBMRegressor,841.5659031867981,0.14273452758789062,0.5055412635226145,0.5055412635226146,509.1068103602652,0.6064588159614486,0.6061800449152475,461.25247709797287,0.4403594729166447,0.4401610062499768,549.9477437360487,IterativeImputer,0.3296132229535686,0.32717189947508923,LGBMRegressor,14262.837384939194,0.2790522575378418
219,1193,reg_non_simple_,MNAR_,0.5_,1/,0,0.0,0.3778980141017755,0.3778980141017756,571.0507064683748,0.5971119304455705,0.5971098325276105,466.5338785430434,0.35890888554327005,0.35868571093564516,588.6068481447454,LGBMRegressor,1025.891499042511,0.12946748733520508,0.36636800785332335,0.36636800785332324,576.3183233178935,0.5959542379190053,0.5945881083744915,467.9916388423328,0.35046375895121207,0.3502147648691334,592.4814693195021,IterativeImputer,0.3337459854013431,0.3314881244860557,LGBMRegressor,14346.814415931702,0.1793534755706787
220,1193,reg_non_simple_,MNAR_,0.01_,2/,0,0.0,0.6300769814388744,0.6300769814388744,440.3515784485276,0.6105149547163651,0.6104206845062373,458.76238031360793,0.6061578914686025,0.6060922179043742,461.30390690423496,HistGradientBoostingRegressor,1190.280550956726,1.7960636615753174,0.6290171369577933,0.6290171369577934,440.9819398523134,0.610110838135457,0.6100065249240012,459.00616939305894,0.6067491740771531,0.6066497533088846,460.9773275066476,KNNImputer,0.3192075830905289,0.3128797115609444,HistGradientBoostingRegressor,11577.193951368332,5.1494622230529785
221,1193,reg_non_simple_,MNAR_,0.1_,2/,0,0.0,0.5889429018496235,0.5889429018496235,464.1891182610041,0.6081283769715347,0.6078650295129641,460.26466982509373,0.5553542116399226,0.5551772848386819,490.21131422127587,LGBMRegressor,750.1493172645569,0.09394574165344238,0.5771979490450259,0.5771979490450259,470.7739484388102,0.6092290253634145,0.6088885216012425,459.66362035334,0.5588143407398806,0.558749748319221,488.2388515569394,KNNImputer,0.3330442343689021,0.32675036758187803,HistGradientBoostingRegressor,9699.848962783813,30.303305864334106
222,1193,reg_non_simple_,MNAR_,0.3_,2/,0,0.0,0.5291299668403696,0.5291299668403695,496.81466329699674,0.60289473304293,0.6022878741122091,463.5261804226621,0.45067169098300985,0.45066281910269057,544.7651910029857,HistGradientBoostingRegressor,1489.913892507553,1.6207425594329834,0.49522423250622527,0.4952242325062254,514.3907237954522,0.6058225172443268,0.6047373182485627,462.09658477779203,0.44665054482629285,0.44660186419227477,546.7750616903362,IterativeImputer,0.3293035493208531,0.3287320448449795,LGBMRegressor,14226.857522249222,0.1792614459991455
223,1193,reg_non_simple_,MNAR_,0.5_,2/,0,0.0,0.39405747049856843,0.3940574704985683,563.5852223824965,0.5937721010397281,0.5911731141436176,469.95857332030164,0.3439350304552923,0.34345616689099556,595.5547811397827,HistGradientBoostingRegressor,1099.2581224441528,0.03481483459472656,0.3960960505084309,0.3960960505084309,562.6363852674086,0.5954551256232616,0.5942936110070098,468.1615861089529,0.3426334225191361,0.3422129585764697,596.1183752606833,IterativeImputer,0.3368782113784271,0.3394340414199877,LGBMRegressor,15334.717037677765,0.1935276985168457
224,1193,reg_non_simple_,MNAR_,0.01_,3/,0,0.0,0.6305285807255958,0.6305285807255832,440.08270738850024,0.6104940257918641,0.6103782948555677,458.787338322545,0.6044397430637559,0.60434630005412,462.3250954818125,HistGradientBoostingRegressor,1050.1421988010406,1.7386229038238525,0.6260137772756342,0.6260137772756342,442.7633666648513,0.6093453413692775,0.6092066231974085,459.4766538711112,0.604518321866576,0.6043970814934605,462.29542523335004,KNNImputer,0.32051468094379126,0.3308440549733698,LGBMRegressor,11688.740639686584,3.126319169998169
225,1193,reg_non_simple_,MNAR_,0.1_,3/,0,0.0,0.5964261190094815,0.5964261190094815,459.9444734939146,0.6099302997948999,0.6098562775491072,459.09457834788947,0.5527907431109624,0.5523587026252214,491.7619533781019,LGBMRegressor,706.8374178409576,0.08307051658630371,0.6096170308234035,0.6096170308234035,452.36532816515614,0.6088846388145921,0.6086589276027479,459.798518624987,0.5481967052014223,0.54787272767489,494.21987278612727,IterativeImputer,0.32803429998044364,0.3238969452937357,LGBMRegressor,10640.928452014923,0.15903186798095703
226,1193,reg_non_simple_,MNAR_,0.3_,3/,0,0.0,0.4978861097962263,0.4978861097962263,513.0326406734908,0.6061567076073584,0.6058826338190316,461.42661214765,0.4497255514585501,0.44962736397741676,545.2783679441569,LGBMRegressor,692.8062705993652,0.09769701957702637,0.49035486955804175,0.49035486955804186,516.8658262758105,0.6044290845883498,0.6038489525557441,462.61558185418426,0.45324028174782716,0.4530919760397668,543.5593866668788,IterativeImputer,0.3383478980196587,0.33819997735881413,LGBMRegressor,13611.982156038284,0.17805886268615723
227,1193,reg_non_simple_,MNAR_,0.5_,3/,0,0.0,0.3919029524916593,0.3919029524916592,564.5862884905974,0.59626506796626,0.5962618030496827,467.0246158988908,0.32163601134258024,0.32163578992008923,605.37058643558,LGBMRegressor,768.3993971347809,0.11890888214111328,0.41243128369213145,0.41243128369213145,554.9747339556878,0.5970383318123875,0.5969369726033535,466.63395093136825,0.311194702933034,0.31109434830426796,610.056032778581,IterativeImputer,0.3356788873954727,0.33641834815947497,LGBMRegressor,14309.257898569107,0.7324445247650146
228,1193,reg_simple_,MNAR_,0.01_,1/,0.364769744099008,0.0,0.6278484565885596,0.6278484565885596,441.6759903663511,0.6099392181954852,0.6098161039899076,459.11821449451736,0.6033847336636897,0.6032385065266838,462.9718766806481,LGBMRegressor,5166.386138677597,0.06988716125488281,0.6201315574085624,0.6201315574085624,446.2317702541127,0.6106703450373256,0.6105907607732083,458.6622298339667,0.6026052409625342,0.6025215844900215,463.38996783171103,SimpleImputer,0.33922202954501535,0.3335928371784654,LGBMRegressor,2091.5359840393066,0.03975272178649902
229,1193,reg_simple_,MNAR_,0.1_,1/,0.2748117180072427,0.0,0.6044764811657668,0.6044764811657668,455.333953064856,0.6096732746151614,0.6094086215105079,459.3578884169585,0.5600452106747564,0.5600120314368416,487.5399997742627,HistGradientBoostingRegressor,6899.1435170173645,1.7900841236114502,0.5904161946929418,0.5904161946929418,463.35650838927853,0.6097761980110874,0.6097042570977584,459.1840132967146,0.5543047798137868,0.5542073539417605,490.7454733096544,SimpleImputer,0.32957679812263274,0.33973852501878976,LGBMRegressor,4637.89460849762,0.07097744941711426
230,1193,reg_simple_,MNAR_,0.3_,1/,0.29192005180610564,0.0,0.5311332350667763,0.5311332350667766,495.7567133666005,0.6059610074285657,0.6058000830761112,461.474934193947,0.4838575966264477,0.4836798191752879,528.1404150627463,LGBMRegressor,6502.5570867061615,0.07479190826416016,0.4828548083689752,0.4828548083689753,520.6550975818816,0.6056514993970167,0.605529453529049,461.633314903186,0.4490253018277405,0.448144166756163,546.0126079501408,SimpleImputer,0.3400508800039099,0.32885235302963567,LGBMRegressor,5831.560980558395,0.06924819946289062
231,1193,reg_simple_,MNAR_,0.5_,1/,0.25810463451987375,0.0,0.47759247213500233,0.4775924721350022,523.297418766914,0.5914237021706621,0.5898909331224385,470.69494887492436,0.29315460065403387,0.29312462108938897,617.9613024870359,LGBMRegressor,3184.295348405838,0.11170578002929688,0.46920742755125155,0.46920742755125133,527.4803647157161,0.597490800353333,0.5974372451304104,466.3442733731079,0.28670843985277417,0.28664295265346096,620.78802439276,SimpleImputer,0.33389706960354626,0.33316514848052403,HistGradientBoostingRegressor,3399.9778389930725,0.025096654891967773
232,1193,reg_simple_,MNAR_,0.01_,2/,0.3328712030451153,0.0,0.6276875848548463,0.6276875848548463,441.7714427520817,0.6122188151747003,0.6121252087010881,457.75766989768624,0.6067451530525783,0.6066596440308013,460.97153187380343,LGBMRegressor,4267.721595048904,0.08808612823486328,0.622267464790069,0.6222666501998901,444.97598473707166,0.6096488520790537,0.609515905380249,459.2948112875966,0.6070391032196294,0.606856107711792,460.85643482896114,SimpleImputer,0.34582356483277604,0.33995492985245745,XGBRegressor,3483.263983488083,0.02042531967163086
233,1193,reg_simple_,MNAR_,0.1_,2/,0.32824009512387264,0.0,0.5830306605304278,0.5830306605304278,467.5154204359297,0.6091010939805233,0.6090166436728122,459.5883248398847,0.5508060865959657,0.5507695725252053,492.6340594545825,LGBMRegressor,3919.1982033252716,0.08289027214050293,0.6005926860028061,0.6005926860027995,457.5640401504546,0.6089816266390948,0.6088740865968358,459.67210282640724,0.5590162401975289,0.5590089959785569,488.09540305344603,SimpleImputer,0.3398609217258062,0.3426211060097971,HistGradientBoostingRegressor,5004.407784938812,0.021418333053588867
234,1193,reg_simple_,MNAR_,0.3_,2/,0.29837718918008255,0.0,0.5214112104677445,0.5214112104677445,500.8701383637807,0.6053189843737445,0.6048772456733851,462.01478384930084,0.4376596966344697,0.43758138188394446,551.2133112895906,HistGradientBoostingRegressor,7153.582621574402,1.7321105003356934,0.48934120402145553,0.4893412040214554,517.3795845594377,0.6046513282601441,0.6045889120701246,462.1833265263562,0.4564550632765323,0.4562473831029279,541.9890749115904,SimpleImputer,0.3367563038636134,0.33497322155725806,LGBMRegressor,3413.4658529758453,0.07566094398498535
235,1193,reg_simple_,MNAR_,0.5_,2/,0.2550599931915871,0.0,0.36025774137131394,0.36025774137131394,579.0904447518777,0.5983010829532183,0.5981231687115304,465.9468037796642,0.3675915981446012,0.36690576604092684,584.8224440093202,LGBMRegressor,5883.359129905701,0.07196569442749023,0.4047953686575074,0.40479451417922974,558.5697032653856,0.5983723658512232,0.5983695387840271,465.803958786505,0.3613370001711783,0.36131030321121216,587.4011937485202,SimpleImputer,0.33471433933718925,0.33966134155189404,XGBRegressor,1529.439885854721,0.03297090530395508
236,1193,reg_simple_,MNAR_,0.01_,3/,0.3364896315388726,0.0,0.6345386918370893,0.6345386918370892,437.6879412418643,0.6109055276673326,0.6108134549181001,458.53106191339737,0.6048681085550212,0.6047834780098843,462.06960159441485,HistGradientBoostingRegressor,5575.094537258148,0.03067922592163086,0.6324200650983158,0.6324200650983156,438.95477485785534,0.6104663449598744,0.6103582568200214,458.7991357643647,0.6043030876618907,0.6041785141292203,462.42311481222697,SimpleImputer,0.32922799527174196,0.3349979462740894,HistGradientBoostingRegressor,1703.0937721729279,0.022495031356811523
237,1193,reg_simple_,MNAR_,0.1_,3/,0.30750818990280243,0.0,0.6084020452177308,0.6084020452177308,453.068727682305,0.6093142349584761,0.6092084697904612,459.47556830076945,0.5597534011457999,0.5596808803057318,487.72343553518425,LGBMRegressor,6114.5581843853,0.0751039981842041,0.5995967477307109,0.5995962805759603,458.1344294301289,0.60974155914054,0.6096902835692368,459.19223317048124,0.5595017514567016,0.5594161664784438,487.87001983390587,SimpleImputer,0.33941936228281744,0.33573089845009396,HistGradientBoostingRegressor,4615.150095701218,0.020883798599243164
238,1193,reg_simple_,MNAR_,0.3_,3/,0.28650440630848234,0.0,0.5329140994683809,0.5329140994683809,494.8143183345844,0.602990302183849,0.6018298284080921,463.7930255423202,0.4423306721394876,0.44232833973175556,548.8821909651801,LGBMRegressor,6154.610512495041,0.0745537281036377,0.4913393863036378,0.4913393863036377,516.3663522104938,0.6039828941415892,0.6037440184306835,462.67684756005025,0.4608703080701113,0.46082108916014275,539.7048252251128,SimpleImputer,0.33690432896003136,0.3396468730105542,LGBMRegressor,2961.570280313492,0.07075023651123047
239,1193,reg_simple_,MNAR_,0.5_,3/,0.2442428810823955,0.0,0.39575469544613273,0.39575469544613284,562.7953771451719,0.5923682099121794,0.5919810749646979,469.4939562452751,0.3299785855657762,0.3294884274584202,601.8565499418588,LGBMRegressor,5746.88854598999,0.12100887298583984,0.4024761726986066,0.4024761726986066,559.6564243078656,0.6024764621913623,0.6022200565379452,463.5656988068835,0.333961837212541,0.3339428181048588,599.8540703116734,SimpleImputer,0.33556371818374875,0.33404873638510074,LGBMRegressor,1559.0468702316284,0.05983233451843262
240,1193,reg_full_,MNAR_,0.01_,1/,0.32571482084899506,0.0,0.62909130795501,0.62909130795501,440.93785465526634,0.6119900229023322,0.611862149039679,457.9128709706107,0.6063118573235408,0.606219958477515,461.2291025892415,HistGradientBoostingRegressor,3930.4063267707825,0.030556917190551758,0.6346720124688605,0.6346720124688604,437.60809947160766,0.6102906852630753,0.6101735316146458,458.9078788898839,0.6058459399671627,0.6057784412650264,461.48760164496105,IterativeImputer,0.33173507169525,0.3472340044885937,HistGradientBoostingRegressor,10588.370461940765,0.053420305252075195
241,1193,reg_full_,MNAR_,0.1_,1/,0.3068457438479112,0.0,0.60216005705255,0.60216005705255,456.6653615603474,0.6104064547879403,0.6102326329526382,458.8730902083485,0.5535909865896322,0.5535141790841211,491.12686171245076,LGBMRegressor,6294.643646478653,0.08056092262268066,0.601984112098054,0.6019841120979269,456.7663306639047,0.6090796717488005,0.6089096309949849,459.6512155124978,0.548059930777017,0.5478059527737187,494.25636722781525,SimpleImputer,0.33650512473008887,0.3313207737531558,HistGradientBoostingRegressor,11735.840065002441,0.02016615867614746
242,1193,reg_full_,MNAR_,0.3_,1/,0.28411168442209134,0.0,0.5000211055677868,0.5000211055677868,511.94076754090844,0.6073303826381504,0.6072557019406631,460.62212722232766,0.45203414074149517,0.4518021938476,544.1999517483547,LGBMRegressor,6333.10235619545,0.06894516944885254,0.4875825192671721,0.487582519267172,518.2697342260595,0.6023528673829415,0.6019991695640574,463.6943898268531,0.4678207523083777,0.46761671606375654,536.2929128163261,SimpleImputer,0.33699955911763163,0.34170564328611475,LGBMRegressor,8184.5560920238495,0.0410313606262207
243,1193,reg_full_,MNAR_,0.5_,1/,0.24993984144040585,0.0,0.3450591205379011,0.3450591205379011,585.9289124181519,0.5932361424354271,0.5879187610731809,471.82535314759656,0.34644180850323936,0.3461442955840007,594.3343219161404,LGBMRegressor,4963.420784711838,0.06785416603088379,0.3598327428532565,0.3598328232765198,579.2827769206735,0.5975396069015779,0.59661865234375,466.81819057387384,0.3381244311180741,0.3376031517982483,598.2035498328083,SimpleImputer,0.33768519717707685,0.33506339899584026,XGBRegressor,9408.76596736908,0.02191901206970215
244,1193,reg_full_,MNAR_,0.01_,2/,0.31464945063590766,0.0,0.6382621242014024,0.6382621242014013,435.45258326308243,0.611617055457375,0.611516254973944,458.1168630218074,0.6070156934229429,0.60691203760628,460.8236130024755,HistGradientBoostingRegressor,6330.398639678955,0.03351426124572754,0.6447935350013025,0.6447935350013025,431.50348748779635,0.6115434142229306,0.6114440895674502,458.1594113328732,0.6086364712804504,0.6085346765642046,459.87150599261963,KNNImputer,0.3166039341318427,0.30972770111431436,HistGradientBoostingRegressor,8665.032763242722,1.4939863681793213
245,1193,reg_full_,MNAR_,0.1_,2/,0.3131175452197158,0.0,0.5942440170995553,0.5942440170995553,461.1862445205635,0.6098526205939407,0.6096968268561025,459.18838412576827,0.5679722374979542,0.5679139223388889,483.14221815121147,LGBMRegressor,5062.651920557022,0.08814191818237305,0.6013367981170694,0.6013367981170694,457.13761121083974,0.6086002839615756,0.6084723136660094,459.9081347514163,0.5630746414665335,0.5629362917091552,485.9171478658549,SimpleImputer,0.3338258852355506,0.33071272427487486,HistGradientBoostingRegressor,9561.926258802414,0.019815921783447266
246,1193,reg_full_,MNAR_,0.3_,2/,0.27907752273457725,0.0,0.5479877968852072,0.5479877968852072,486.7645692563834,0.6051060812897686,0.6049343837590396,461.9813770226378,0.4430861800204611,0.44273254232957737,548.6832389302743,HistGradientBoostingRegressor,7226.462205171585,1.7510721683502197,0.5234008330853714,0.5234008330853716,499.827927952549,0.6024201645733644,0.6014555675609561,464.0109459354829,0.46775454490382173,0.4675852307185484,536.3087708629231,SimpleImputer,0.34647627582561996,0.3327755877300103,HistGradientBoostingRegressor,9523.656857013702,0.020905494689941406
247,1193,reg_full_,MNAR_,0.5_,2/,0.24236987246927977,0.0,0.4327732264545636,0.4327732264545635,545.2833540859436,0.592303819968483,0.590254862714847,470.4860558579898,0.30354435212910014,0.3033042338427423,613.4955797908276,LGBMRegressor,4269.445123434067,0.06777477264404297,0.38904220321490735,0.38904220321490735,565.9127582544427,0.5978208880196823,0.5975161105191598,466.2985907764918,0.32272256542127675,0.32271186766400284,604.8902512802492,SimpleImputer,0.33825702194448143,0.33953766199896823,LGBMRegressor,8282.93174624443,0.055624961853027344
248,1193,reg_full_,MNAR_,0.01_,3/,0.373120730961525,0.0,0.6297470483671629,0.6297470483671629,440.5479087130923,0.6111940894935618,0.6110711162914603,458.3792512897528,0.607735777849532,0.6076350553249745,460.3996150441947,LGBMRegressor,4409.702105045319,0.11398458480834961,0.6310468590221547,0.6310468590221547,439.7739347105582,0.6111669419499624,0.6110647952956054,458.38297613727167,0.6062489733193913,0.6061106257463666,461.29312810139936,IterativeImputer,0.3175958050016085,0.30433638804397156,LGBMRegressor,5354.815129041672,0.07230496406555176
249,1193,reg_full_,MNAR_,0.1_,3/,0.305786415218316,0.0,0.5930818496597972,0.5930818496597972,461.84623774619615,0.6074327627627549,0.6072242919167962,460.64054615650105,0.552395524382171,0.5521774542154945,491.8614996578433,LGBMRegressor,4520.121601343155,0.06078624725341797,0.5934726904894965,0.5934726904894965,461.62438510635496,0.6082657277134025,0.6078588218113254,460.2683129258785,0.5644778851885448,0.5644171971677889,485.0932314300078,SimpleImputer,0.33528726919137475,0.33670605632874734,LGBMRegressor,11114.477199316025,0.0699014663696289
250,1193,reg_full_,MNAR_,0.3_,3/,0.30352495122449363,0.0,0.5041268814364459,0.5041268814364459,509.83443159502826,0.6057721395123109,0.6051518920458893,461.8541847179474,0.46764025830306777,0.46745775301036585,536.372972050669,LGBMRegressor,5760.1032102108,0.11476469039916992,0.5006137902945149,0.5006137902945151,511.6372452818027,0.6052849704007018,0.6050843469441077,461.8936868116097,0.4521173267120817,0.4518078452775379,544.1971466333109,SimpleImputer,0.3367631830905766,0.33365632776604387,LGBMRegressor,8930.012303590775,0.05053353309631348
251,1193,reg_full_,MNAR_,0.5_,3/,0.24986891345276244,0.0,0.42921748825530126,0.42921748825530137,546.9897754746775,0.5916009287155446,0.5915350283434414,469.75051173548883,0.3338157105032161,0.33380251318381515,599.9172466038307,LGBMRegressor,3204.6950714588165,0.09350395202636719,0.38031799545560996,0.3803179860115051,569.9389346451653,0.593729777539418,0.5904620289802551,470.36709991992666,0.3239299525572439,0.3231855630874634,604.6786982188767,SimpleImputer,0.33847146650200577,0.33624034979250156,XGBRegressor,9838.109373092651,0.02223968505859375
252,1199,reg_non_simple_,MNAR_,0.01_,1/,0,0.0,0.5813258068772705,0.5813246175915485,10.21298936201836,0.47609547136969654,0.4760899837406981,11.46043921310421,0.4713046852639533,0.47130179269115835,11.512690516453205,HistGradientBoostingRegressor,1832.533121585846,1.362168312072754,0.5656868751177112,0.5656868751177111,10.401971119542146,0.47833872659478394,0.4782978358253682,11.436265530645713,0.475556254500506,0.4755186241965029,11.466686704874013,IterativeImputer,0.24100585600352514,0.22291964734874162,HistGradientBoostingRegressor,11987.179755210876,1.9255576133728027
253,1199,reg_non_simple_,MNAR_,0.1_,1/,0,0.0,0.5530189437501756,0.5530189437501756,10.552581753601944,0.4680495482048025,0.46800822097212047,11.54849449821662,0.4337624779663677,0.4337390628891281,11.914647906363967,HistGradientBoostingRegressor,987.6427533626556,1.7941124439239502,0.5537762912609133,0.5537762912609133,10.54363801918136,0.4605749217500953,0.46056920492922404,11.628957388660929,0.43344981379292624,0.43344103325461913,11.917782901936512,KNNImputer,0.2513840668246648,0.2460901639190013,ExtraTreesRegressor,10596.089615821838,8.63486647605896
254,1199,reg_non_simple_,MNAR_,0.3_,1/,0,0.0,0.43776196992499716,0.43776196992499705,11.83516387636497,0.45457364824239443,0.4543956533461,11.695312265893786,0.38853712130016804,0.3881611287675347,12.384869756261084,LGBMRegressor,640.6767077445984,0.04880690574645996,0.4218307943995757,0.4218307943995757,12.00166900092246,0.45506328585311007,0.4549810992834996,11.689035913056388,0.39073610914542356,0.39068499493576725,12.359299253260561,IterativeImputer,0.24933893150850445,0.2505555818441601,HistGradientBoostingRegressor,12580.719229221344,1.9466702938079834
255,1199,reg_non_simple_,MNAR_,0.5_,1/,0,0.0,0.35050117002518544,0.350501170025185,12.720475716733443,0.4406757727318972,0.44065757115632875,11.841638345374147,0.2563083062111996,0.25630633536848835,13.654316084834926,HistGradientBoostingRegressor,946.9323275089264,1.7235743999481201,0.41526425285114177,0.41526425285114166,12.069630896915445,0.43786513297139873,0.4365108753642698,11.885451399244728,0.24525945543591987,0.24524897437213655,13.755448877386991,IterativeImputer,0.2742722492019929,0.2741294998729401,LGBMRegressor,12525.933676958084,0.1603071689605713
256,1199,reg_non_simple_,MNAR_,0.01_,2/,0,0.0,0.5521368014827324,0.5521368014827324,10.562989677934707,0.47765282606433135,0.4776274765145141,11.443610665913114,0.47543452351293103,0.4754092416902097,11.467882352232026,HistGradientBoostingRegressor,1523.0705535411835,0.029848814010620117,0.6209408853774521,0.620940816764654,9.717793762841655,0.4760144483855081,0.47600274179209157,11.461393374504159,0.4735436643140577,0.4735144644325141,11.488574193239097,IterativeImputer,0.21724851104314766,0.20513971890342467,RandomForestRegressor,12224.733939170837,0.21021533012390137
257,1199,reg_non_simple_,MNAR_,0.1_,2/,0,0.0,0.5227068428797331,0.5227068428797331,10.904525457048292,0.4714134778550927,0.4714078209182492,11.511536047463288,0.4469371268547314,0.4469337150425319,11.775015934887074,HistGradientBoostingRegressor,1152.9672274589539,1.2702736854553223,0.5385646333957292,0.5385646333957292,10.721847001360059,0.47314586459178976,0.47310504725807434,11.493040323065449,0.4514006739121794,0.451353292013424,11.727874233418467,KNNImputer,0.2563644170221366,0.25152650656610925,HistGradientBoostingRegressor,9892.838084697723,10.636348247528076
258,1199,reg_non_simple_,MNAR_,0.3_,2/,0,0.0,0.45345262838623557,0.45345262838623557,11.668850392708103,0.45542074700961177,0.4553638532740406,11.68493072430781,0.34538257072789624,0.3451812550993427,12.812487737977357,LGBMRegressor,738.6120579242706,0.03403496742248535,0.4973529100193972,0.4973529100193972,11.19040366863262,0.45332091987227663,0.45303409944754003,11.709895980299441,0.34332506749390046,0.34291823076254346,12.834608335207324,KNNImputer,0.30141805315546616,0.27091971322971564,LGBMRegressor,11899.758093833923,20.50182843208313
259,1199,reg_non_simple_,MNAR_,0.5_,2/,0,0.0,0.3861460091188563,0.3861460091188563,12.366497343915041,0.43499493969706704,0.4273269154955244,11.981916732288516,0.3014191250766264,0.301410012078253,13.233785459974724,LGBMRegressor,760.9976539611816,0.0490565299987793,0.38373536862749236,0.38373536862749225,12.39075553026094,0.4391539865553208,0.43665249943875484,11.883957695320799,0.3050345490955171,0.3050295775052039,13.19945719838723,KNNImputer,0.2810320794116025,0.27159562911157786,LGBMRegressor,11450.673988580704,40.85292029380798
260,1199,reg_non_simple_,MNAR_,0.01_,3/,0,0.0,0.5536323323944708,0.5536214180415955,10.545467578513142,0.47658901784824215,0.4765866792998722,11.455005361019188,0.4701143908346226,0.4701143901365895,11.52561143341278,HistGradientBoostingRegressor,1640.5278594493866,1.169780969619751,0.5792967714787551,0.5792950135728295,10.237714082840553,0.47450454763472283,0.4744985152227502,11.477832560870047,0.46985815043345536,0.46984375950800816,11.52855431886043,KNNImputer,0.24987810372658226,0.24660139653728402,RandomForestRegressor,9931.495042562485,1.0850341320037842
261,1199,reg_non_simple_,MNAR_,0.1_,3/,0,0.0,0.5824892260026393,0.5824892260026389,10.19877498894232,0.47308235458982895,0.47293262801892355,11.49492064016619,0.44623871407227766,0.4461151959474502,11.78372602288276,HistGradientBoostingRegressor,1334.6530191898346,1.8819825649261475,0.620979497437443,0.6209790078472578,9.717304205498982,0.4673060820709022,0.46729255634128386,11.556259722852648,0.4396558932408937,0.43952574179113624,11.85361306789999,IterativeImputer,0.23918180652680152,0.2400398781639425,RandomForestRegressor,12352.509221792221,0.26088380813598633
262,1199,reg_non_simple_,MNAR_,0.3_,3/,0,0.0,0.457067403997766,0.457067403997766,11.63019843591844,0.4555991550977082,0.4554917978513746,11.683558146171187,0.37383809517628963,0.3737888610807768,12.529487450553633,HistGradientBoostingRegressor,1206.958458662033,1.3191943168640137,0.4522908947303599,0.45229089472343675,11.681245384426491,0.45897832641320313,0.4580298474394019,11.656296770132627,0.3717392832050219,0.3716481723506978,12.55088506522146,IterativeImputer,0.2610355805382504,0.2557651953088485,HistGradientBoostingRegressor,11107.908567667007,1.953625202178955
263,1199,reg_non_simple_,MNAR_,0.5_,3/,0,0.0,0.354331549575705,0.3543315495757049,12.68291113810188,0.44778829544958854,0.447460306276635,11.76940892448501,0.2819106294222652,0.27821133876367354,13.451723719245873,LGBMRegressor,708.0919332504272,0.0439295768737793,0.3704483467511889,0.37044834675118876,12.523619123182373,0.44600957951224884,0.44291029767956824,11.817768453965641,0.2733755434171399,0.2695715507445353,13.53199258888297,KNNImputer,0.2924573848939083,0.2841969820998973,LGBMRegressor,10302.061309337616,41.576685428619385
264,1199,reg_simple_,MNAR_,0.01_,1/,0.33392826479395615,0.0,0.5677423835387615,0.5677423835387614,10.377326806094453,0.47638378146416194,0.47637288381979237,11.457344600621749,0.47507121746632597,0.47505726332200304,11.471728940842977,HistGradientBoostingRegressor,4152.326614379883,0.02689528465270996,0.5994391557297575,0.5994391557297574,9.989607242841785,0.4748023003046369,0.47478959450065317,11.47465329108264,0.4718041576607752,0.4717745318912995,11.507542288988486,SimpleImputer,0.2808468849570671,0.2845403880722782,HistGradientBoostingRegressor,2253.995968103409,0.01598668098449707
265,1199,reg_simple_,MNAR_,0.1_,1/,0.2929385567389349,0.0,0.5291296005197337,0.5291296005197337,10.830907872316182,0.4663376377244076,0.46633737498960026,11.56661566984119,0.4343776073211426,0.43427530373250633,11.909005071285012,HistGradientBoostingRegressor,5948.038536310196,0.027992725372314453,0.5770562833161366,0.5770562833160398,10.26491731440341,0.46527672546596577,0.46524886731533144,11.578405830666286,0.4275403460088262,0.42747541058165195,11.980363166073134,SimpleImputer,0.283473645162418,0.3065738532924048,HistGradientBoostingRegressor,1978.1299376487732,0.017656564712524414
266,1199,reg_simple_,MNAR_,0.3_,1/,0.24462675387360142,0.0,0.4266517606559429,0.4266517606559428,11.951527312801034,0.45111978395457464,0.45087883823408326,11.73294410053313,0.380973303818844,0.3809347314372087,12.457793592162194,HistGradientBoostingRegressor,3241.553553581238,1.72322678565979,0.392850850872666,0.3928503394126892,12.298780665468598,0.4559404126781552,0.45574110746383667,11.680882315541842,0.35870920076250357,0.35844117403030396,12.682099538878349,SimpleImputer,0.274572953911026,0.29979312912929934,XGBRegressor,4344.2255318164825,0.014447212219238281
267,1199,reg_simple_,MNAR_,0.5_,1/,0.2278434924078256,0.0,0.38470371947258164,0.3847037194725814,12.381016762933148,0.43636795792881444,0.4279542876141249,11.975351747310807,0.2376193636825149,0.23614995918135961,13.838115920192484,HistGradientBoostingRegressor,3187.3786368370056,0.028608322143554688,0.3180588867123225,0.3180588867123225,13.034296736148363,0.44237487852577817,0.44230851144331307,11.8241496981486,0.28094605760921043,0.28051845169713385,13.430208082602654,SimpleImputer,0.2800722899220504,0.29187626186345444,LGBMRegressor,2988.592531442642,0.027308225631713867
268,1199,reg_simple_,MNAR_,0.01_,2/,0.2643337537257099,0.0,0.5820957326331913,0.5820957326331914,10.20357990112257,0.4791448516469834,0.47912465856942044,11.427199520788841,0.47518111745338,0.47514073440387083,11.470816845459055,HistGradientBoostingRegressor,5021.103302001953,0.023769140243530273,0.573997426397636,0.573997426397636,10.301969934963607,0.4769666671234044,0.4769537552065599,11.450987891650225,0.47130744318502704,0.47126414725190646,11.513100384096772,SimpleImputer,0.2764019637557639,0.31606573488442347,HistGradientBoostingRegressor,3445.0404374599457,0.015347003936767578
269,1199,reg_simple_,MNAR_,0.1_,2/,0.28656288958221143,0.0,0.5697887036950667,0.5697856794435734,10.352770770644224,0.46773584388802714,0.46769867946523747,11.551853778084695,0.44019500817020574,0.4401928397643311,11.846556654963146,RandomForestRegressor,5659.894814014435,0.12192726135253906,0.5470522736555368,0.5470522736555258,10.622780524793262,0.4699946260108808,0.4699904002022711,11.526959815205014,0.4438168162359447,0.4437578715643459,11.808775068693759,SimpleImputer,0.27248121454653806,0.28891109125823006,HistGradientBoostingRegressor,2971.5828680992126,0.017520904541015625
270,1199,reg_simple_,MNAR_,0.3_,2/,0.2458348910544029,0.0,0.478536425748309,0.478536425748309,11.39793445663742,0.4567761480653413,0.45676512351572574,11.66988922257283,0.37783365118047585,0.377746016247797,12.489836524784385,HistGradientBoostingRegressor,4180.681270360947,0.026488780975341797,0.4761201761551006,0.476119658871931,11.42431626863671,0.4534851917530829,0.45257472010919897,11.714812333643836,0.35085943261995045,0.35082375833188273,12.757166385943465,SimpleImputer,0.2775223686418351,0.28288435289297104,ExtraTreesRegressor,3818.3873777389526,0.12108874320983887
271,1199,reg_simple_,MNAR_,0.5_,2/,0.22841150405443283,0.0,0.4309226854943097,0.4309226539025709,11.906930411568348,0.44027095475497235,0.44019019507119705,11.846584638233342,0.26931043047545977,0.2690870059089845,13.53648020850138,RandomForestRegressor,5508.287383317947,0.13485217094421387,0.42597772509967846,0.4259756023572122,11.958572545241209,0.4286535390012197,0.4286498200163039,11.968069306113758,0.25551805197833644,0.252664534791855,13.68770723152499,SimpleImputer,0.27697601712189807,0.2927956985356538,RandomForestRegressor,3355.8855106830597,0.10152530670166016
272,1199,reg_simple_,MNAR_,0.01_,3/,0.27258377525116806,0.0,0.5620146051139754,0.5620146051139754,10.445854711526412,0.4774840319090996,0.47743461891585914,11.445722935901381,0.47357476505009344,0.4735088755453706,11.488635171338085,HistGradientBoostingRegressor,4750.124260663986,0.03929591178894043,0.5848019055050633,0.5848019055050633,10.170489190406084,0.4760540080680724,0.47600748599820886,11.461341489370424,0.47607722536004615,0.47600542793072664,11.461363997507878,SimpleImputer,0.2555684506318444,0.26650773381372633,HistGradientBoostingRegressor,3040.062705039978,0.016060829162597656
273,1199,reg_simple_,MNAR_,0.1_,3/,0.23214835401987188,0.0,0.5117270966556853,0.5117270966556853,11.029237242016876,0.46683790963741856,0.46683657485196794,11.56120456963854,0.440388012009975,0.4403879619380344,11.844491901681344,HistGradientBoostingRegressor,4203.770768404007,1.7314238548278809,0.5150103832084998,0.5150103832084997,10.992092822557167,0.4707784940819796,0.47077808862981607,11.518391075263203,0.4458234916558429,0.4457874957694422,11.78721136685462,SimpleImputer,0.26644505712414424,0.273206979472549,LGBMRegressor,1836.700748682022,0.0259857177734375
274,1199,reg_simple_,MNAR_,0.3_,3/,0.25029170572185305,0.0,0.44037949124251574,0.4403794912425155,11.807582200982752,0.4579855313642923,0.45710384984848607,11.66625035903813,0.37711270225593996,0.3769182287873195,12.498141408426473,HistGradientBoostingRegressor,4610.602005243301,0.027461528778076172,0.4197847124652949,0.4197847124652948,12.022886587915995,0.4577466341753258,0.45772722835700175,11.659550570691323,0.3733317371314867,0.3732991100363855,12.534386062114239,SimpleImputer,0.2780960181134568,0.28340901111644645,LGBMRegressor,845.3212838172913,0.02611994743347168
275,1199,reg_simple_,MNAR_,0.5_,3/,0.22925027096317357,0.0,0.412601375322202,0.41260137532019814,12.09708213531919,0.44448725072624784,0.4415882772122893,11.83178242139491,0.26848369437700703,0.2684025745047105,13.542816546988846,HistGradientBoostingRegressor,3466.5822920799255,1.7427036762237549,0.3904381810901085,0.3904381810865468,12.323187172093142,0.44237994684109794,0.43759644377934115,11.8739971490588,0.259686794429846,0.2596030441299424,13.624018462104095,SimpleImputer,0.28840285897588086,0.2759784605435449,HistGradientBoostingRegressor,2976.5651199817657,0.017271757125854492
276,1199,reg_full_,MNAR_,0.01_,1/,0.24312134150552128,0.0,0.6254974332743534,0.6254948936287466,9.659241814205869,0.4751517804404557,0.47514943931628373,11.470721721988335,0.47328311644988574,0.47327382161213083,11.491199457249136,RandomForestRegressor,3735.2446427345276,0.1379866600036621,0.6018667155104815,0.6018667155104815,9.959290722118174,0.4690199200601738,0.4690175120514546,11.537534435947945,0.4692055097929161,0.46919819709143973,11.535571247620005,IterativeImputer,0.24258408192752826,0.2389998020168637,ExtraTreesRegressor,11001.845382928848,0.14559364318847656
277,1199,reg_full_,MNAR_,0.1_,1/,0.24184533486161897,0.0,0.5527621229582398,0.5527621229582398,10.555612903568777,0.4756485910250341,0.47562919081824573,11.465477987371864,0.4407893456556764,0.44078758731088263,11.840262002654123,HistGradientBoostingRegressor,6271.64119386673,1.7144522666931152,0.49167048623178944,0.49167048623178944,11.253479640539526,0.47013281396288953,0.4701284433115912,11.525458596172637,0.4408479033997552,0.4407823702530038,11.840317233177174,IterativeImputer,0.23465735422586897,0.24244200704827384,LGBMRegressor,7985.7663786411285,0.05220222473144531
278,1199,reg_full_,MNAR_,0.3_,1/,0.22366185664314076,0.0,0.4614024116274964,0.4614024116274964,11.583675128174548,0.4576978236926881,0.4576820238395999,11.660036537717984,0.36406820172600307,0.363989645191786,12.627140256234414,LGBMRegressor,3546.9072568416595,0.027953624725341797,0.4145865586443326,0.4145865586443326,12.07662307276974,0.4507480639448248,0.45005603802884886,11.74173110043983,0.37809422666128434,0.3776385600342582,12.490914904866228,SimpleImputer,0.28155511570965996,0.28194820170816665,LGBMRegressor,7946.668995380402,0.03194880485534668
279,1199,reg_full_,MNAR_,0.5_,1/,0.2132803497922425,0.0,0.41233069808391676,0.41233052563058625,12.099870798071551,0.4320834694873549,0.43206439050088086,11.932253218575902,0.23983444494154627,0.2393675187882145,13.80894006924615,ExtraTreesRegressor,4743.3515067100525,0.14388537406921387,0.3457442492419315,0.34574424924193137,12.766973033012315,0.4507940911420538,0.4498971284467427,11.743427399464858,0.2655313877909493,0.26452223134755604,13.578684140580917,SimpleImputer,0.2830502509766863,0.28903234297518005,LGBMRegressor,7106.436658382416,0.03378558158874512
280,1199,reg_full_,MNAR_,0.01_,2/,0.24060030121154918,0.0,0.5559578270763353,0.5559578270763353,10.517833131248842,0.47755140608015734,0.4775270197692767,11.444710965570902,0.4746764536041542,0.4746432495126054,11.476251832372045,HistGradientBoostingRegressor,2425.688830137253,1.760225534439087,0.556844265130747,0.5568442651306641,10.5073295509385,0.4768822313103652,0.4768678076696381,11.451928672496246,0.4721724220069371,0.47216147133180797,11.503326723877159,KNNImputer,0.27090770958682325,0.33831210634406816,HistGradientBoostingRegressor,9012.772328138351,0.4582223892211914
281,1199,reg_full_,MNAR_,0.1_,2/,0.24404473165608037,0.0,0.5559868302672168,0.5559868302672168,10.517489632678295,0.47407812039802755,0.4740775618019829,11.48242880446864,0.44142554916473,0.4413829626987794,11.83395735191732,HistGradientBoostingRegressor,4238.393443822861,1.5329830646514893,0.5577703240073353,0.5577702375333433,10.4963462958673,0.46893688440281145,0.4687615225786884,11.540315254088947,0.43694940976596996,0.43684856226943225,11.881889517910695,SimpleImputer,0.3058142753196475,0.26576014030233536,RandomForestRegressor,1763.856192111969,0.10264086723327637
282,1199,reg_full_,MNAR_,0.3_,2/,0.2289347149003496,0.0,0.4570970410039181,0.4570970410039181,11.629881003359523,0.4588673046827768,0.458631451353405,11.649825545818912,0.3986978518219456,0.39865588182334666,12.278192694862128,HistGradientBoostingRegressor,5055.620714426041,1.7732844352722168,0.36782622483359906,0.36819693452027147,12.52829457914764,0.45221726990180056,0.45215687081407085,11.719282434422762,0.3481335722064155,0.35194343911810666,12.797155824407966,IterativeImputer,0.3608782492208237,0.35662033969005236,ExtraTreesRegressor,803.7603862285614,0.38120245933532715
283,1199,reg_full_,MNAR_,0.5_,2/,0.22298601710097338,0.0,0.10631486619780617,0.10631486619780595,14.921292144573473,0.12089845604993266,0.1147578110256281,14.897176488488327,-0.03457871135635715,-0.036032704951795225,16.116088508320125,LGBMRegressor,4583.257625102997,0.027662992477416992,0.3949037188172072,0.3949034810066223,12.277968286105946,0.4478256905868957,0.44354546070098877,11.811028940783046,0.25215659806644075,0.250302791595459,13.70931809181016,SimpleImputer,0.28616447217382307,0.28789078913408045,XGBRegressor,6285.350949525833,0.020622730255126953
284,1199,reg_full_,MNAR_,0.01_,3/,0.2213068559563776,0.0,0.5455463315631137,0.5455463315631135,10.640424964398086,0.4775429856826753,0.47752596959949745,11.444722467489665,0.47249714772384643,0.47248209139857245,11.49983251359889,HistGradientBoostingRegressor,2270.1997973918915,1.725480079650879,0.5877132335698496,0.5877132335698495,10.134769230782585,0.47929525389017624,0.4792789240419735,11.425507222521802,0.47605032421499516,0.47604585566588775,11.460921849868702,IterativeImputer,0.23511580413407426,0.2771426090805467,HistGradientBoostingRegressor,5500.370664834976,0.0455930233001709
285,1199,reg_full_,MNAR_,0.1_,3/,0.2314393333805354,0.0,0.5268598144132888,0.526859814406944,10.856981171330444,0.4715625558457709,0.47155481928268683,11.50993529105733,0.4325563877232981,0.4325193307796157,11.92747314310903,HistGradientBoostingRegressor,5705.126192331314,1.7338662147521973,0.5532331526490558,0.5532331526490558,10.550052868122886,0.47112233332408304,0.4711210539969507,11.514658189900766,0.4313573406709571,0.43135655853113875,11.939686631953517,IterativeImputer,0.2457120852389384,0.24755141241630782,HistGradientBoostingRegressor,11314.685894012451,0.1989607810974121
286,1199,reg_full_,MNAR_,0.3_,3/,0.23793656916674505,0.0,0.4515740334234404,0.4515740334234404,11.688887300974677,0.45398098749941684,0.4538303376090359,11.701369615326685,0.3815568974747062,0.38099392482866956,12.457197987208525,HistGradientBoostingRegressor,6241.619908332825,1.8124487400054932,0.4727681175060986,0.4727681175060985,11.460801723206337,0.45554505231446574,0.4553966088243301,11.684579341009774,0.34303588728590206,0.34111049604302035,12.85225121643842,SimpleImputer,0.27097811383603704,0.28740399134802325,HistGradientBoostingRegressor,7037.352778196335,0.01763296127319336
287,1199,reg_full_,MNAR_,0.5_,3/,0.20696333967259922,0.0,0.188381574093627,0.18838157409362688,14.219689581497535,0.02279767151328993,0.02279727352212213,15.651834469256853,-0.0992263647813294,-0.1009822533751783,16.61357401290108,LGBMRegressor,4009.3291862010956,0.029087305068969727,0.3746298542534855,0.3746298539528812,12.48195864131216,0.44402334008098643,0.44334376641446827,11.813169885744522,0.2633389296824207,0.26151198151619215,13.606443981884938,SimpleImputer,0.27746795986857525,0.2864517278561042,RandomForestRegressor,4128.606801986694,0.10878324508666992
288,1200,reg_non_simple_,MNAR_,0.01_,1/,0,0.0,0.9349820590915666,0.9349820590915663,1.665827976227079,0.812096868437004,0.8120962887120148,2.8395482851187093,0.808215734905185,0.8082156916310607,2.868719690858999,HistGradientBoostingRegressor,3759.0694155693054,1.7052197456359863,0.8493607878314251,0.8493607878314251,2.5356106286139384,0.8056300932961524,0.8056265355720643,2.888019137600214,0.8033921460920607,0.803388828122228,2.904595598788362,KNNImputer,0.13498187221615648,0.13482402375348682,HistGradientBoostingRegressor,9677.656512737274,14.045572519302368
289,1200,reg_non_simple_,MNAR_,0.1_,1/,0,0.0,0.9155255459044815,0.9155255459044815,1.898786969318597,0.8065789744757956,0.8065719472777746,2.880987068538915,0.7709881463468451,0.7709389695107649,3.1351417693378885,HistGradientBoostingRegressor,2108.826493501663,0.05433249473571777,0.8957019013690886,0.8957012608591378,2.10985726131513,0.7995325645937695,0.7995309661770793,2.9329538384696328,0.7684410439126581,0.768413667078268,3.1523762148354457,KNNImputer,0.14890029149321354,0.148054887279037,RandomForestRegressor,14893.911649465561,22.742920398712158
290,1200,reg_non_simple_,MNAR_,0.3_,1/,0,0.0,0.9177725294908576,0.9177725291880229,1.873363316701923,0.7951845057109812,0.7951844414038495,2.9645791591460773,0.6811883840287695,0.6810601235491366,3.6994400159211223,HistGradientBoostingRegressor,2368.076413154602,0.0624995231628418,0.7431263778201396,0.7431263778201396,3.311107649374966,0.7736705717693046,0.773658471288809,3.1164753881293343,0.6539995935229859,0.6539995679538935,3.853185343018328,KNNImputer,0.16585948395864886,0.16609091324159825,HistGradientBoostingRegressor,16490.81627368927,51.719388008117676
291,1200,reg_non_simple_,MNAR_,0.5_,1/,0,0.0,0.7061686297522933,0.7061686297522932,3.5412992374947843,0.7751697316760526,0.7751207643499095,3.1063919872818664,0.5425129305910696,0.5424519544697404,4.430981444493682,HistGradientBoostingRegressor,6093.396760463715,1.9072296619415283,0.7714372183270871,0.771437218327087,3.1233187052667466,0.7301861349047798,0.7286823141041265,3.4120912041054217,0.4930276266266831,0.4928600343717304,4.66493393373747,IterativeImputer,0.18444624936942156,0.18377262387844123,HistGradientBoostingRegressor,17788.729611873627,4.173999786376953
292,1200,reg_non_simple_,MNAR_,0.01_,2/,0,0.0,0.8909522042532049,0.890952204253205,2.15735686666877,0.8112934755459811,0.8112904236235965,2.8456307743985008,0.8078038984109114,0.8077997022884322,2.871829200748979,HistGradientBoostingRegressor,2606.1948454380035,1.8657982349395752,0.8821169658945738,0.8821169550104825,2.243051362633401,0.806712168689901,0.8067103980262209,2.8799558163190615,0.8042992560739292,0.8042965477952309,2.897882834909145,KNNImputer,0.13332209851703175,0.14243719621309883,RandomForestRegressor,10890.379603147507,14.570950746536255
293,1200,reg_non_simple_,MNAR_,0.1_,2/,0,0.0,0.9318334106945169,0.9318334106915839,1.705686955327965,0.8080581249247287,0.8080553338646945,2.869918760183066,0.7757730429482727,0.7757555625135274,3.1020044645674223,HistGradientBoostingRegressor,3754.1613471508026,0.06043410301208496,0.9078518327273875,0.9078518327273875,1.983156084332551,0.8031671184834744,0.803156534053291,2.906310967115824,0.7694331260777745,0.7694318667296391,3.1454386634711953,KNNImputer,0.15197538941545763,0.15101886073007031,RandomForestRegressor,14572.74958229065,22.117058992385864
294,1200,reg_non_simple_,MNAR_,0.3_,2/,0,0.0,0.8236684727900329,0.8236684727900329,2.7433330155711446,0.7943269376853181,0.7940933800417498,2.9724648920519017,0.6865952230483403,0.6865275689581622,3.667594012479715,HistGradientBoostingRegressor,4991.055250406265,1.922858715057373,0.7857162705728749,0.785716153965072,3.0241843528427674,0.7683037124347251,0.7682764856107549,3.153309740506236,0.6669964530394776,0.6669609190010785,3.78032535205841,KNNImputer,0.16672787105470707,0.16701613549278443,RandomForestRegressor,15259.933188199997,59.24414610862732
295,1200,reg_non_simple_,MNAR_,0.5_,2/,0,0.0,0.691626956760693,0.691626956760693,3.627870273816227,0.7743103161544216,0.774149973335783,3.113089826277752,0.5578699274916604,0.55749612446783,4.357527317689419,HistGradientBoostingRegressor,3770.520077943802,1.7472190856933594,0.6945336705936209,0.6945336705936209,3.610731700293125,0.7111209006005016,0.7110933723233526,3.5209538405002956,0.47717011335926907,0.47716456004479346,4.736571398253074,KNNImputer,0.18336137193035928,0.19130164124361373,ExtraTreesRegressor,15384.492172002792,59.33790063858032
296,1200,reg_non_simple_,MNAR_,0.01_,3/,0,0.0,0.9650673878992538,0.9650673878890016,1.221037709323129,0.8110899274914379,0.8110863977950518,2.8471686543153383,0.8075327194767178,0.8075311739804052,2.8738346561998838,RandomForestRegressor,8687.477079153061,0.9710776805877686,0.9005559879909849,0.9005559879723002,2.0601690782552144,0.8115389013774592,0.8115387460320463,2.843757879237323,0.8090160450414575,0.8090158785316306,2.8627288166511202,KNNImputer,0.13896951885637163,0.13896301834149144,HistGradientBoostingRegressor,10673.50216126442,12.929371356964111
297,1200,reg_non_simple_,MNAR_,0.1_,3/,0,0.0,0.9620983529613673,0.9620983529403997,1.2718696007695651,0.8027659874494887,0.8027656204339554,2.909195373353016,0.764447725240514,0.7644427885252426,3.179287344744172,RandomForestRegressor,2615.7849147319794,1.0274343490600586,0.8509360035387953,0.8509360035271708,2.522318504683484,0.8042416274191855,0.8042321184858416,2.898359814806951,0.7645456479384964,0.764542930970221,3.1786114676364647,KNNImputer,0.1483038182650471,0.14922106425770804,HistGradientBoostingRegressor,15305.285633087158,19.878914833068848
298,1200,reg_non_simple_,MNAR_,0.3_,3/,0,0.0,0.7863286989265668,0.7863286989265668,3.0198588410143956,0.7907070900541626,0.7906899502295368,2.996930140869444,0.6897945580459048,0.6896526847093506,3.6492664591200183,HistGradientBoostingRegressor,3296.8867659568787,1.8881547451019287,0.89329522429712,0.89329522429712,2.134054342663378,0.7674389568167593,0.7674250648440527,3.1590975254511044,0.6647059384305567,0.6647019685197164,3.7931243545394704,KNNImputer,0.1642455673556638,0.16827112539593714,ExtraTreesRegressor,15435.790175437927,52.853968381881714
299,1200,reg_non_simple_,MNAR_,0.5_,3/,0,0.0,0.6882100645761731,0.688210064576173,3.647914004225586,0.7681250595742453,0.7680738087776178,3.154688459336616,0.5666657766088823,0.5666622729763124,4.312159631366568,HistGradientBoostingRegressor,2896.1998693943024,1.8093905448913574,0.6454814826132362,0.6454814826132362,3.8898513746511107,0.7273706513883726,0.7264560556984996,3.4260613180077883,0.5340849262095937,0.5340336204001652,4.47155802140495,IterativeImputer,0.17538281235839623,0.17589668120384896,HistGradientBoostingRegressor,14662.199839830399,2.5756609439849854
300,1200,reg_simple_,MNAR_,0.01_,1/,0.18935265206088622,0.0,0.8986570560698374,0.8986570560698374,2.079746028930716,0.8093909533493304,0.8093792829992185,2.86000392049501,0.8006638425574827,0.8006625507214663,2.9246643237492216,HistGradientBoostingRegressor,5713.4317128658295,0.04519295692443848,0.9520160777098725,0.9520160777098725,1.4310717816685568,0.8109782478664402,0.8109778043618179,2.847986857441527,0.8040438278973032,0.8040422335756843,2.899765105091063,SimpleImputer,0.5775363829628185,0.5727323642697215,RandomForestRegressor,7140.284934997559,0.6293478012084961
301,1200,reg_simple_,MNAR_,0.1_,1/,0.20402421026202983,0.0,0.8455257232440471,0.8455257232334887,2.567684331707109,0.8017967273590251,0.8017839226954157,2.916426378414573,0.7704798229239003,0.7704750998126579,3.1383146393281005,HistGradientBoostingRegressor,9393.185688734055,1.8468914031982422,0.8640528873174087,0.8640528873174087,2.408787782967371,0.8026460455137002,0.802644462941389,2.9100887690812662,0.7697633660953269,0.7697481234337743,3.143280716923513,SimpleImputer,0.20762538071301925,0.20197551136227285,HistGradientBoostingRegressor,5639.44401550293,0.05090641975402832
302,1200,reg_simple_,MNAR_,0.3_,1/,0.20519137380873706,0.0,0.7628277505364882,0.762827750536484,3.1815992972184923,0.7849757067585591,0.7849737097779057,3.037577450815218,0.6921711691834536,0.692158962399934,3.6345013638805344,HistGradientBoostingRegressor,9020.509447813034,0.038248538970947266,0.8128257638096262,0.8128257635723534,2.826419239983748,0.7860581470887494,0.7859833478899927,3.0304377134465392,0.6859201967227841,0.6852804002774784,3.674882640395337,SimpleImputer,0.19829864538627592,0.20041726911437582,HistGradientBoostingRegressor,4567.767483711243,0.04667067527770996
303,1200,reg_simple_,MNAR_,0.5_,1/,0.2326463652173904,0.0,0.7036540333902508,0.7036540333902508,3.5564200995750728,0.7624521009795385,0.7620976902836021,3.1950739055543624,0.561520510407153,0.5614797312991657,4.337868823230734,HistGradientBoostingRegressor,8487.47853255272,0.04846692085266113,0.6763900140740193,0.6763900140740193,3.7164175561346937,0.7649404573024663,0.7649403725979955,3.175927653393876,0.5631385179717325,0.5630001475895499,4.330342269030727,SimpleImputer,0.5456332675185939,0.5559217879543026,LGBMRegressor,3261.9847638607025,0.1746819019317627
304,1200,reg_simple_,MNAR_,0.01_,2/,0.19969157720944936,0.0,0.9811739299346554,0.9811739299346554,0.8963825243458823,0.8107913567821312,0.8107888500004645,2.8494099842773655,0.8020843685622411,0.8020807229396563,2.914242094620311,RandomForestRegressor,9543.543248414993,0.9251928329467773,0.9362805184272412,0.936280518426981,1.6491101418272602,0.811053320276167,0.8110519208225595,2.8474284484116263,0.8073607783758233,0.8073593276008529,2.8751173259828855,SimpleImputer,0.5442791473565155,0.5707708396838184,HistGradientBoostingRegressor,6241.713797569275,0.0492556095123291
305,1200,reg_simple_,MNAR_,0.1_,2/,0.1844958940803218,0.0,0.9270365365741414,0.9270365365741414,1.7646812291751257,0.8018157928316536,0.801814170889372,2.9162038434978257,0.7652162168155738,0.7651772327109565,3.1743271229460466,HistGradientBoostingRegressor,10623.279146194458,0.04844951629638672,0.8647951394934696,0.8647951483726501,2.4022029687164195,0.8009055687246099,0.8009033203125,2.922897408835888,0.7622826998022987,0.762276828289032,3.1938708842372243,SimpleImputer,0.20468669966772685,0.20429694469514045,XGBRegressor,6405.3138256073,0.11658740043640137
306,1200,reg_simple_,MNAR_,0.3_,2/,0.21060064681254217,0.0,0.8070663358166321,0.807066335816632,2.8695748141554787,0.7890237523890153,0.7890236359188998,3.0088357517224673,0.672970045146088,0.6729412279294833,3.7462303676456576,HistGradientBoostingRegressor,12265.170708179474,1.4532644748687744,0.8625309779954309,0.8625309779954309,2.4222332823591946,0.7875212123268805,0.7875045884351126,3.0196482585438984,0.6764310725459091,0.6763595149830233,3.7266018973936426,SimpleImputer,0.5521213685591065,0.5551136057808255,HistGradientBoostingRegressor,6713.52662563324,0.04686403274536133
307,1200,reg_simple_,MNAR_,0.5_,2/,0.23097025232096602,0.0,0.678837039633345,0.6788368935742741,3.702340609650368,0.756510723068611,0.7565092976438699,3.2323826744581576,0.5465966811787257,0.5463371617242053,4.41212879861697,HistGradientBoostingRegressor,7107.193949460983,0.0849616527557373,0.7414603172964445,0.7414603172964445,3.3218280761968733,0.7626556407359019,0.7623952424605442,3.1930751888300124,0.493658534792182,0.49361608409929447,4.6614553698863395,SimpleImputer,0.5615589083181566,0.5583133353851147,HistGradientBoostingRegressor,6106.594863176346,0.044278621673583984
308,1200,reg_simple_,MNAR_,0.01_,3/,0.1996938461422844,0.0,0.9244332053988917,0.9244332053988917,1.7958871626545914,0.809753926097366,0.8097517199616728,2.8572086000693058,0.8038649709426735,0.8038644599715729,2.9010801456734283,HistGradientBoostingRegressor,12392.494566202164,1.7723884582519531,0.8872260797668279,0.8872260797668279,2.193905336348045,0.8113464000469565,0.8113461709513459,2.845210424694919,0.8053335555765905,0.8053315102838696,2.8902100632345307,SimpleImputer,0.553104846853095,0.5344030954724239,HistGradientBoostingRegressor,5719.603171110153,0.04204297065734863
309,1200,reg_simple_,MNAR_,0.1_,3/,0.19638422671590164,0.0,0.8637800545833235,0.8637800545830949,2.4112036737589744,0.7997700430695174,0.7997571594755954,2.931298715650558,0.7703946130082595,0.7703854858348581,3.1389272295362733,HistGradientBoostingRegressor,9868.583656787872,1.7656581401824951,0.9116655313543168,0.9116655313543168,1.941684421511967,0.8036083349619955,0.8035921888078263,2.9030930560658454,0.77121761761955,0.7711314130683177,3.1338245120774455,SimpleImputer,0.1983705236221697,0.20137922070300482,HistGradientBoostingRegressor,5349.522069692612,0.05666327476501465
310,1200,reg_simple_,MNAR_,0.3_,3/,0.20199822728966338,0.0,0.8044660570754766,0.8044660570754767,2.8888475549479398,0.7852932031380309,0.7852776168166626,3.03543011437133,0.6747982631471526,0.6747405971505627,3.735910894095965,HistGradientBoostingRegressor,9850.79597735405,1.8137497901916504,0.8044178482812322,0.8044178482812321,2.889203654948407,0.7865633931096648,0.7864971074393574,3.0267981559888804,0.6696721941548784,0.6696721500160354,3.7649063202984343,SimpleImputer,0.20099261503719718,0.2022628333477265,HistGradientBoostingRegressor,6089.4707090854645,0.04752469062805176
311,1200,reg_simple_,MNAR_,0.5_,3/,0.22539935245940085,0.0,0.6712457048584015,0.6712457048584014,3.7458403495199963,0.7521351630427568,0.7517326444147625,3.263934150036707,0.5158539993962941,0.5157098361663052,4.558630619759221,HistGradientBoostingRegressor,7679.114632844925,1.8222239017486572,0.667398161031707,0.667398161031707,3.767696127372434,0.7598199327781854,0.7596757170377606,3.2112965053323363,0.5092879590654571,0.5078356159321143,4.595541266317668,SimpleImputer,0.20289989729125382,0.2058256292809615,LGBMRegressor,5996.545718669891,0.2642061710357666
312,1200,reg_full_,MNAR_,0.01_,1/,0.13547754101592613,0.0,0.9450680671560344,0.9450680671560343,1.5311790767635718,0.8120434552861926,0.8120427066911016,2.8399531145112182,0.8095359911786774,0.8095359651019115,2.8588282782169534,HistGradientBoostingRegressor,7842.393967628479,0.04644513130187988,0.9638614269633198,0.9638614269633198,1.2419355126563731,0.811579705900335,0.8115796552457941,2.843449215757664,0.8071924814508229,0.807191967433437,2.8763659606763112,KNNImputer,0.1378082517233718,0.13492652505043506,HistGradientBoostingRegressor,8543.715677022934,6.079002141952515
313,1200,reg_full_,MNAR_,0.1_,1/,0.14518476827118493,0.0,0.9239783084024185,0.9239783084024185,1.8012844929759648,0.8032946661180546,0.80329463160449,2.905291312122624,0.7764594716184159,0.7764081924385434,3.097487215256985,RandomForestRegressor,8441.386956214905,0.7726447582244873,0.9357421314285113,0.9357421314285113,1.6560624259989638,0.8023455347284477,0.8023375614626183,2.912350584527303,0.7705181646822097,0.7704472105540835,3.138505299709142,KNNImputer,0.1410189464686088,0.13699969236982543,RandomForestRegressor,12207.112565279007,45.27675747871399
314,1200,reg_full_,MNAR_,0.3_,1/,0.1805272402119265,0.0,0.8030940725949705,0.8030940725949705,2.8989647901956364,0.7707575263601205,0.7707153464197962,3.1366717525557477,0.6513403229770928,0.6511804206820402,3.8688510168446935,HistGradientBoostingRegressor,11316.155881404877,1.7702653408050537,0.8500372020271283,0.8500372020271282,2.5299114063286785,0.7851682855996788,0.785136235570901,3.036429270270452,0.668622716244957,0.6686224451987166,3.7708835723142653,SimpleImputer,0.5491174339638543,0.550932751363725,HistGradientBoostingRegressor,13111.009009361267,0.044692277908325195
315,1200,reg_full_,MNAR_,0.5_,1/,0.15601413067165437,0.0,0.07112913228848738,0.07112913228848727,6.296384147814313,0.051519794232246174,0.04231364008508942,6.410519565549229,-0.031550360899647245,-0.03165929275140478,6.653493337175966,LGBMRegressor,8128.971028089523,0.11365175247192383,0.7137156774120572,0.7137156774120572,3.495524325070361,0.7578832358272753,0.757858063951409,3.22341768516786,0.5507951018016071,0.5507140284116209,4.390793456526602,SimpleImputer,0.5557306621671696,0.5463771298036812,LGBMRegressor,13743.973966121674,0.24547243118286133
316,1200,reg_full_,MNAR_,0.01_,2/,0.1479915077367254,0.0,0.8617947918409162,0.8617947918409162,2.42871050007717,0.8088287782663633,0.8088210638167437,2.864188517972152,0.8051119421697143,0.80510691022468,2.891876882097644,HistGradientBoostingRegressor,9615.135468006134,1.779808521270752,0.8916063808475452,0.8916063904762268,2.150876189920411,0.8093562921256626,0.8093550205230713,2.8601863327920753,0.8070254828597678,0.807022213935852,2.8776319311176,KNNImputer,0.1450334895412307,0.14147454923509034,XGBRegressor,11409.005974531174,1.7265033721923828
317,1200,reg_full_,MNAR_,0.1_,2/,0.14574147843052734,0.0,0.8436058427310064,0.8436058427310006,2.5835912666124514,0.8042800605865321,0.8042743343465704,2.8980472932881622,0.775122463499315,0.7751193833715166,3.106401525409332,HistGradientBoostingRegressor,9718.26870059967,1.741271734237671,0.8568091991813424,0.8568091991813424,2.472128860174277,0.8034801631016202,0.8034801358542494,2.903921062258195,0.7761311279173436,0.7761262834813953,3.099439286608857,KNNImputer,0.13901746766924883,0.1412415445260156,HistGradientBoostingRegressor,12661.272865772247,49.26954746246338
318,1200,reg_full_,MNAR_,0.3_,2/,0.18435218317299004,0.0,0.021835107741402626,0.021835107741402737,6.461295171294786,0.05651360239911718,0.055601302651300366,6.365892035139872,0.0024665745682810325,0.0022214206580793983,6.543327642004841,LGBMRegressor,6152.281383514404,0.07505488395690918,0.7613902974632029,0.7613902974613683,3.1912262476972084,0.7832586466165777,0.7831625427196716,3.050343387088076,0.6740452356482148,0.6738632294037485,3.7409461986489516,SimpleImputer,0.20182909390518128,0.2053125834410617,HistGradientBoostingRegressor,13620.34686088562,0.04803919792175293
319,1200,reg_full_,MNAR_,0.5_,2/,0.15479865105040264,0.0,0.06252954391377052,0.06252954391377052,6.325463305890468,0.06792570332242698,0.03644663084541744,6.430125749828529,-0.033739788201185617,-0.0338522818152307,6.660561219202152,LGBMRegressor,7010.592068433762,0.08575606346130371,0.6735225734177874,0.6735225734177874,3.7328464439561873,0.7635331156842937,0.7633897160499098,3.186386016088987,0.5560088530240144,0.5558635392937512,4.365558303731163,SimpleImputer,0.20732612562109193,0.20059286496510842,LGBMRegressor,12135.439913988113,0.18465065956115723
320,1200,reg_full_,MNAR_,0.01_,3/,0.1263047630185955,0.0,0.9461953782507528,0.9461953782507528,1.5153862314986553,0.8106231561429659,0.8106228717396867,2.850659478405311,0.8079989172690824,0.8079987093776816,2.8703420480438098,RandomForestRegressor,7965.71289396286,0.7424683570861816,0.8931821808173499,0.8931821584701538,2.135184508666925,0.8083266385320624,0.8083223104476929,2.867922324158849,0.8033558404746425,0.8033521175384521,2.904867101180796,KNNImputer,0.14453694100358894,0.15546710403174638,XGBRegressor,7047.997606039047,2.266613721847534
321,1200,reg_full_,MNAR_,0.1_,3/,0.14581060814057512,0.0,0.9061631823020089,0.9061631823020089,2.0012446376794077,0.804068742896933,0.8040425199446001,2.8997629862597765,0.77032356952961,0.7703159332205448,3.139402600323174,RandomForestRegressor,9214.023369073868,0.6843082904815674,0.899709704265104,0.8997097042383009,2.0689166836081365,0.804299474660817,0.8042989040698165,2.8978653895647932,0.7756306423743711,0.7756174959075022,3.1029592648965174,KNNImputer,0.14278025119112533,0.14035452289665432,HistGradientBoostingRegressor,13274.729617595673,44.853384017944336
322,1200,reg_full_,MNAR_,0.3_,3/,0.17175066730699365,0.0,0.7408854300372223,0.7408854300372223,3.32551922374273,0.7539241142924072,0.7536526709947724,3.251288500625513,0.6239502121559436,0.6239491296532151,4.017028177967287,HistGradientBoostingRegressor,6725.8527574539185,0.04501843452453613,0.7701479812479789,0.7701479812479789,3.1321150542155594,0.7837280480262612,0.7836996084356874,3.046563480852886,0.6832780228698891,0.6832407646675547,3.686771503701661,SimpleImputer,0.20460777679766393,0.20288878788065118,LGBMRegressor,13515.593007564545,0.2061760425567627
323,1200,reg_full_,MNAR_,0.5_,3/,0.15593245147884688,0.0,0.04642852140148246,0.04642852140148235,6.379551858607705,0.0751365755275275,0.0745510247755613,6.30170136807339,-0.03202693354141006,-0.0322697230121789,6.655461473887928,LGBMRegressor,5691.404878377914,0.14683771133422852,0.6708373902865375,0.6708373902865375,3.748165804441707,0.7543966859302378,0.7541383196125944,3.248082127854587,0.5322346860676123,0.5317019350320992,4.482731848743114,SimpleImputer,0.20135511172870668,0.20313361532433988,LGBMRegressor,12850.389123916626,0.22177815437316895
324,1213,reg_non_simple_,MNAR_,0.01_,1/,0,0.0,0.4542068510483489,0.454206851048349,7.670336576022064,0.2533804167726358,0.2528486679817675,9.000563151457747,0.2505823450120549,0.2501025616836926,9.017088474215385,LGBMRegressor,1146.5020141601562,0.19112873077392578,0.4593026428056981,0.4593026428056981,7.634445598920572,0.2507540726223262,0.2503096755558505,9.015843175203607,0.24822536931810002,0.2478375353753247,9.030696030701627,IterativeImputer,0.2911970089761478,0.3018867253563302,LGBMRegressor,13221.49225783348,0.2927539348602295
325,1213,reg_non_simple_,MNAR_,0.1_,1/,0,0.0,0.41878129809799125,0.41878129809799136,7.915350879017654,0.25122590973085546,0.25020907005089754,9.016448100328866,0.23110506459609026,0.2308049078120591,9.132373143377029,LGBMRegressor,1610.299332857132,0.2082991600036621,0.4167864941061915,0.4167864941061916,7.928922404509097,0.25139984039606333,0.2503898257947166,9.015361215335895,0.23099066153485837,0.2306553613322866,9.133260855672344,IterativeImputer,0.29799499248970457,0.3005297693091493,LGBMRegressor,14969.161212682724,0.3968987464904785
326,1213,reg_non_simple_,MNAR_,0.3_,1/,0,0.0,0.3754425366962082,0.3754425366962081,8.205151089784568,0.24742731650962269,0.24735281181751423,9.033605432792962,0.18643481001271933,0.18632066620952625,9.392734332483625,LGBMRegressor,2925.713578939438,0.19173979759216309,0.4299563542412176,0.4299562960467477,7.838887974840279,0.2557222877586174,0.255595660117533,8.984002086357586,0.18536122389731025,0.18524404746783119,9.398946270380613,IterativeImputer,0.2987377805552811,0.3047822845162289,ExtraTreesRegressor,15359.933648586273,1.6304967403411865
327,1213,reg_non_simple_,MNAR_,0.5_,1/,0,0.0,0.3098675181383498,0.3098675181383498,8.625149184677786,0.2473184989876811,0.24723511842949375,9.034311709309838,0.11911666200783855,0.11908739174865801,9.77308799043364,LGBMRegressor,1590.7697894573212,0.26731181144714355,0.3453447182675409,0.345344718267541,8.40053062456734,0.2703377704829327,0.27029564343216783,8.89485484996715,0.1258802375118394,0.12587792002684628,9.735347119280842,IterativeImputer,0.30769213632779663,0.3158663692677555,ExtraTreesRegressor,15230.876213550568,1.281156063079834
328,1213,reg_non_simple_,MNAR_,0.01_,2/,0,0.0,0.4563156313549822,0.4563156313549821,7.655504300380088,0.2528676314620799,0.25242737764414813,9.003100332184612,0.2519087997238557,0.25146566148866445,9.008889498285333,LGBMRegressor,2428.652675151825,0.1689128875732422,0.45179730031096454,0.45179730031096454,7.687249312632169,0.2534059446924728,0.2529490827299784,8.999958307691488,0.2515384671451293,0.2511645787031811,9.010701137849075,IterativeImputer,0.29468900356289673,0.30043362978085353,LGBMRegressor,13395.804764270782,0.299574613571167
329,1213,reg_non_simple_,MNAR_,0.1_,2/,0,0.0,0.4298892261885542,0.4298892261885543,7.8393491128525445,0.2548644237691323,0.25411072442629856,8.992958253242113,0.22653969357295067,0.22592955278056348,9.161269085433885,LGBMRegressor,1942.6141517162323,0.2239999771118164,0.41703234441889836,0.41703234441889847,7.927251032440202,0.25264585785087057,0.2517947880293905,9.006908700287017,0.22221402939116597,0.22186174437575834,9.185309181741768,IterativeImputer,0.29547430716851925,0.30432682331113664,LGBMRegressor,15250.456305503845,0.7316052913665771
330,1213,reg_non_simple_,MNAR_,0.3_,2/,0,0.0,0.3794683644437511,0.3794683644437511,8.178663592539175,0.25350174340608955,0.2529400967440554,9.000012436033742,0.18701354683427507,0.1866546366559294,9.390806535196425,LGBMRegressor,2828.2335860729218,0.22833609580993652,0.42213146445519,0.4221314644551901,7.892505721957937,0.2585348495788531,0.25805257909946355,8.969163908204733,0.18374602287096942,0.18368499115930648,9.407934534396707,IterativeImputer,0.30082223832367805,0.3082439057707281,ExtraTreesRegressor,14954.141354560852,1.2178585529327393
331,1213,reg_non_simple_,MNAR_,0.5_,2/,0,0.0,0.28968748902161323,0.28968748902161323,8.750343732951004,0.24676822978633606,0.24673697884930101,9.037300427351887,0.1344411256990935,0.13444035673591037,9.687548628179334,LGBMRegressor,1703.9409708976746,0.2789647579193115,0.27860398889745164,0.2786038401546732,8.818349237682558,0.23251592413738242,0.23233742429824078,9.1232711024685,0.13289002539528771,0.1328681052562679,9.69634314183671,IterativeImputer,0.30702563025829216,0.31398807510859117,LGBMRegressor,15073.956165790558,1.1787304878234863
332,1213,reg_non_simple_,MNAR_,0.01_,3/,0,0.0,0.4515186134345276,0.4515186134345275,7.689203027287184,0.2534807998376223,0.25302996495435337,8.99947108765425,0.25188174811083797,0.2514862715075614,9.00876547280558,LGBMRegressor,4298.2333397865295,0.13562631607055664,0.4499315381146203,0.4499315381146203,7.70031965727746,0.2501105582116293,0.24969338140073427,9.01954821834443,0.2490109432695905,0.2486420932557647,9.025864852598245,KNNImputer,0.2981452754806641,0.2975922633015697,LGBMRegressor,12548.306952238083,25.542479276657104
333,1213,reg_non_simple_,MNAR_,0.1_,3/,0,0.0,0.42363531058907056,0.42363531058907067,7.882229296091585,0.2525983761762409,0.2520944666065754,9.00510475140345,0.23750035076781195,0.23715171318984052,9.094618447205562,LGBMRegressor,1553.171128988266,0.193497896194458,0.42206760995930215,0.42206760995930226,7.892941771008635,0.25114241020548034,0.2503026477783693,9.015885433446167,0.23426080171149277,0.23391803383910914,9.113873900960224,IterativeImputer,0.29704299654972793,0.3016873785592799,LGBMRegressor,14242.203637838364,0.332383394241333
334,1213,reg_non_simple_,MNAR_,0.3_,3/,0,0.0,0.37465737289146783,0.37465737289146794,8.210307031817734,0.2495292058740347,0.2494825610649144,9.02081528075953,0.19280000067957304,0.19261054663805754,9.356360180003698,LGBMRegressor,2877.4370810985565,0.22205257415771484,0.4038059902942467,0.40380596840154526,8.016673448425829,0.27051537901071654,0.27043762991283804,8.893989423738534,0.19928141112665376,0.19906791091243503,9.318869776019353,IterativeImputer,0.3024936410503621,0.3042887979956385,ExtraTreesRegressor,14730.578171491623,1.2217731475830078
335,1213,reg_non_simple_,MNAR_,0.5_,3/,0,0.0,0.2527959217657423,0.2527959217657423,8.97470119759896,0.24077012357315475,0.2407392589428653,9.073208023240346,0.13871113122486645,0.13854862635468213,9.664530919501676,LGBMRegressor,1336.098420381546,0.24640488624572754,0.2486040873282851,0.2486040873282852,8.999840143691909,0.2406379341645678,0.24040371552351691,9.07521268303106,0.13829153971889585,0.1381187270387898,9.66694211596418,IterativeImputer,0.31503069885605095,0.31166479298357386,LGBMRegressor,15338.725759506226,1.6420562267303467
336,1213,reg_simple_,MNAR_,0.01_,1/,0.2799232817665426,0.0,0.4570518621176489,0.45705186211764903,7.650319189808225,0.2529864336301745,0.25246704402441267,9.002861475698964,0.2484954019111586,0.24809276681368586,9.02916370676169,LGBMRegressor,9018.593115091324,0.15704774856567383,0.4597860654918946,0.4597860654918946,7.631031961467626,0.252567959899779,0.2519750503644508,9.005823634203423,0.2500498136913236,0.24949289742475045,9.020753161807349,SimpleImputer,0.35042919500494724,0.3593247687820387,LGBMRegressor,7564.140531778336,0.10628032684326172
337,1213,reg_simple_,MNAR_,0.1_,1/,0.2729838560125991,0.0,0.41613916033210774,0.41613916033210774,7.933321510293409,0.25343301094363657,0.2528256087713042,9.000702041846992,0.23400881124087913,0.23357201443737896,9.115931919107778,LGBMRegressor,5900.026784896851,0.13160991668701172,0.4230551637590101,0.4230551637590101,7.886195274827169,0.253206763563277,0.25252366757729605,9.002520498319535,0.24246283870047203,0.24187291105675734,9.066431890073877,SimpleImputer,0.30823945463461444,0.302954276694962,LGBMRegressor,4938.694151639938,0.11935687065124512
338,1213,reg_simple_,MNAR_,0.3_,1/,0.2888864590658387,0.0,0.3465285404542122,0.3465285404542121,8.392931789974154,0.25163870952130674,0.250750868687291,9.013189870666162,0.1869988114555441,0.18681717503824413,9.38986816212867,LGBMRegressor,8549.008848428726,0.13540148735046387,0.34211624181620115,0.34211624181620104,8.421219039598984,0.2543709811502608,0.25345271152241333,8.996924108674074,0.2035082222127379,0.2031135704423791,9.295304292664474,SimpleImputer,0.30905822295713636,0.3073332451512077,LGBMRegressor,6307.581681251526,0.11073637008666992
339,1213,reg_simple_,MNAR_,0.5_,1/,0.2789851030388696,0.0,0.27442353427242605,0.2744235342724263,8.843862367586437,0.2491140866415842,0.24606023548458333,9.041359142489584,0.1256007737415743,0.12545895703540644,9.737679895005439,LGBMRegressor,8859.31979894638,0.1392958164215088,0.27845961064893954,0.2784595489501953,8.819230824295806,0.24168622973993092,0.24145931005477905,9.068904834798765,0.14638535461067048,0.1463363766670227,9.62074647574289,SimpleImputer,0.3077002710287207,0.30782194767293475,XGBRegressor,4828.971834659576,0.05818629264831543
340,1213,reg_simple_,MNAR_,0.01_,2/,0.30408384152698475,0.0,0.46196750480421034,0.4619675048042102,7.615608930637108,0.2516851196749387,0.25119597860051157,9.010512219130353,0.24909169513381335,0.24864302694566176,9.025859244510961,LGBMRegressor,8276.424520492554,0.12913990020751953,0.4460103781689406,0.4460103781689406,7.727716761700775,0.2529315752952839,0.25245777636812117,9.002917282714916,0.24942611730834763,0.2490049894004931,9.0236849013898,SimpleImputer,0.30706606181614937,0.30566258578018823,LGBMRegressor,4693.442129135132,0.09729218482971191
341,1213,reg_simple_,MNAR_,0.1_,2/,0.272095924627247,0.0,0.4222919240595979,0.4222919240595979,7.891409870398207,0.2524715755177178,0.25140590595819556,9.00924908113938,0.23849265052214652,0.23795601863587768,9.08982274904059,LGBMRegressor,8768.389229297638,0.1693863868713379,0.42502378154058595,0.42502378154058573,7.872729368549632,0.2515472967432053,0.2506927281266572,9.013539568600173,0.23402557101616983,0.23377604923131912,9.11471843843503,SimpleImputer,0.31283159950097816,0.30622376615878427,LGBMRegressor,10627.126132011414,0.10558724403381348
342,1213,reg_simple_,MNAR_,0.3_,2/,0.28932558380604506,0.0,0.34956043242557655,0.34956043242557655,8.37343893637919,0.25270809395419047,0.2522966580060767,9.0038874333566,0.19819307173041179,0.19769372328587975,9.326860707802053,LGBMRegressor,7171.33131814003,0.11984014511108398,0.370150295528504,0.370150295528504,8.239841282548978,0.24565755073242168,0.2453957230172179,9.045342731679332,0.1874466242828714,0.18717326145351987,9.387812062008338,SimpleImputer,0.30739638348584214,0.3050057777756943,LGBMRegressor,5194.2200791835785,0.14824151992797852
343,1213,reg_simple_,MNAR_,0.5_,2/,0.2802876948216853,0.0,0.2901743986164592,0.2901743986164592,8.747344097820926,0.24166083971497732,0.2411884602423633,9.070523635902394,0.12262209052389184,0.12261688576754193,9.753489748828303,LGBMRegressor,7656.564527750015,0.12268400192260742,0.27744749542654246,0.2774474954265427,8.825413988793569,0.2433192176309471,0.24280427914453562,9.060861069234436,0.13533341858629622,0.1352020266514572,9.683285294978335,SimpleImputer,0.30764266357371584,0.30601172790263365,LGBMRegressor,5883.827723026276,0.13399839401245117
344,1213,reg_simple_,MNAR_,0.01_,3/,0.3055097078771054,0.0,0.4492396605734441,0.4492396605734441,7.705160876471683,0.25477335530617773,0.25420083750374134,8.992415003963886,0.25224611956406084,0.2517476198651154,9.007192601446047,LGBMRegressor,7394.879301071167,0.10770940780639648,0.46001279090515745,0.46001279090515745,7.629430438129715,0.25231074867320724,0.25182979033368713,9.006698018617556,0.2513100569499177,0.25084225665273185,9.01264017219561,SimpleImputer,0.3092012353006053,0.30128097246617486,LGBMRegressor,4141.070623874664,0.10527873039245605
345,1213,reg_simple_,MNAR_,0.1_,3/,0.32698821586615534,0.0,0.4279224604482501,0.42792246044825,7.8528595475590395,0.2517786409509677,0.25129771311410987,9.009900102214944,0.23404787440309827,0.23351031295015356,9.116298851975266,LGBMRegressor,7356.84995675087,0.14953351020812988,0.4276564723310492,0.4276561737060547,7.85468693584205,0.2560537084406398,0.2553623914718628,8.98540991705881,0.23779828194257357,0.23758476972579956,9.09203635959062,SimpleImputer,0.3075556394358379,0.3106243200751884,XGBRegressor,7052.13943362236,0.06831789016723633
346,1213,reg_simple_,MNAR_,0.3_,3/,0.28613919503371,0.0,0.372808074399231,0.3728080743992309,8.222438061344857,0.2499370519316264,0.2489776871964059,9.02384892661248,0.18181621552016403,0.18169027607083232,9.419421949606686,LGBMRegressor,7112.932137489319,0.198974609375,0.354580930891776,0.35458052158355713,8.34106331851255,0.2531252315030288,0.2527430057525635,9.00119958330262,0.18839898866548088,0.1882367730140686,9.381668359236084,SimpleImputer,0.30697916925723967,0.307154182846716,XGBRegressor,4685.644778251648,0.04653453826904297
347,1213,reg_simple_,MNAR_,0.5_,3/,0.29176542720633725,0.0,0.28642649261741393,0.28642649261741393,8.770406848547264,0.23767088352493093,0.23758218091918037,9.092052083574554,0.13884549792357403,0.13880074563441003,9.663116566379273,LGBMRegressor,8387.744630098343,0.19703459739685059,0.2851856455438908,0.2851856455438907,8.778029053280145,0.24967270180489454,0.24935115866748914,9.02160493920975,0.13189477496100488,0.13101550469698275,9.706695584459546,SimpleImputer,0.30797702777726466,0.3074590530792936,LGBMRegressor,6065.234148025513,0.1728072166442871
348,1213,reg_full_,MNAR_,0.01_,1/,0.29679617265920405,0.0,0.4557403116721639,0.455740311672164,7.659553706631471,0.25083835487747486,0.25032627748458125,9.015743346507916,0.2479238903682791,0.24743439760759156,9.033115805101579,LGBMRegressor,9940.018104314804,0.15520739555358887,0.4937784113034409,0.4937783633631797,7.387044804457336,0.25886256272112396,0.2585448112235762,8.966188196604698,0.2554940547547754,0.2551928657413074,8.986432362444086,KNNImputer,0.29110789602455833,0.29937257959384533,ExtraTreesRegressor,12294.58751320839,23.110843420028687
349,1213,reg_full_,MNAR_,0.1_,1/,0.29020752429337815,0.0,0.42027599218533285,0.42027599218533285,7.905166550599831,0.25051842125193646,0.24989246700357293,9.018351520034386,0.23761615801511016,0.23739088257336682,9.093192655969473,LGBMRegressor,9169.179470539093,0.15192270278930664,0.4246342186255858,0.4246342186255859,7.875395917179897,0.247183138381039,0.24637294696012324,9.039483906478873,0.22972707526646652,0.22917302696454356,9.142055374217072,IterativeImputer,0.2980229488917138,0.30332397562740904,LGBMRegressor,14062.600623369217,0.20408225059509277
350,1213,reg_full_,MNAR_,0.3_,1/,0.27085097097586713,0.0,0.05529866617897461,0.05529866617897461,10.091312275535723,0.016991738589004268,0.012950576833662741,10.34510362874144,-0.02648889978140878,-0.02650138982707473,10.549822841152185,LGBMRegressor,8070.735342025757,0.15614700317382812,0.38590072159988154,0.38590034712612853,8.136166121761612,0.26050287337113087,0.2601714607050336,8.956347511915702,0.19318034494432823,0.19313633662117502,9.3533131488465,IterativeImputer,0.3004849218155879,0.3062735794200588,ExtraTreesRegressor,12854.269927740097,0.6485409736633301
351,1213,reg_full_,MNAR_,0.5_,1/,0.23024907766991737,0.0,0.016481694648477485,0.016481694648477374,10.296546972798788,0.019584051789521273,0.01579065397899282,10.330209715194897,0.0017241382387488402,0.0017176517633600286,10.403802324482312,LGBMRegressor,9187.74712395668,0.12330341339111328,0.49890051875997343,0.49890051875997343,7.3585937705147,0.7924769919781216,0.7924757951442155,4.728196270406579,0.4660502316257905,0.46596528002301485,7.584830212983892,SimpleImputer,0.3094397966919699,0.30750231324122257,LGBMRegressor,14590.68017411232,0.17418742179870605
352,1213,reg_full_,MNAR_,0.01_,2/,0.2930764684235642,0.0,0.45821763904432045,0.45821763904432045,7.6421016848263585,0.251646771868243,0.25109008354608076,9.01114932505035,0.24961047246425738,0.24906528074077405,9.02332267463124,LGBMRegressor,8384.386806488037,0.13974928855895996,0.4941323287438686,0.49413184711069,7.384465246328004,0.2557155344591764,0.25537207265748796,8.98535119146737,0.2531564220572996,0.2528132413911388,9.000776532250164,KNNImputer,0.29386433102583404,0.29134437413891445,ExtraTreesRegressor,9908.509843826294,21.941503047943115
353,1213,reg_full_,MNAR_,0.1_,2/,0.2889278078071692,0.0,0.42064948320287954,0.42064948320287954,7.902619662463749,0.24985491872705579,0.24926026839591509,9.022151100915575,0.23028988654597193,0.2300513286902467,9.136845533454634,LGBMRegressor,10042.92966580391,0.15894293785095215,0.4190301630685964,0.4190300266781457,7.9136570375643,0.2522437099244105,0.2517417069161667,9.007228190350421,0.23424064481756146,0.23397720385956933,9.113521929146303,IterativeImputer,0.2987192423307064,0.30381778427965533,HistGradientBoostingRegressor,14061.502434253693,0.10709166526794434
354,1213,reg_full_,MNAR_,0.3_,2/,0.27526319654714476,0.0,0.35153552630256846,0.35153552630256846,8.360716077276749,0.2461252917020137,0.24486362516842297,9.048531263337575,0.19150761959827645,0.19116859431607447,9.364711420456088,LGBMRegressor,8604.780286073685,0.1699988842010498,0.3673851589894829,0.3673851589894829,8.257908556503784,0.24779395225349876,0.247384418637281,9.033415751265624,0.18526254962396105,0.18513381847333676,9.39958204441472,SimpleImputer,0.3033599677996282,0.3068167643644622,LGBMRegressor,14194.970586776733,0.16599082946777344
355,1213,reg_full_,MNAR_,0.5_,2/,0.2350676425678066,0.0,0.0378854492171109,0.0378854492171109,10.183891713846027,0.020568068432008202,0.018286531430520503,10.317103101121385,-0.017066205950720947,-0.017081839668595444,10.501306778356705,LGBMRegressor,6803.565903425217,0.15689873695373535,0.2596991018916681,0.2596991018916682,8.933147799502992,0.2636007632536379,0.26305712471534315,8.938863554914645,0.1552766730205506,0.1552739021485381,9.570251521412125,SimpleImputer,0.30714245041291544,0.30606159005080297,HistGradientBoostingRegressor,13846.543584823608,0.03480839729309082
356,1213,reg_full_,MNAR_,0.01_,3/,0.2744972656943091,0.0,0.4490572018004775,0.4490572018004775,7.706437073831349,0.25293381109104796,0.2524378434822365,9.003037311337314,0.2500705091905703,0.24963635124804684,9.019890995833775,LGBMRegressor,7865.713700771332,0.1028890609741211,0.505660935716379,0.505660935716379,7.299831691717121,0.2544652985184407,0.25408117680055897,8.993136374809183,0.2522258301350562,0.25188548943793765,9.006362751092443,KNNImputer,0.2927172311174257,0.29767602816744604,ExtraTreesRegressor,9881.463232278824,10.854328155517578
357,1213,reg_full_,MNAR_,0.1_,3/,0.28968204629740635,0.0,0.4507942850572145,0.45079374606243794,7.6942823355588414,0.2579451170118374,0.2575316207514152,8.972312204674019,0.23465204983448573,0.23452843597311257,9.110242281290896,ExtraTreesRegressor,7169.216818332672,0.4990580081939697,0.43380091356369355,0.43380091356369355,7.812408853173979,0.24977275610040273,0.24890064813536628,9.02431174310235,0.22964183156028284,0.2293708591750574,9.140882147834873,IterativeImputer,0.29610606489765157,0.30205764954147757,LGBMRegressor,13964.222714424133,0.20324420928955078
358,1213,reg_full_,MNAR_,0.3_,3/,0.303783204405228,0.0,0.023015228002503885,0.023015228002503774,10.262289893356627,0.018762798275325898,0.015143369358469161,10.333606089590583,0.014253621431823738,0.014238009867410861,10.33835473976722,LGBMRegressor,8628.345177173615,0.13379287719726562,0.34695781780971857,0.34695781780971857,8.390174601877002,0.25103132893919233,0.2505352764154599,9.014486525033302,0.18827648275501685,0.18820127726770353,9.381873605396425,SimpleImputer,0.3063886867266234,0.305750369261387,LGBMRegressor,13516.846856355667,0.12683916091918945
359,1213,reg_full_,MNAR_,0.5_,3/,0.23300708738021214,0.0,0.01162256736905909,0.0116225673690592,10.321950967534491,0.008148907615511014,0.008015088939451576,10.37093539857056,-0.0027900399245499585,-0.0028041206277944486,10.427337987944755,LGBMRegressor,9880.86414861679,0.13930940628051758,0.2999279406768366,0.2999279406768368,8.687038649873193,0.24493604682917103,0.24061211877438038,9.073967657478235,0.13940516655266888,0.13935152695604403,9.66002604155337,SimpleImputer,0.30704130914539585,0.3077681774101443,LGBMRegressor,13313.696632862091,0.23401999473571777
360,42183,reg_non_simple_,MNAR_,0.01_,1/,0,0.0,0.7700194065994507,0.7700192146327847,0.7634507544210659,0.6782298183058643,0.6782285948628491,0.8623903992175612,0.676851200041314,0.6768235634000879,0.8642711844315054,LGBMRegressor,720.4592709541321,0.04726886749267578,0.8847458296493577,0.8847458296493578,0.5404600245773907,0.6716056383901581,0.6716052498672175,0.8712209140340998,0.6707845641397938,0.6707819979616041,0.8723122611579323,IterativeImputer,0.2449085373442109,0.25462539616248125,ExtraTreesRegressor,8470.23297214508,0.20903849601745605
361,42183,reg_non_simple_,MNAR_,0.1_,1/,0,0.0,0.6920186261241825,0.6920165690138033,0.8834844878910273,0.6713864170722741,0.6713673082555995,0.8715364826776592,0.6403912446935608,0.6402451828216313,0.9118711978984024,LGBMRegressor,531.3220193386078,0.04903292655944824,0.6669174022389152,0.6669174022389152,0.9187793460543853,0.6748243662009875,0.6747701420046928,0.8670125705401323,0.6323229637990396,0.6323106695162453,0.9218721677038422,KNNImputer,0.2490130291777851,0.25225208649713876,LGBMRegressor,10418.013219833374,2.0274314880371094
362,42183,reg_non_simple_,MNAR_,0.3_,1/,0,0.0,0.5563113503144181,0.5563113503144179,1.0604114578035102,0.5798673992104082,0.5788627648815547,0.9866020425315294,0.41463077835819107,0.41460940373137856,1.1631964291114552,HistGradientBoostingRegressor,931.3913335800171,1.8441195487976074,0.6987730010971089,0.6987671878375565,0.8737483936435887,0.5930443095520685,0.5928611755527815,0.9700663695351246,0.39163786627673625,0.39163609753050954,1.1858012614536133,IterativeImputer,0.2590675735741977,0.26256768826121824,ExtraTreesRegressor,10006.968561172485,0.25807952880859375
363,42183,reg_non_simple_,MNAR_,0.5_,1/,0,0.0,0.6439606876789257,0.6439606876789259,0.949913870011308,0.5391655884496993,0.531504686504239,1.0405975879592317,0.3404177573969256,0.34024490646823313,1.2348709251940229,LGBMRegressor,643.2806475162506,0.07288718223571777,0.6042563775321519,0.6042563775321519,1.0014798477293656,0.5633113540856844,0.5575673421026153,1.011238923840671,0.3281064188110946,0.32810461478219877,1.246180693301806,IterativeImputer,0.27325433927620724,0.2670991255835237,LGBMRegressor,6936.407691001892,0.19977355003356934
364,42183,reg_non_simple_,MNAR_,0.01_,2/,0,0.0,0.8856608364226031,0.8856608359969522,0.5383103853143719,0.6654298073622327,0.6654196446335521,0.8793877438700557,0.6433295182712309,0.6432959055712206,0.9079966300343566,ExtraTreesRegressor,500.4813506603241,0.11206817626953125,0.784209897789263,0.7841915483942276,0.7395532954211724,0.65785025975829,0.657834279310503,0.889300299574984,0.6509538631135137,0.6509523034138387,0.8981990215989439,IterativeImputer,0.23919555560636216,0.2315455874964825,MLPRegressor,9093.689404964447,0.17914748191833496
365,42183,reg_non_simple_,MNAR_,0.1_,2/,0,0.0,0.9644287081119435,0.9644287081119435,0.30025142094110674,0.6951660189777196,0.6951346448021076,0.8394294980387946,0.6512151682549948,0.651064430315599,0.8980547428028681,HistGradientBoostingRegressor,1266.8060266971588,1.8502507209777832,0.7653431182211538,0.7653292794239624,0.7711958887373591,0.6820723910623352,0.6820648831859077,0.8572341013850084,0.6302485388864265,0.6299790870850777,0.9247904251421977,KNNImputer,0.22980273573174953,0.23425676915131416,LGBMRegressor,10339.435423374176,4.473711252212524
366,42183,reg_non_simple_,MNAR_,0.3_,2/,0,0.0,0.5468340262224989,0.5468340262224989,1.071676972106844,0.5715609144848852,0.5709448700841051,0.9958335160262772,0.46622399167022166,0.4654676675972458,1.1115197382935644,HistGradientBoostingRegressor,1082.0787842273712,1.8202693462371826,0.48527721454945716,0.48527721202111185,1.1421468601321996,0.5489004012682289,0.5488920899344947,1.0211050185255572,0.4550597946950775,0.4543272477667395,1.1230428405286255,IterativeImputer,0.2617634804424189,0.2666785537434817,RandomForestRegressor,9130.182021856308,0.2784106731414795
367,42183,reg_non_simple_,MNAR_,0.5_,2/,0,0.0,0.4467785212373616,0.44677850647968176,1.1840901669718926,0.5590711597855751,0.5588674370712194,1.009752060409166,0.3558067035012613,0.35575289819263034,1.22027138193193,RandomForestRegressor,854.1078705787659,0.1303391456604004,0.4175451618046595,0.4175451618046595,1.214972311645948,0.5600359034197053,0.5600329132936896,1.0084172911682405,0.3521046711352098,0.35157392552636324,1.22422269027068,KNNImputer,0.2776689009709301,0.2764490370129722,LGBMRegressor,10153.937701940536,12.837785482406616
368,42183,reg_non_simple_,MNAR_,0.01_,3/,0,0.0,0.9791300160467961,0.9791300160467961,0.22998330449231272,0.658285762038494,0.6582857606364336,0.8887133982792997,0.6549238152708543,0.6549037667811223,0.89310043094152,HistGradientBoostingRegressor,627.0471038818359,0.029479026794433594,0.9150978198813393,0.9150978174156018,0.4638682840632566,0.71232047094128,0.7122837766534671,0.8154782175002613,0.701042317819933,0.7009748442956851,0.8313502889329322,KNNImputer,0.25295108174215936,0.2296681977603953,HistGradientBoostingRegressor,11214.38378405571,2.562504291534424
369,42183,reg_non_simple_,MNAR_,0.1_,3/,0,0.0,0.748486270712543,0.7484862165565318,0.7983919461970429,0.6760224080498987,0.6760025049816154,0.8653683668244811,0.5127877690489594,0.5127188987763269,1.0612555475071754,LGBMRegressor,753.9397876262665,0.05567789077758789,0.7458658175543683,0.7399693003774996,0.8117972288280574,0.6558357156470002,0.6485454871199262,0.9012904131862373,0.5078520517878174,0.5019518882107499,1.0729162880949812,KNNImputer,0.2384143951247987,0.2370166222391766,MLPRegressor,12349.758145332336,4.1553404331207275
370,42183,reg_non_simple_,MNAR_,0.3_,3/,0,0.0,0.915512298146362,0.9155119689042852,0.46273552995025297,0.6421560430766875,0.6418767130206309,0.9098011269272058,0.5590275165352177,0.5585082412056619,1.0101630762729128,RandomForestRegressor,659.9265015125275,0.13939476013183594,0.5222214013693979,0.5218299714375702,1.1008456429912188,0.5351817046617013,0.5351323927489627,1.0365609216275922,0.4080657252458443,0.40668122424482,1.1710467562124296,KNNImputer,0.24806198777689437,0.2543284738199132,AdaBoostRegressor,12623.69929432869,2.1396636962890625
371,42183,reg_non_simple_,MNAR_,0.5_,3/,0,0.0,0.5246514529660302,0.5246514529660302,1.0975930227364281,0.5746463126470134,0.573916781095213,0.9923786321320317,0.330828674902787,0.33078531879693085,1.24369222529189,LGBMRegressor,517.8466873168945,0.05861997604370117,0.5380793240882898,0.5380793240882897,1.0819793028470783,0.5416853217865019,0.5414031370697359,1.0295459374964777,0.2734158327110938,0.27337193170278873,1.295944116571345,RandomForestImputer,0.2744417499397626,0.2687974433782018,LGBMRegressor,8920.95118689537,7.179539203643799
372,42183,reg_simple_,MNAR_,0.01_,1/,0.2548743625697033,0.0,0.7339761577508539,0.7335646389331185,0.8217338624510722,0.6819999499929478,0.6815970572480747,0.8578645585259935,0.6759506705884433,0.675482550872504,0.8660624639520095,MLPRegressor,13946.984956264496,0.023232460021972656,0.7224709126402027,0.7198518892749606,0.8426148354324966,0.6584671255134982,0.6549928661069406,0.8929851300840046,0.6520761409959899,0.6490890075533795,0.9005932258132154,SimpleImputer,0.34645702313765164,0.33218442759532396,MLPRegressor,10118.334994792938,0.008875370025634766
373,42183,reg_simple_,MNAR_,0.1_,1/,0.30460508495488436,0.0,0.8680096153700811,0.8680062474882202,0.5783782330122526,0.6450135539692823,0.6448233547697614,0.9060504697974371,0.5857943059760344,0.585726683544846,0.9785289299882091,RandomForestRegressor,9417.334490060806,0.11501312255859375,0.9324329495429993,0.9324328303337097,0.41381198167800903,0.6840229034423828,0.684014081954956,0.8546022176742554,0.6466716527938843,0.6466691493988037,0.9036930203437805,SimpleImputer,0.28093202651679133,0.2915669235725381,XGBRegressor,5360.68302154541,0.025653839111328125
374,42183,reg_simple_,MNAR_,0.3_,1/,0.28376998185942276,0.0,0.5904597266184815,0.5904540205069917,1.0187944856921483,0.6261250169726518,0.6253985575487531,0.9304968604545252,0.5457714711146119,0.5455416285252732,1.0248899710217436,LGBMRegressor,3544.8958826065063,0.04009747505187988,0.7137117981910706,0.7137113809585571,0.8517993688583374,0.5949665904045105,0.5949170589447021,0.9676140546798706,0.3930182158946991,0.39298737049102783,1.1844836473464966,SimpleImputer,0.27781793862517645,0.2774881968783535,XGBRegressor,1864.7071015834808,0.01564168930053711
375,42183,reg_simple_,MNAR_,0.5_,1/,0.27854311584481023,0.0,0.5055504737916579,0.5014154229515417,1.1240992868794992,0.5088700668966297,0.5051551866429738,1.069460381867826,0.21603314394776418,0.20882091931175306,1.3522829965874568,MLPRegressor,11115.836306095123,0.018851041793823242,0.3792474345412442,0.37924572686087143,1.2542817727636026,0.5354705073615827,0.5336356130137438,1.0382283388474025,0.33113915485367396,0.3308731513796631,1.243610607025115,SimpleImputer,0.3029852756862885,0.3087343011104598,RandomForestRegressor,1374.1208093166351,0.06263017654418945
376,42183,reg_simple_,MNAR_,0.01_,2/,0.2772426709495815,0.0,0.7091905142684216,0.7073504999014777,0.861210161625656,0.6678504277341688,0.6658925843729255,0.8787660031153036,0.65896712965492,0.6571305644678977,0.8902143192197276,MLPRegressor,5111.481006145477,0.03656792640686035,0.7418141395494299,0.7417668368542341,0.8089864727675573,0.6784311676490369,0.6783344960746147,0.8622484728335812,0.666275624683821,0.66621628408094,0.8783402040795362,SimpleImputer,0.2960013239187173,0.2799641560545601,MLPRegressor,9132.726485013962,0.010014057159423828
377,42183,reg_simple_,MNAR_,0.1_,2/,0.25928594513071923,0.0,0.6398531351145914,0.6371396661432774,0.9589699537052968,0.6469840068468616,0.6453437324516469,0.9053864885456907,0.5817813861774324,0.5768854801107244,0.9889154318434135,MLPRegressor,10378.070472717285,0.020856380462646484,0.6507583257103098,0.6507583257103098,0.9408021105886812,0.6860908830607775,0.6860846419796578,0.8517977161446584,0.6345102460394265,0.6345051592817443,0.919117033885981,SimpleImputer,0.2730919824017591,0.29711346647059805,LGBMRegressor,1149.332690000534,0.025548696517944336
378,42183,reg_simple_,MNAR_,0.3_,2/,0.2844904418290208,0.0,0.5024514340532463,0.5024461316179425,1.1229367777041928,0.529873651852496,0.5288523914837231,1.0435390011164558,0.36886729449945677,0.3686937129496095,1.207953583886407,AdaBoostRegressor,4130.07762336731,0.059116363525390625,0.9122515916824341,0.9122484922409058,0.47158780694007874,0.6985169649124146,0.6976460218429565,0.8359648585319519,0.48398905992507935,0.4839390516281128,1.0921459197998047,SimpleImputer,0.2726330167567187,0.2826589328052668,XGBRegressor,2575.7220511436462,0.038457632064819336
379,42183,reg_simple_,MNAR_,0.5_,2/,0.2935992737070898,0.0,0.40824268380695294,0.40811755451249265,1.2247656060907395,0.5076459169062135,0.5062734162801518,1.0682513374973022,0.2683822192918286,0.2674393012256572,1.3012237971517293,AdaBoostRegressor,4257.24677324295,0.13629603385925293,0.542148078445019,0.5421480784450191,1.0772035421802777,0.5834841134460846,0.5834679084800929,0.9811929588172531,0.4220895516972393,0.422052224469474,1.1557781708966792,SimpleImputer,0.27483739331778106,0.2823410406364056,LGBMRegressor,2224.2412598133087,0.03612375259399414
380,42183,reg_simple_,MNAR_,0.01_,3/,0.2794638190378905,0.0,0.744790310925999,0.743823191342052,0.8057589864053819,0.6736087467281324,0.6720715516546316,0.8706021523374327,0.6698823747380444,0.6685283380970664,0.8752928731015567,MLPRegressor,11705.887750148773,0.0687415599822998,0.7224852010520827,0.722479025706851,0.8386546474507509,0.6836278040076544,0.6834994978406668,0.8552978713468964,0.6432545206614365,0.6432460220409971,0.9080601175224594,SimpleImputer,0.30129781886755364,0.3014837153747044,LGBMRegressor,1411.8784124851227,0.037804603576660156
381,42183,reg_simple_,MNAR_,0.1_,3/,0.31468916562686644,0.0,0.601285931235154,0.5957494683469586,1.0121865267505414,0.6308742178017005,0.6214833187415345,0.9353468786288743,0.5975286238842846,0.5859993381358253,0.9782068668625024,MLPRegressor,9650.305511713028,0.01828169822692871,0.6499248802308006,0.6474606777976682,0.9452333471524298,0.6706712616854964,0.6665424155652936,0.877910997400377,0.6123503953850433,0.6099580875364026,0.9494800151932253,SimpleImputer,0.274717244957658,0.2885710486954558,MLPRegressor,5046.673797130585,0.03530597686767578
382,42183,reg_simple_,MNAR_,0.3_,3/,0.2779570894557728,0.0,0.49599035964684557,0.4959903524096658,1.1301983711537515,0.4892138964714816,0.4880537257269224,1.0877832893009587,0.35414107516562054,0.35399590521386803,1.221934213202267,AdaBoostRegressor,4915.217628955841,0.08926558494567871,0.6558876633644104,0.6558875441551208,0.933867871761322,0.6056718230247498,0.6055761575698853,0.9547986388206482,0.4974709749221802,0.4972209930419922,1.0779999494552612,SimpleImputer,0.28234846225989785,0.2781596778357253,XGBRegressor,1503.2121670246124,0.014639616012573242
383,42183,reg_simple_,MNAR_,0.5_,3/,0.27057680101327986,0.0,0.7175762556837426,0.7175762556837426,0.8460301796278814,0.565560841878409,0.5646096808718787,1.0031585374910426,0.2614092896377299,0.26111687506449077,1.3068268938379752,ExtraTreesRegressor,3732.2400183677673,0.11356568336486816,0.5815328359603882,0.58153235912323,1.0298315286636353,0.5354899764060974,0.5315774083137512,1.0405168533325195,0.3571564257144928,0.35617369413375854,1.2198727130889893,SimpleImputer,0.28646508693425016,0.2856120021977026,XGBRegressor,1359.0479712486267,0.018735885620117188
384,42183,reg_full_,MNAR_,0.01_,1/,0.2126032134240186,0.0,0.6971340661690237,0.6968798498019351,0.8764813025033269,0.6728793755872159,0.6727049816858259,0.8697609137791961,0.6701863811628674,0.6699870745570311,0.8733647603412997,MLPRegressor,9362.27585697174,0.030974149703979492,0.7330921720367756,0.732827305826904,0.8228701098543029,0.6650226766204343,0.664598367508068,0.8804663762080527,0.6630813419388766,0.6628132629790885,0.8828063152801395,SimpleImputer,0.32231146407365285,0.3067811988038503,MLPRegressor,12541.58795428276,0.0067059993743896484
385,42183,reg_full_,MNAR_,0.1_,1/,0.24731380593706556,0.0,0.6440967743091315,0.6440820843565858,0.9497519128688533,0.6411868093533033,0.6411811702824545,0.910684200761259,0.5950830449774438,0.5950189907225245,0.9674923030603273,MLPRegressor,12853.720752716064,0.023320674896240234,0.6525999940138111,0.652599994013811,0.9383182494086384,0.6842466824157485,0.6842178495695244,0.8543266979671276,0.641865599861346,0.6418622204790684,0.9098195356676194,KNNImputer,0.2558714343753354,0.24880507979513464,LGBMRegressor,8745.100076436996,3.939945697784424
386,42183,reg_full_,MNAR_,0.3_,1/,0.2653032202895254,0.0,0.727525267813327,0.727525267813327,0.8309949210374246,0.6252083671917726,0.6250790847914984,0.930893555462641,0.5029181107410647,0.5028031064980278,1.0719990308024057,LGBMRegressor,2327.4076011180878,0.07170224189758301,0.9198238816254206,0.9198238816254206,0.4507728654454365,0.641595089737313,0.6415571926191554,0.9102069022839143,0.46399098321057364,0.46315400897014836,1.1139226803455897,KNNImputer,0.2590962657855054,0.25303770074930043,RandomForestRegressor,8503.637079238892,4.183538198471069
387,42183,reg_full_,MNAR_,0.5_,1/,0.2740328211117303,0.0,0.029217303836422737,0.029217303836422848,1.5685424098169864,-0.002092051450243604,-0.002666319847807408,1.5223285873868375,0.003862963533201813,0.0030760032896884892,1.5179630998291331,HistGradientBoostingRegressor,3272.3900334835052,1.799391508102417,0.4666117534954065,0.4666117534954065,1.1626713555872492,0.5440487557245399,0.5438916131945253,1.0267488343231714,0.31922326214258523,0.31873520040438463,1.254839451977288,SimpleImputer,0.2765099987062757,0.2797709003772444,HistGradientBoostingRegressor,1510.5069904327393,0.015619754791259766
388,42183,reg_full_,MNAR_,0.01_,2/,0.20925363147801904,0.0,0.7283153365116427,0.7281919505847578,0.8299776720407614,0.6825947587580271,0.682542745251152,0.856589640178778,0.6691566294722678,0.669106317837407,0.8745294258291714,MLPRegressor,10640.082478761673,0.035901546478271484,0.8088810443878174,0.8088809847831726,0.6959646344184875,0.6711246967315674,0.6711246967315674,0.8718581199645996,0.666123628616333,0.6661180257797241,0.8784694075584412,KNNImputer,0.23987276672861155,0.22953538023681364,XGBRegressor,5163.602285146713,0.26231884956359863
389,42183,reg_full_,MNAR_,0.1_,2/,0.24724013850580584,0.0,0.6582007704103874,0.6581971001975968,0.9307287377752035,0.6644236356787807,0.6642251557216293,0.8809561011187165,0.607489230451522,0.6074876891923913,0.9524821175841302,LGBMRegressor,1595.6388530731201,0.04111313819885254,0.7085691036397423,0.7082208178425713,0.8599286204922852,0.6535514705480574,0.6529035424994197,0.8956849565252741,0.602809113238381,0.6009096642307094,0.9604301721269044,KNNImputer,0.2422966423480483,0.24519312740941826,MLPRegressor,11665.14107131958,3.9334986209869385
390,42183,reg_full_,MNAR_,0.3_,2/,0.2640069078109878,0.0,0.5191802789121172,0.519180278912117,1.1038914975864578,0.619531853628829,0.6194422332658864,0.9378653359192441,0.4558558141610688,0.4558104448960486,1.1215155264608272,LGBMRegressor,2401.9041941165924,0.038361549377441406,0.7156773137093972,0.7156584206679657,0.8488978582858724,0.6243663022630873,0.6207114065550503,0.9363001231842262,0.4100897013550733,0.41008799765173476,1.1676799031651934,SimpleImputer,0.30808500595538785,0.3127154014708406,ExtraTreesRegressor,8128.680397748947,0.07991981506347656
391,42183,reg_full_,MNAR_,0.5_,2/,0.26736073096399127,0.0,0.06069890955696289,0.060698909371478926,1.5428995967345758,-0.006182030175001296,-0.006278374086579275,1.525068177812654,-0.0032865036673175307,-0.004112056009594411,1.5234257084615292,ExtraTreesRegressor,2946.1496846675873,0.08520007133483887,0.635343022090916,0.635343022090916,0.9613411142697855,0.5476345583936284,0.5457994480409206,1.024599213782719,0.32384336836922867,0.3227538596509163,1.2511329410969065,SimpleImputer,0.2793435824806365,0.2751851297922138,ExtraTreesRegressor,4380.397159814835,0.08828377723693848
392,42183,reg_full_,MNAR_,0.01_,3/,0.2354907275764187,0.0,0.7170389531365043,0.7098787776246461,0.8574819788851175,0.6614391148049575,0.653162497272288,0.8953507768379692,0.6597899057118435,0.6515763811003901,0.8973956976501422,MLPRegressor,13472.110283851624,0.02378082275390625,0.7161266043759964,0.7155607079196524,0.8490437057873125,0.685927013671698,0.6853205488623564,0.852833755288649,0.6835176363578594,0.6830083251605367,0.8559612764360617,SimpleImputer,0.288594441095347,0.2758932151757781,MLPRegressor,9830.259495019913,0.015496969223022461
393,42183,reg_full_,MNAR_,0.1_,3/,0.25218756987047497,0.0,0.6874783308896463,0.686739333773766,0.8910215047724745,0.6549201299545271,0.6540467528261654,0.894208708645844,0.6221869116423928,0.6210579481245844,0.9358722945242032,MLPRegressor,11587.453748464584,0.028061389923095703,0.7077998230436431,0.7068339573856168,0.8619698682705244,0.6737558784594042,0.6731853266089347,0.8691224399008706,0.6223656643508348,0.621263314593302,0.9356186636134642,KNNImputer,0.2126169754644565,0.20924876571505716,MLPRegressor,12212.45084118843,0.8074450492858887
394,42183,reg_full_,MNAR_,0.3_,3/,0.2402077427591726,0.0,0.5735587205082957,0.5735498148582993,1.0396075046032311,0.5987277173688503,0.5971563796496833,0.9649358337603058,0.43093463694140355,0.4309293862571385,1.146867561877858,LGBMRegressor,3921.5843794345856,0.043512582778930664,0.8422408103942871,0.8422402143478394,0.6323148608207703,0.6020609736442566,0.6019036769866943,0.9592333436012268,0.4757106602191925,0.47565656900405884,1.1008752584457397,KNNImputer,0.2867278062875166,0.2925968430326349,XGBRegressor,9404.705375671387,8.86218523979187
395,42183,reg_full_,MNAR_,0.5_,3/,0.26452240154992956,0.0,0.0145651156637302,0.0145651156637302,1.580335217299062,0.0018721752898374078,0.000944426165030654,1.5195850528037136,-2.0896949578075308e-05,-0.0007699373800480469,1.5208882859058228,ExtraTreesRegressor,1248.0334823131561,0.07692527770996094,0.5128094248838365,0.5126882563230744,1.1113188759852688,0.5005628138982184,0.49533794674144926,1.0800168086996262,0.28531786986237206,0.28475484210665936,1.2857533148034945,KNNImputer,0.2730455583744007,0.2683124622751194,MLPRegressor,6332.61087179184,5.300934314727783
396,42225,reg_non_simple_,MNAR_,0.01_,1/,0,0.0,0.9637855262551474,0.9637855262542844,0.1350045822405246,0.9968955886930851,0.9968919769198322,0.03849799765565624,0.996722225000282,0.9967169434194588,0.039567189946079245,ExtraTreesRegressor,1472.8043308258057,0.6145164966583252,0.9488536207845543,0.948852768534673,0.16044215455895797,0.9983864971503523,0.9983783460642908,0.027808343176464922,0.9982591516832714,0.9982519558726948,0.02887169092909926,IterativeImputer,0.1448197272913822,0.15243332543666419,MLPRegressor,14878.541089296341,0.2239398956298828
397,42225,reg_non_simple_,MNAR_,0.1_,1/,0,0.0,0.9649385572459591,0.9649385572452647,0.13283799487944375,0.9972275206086978,0.9972216864226612,0.03639876553228437,0.9956485515470369,0.9956456694559916,0.04556765936079551,ExtraTreesRegressor,1421.6783895492554,0.7973504066467285,0.9465198851460515,0.9465198851460515,0.1640603318367553,0.9928997644904005,0.9928997025071756,0.05818811612038197,0.9904370779023834,0.9904370610002985,0.06752921742827252,KNNImputer,0.1500288753597229,0.14722799673018755,ARDRegression,14137.954552412033,3.845768690109253
398,42225,reg_non_simple_,MNAR_,0.3_,1/,0,0.0,0.9513704325155931,0.9513704325155931,0.15644353599161354,0.9950119808817927,0.9950062988934754,0.04879859256236294,0.9872361292971528,0.9872170207953045,0.07807501301970116,HistGradientBoostingRegressor,1755.492478132248,0.05102348327636719,0.9325888464512749,0.9325634704779286,0.18422774068512857,0.996916162006865,0.9968611515217519,0.038688438348885884,0.9835006523938693,0.9834163126163628,0.0889276007506686,IterativeImputer,0.15892065234857544,0.15544804376794166,MLPRegressor,15488.933869838715,0.40714073181152344
399,42225,reg_non_simple_,MNAR_,0.5_,1/,0,0.0,0.9317681113191914,0.9317680918812615,0.18531099088126432,0.9959688927587481,0.9959641687365461,0.04386948380362509,0.9286458642949602,0.927814510559563,0.18553291876315853,RandomForestRegressor,1928.5978693962097,0.7146933078765869,0.9273678750663518,0.9273677031691374,0.19119314141786886,0.9948869483718772,0.9947694219422072,0.04994256780686665,0.9269068827862372,0.9256006192449611,0.1883565315081696,IterativeImputer,0.15628954278837856,0.15922641760486408,ExtraTreesRegressor,14457.83970785141,1.1959469318389893
400,42225,reg_non_simple_,MNAR_,0.01_,2/,0,0.0,0.9662511524544752,0.9662510943820423,0.13032786092369303,0.9965894772433196,0.9965844842350513,0.04035749217574472,0.9960514032832136,0.9960419855460795,0.043444490868440856,RandomForestRegressor,1403.436588048935,0.602013349533081,0.9476205388595529,0.9476200517174608,0.1623640787296008,0.9979061065907646,0.9979010574191468,0.031637073477328075,0.9887394963612647,0.9887374319463821,0.07328494026979994,IterativeImputer,0.14332024995375914,0.16158074062860409,LinearSVR,13472.971132278442,0.16004061698913574
401,42225,reg_non_simple_,MNAR_,0.1_,2/,0,0.0,0.9718652618479793,0.9718652600257007,0.11899504370353813,0.9971525646593467,0.997149259784789,0.036870144976195285,0.9959954211444638,0.9959888050403475,0.0437353805305797,RandomForestRegressor,2116.533362388611,0.6953418254852295,0.9425715548655506,0.9425450373387869,0.17004786882278294,0.997603714605533,0.9975925412679947,0.03388250021619749,0.9961204203665996,0.9961200405487508,0.04301397888312659,IterativeImputer,0.2794930569827769,0.15818569269232546,MLPRegressor,15431.951871395111,0.29433298110961914
402,42225,reg_non_simple_,MNAR_,0.3_,2/,0,0.0,0.9571900405827318,0.9571900398964693,0.14678437620801432,0.9966221599378164,0.9966209215216242,0.040141644760504795,0.9848116766588401,0.9847763914000404,0.08520298870011492,ExtraTreesRegressor,1689.9941334724426,0.7112164497375488,0.9434864129304796,0.9434852796199665,0.16865072465017297,0.9938197496337867,0.9938153971552948,0.054306514781042085,0.9835629918168786,0.9835628775192565,0.08853376220401193,IterativeImputer,0.15320243415921303,0.1523816455881475,HistGradientBoostingRegressor,15103.066737174988,1.6103334426879883
403,42225,reg_non_simple_,MNAR_,0.5_,2/,0,0.0,0.9177683289994039,0.9177682531624755,0.20343570486330573,0.9911242567621802,0.9911228178766598,0.06506292579989721,0.9350062192524513,0.9342750159801486,0.17703586965709514,ExtraTreesRegressor,1446.8266351222992,0.6893384456634521,0.9127324617650303,0.9127324617650303,0.20957225309138444,0.9931377385687175,0.9930909046825196,0.057399302661920296,0.9310583041260654,0.9305122004361204,0.18203307428211393,IterativeImputer,0.16589290500467474,0.16336504862385007,RandomForestRegressor,14503.299543619156,0.628544807434082
404,42225,reg_non_simple_,MNAR_,0.01_,3/,0,0.0,0.9650370803625231,0.9650370803621212,0.1326512253215548,0.9968462950777607,0.9968413823614415,0.03881008127672829,0.9964371583083278,0.9964289680938233,0.04126604898510679,RandomForestRegressor,1229.1651079654694,0.6936764717102051,0.9481303750469438,0.9480983289889875,0.16162111190131714,0.9981835943923675,0.9981247441390696,0.029903793832282942,0.9979172130532801,0.9978531970563951,0.03199573676952746,KNNImputer,0.12294854811485936,0.11336172036890849,MLPRegressor,13988.020859718323,8.589957475662231
405,42225,reg_non_simple_,MNAR_,0.1_,3/,0,0.0,0.9703566520559396,0.9703566520523975,0.12214369276175159,0.9969018800186805,0.9968929075086757,0.03849223378449386,0.9954891449646693,0.9954880987432845,0.04638481377892867,ExtraTreesRegressor,1677.8922901153564,0.8184463977813721,0.9450334654400842,0.9448857306425598,0.16654800973724002,0.9979354780343239,0.9978313362831143,0.03215822954496266,0.9959000309381314,0.9957889920815055,0.04481145579923334,KNNImputer,0.15013752978030254,0.15000356876776938,MLPRegressor,14786.432139396667,3.6843297481536865
406,42225,reg_non_simple_,MNAR_,0.3_,3/,0,0.0,0.9464701014582116,0.9464701014582116,0.16413667449703018,0.9946764284172648,0.9946755651760048,0.050388656814602785,0.9784101537514645,0.9783536414078471,0.10159876958679147,HistGradientBoostingRegressor,1838.2618260383606,0.05353188514709473,0.9305173792082296,0.9305173792082296,0.18700168316268423,0.9774105409761106,0.9773735766475987,0.10387331180213949,0.9759180915406027,0.9758112229154607,0.10739967823398452,KNNImputer,0.15613158330763433,0.15410006556442038,ARDRegression,14024.925752162933,8.79101848602295
407,42225,reg_non_simple_,MNAR_,0.5_,3/,0,0.0,0.9201980991892622,0.9201980991848774,0.20040753118421212,0.9936018189740372,0.993573664334339,0.05535766041760167,0.9362237244339512,0.9362001837780215,0.1744237976601747,RandomForestRegressor,1493.692300081253,0.8586735725402832,0.9017576972382673,0.9017573884308782,0.22236036045192648,0.993124639178828,0.9931161600681994,0.05729429841497275,0.9310438968168487,0.9308906306032382,0.1815367220252722,IterativeImputer,0.16871216397016342,0.1687474632992079,HistGradientBoostingRegressor,15128.7035882473,2.139313220977783
408,42225,reg_simple_,MNAR_,0.01_,1/,0.2027226438778368,0.0,0.9470741823832147,0.9470708804979995,0.16321300267407635,0.9978788709851412,0.9978786895696949,0.03180520050615697,0.9960843269782595,0.9960780168002841,0.04324629322023882,MLPRegressor,13108.896049499512,0.475691556930542,0.9492035738030787,0.9492035738030784,0.15989099281433813,0.9970400820786274,0.9970362462181581,0.03759387427658461,0.9961668994106264,0.996161201987739,0.042785208698983675,SimpleImputer,0.1855712388429527,0.18893132868460283,LGBMRegressor,5749.454339981079,0.0704658031463623
409,42225,reg_simple_,MNAR_,0.1_,1/,0.18549812721776265,0.0,0.9613312472494228,0.9613312033483228,0.13950434959656743,0.996921382358651,0.9969142406374806,0.03835986338468558,0.994423915053307,0.9944161215535141,0.05160169910074802,RandomForestRegressor,6639.603098392487,0.5782985687255859,0.9469453972516901,0.9469451367082715,0.16340676035412255,0.997723442614948,0.9977229671169094,0.03295191626223717,0.9958648973029922,0.9958625956912138,0.04441810284415973,SimpleImputer,0.1730623665550936,0.1804252655261749,MLPRegressor,14553.649035215378,0.08719325065612793
410,42225,reg_simple_,MNAR_,0.3_,1/,0.18099038027060063,0.0,0.9540189658546938,0.9540187989643081,0.15212394363433585,0.9962549100920054,0.9962538616129553,0.04226568699484914,0.9755374877566597,0.9752217972390056,0.10870034571963533,ExtraTreesRegressor,6486.835420846939,0.6885309219360352,0.961483440550263,0.9614831832098578,0.13922993292205357,0.996192620047701,0.9961811270404292,0.04267402720094696,0.9812235540086498,0.9811882256002743,0.09471328614548595,SimpleImputer,0.17480385638365667,0.178666209046527,RandomForestRegressor,4397.488088607788,0.505326509475708
411,42225,reg_simple_,MNAR_,0.5_,1/,0.196343276639416,0.0,0.9081891045085968,0.9081890664902876,0.2149584993641814,0.9951336539936929,0.9951288485671742,0.04819609365303353,0.9356165702222421,0.9353729773397668,0.1755509154072214,ExtraTreesRegressor,4986.4664607048035,0.611595630645752,0.9000568067483964,0.9000568067483964,0.2242766346140801,0.9945219583348055,0.9945196086060476,0.051121290898289394,0.8946220797659054,0.8945617233043415,0.22423075213388338,SimpleImputer,0.4575086450820738,0.45901445694068815,HistGradientBoostingRegressor,4415.81428527832,0.04355740547180176
412,42225,reg_simple_,MNAR_,0.01_,2/,0.18147171316219465,0.0,0.9484889090315008,0.9483441740875692,0.16123787836206674,0.9978869292434028,0.9976885937738473,0.03319970031902263,0.9960903961707489,0.9958076797029796,0.044711913043344584,MLPRegressor,13434.222608804703,0.047922611236572266,0.9484190016603847,0.9483921423786538,0.16116299714851984,0.9980040985728298,0.9979617512323378,0.031176303333782136,0.9965417593986824,0.99647662688454,0.04098975686097934,SimpleImputer,0.2175248287733893,0.23994124118662524,MLPRegressor,14128.129595279694,0.14221596717834473
413,42225,reg_simple_,MNAR_,0.1_,2/,0.17652991395430362,0.0,0.9462027030122419,0.9461898028970656,0.1645658477735701,0.997398906939026,0.9973441935197843,0.03558723426649662,0.9932460824785433,0.993231901205718,0.05681059905859927,MLPRegressor,14426.883646249771,0.0548710823059082,0.9659367562053387,0.9659367450261755,0.13093341422006735,0.9972870988916162,0.9972806305184307,0.03601058144616025,0.994335030475808,0.994324492222958,0.05202335849151118,SimpleImputer,0.1758701081313929,0.17447523092093334,RandomForestRegressor,6219.957032203674,0.42648768424987793
414,42225,reg_simple_,MNAR_,0.3_,2/,0.17903841520058814,0.0,0.9641943464328411,0.964194226296586,0.13424062060736044,0.9959865516870916,0.9959757728881069,0.04380636984254929,0.9695985351778195,0.9694677118669293,0.12066343936678124,RandomForestRegressor,7326.612537622452,0.5799098014831543,0.9569550739579016,0.9569550737821613,0.14718664427160733,0.9951774112403281,0.9951637782467562,0.048022982332992334,0.9860224870134878,0.9859999555011898,0.08170727602882913,SimpleImputer,0.1785800259266149,0.17283399061660767,RandomForestRegressor,4674.149933815002,0.43147897720336914
415,42225,reg_simple_,MNAR_,0.5_,2/,0.1927869630809148,0.0,0.9226011524642056,0.9226011524642057,0.19736705781274871,0.9950995844746392,0.9950175889587308,0.04874339792471035,0.9270278738030341,0.9266072356414242,0.18707796928476234,ExtraTreesRegressor,7412.948876619339,0.6630859375,0.8961900198050395,0.8961900198050395,0.22857407666633034,0.9932189674242878,0.9931500434718922,0.057153118445565886,0.9214046912041499,0.9214046780005858,0.19359510535994104,SimpleImputer,0.178491650503088,0.17381848939476985,HistGradientBoostingRegressor,5462.899298429489,0.05027294158935547
416,42225,reg_simple_,MNAR_,0.01_,3/,0.1755730202363364,0.0,0.9451681487426373,0.9451680162675058,0.16612094734733696,0.998092689639586,0.9980798054865253,0.030259979979302236,0.9948411994840219,0.9948280695399067,0.0496617892489298,MLPRegressor,8949.66150712967,0.3152425289154053,0.9481463820459846,0.9481344277943832,0.16156489652536557,0.9980068763718283,0.997992506187391,0.03094020107773272,0.9976190108073602,0.9975886272187795,0.033910032134576364,SimpleImputer,0.22093625433685923,0.20700390632476368,MLPRegressor,14368.711253166199,0.06695199012756348
417,42225,reg_simple_,MNAR_,0.1_,3/,0.15971617028998364,0.0,0.9641337941266241,0.9641337941266241,0.1343538569802164,0.9968765178720996,0.9968733487567362,0.03861319558063729,0.9953873277354933,0.9953651081328859,0.04701276855913356,ExtraTreesRegressor,5843.063615322113,0.6469192504882812,0.9458578635358936,0.9458565523171384,0.1650746455427115,0.9970198694852751,0.9970157037026013,0.03772393554650611,0.9942541118720711,0.9942532285271594,0.05234895151764991,SimpleImputer,0.23374033538763056,0.22291163308291753,MLPRegressor,9424.471221208572,0.061398983001708984
418,42225,reg_simple_,MNAR_,0.3_,3/,0.18293178015310238,0.0,0.9523244917008602,0.9523244891089981,0.154901312575556,0.9963667622869151,0.996338895533817,0.04178323723596295,0.9868298638634388,0.9868140861691725,0.07929597451518454,ExtraTreesRegressor,6405.106880664825,0.6111338138580322,0.9542213036635839,0.9542213019649455,0.15178859411682832,0.9959559341319967,0.9959537968861555,0.04392581863680751,0.9851024038377859,0.9851000581103084,0.08429237905010886,SimpleImputer,0.1746881350831073,0.18396734553092722,ExtraTreesRegressor,5449.367560863495,0.510430097579956
419,42225,reg_simple_,MNAR_,0.5_,3/,0.20169130884125117,0.0,0.9172463840095704,0.9172463675183387,0.20408023849861218,0.9943003257788342,0.9942717547738087,0.05226450301638342,0.9173812357366221,0.9170563986425125,0.19887833170749647,RandomForestRegressor,7608.314599990845,0.5192115306854248,0.9072016862590597,0.9072016844570093,0.21611129538223312,0.992388465193457,0.9923868559781114,0.06025291281923756,0.8864031893606564,0.8858336354693485,0.23332706063580455,SimpleImputer,0.1786761429883963,0.17415941178640884,HistGradientBoostingRegressor,4769.64805150032,0.04786968231201172
420,42225,reg_full_,MNAR_,0.01_,1/,0.13071205689828305,0.0,0.9485318116700383,0.9485317221349917,0.1609449070775981,0.9983522592873944,0.998348962022158,0.028059152905558507,0.9982952155080882,0.9982917905360748,0.028540829158600328,MLPRegressor,13800.401591300964,0.020573139190673828,0.9482358848284483,0.9482238702463738,0.16142552665661758,0.9982690024551623,0.9982394308934333,0.028974941148925883,0.9975832860935765,0.9975546391702254,0.03414817510878495,IterativeImputer,0.14890325857540213,0.14659554998460614,MLPRegressor,13236.789524555206,0.06501889228820801
421,42225,reg_full_,MNAR_,0.1_,1/,0.1468585760476853,0.0,0.9462296661713577,0.9462293703535196,0.164505332761556,0.9982426302377865,0.9982417596221772,0.028955772033304333,0.9968296051036653,0.9968261651770395,0.03890345607447399,MLPRegressor,13886.678891420364,0.04209280014038086,0.9478087128139016,0.947808711777871,0.16207141665534996,0.9983103059095048,0.9983081280093326,0.028404017688790743,0.9969038592559046,0.9969010967709714,0.03844147395362148,KNNImputer,0.15837021280485641,0.1635783039965133,MLPRegressor,14818.12690615654,1.4776604175567627
422,42225,reg_full_,MNAR_,0.3_,1/,0.17082583192579612,0.0,0.948701673097886,0.9487016730922906,0.16067896308675458,0.995774162735778,0.995754105211894,0.04499669729754656,0.9802987617826175,0.9802623842031748,0.09701600112365849,ExtraTreesRegressor,9960.662613868713,0.5345041751861572,0.9681721896965971,0.968172035399829,0.12656448409206553,0.9953084756717047,0.995287417525337,0.0474051479180793,0.9849259119748086,0.984803817107383,0.08512620645772659,SimpleImputer,0.1765345173995698,0.1751885168441886,RandomForestRegressor,11780.2436003685,0.46214818954467773
423,42225,reg_full_,MNAR_,0.5_,1/,0.1895227818750221,0.0,0.20584390587862456,0.20584390587862444,0.6322085376254937,0.04522143105078458,-0.07365127810961813,0.7155296700099576,-0.05742047586672827,-0.05749233790807895,0.7101247326833833,LGBMRegressor,8398.000544786453,0.13539552688598633,0.9234854165368953,0.9234853504501443,0.19623646718197596,0.9947979062455485,0.9947574118292295,0.04999987236817052,0.9149178610238083,0.9144637397561746,0.20196269314870674,SimpleImputer,0.1745865067407781,0.17425671159825284,ExtraTreesRegressor,12691.783147573471,0.5645854473114014
424,42225,reg_full_,MNAR_,0.01_,2/,0.13262425125864283,0.0,0.9485905687149615,0.9485686282174235,0.1608871927781369,0.9979781961229462,0.997929849975653,0.03141933104376401,0.9978352964765126,0.9977833998375149,0.032511701918612086,MLPRegressor,14155.729139089584,0.09493589401245117,0.9474272144807847,0.9474180655530017,0.162676829536982,0.9976400316110692,0.9976363050010176,0.033573123055920154,0.9971410514148622,0.9971384875080139,0.03693974109432515,KNNImputer,0.12705679781570484,0.12096036779814022,LinearSVR,9460.049040079117,5.001224040985107
425,42225,reg_full_,MNAR_,0.1_,2/,0.1452920641832373,0.0,0.9471861499170257,0.9471342248779206,0.16311530861022228,0.9982239864709148,0.9981860447284744,0.029410967492412628,0.9947402829493802,0.9947246983816921,0.05015562792817954,MLPRegressor,13201.59705376625,0.9520807266235352,0.9455711392898273,0.9455675563934507,0.16551461023199077,0.9977987726675788,0.9977928489515254,0.03244233106863204,0.9953598583469593,0.9953476301776458,0.047101326599925886,KNNImputer,0.13572183837600474,0.14228905626017094,LinearSVR,11852.63408780098,4.72223162651062
426,42225,reg_full_,MNAR_,0.3_,2/,0.17398477517491778,0.0,0.9548594073713577,0.9548594073713577,0.1507269975604057,0.9961593070474838,0.9961289417244391,0.0429646104770267,0.9841194255682048,0.9841152162717852,0.0870335457896544,ExtraTreesRegressor,4669.87473654747,0.7121028900146484,0.9336771123475347,0.9336771123475347,0.18270024654744205,0.9884058435272387,0.988388826539579,0.07441047564877397,0.9719576841337624,0.9719549703377142,0.11564423191145035,KNNImputer,0.15949981774913596,0.15918279307178587,ARDRegression,11501.584039211273,3.3625385761260986
427,42225,reg_full_,MNAR_,0.5_,2/,0.1853682938919178,0.0,0.9313667892003515,0.9313667892003515,0.18585514078965706,0.993447046328212,0.9933242232147176,0.05642179875920872,0.9025373493928126,0.9021204526726317,0.21604389586372497,ExtraTreesRegressor,8442.480130910873,0.7608022689819336,0.9023654070439047,0.9023654070439047,0.22167120392933126,0.9930320836102304,0.9930191982433987,0.05769639477018671,0.9278510380803229,0.9267417964168218,0.1869063930685153,SimpleImputer,0.18134380471692732,0.17626069108847597,HistGradientBoostingRegressor,14069.49145936966,0.04868960380554199
428,42225,reg_full_,MNAR_,0.01_,3/,0.10617984575718128,0.0,0.9484667855647194,0.9484643320235391,0.16105023940712013,0.9982678159293398,0.9982547054363627,0.028848975314409178,0.9981154718961285,0.9981018951919831,0.03008542277280128,MLPRegressor,14575.772375822067,0.04107308387756348,0.9475594035122317,0.9475439052746654,0.16248205285342612,0.9977888740617475,0.9977820678706517,0.03252146867917418,0.9972177001129149,0.9972123540794012,0.03645984593088749,KNNImputer,0.12296003425050131,0.11680560805327476,LinearSVR,9689.025891065598,0.4216020107269287
429,42225,reg_full_,MNAR_,0.1_,3/,0.14200660633811168,0.0,0.9678096784500276,0.9678094690133338,0.1272833186863193,0.9969574784000047,0.9969574392103202,0.038090410771217456,0.9886684046022711,0.9886628672881534,0.07352713422768094,RandomForestRegressor,4810.888904333115,0.6974701881408691,0.9472314444116142,0.9472247091694553,0.16297565593326283,0.9977853067388048,0.9977840592560336,0.03250686559012457,0.9959203201859951,0.995919478731129,0.04411170526965116,KNNImputer,0.13682897728582877,0.14076050366877338,MLPRegressor,13793.751707553864,2.948930501937866
430,42225,reg_full_,MNAR_,0.3_,3/,0.20735672422694967,0.0,0.9708323791413166,0.9708323791413166,0.12115962571400789,0.9963521886028549,0.9963408456177513,0.041772107852266545,0.9718754370678123,0.9717186289080637,0.11613048888189609,RandomForestRegressor,7514.358955383301,1.2285821437835693,0.947418254702823,0.9474182547028229,0.16267653694294545,0.9947992951206794,0.9947366425244146,0.05009881549337815,0.9667356780223085,0.9666969086648521,0.12601965848641655,SimpleImputer,0.18608593370864238,0.1830953897639174,HistGradientBoostingRegressor,12631.352547645569,0.05417799949645996
431,42225,reg_full_,MNAR_,0.5_,3/,0.18370493027950108,0.0,0.9432515541092574,0.9432515541092574,0.16899910561828504,0.9950799324462604,0.994903240162246,0.04929956747482104,0.9385535897619447,0.9376800464614722,0.1723890135599185,ExtraTreesRegressor,5455.857850074768,0.7963879108428955,0.9191949854197532,0.9191948914740974,0.2016632810900041,0.992415417425718,0.9924096165945417,0.06016277791805099,0.939476926667383,0.9394395874426548,0.16993797413983502,SimpleImputer,0.17475568735392638,0.17253806167564892,RandomForestRegressor,13758.555812120438,0.4541587829589844
432,42712,reg_non_simple_,MNAR_,0.01_,1/,0,0.0,0.9758300546705232,0.9758300546705232,28.09031867922704,0.9516905716544497,0.9516903793191533,40.47368740762475,0.9395375022050844,0.9395369439629185,45.27943578330747,LGBMRegressor,510.8135242462158,0.15506553649902344,0.9697937269451291,0.9697937269451291,31.402729928036145,0.9512216154197797,0.9512197439508195,40.67035818016023,0.940585619349346,0.9405845689464559,44.88545020239729,KNNImputer,0.25542042445560037,0.2609975826287415,HistGradientBoostingRegressor,9569.42243719101,2.9761128425598145
433,42712,reg_non_simple_,MNAR_,0.1_,1/,0,0.0,0.9263914237171998,0.9263914237171998,49.021098734469966,0.9456594818301204,0.9455853572731386,42.955012567257285,0.8846481702989092,0.8846481554526662,62.54149107164626,HistGradientBoostingRegressor,2556.7837047576904,3.431420087814331,0.9222708927332501,0.9222708927332501,50.37449113361315,0.9405320072553824,0.9405051584028484,44.915435576210015,0.88293897710541,0.882925585007524,63.0067324550582,KNNImputer,0.2515089151940393,0.25806495518474154,LGBMRegressor,11491.244042396545,13.340715169906616
434,42712,reg_non_simple_,MNAR_,0.3_,1/,0,0.0,0.7946449057151971,0.7946449057151971,81.87881952412766,0.9226603398311938,0.9225408234417332,51.249826246181286,0.6689938585027501,0.6689894980976465,105.94411703248447,HistGradientBoostingRegressor,1750.6014029979706,1.8901336193084717,0.7858487607495016,0.7858487607495016,83.61402465301768,0.9030447493846436,0.9030417946901075,57.338752970239184,0.6713818747790071,0.6713712145657319,105.5622796256554,KNNImputer,0.2925694486621052,0.2839640932820993,LGBMRegressor,9623.564984798431,26.391279935836792
435,42712,reg_non_simple_,MNAR_,0.5_,1/,0,0.0,0.5667138209256459,0.5667138209256459,118.93406159063413,0.8676470587028469,0.8662249821565206,67.35091003156369,0.46693648788436315,0.4659765729431342,134.56623890745192,LGBMRegressor,1153.6007435321808,0.09219479560852051,0.6464861005911428,0.6464861005911428,107.42913507310911,0.8528566880524152,0.8503780930274037,71.2284595867601,0.4540658351187016,0.45249606380809104,136.25410090533623,IterativeImputer,0.3095126767185275,0.3112140211893104,LGBMRegressor,12259.557128667831,0.22058725357055664
436,42712,reg_non_simple_,MNAR_,0.01_,2/,0,0.0,0.9846627655333043,0.9846627655333043,22.37651045362882,0.9556785328812882,0.9556779883370364,38.767312158424275,0.9462486774046996,0.9462482301042351,42.69257439388918,HistGradientBoostingRegressor,5282.7266499996185,3.9008679389953613,0.9913761618679656,0.9913761618679656,16.77911807991287,0.9517104151491247,0.9517100778362491,40.46543488047125,0.9377665115352576,0.9377596736726125,45.940095102415846,KNNImputer,0.2155908237990644,0.19690025131169814,HistGradientBoostingRegressor,15893.284794569016,6.03178596496582
437,42712,reg_non_simple_,MNAR_,0.1_,2/,0,0.0,0.9045896008780462,0.9045896008780461,55.810599613628455,0.9429661519490438,0.9429660197035541,43.97671651879541,0.86401065170448,0.8640040853293971,67.90767954634404,LGBMRegressor,746.1936538219452,0.10715270042419434,0.9263266857807669,0.9263266857806167,49.04265075651642,0.94084821240715,0.940731259661447,44.83000713255092,0.8513392223087287,0.8513344777931923,71.00044811717467,KNNImputer,0.25554019297484876,0.2541004895074554,HistGradientBoostingRegressor,12145.094124794006,13.967037200927734
438,42712,reg_non_simple_,MNAR_,0.3_,2/,0,0.0,0.7397710987173942,0.7397710987173942,92.1714874705797,0.9244892707802246,0.9244853638338977,50.60244791732167,0.6929632188246623,0.692940503351027,102.03924257635198,LGBMRegressor,567.63951587677,0.09077858924865723,0.7704517198723616,0.7704517198723616,86.56769497564,0.9088938110851774,0.9083721948218819,55.74033843730463,0.6981447237327502,0.6981153542214833,101.17575917765369,KNNImputer,0.2845045588649115,0.2752345566879009,LGBMRegressor,11516.806294202805,26.62963318824768
439,42712,reg_non_simple_,MNAR_,0.5_,2/,0,0.0,0.6239472668781654,0.6239472668781654,110.80087929964257,0.8950833062941409,0.8950726488231571,59.648608141556686,0.4786112537520608,0.4785454780541938,132.9732178172498,LGBMRegressor,705.3831725120544,0.15139174461364746,0.6487177302304505,0.6487177302304505,107.08951392013113,0.8761099352289016,0.8758608358056514,64.87992929646953,0.4600307056379459,0.46000834513345845,135.31610348713366,KNNImputer,0.3118727286472727,0.3099371740226153,LGBMRegressor,11798.366450309753,51.34802746772766
440,42712,reg_non_simple_,MNAR_,0.01_,3/,0,0.0,0.968807156811772,0.968807156811772,31.911433463016575,0.953425237559436,0.953423436456931,39.741081419853316,0.9482264092750722,0.9482250217831055,41.9001831997498,LGBMRegressor,928.4887421131134,0.13346529006958008,0.9711209899662222,0.9711209899662222,30.705062307310946,0.9480830405163624,0.9480828500694208,41.95767175148697,0.9421244729099157,0.9421204831920152,44.30149761687875,KNNImputer,0.20440411619584523,0.2094987864982236,HistGradientBoostingRegressor,14401.671681404114,3.152527332305908
441,42712,reg_non_simple_,MNAR_,0.1_,3/,0,0.0,0.9439455825199211,0.9439455825199211,42.77832287474998,0.948387749776942,0.9483876118933798,41.83434143157548,0.8584398005187079,0.8584387895963475,69.28322468826198,LGBMRegressor,583.8926939964294,0.12016797065734863,0.9136375682391351,0.9136375682391351,53.09837905029646,0.9398170461820681,0.9397554501218606,45.1975445325974,0.8534834020788444,0.8534080674281994,70.50355152680713,KNNImputer,0.23540550578536373,0.2282270613296157,LGBMRegressor,9572.627047300339,12.079170942306519
442,42712,reg_non_simple_,MNAR_,0.3_,3/,0,0.0,0.8384051251865429,0.8384051251865429,72.63277271269467,0.9278465586144151,0.9270809571875467,49.72518859735688,0.6438893843980689,0.643845823004801,109.89425279940131,LGBMRegressor,1104.825841665268,0.16036319732666016,0.828281827897273,0.828281827897273,74.8732975478368,0.906213246943024,0.9061474958676597,56.41296051274723,0.6367184611262515,0.6366838305086916,110.993698419301,KNNImputer,0.2866264418602371,0.28252351842231027,LGBMRegressor,10646.402967214584,26.677189350128174
443,42712,reg_non_simple_,MNAR_,0.5_,3/,0,0.0,0.6673487494292063,0.6673487494292063,104.21096377859897,0.8920753375437164,0.8897324863694214,61.14764708917381,0.4750650322437936,0.47505106221810234,133.41801965035268,LGBMRegressor,767.9672253131866,0.11440539360046387,0.6515365068466986,0.6515365068466985,106.65899203166566,0.877383261632658,0.8771547754485343,64.54091210747622,0.47383881102468994,0.47383676742961534,133.572239626932,IterativeImputer,0.31381458385963235,0.3121163699578261,LGBMRegressor,11390.43108344078,0.22343111038208008
444,42712,reg_simple_,MNAR_,0.01_,1/,0.30942496677942255,0.0,0.9889945956390577,0.9889945956390577,18.954914692536505,0.954493362793214,0.9544925585085012,39.28232361379149,0.9458751494233371,0.9458697563448883,42.842612952005915,HistGradientBoostingRegressor,4075.935441493988,1.731053352355957,0.9850933812507284,0.985093355178833,22.060147439904036,0.9538902861604607,0.9538882374763489,39.54229315770824,0.9418910396927346,0.9418898224830627,44.38968244224241,SimpleImputer,0.31399502034970944,0.31276530029132793,XGBRegressor,2853.825097322464,0.048224687576293945
445,42712,reg_simple_,MNAR_,0.1_,1/,0.2528193812596573,0.0,0.9021935301611199,0.9021935301611199,56.507048574427294,0.9434438797902776,0.9434438268802543,43.79211968502595,0.8622593655438313,0.8621414392414488,68.37114129539087,LGBMRegressor,4340.206748485565,0.10287046432495117,0.9326524045619723,0.9326516389846802,46.89023887462253,0.9442002614644669,0.9441956281661987,43.50007673323747,0.877210293282685,0.8772057294845581,64.52752848143581,SimpleImputer,0.31469257693571995,0.3196299020258388,XGBRegressor,3171.640299320221,0.032485246658325195
446,42712,reg_simple_,MNAR_,0.3_,1/,0.29780394772382596,0.0,0.8930066856128528,0.8930066856128528,59.10131618643424,0.9197456797490442,0.9192172899558123,52.33776449442344,0.6334948716492453,0.633401965966446,111.49387897351366,HistGradientBoostingRegressor,7908.581785202026,1.7889997959136963,0.7909585110810653,0.7909585110810653,82.61046699013762,0.9149565976004894,0.9149534152458185,53.70125045032245,0.6800422749289459,0.6795583993396376,104.23904062096653,SimpleImputer,0.31635161813999735,0.3062500822002567,LGBMRegressor,2670.0092544555664,0.07399582862854004
447,42712,reg_simple_,MNAR_,0.5_,1/,0.2756415097938113,0.0,0.6128699290641975,0.6128699290641973,112.4209590141202,0.8610788092285576,0.8608747612309828,68.68452841587671,0.5596320071466712,0.5593370944989496,122.2388361339943,LGBMRegressor,5413.301285505295,0.07936739921569824,0.6350133163950316,0.6350133163950316,109.15844541657937,0.8710113105582584,0.8626869535583979,68.23573292303519,0.4821870790055369,0.48131665446735694,132.6194159937537,SimpleImputer,0.3150999433958693,0.3171024579962506,LGBMRegressor,3049.38818860054,0.07706403732299805
448,42712,reg_simple_,MNAR_,0.01_,2/,0.3102911086632756,0.0,0.9699806807976858,0.9699806807976858,31.30539958886323,0.9524634873555138,0.9524617547221954,40.14925887654147,0.9405419779032574,0.9405359283762673,44.903819228791164,LGBMRegressor,5398.540422201157,0.12929821014404297,0.9789650055313802,0.9789649844169617,26.20536254193846,0.9508224376868977,0.9508224129676819,40.83565178300669,0.9360507129310414,0.9360432624816895,46.569224482002035,SimpleImputer,0.3248802207941776,0.3300042115793432,XGBRegressor,2789.4973092079163,0.06133866310119629
449,42712,reg_simple_,MNAR_,0.1_,2/,0.25683757035690646,0.0,0.9152426131342488,0.9152426131342488,52.60264855058999,0.9425939595160011,0.9425851999197454,44.12329002618054,0.8525458545542386,0.8524219323958601,70.74029541095149,LGBMRegressor,4887.66974568367,0.08437895774841309,0.9143681506920389,0.9143681506920389,52.87330934218012,0.9450099919762232,0.9450040187479388,43.18385779029525,0.8587551131428693,0.858584575755667,69.2475399938422,SimpleImputer,0.3151053918605975,0.31781530417085374,LGBMRegressor,3904.979305744171,0.08140063285827637
450,42712,reg_simple_,MNAR_,0.3_,2/,0.29959188339250886,0.0,0.7651259687422345,0.7651259687422345,87.56616562715978,0.9173155681022294,0.9172332360182925,52.97658353150343,0.6481052123060964,0.6480846414932113,109.23833446235169,LGBMRegressor,2792.7636744976044,0.09374403953552246,0.7726629767135895,0.7726629767135895,86.14972921970812,0.9198659962579337,0.9196794018788644,52.18785251002997,0.6730758119172745,0.6730577774544015,105.2910519568794,SimpleImputer,0.3125864925897369,0.3233027126321764,LGBMRegressor,1603.8082857131958,0.06798839569091797
451,42712,reg_simple_,MNAR_,0.5_,2/,0.27268958600482623,0.0,0.6339639964569609,0.6339639964569608,109.3152455556163,0.8804770182400871,0.8802119637352521,63.732753504826874,0.5073789405498059,0.5072922019820747,129.25598969101077,LGBMRegressor,5459.352160692215,0.08736181259155273,0.6254512718651744,0.6254512667655945,110.57909441981586,0.8578694261154792,0.8549314141273499,70.13625863736637,0.48284925916883403,0.48284369707107544,132.4240395032832,SimpleImputer,0.31791612014692494,0.3175086638034994,XGBRegressor,4076.1488194465637,0.023781776428222656
452,42712,reg_simple_,MNAR_,0.01_,3/,0.31528020159660175,0.0,0.977748595611612,0.977748595611612,26.95240633368723,0.952710903428997,0.9527083306834854,40.04499847725399,0.9352104312369297,0.9352100967754817,46.87158340811909,HistGradientBoostingRegressor,6034.849076986313,0.028556108474731445,0.9905551439751342,0.9905551439751342,17.55967619721387,0.95304111658954,0.953038223965864,39.90508276697442,0.943349550293965,0.9433481337568741,43.8291521905143,SimpleImputer,0.3186107107658638,0.33174928081904187,HistGradientBoostingRegressor,2652.871678829193,0.019688129425048828
453,42712,reg_simple_,MNAR_,0.1_,3/,0.2803621990874861,0.0,0.9339746843150724,0.9339746843150724,46.42736922489724,0.9442328067932769,0.944202043847866,43.4975809524239,0.8267557715293093,0.8267223208319222,76.65266711730978,LGBMRegressor,5737.236511230469,0.12448453903198242,0.942522075486417,0.942522075486417,43.31809715654783,0.9444763754182811,0.9444672004349597,43.39410579127499,0.8594682282894985,0.8591399758938206,69.11142354749789,SimpleImputer,0.318328770560993,0.32173959148841874,LGBMRegressor,4346.244556427002,0.08706974983215332
454,42712,reg_simple_,MNAR_,0.3_,3/,0.2898172695926334,0.0,0.7747971051865061,0.7747971051865061,85.744410040238,0.9217618667456946,0.9217102392847056,51.52386602124258,0.6973907520402911,0.6973876162202488,101.29763540670136,LGBMRegressor,4392.490925312042,0.1113591194152832,0.8450548808175941,0.8450548808175941,71.12262584144021,0.9164083494265697,0.9163007612510368,53.274172602794195,0.6843202334044394,0.684304014994041,103.4642916346978,SimpleImputer,0.3127553003458661,0.3203670318580338,LGBMRegressor,4304.495850086212,0.09420633316040039
455,42712,reg_simple_,MNAR_,0.5_,3/,0.32334104089437615,0.0,0.6658703233656822,0.6658703233656822,104.44228321587487,0.8820346461777604,0.8812221805012683,63.463443576789984,0.4750110059223581,0.47304568685102244,133.6726141027905,LGBMRegressor,6184.369918584824,0.1118931770324707,0.6176089158292357,0.6176089158292357,111.73074923659921,0.8586549784429238,0.8580453309808478,69.37944160401436,0.4750906220028587,0.4749808884526162,133.42693683379952,SimpleImputer,0.31402755536228494,0.31263398623204197,LGBMRegressor,2344.2130036354065,0.05917239189147949
456,42712,reg_full_,MNAR_,0.01_,1/,0.21789053131883263,0.0,0.9867055552871686,0.9867055552871686,20.833101670403686,0.9530028098871806,0.9529943911131615,39.923701586361965,0.936490311934099,0.9364882382122451,46.40695140737906,HistGradientBoostingRegressor,2101.1279702186584,0.026259660720825195,0.975289511096178,0.975289511096178,28.4026917988259,0.9521134502081663,0.9521134248727373,40.29608444852858,0.9407236870722976,0.940719135317857,44.83459223603254,KNNImputer,0.19883830306232,0.22580131452878882,HistGradientBoostingRegressor,2842.9152557849884,0.2676112651824951
457,42712,reg_full_,MNAR_,0.1_,1/,0.259640466608771,0.0,0.9289862554461259,0.9289862554461259,48.1493067957283,0.9408551264217541,0.9408425939163471,44.78788154049567,0.8628135619189188,0.862813143591938,68.20437155989477,LGBMRegressor,6640.953891992569,0.11873126029968262,0.9440141794299932,0.9440141916275024,42.75214032429302,0.945472583727981,0.9454076886177063,43.02507461614268,0.8538800104973114,0.853725254535675,70.42722698640175,KNNImputer,0.23866757749527975,0.23849900107274116,XGBRegressor,8243.801812171936,5.34613823890686
458,42712,reg_full_,MNAR_,0.3_,1/,0.27185537402558246,0.0,0.7847519341749027,0.7847519341749027,83.82787575089144,0.9003244963642374,0.8999045325154171,58.259018742631184,0.6743990603458427,0.6743989002974216,105.07487715190905,LGBMRegressor,2735.308094024658,0.12647414207458496,0.5340218097959439,0.5286907398863809,124.04287357329136,0.6783785987498179,0.6643454129601992,106.68472761313282,0.49621546463689437,0.48915061434657436,131.61409357209433,KNNImputer,0.29776475416611287,0.29338542814860735,LGBMRegressor,365.5799527168274,10.349896669387817
459,42712,reg_full_,MNAR_,0.5_,1/,0.2520890110984684,0.0,0.07763696381755758,0.07763696381755747,173.52808628714956,0.09083452720607932,0.07103680758361763,177.4823672668971,0.0041643399653567,0.004093164654503156,183.76606505644855,LGBMRegressor,2741.652658700943,0.03148174285888672,0.5848291131475505,0.5848291131475505,116.42125539348064,0.8553289904704018,0.8547590673310574,70.1779170774975,0.4838754529321424,0.48385100839650297,132.2950214382205,SimpleImputer,0.3202656985931542,0.3118023597355112,LGBMRegressor,7784.383444786072,0.05259418487548828
460,42712,reg_full_,MNAR_,0.01_,2/,0.2170944592461584,0.0,0.9865840228284178,0.9865840228284178,20.92810894690892,0.9529715882426731,0.9529714427931815,39.93344584993912,0.9460865165468509,0.9460787133791073,42.75984109492219,HistGradientBoostingRegressor,7291.962830781937,1.7253608703613281,0.9653881813511753,0.9653881813511753,33.61483949749855,0.9480410730835055,0.9480405783791553,41.9747495458838,0.9396315935715999,0.9396304099320656,45.24442495670833,KNNImputer,0.18902906220028243,0.20858127072723745,LGBMRegressor,4763.368763685226,0.7084863185882568
461,42712,reg_full_,MNAR_,0.1_,2/,0.2576382308591424,0.0,0.9110195934806514,0.9110195934806514,53.89717779914072,0.9408769620324062,0.9408527415843781,44.784039992361706,0.8680762232302893,0.8680225677763527,66.89686974190806,LGBMRegressor,6149.909061431885,0.08986067771911621,0.9214382783597538,0.9214382783597538,50.64357182300069,0.9408995103754126,0.9408296397066648,44.79278506727441,0.8607624997395517,0.8607447226110503,68.71662020334244,KNNImputer,0.2411622718209215,0.23814433118606973,LGBMRegressor,7380.141165971756,5.0156848430633545
462,42712,reg_full_,MNAR_,0.3_,2/,0.27379780048630825,0.0,0.7802941612484487,0.7802941612484486,84.69146228573624,0.9079009089309364,0.9074025129880774,56.034507568704136,0.6795201153938042,0.6794995848671528,104.2486062998399,LGBMRegressor,4449.028759479523,0.09093427658081055,0.7586233754860693,0.7586233754860694,88.77004438467496,0.9132941316830144,0.9132939268139396,54.22264744760927,0.6825482801281426,0.6825426639457278,103.75251743868758,SimpleImputer,0.32304555867777446,0.3177635629862715,LGBMRegressor,7721.012130022049,0.07254838943481445
463,42712,reg_full_,MNAR_,0.5_,2/,0.2501205957605286,0.0,0.024801535270109754,0.024799933429403564,178.42910345586608,0.040111759341559194,0.0399374786258363,180.42874049764455,-0.00714657371047811,-0.00718117184841649,184.80331557110162,LGBMRegressor,4954.928088903427,0.028885841369628906,0.618291804074955,0.6182913184165955,111.63101318618554,0.8566674435961372,0.8554051518440247,70.02165845626504,0.4431795769855562,0.443004846572876,137.4300306042389,SimpleImputer,0.3151081859241226,0.31146193903132885,XGBRegressor,6260.407261371613,0.028302669525146484
464,42712,reg_full_,MNAR_,0.01_,3/,0.17289532074260322,0.0,0.9764788628123438,0.9764788612370129,27.710732386084022,0.9519654024856337,0.9519650094349067,40.358481208594746,0.9411433088292523,0.941142876425177,44.674065464415364,HistGradientBoostingRegressor,8452.348778963089,4.326557874679565,0.9836226289739177,0.9836226289739177,23.122826801970838,0.9553065689265331,0.9553054133884826,38.92991198040532,0.9393625361269398,0.9393604661721151,45.34546777849871,SimpleImputer,0.30618792641090414,0.31680853908455997,HistGradientBoostingRegressor,7643.457856178284,0.01848769187927246
465,42712,reg_full_,MNAR_,0.1_,3/,0.2624267914935725,0.0,0.9316998780227712,0.9316998780227712,47.220390235760775,0.9407164214332208,0.9407076160540433,44.838948080130585,0.8418716490990147,0.8418317242319153,73.23448798456918,LGBMRegressor,4097.266448497772,0.12868165969848633,0.9045014200118497,0.9045014200118497,55.8363844885394,0.9389097927927239,0.9387815969204354,45.561389213290184,0.8608919129310111,0.8606680563236548,68.73553339410198,KNNImputer,0.23699161159970786,0.2312885865240605,LGBMRegressor,7533.962939023972,5.129886865615845
466,42712,reg_full_,MNAR_,0.3_,3/,0.2879849812020224,0.0,0.777352929323064,0.777352929323064,85.2564656863435,0.9038931807652726,0.9035827337601366,57.178580068457784,0.6626107635967062,0.6625875657130516,106.96372061464616,LGBMRegressor,4288.916897535324,0.07769060134887695,0.8362094975050132,0.8362094759941101,73.12455761107103,0.9125096906148482,0.9121682047843933,54.5734946489953,0.6640640016877537,0.6640379428863525,106.73357486245152,SimpleImputer,0.314810143573519,0.3141689501915582,XGBRegressor,5127.331680059433,0.06489753723144531
467,42712,reg_full_,MNAR_,0.5_,3/,0.25705081040646255,0.0,0.11259621949643328,0.11259621949643317,170.20780436267978,-0.01645203491232583,-0.016536763320664782,185.65964009314936,-0.012540425570749303,-0.012568016666816506,185.29686095162722,ExtraTreesRegressor,6483.213686466217,0.12628483772277832,0.7091665070128779,0.7091665267944336,97.44085034688545,0.8338979331954325,0.8338758945465088,75.0537283577158,0.47070866364585073,0.47064894437789917,133.97625160156826,KNNImputer,0.3234677804607231,0.305779213432942,XGBRegressor,1075.6991364955902,16.052999258041382
468,287,reg_non_simple_,MNAR_,0.01_,1/,0,0.0,0.9991736101145781,0.9991736101145512,0.02506839872289706,0.5055395715369919,0.5055173085985958,0.6171833050549446,0.49873326538340346,0.49873326485816427,0.6214025987003969,HistGradientBoostingRegressor,1833.5212397575378,1.8754372596740723,1.0,1.0,0.0,0.48799447319739464,0.4859853362878742,0.6292545679558131,0.4863665005544744,0.48428332580473876,0.6302955039804501,KNNImputer,0.06347369953079227,0.056738473756245585,KNeighborsRegressor,9238.470220088959,0.6373236179351807
469,287,reg_non_simple_,MNAR_,0.1_,1/,0,0.0,0.9330011666930123,0.9330011631392374,0.2257187979394815,0.48433176286761104,0.4840151790296736,0.6304593436927336,0.4315666018540232,0.43090961614984125,0.662108626399873,RandomForestRegressor,803.70729804039,0.09812593460083008,1.0,1.0,0.0,0.45095375629182943,0.44941285982383206,0.6512558753826923,0.43583238088004517,0.4345511412717816,0.6599868591909759,KNNImputer,0.0642068230473307,0.06885518905834435,KNeighborsRegressor,6999.45491027832,1.8996217250823975
470,287,reg_non_simple_,MNAR_,0.3_,1/,0,0.0,0.8389075324921804,0.8389075324921804,0.35000295748089216,0.4190169995640781,0.4189146417657972,0.6690500212968314,0.33025505452866655,0.32956597547685573,0.7186487026561685,HistGradientBoostingRegressor,1065.7785365581512,1.537707805633545,0.6363124346039533,0.6363124346039533,0.5258941302948263,0.4035546405974031,0.40316908479795177,0.6780539934314213,0.3222669460498745,0.32029890415004847,0.7235984162593849,KNNImputer,0.0973587960305379,0.09423285948140091,LGBMRegressor,6895.448224067688,2.4497528076171875
471,287,reg_non_simple_,MNAR_,0.5_,1/,0,0.0,0.43502568855405277,0.43502568855405277,0.6554634023455927,0.3617854715304808,0.3610047946548518,0.701596513723024,0.22755767281399208,0.22556425782553735,0.7723805286185401,HistGradientBoostingRegressor,993.467568397522,0.024641036987304688,0.7988112406206134,0.7988112406206134,0.391143352233009,0.3705823804662036,0.3705016305651172,0.6963633844167054,0.22768230058294014,0.22593455057963263,0.7721958515085099,IterativeImputer,0.08864792679312163,0.08875860408170083,ExtraTreesRegressor,8739.110799789429,0.2353801727294922
472,287,reg_non_simple_,MNAR_,0.01_,2/,0,0.0,0.9861494369104945,0.9861494344456394,0.10262846913385171,0.5245587969460084,0.5244666959581132,0.6052420473640574,0.5121960027694584,0.511962685027078,0.6131477474935468,ExtraTreesRegressor,676.122715473175,0.11276698112487793,1.0,1.0,0.0,0.486796877335396,0.4852046306260218,0.6297322549197354,0.4881176743708122,0.4865096429745319,0.6289335590664654,KNNImputer,0.05991610890480859,0.04731940830600459,KNeighborsRegressor,8126.656936407089,0.701324462890625
473,287,reg_non_simple_,MNAR_,0.1_,2/,0,0.0,0.8238182449805956,0.8238093101983908,0.36603749547543696,0.4476696989698308,0.4476333762401802,0.6523074475876425,0.39305012730744926,0.3928769398495394,0.6838754082019932,RandomForestRegressor,457.70976543426514,0.09457230567932129,0.9497491366069868,0.9497491366069868,0.1954815892841793,0.4813153042163818,0.4810853681219984,0.632246714139095,0.4625972793917187,0.4623988237761044,0.6435298964460935,KNNImputer,0.06753062681608711,0.06258640503573845,RandomForestRegressor,8967.691284656525,1.4939815998077393
474,287,reg_non_simple_,MNAR_,0.3_,2/,0,0.0,0.8223608500027475,0.8223608350478555,0.3675390248095914,0.4043448030198631,0.4042919140341078,0.6774158752930839,0.29225610294605353,0.29077501324470234,0.7391466901805694,RandomForestRegressor,642.6041162014008,0.125319242477417,0.6169409695013555,0.6169409695013555,0.5397180589351499,0.37996254219748715,0.37961420133405555,0.6913047587758833,0.30661792326235304,0.3056902824132638,0.7313331243920166,KNNImputer,0.0971264586663507,0.0919446806941348,LGBMRegressor,7275.423046827316,2.4614627361297607
475,287,reg_non_simple_,MNAR_,0.5_,2/,0,0.0,0.40884592726592395,0.40884592726592384,0.670477857999294,0.3721368507279953,0.36626239334882904,0.6987042135425141,0.2220493269364131,0.22124946724826222,0.7745292098646233,HistGradientBoostingRegressor,1279.22287607193,3.6534533500671387,0.6376583386117127,0.6376386839487356,0.5249343727552009,0.3656941204978432,0.3654002088876137,0.6991793369667685,0.21267904476707344,0.2126611056174531,0.7787884026839451,IterativeImputer,0.08952508575826595,0.09596270780189767,ExtraTreesRegressor,12496.386933088303,0.2761843204498291
476,287,reg_non_simple_,MNAR_,0.01_,3/,0,0.0,0.9868337617696599,0.9868337610089021,0.10006102888341674,0.5171262031192829,0.5171183374441216,0.6099004857877247,0.5057466866056752,0.5056835891342049,0.6170795256898749,ExtraTreesRegressor,562.3229854106903,0.10846567153930664,1.0,1.0,0.0,0.5301095394355303,0.5300595148937021,0.6016723488615837,0.5298254957718156,0.5297631387116424,0.6018620465496417,KNNImputer,0.06687542755183812,0.057696682725549245,ExtraTreesRegressor,6083.074363946915,0.3807497024536133
477,287,reg_non_simple_,MNAR_,0.1_,3/,0,0.0,0.992649709261194,0.992649709261194,0.0747629373739434,0.4674722132230621,0.46720308761273466,0.6406479964559796,0.44401938470720703,0.4429473685472517,0.6550685323605614,HistGradientBoostingRegressor,947.39013838768,0.02615523338317871,0.8855905363667599,0.8855905363667599,0.29496132261247154,0.4783752292075264,0.4779188837155015,0.6341728060302622,0.4721936362369,0.471727673530121,0.6379219604409853,KNNImputer,0.06686581624183668,0.06223103045724666,RandomForestRegressor,6656.925552606583,1.3307781219482422
478,287,reg_non_simple_,MNAR_,0.3_,3/,0,0.0,0.5080833599946126,0.5080833599946126,0.6116174306847693,0.3995811947277358,0.39936602041195157,0.6802108757747112,0.30228740583164015,0.30137617716658927,0.7336016813272731,LGBMRegressor,552.2254390716553,0.03481292724609375,0.9206911469885811,0.9206911469885811,0.24558109513624124,0.42250630489186813,0.42167967879775514,0.6674563190902539,0.3429682156631819,0.3422239613259678,0.7118322287262185,KNNImputer,0.08330488946736912,0.08591139951330755,HistGradientBoostingRegressor,12081.43708372116,6.088148593902588
479,287,reg_non_simple_,MNAR_,0.5_,3/,0,0.0,0.48216320993224204,0.48216320993224204,0.6275243003552958,0.3587725324849147,0.35639618758114766,0.7041220206047175,0.20423034099158233,0.20409138552806316,0.783015258614775,LGBMRegressor,580.4041352272034,0.039295196533203125,0.7686489939273635,0.7686489939273635,0.41943995047246757,0.366945844894787,0.3668559821449425,0.6983769170785546,0.20624001879327136,0.20537466522363457,0.7823837583874905,IterativeImputer,0.09311847559542483,0.09447000474898061,RandomForestRegressor,11773.54142832756,0.19468045234680176
480,287,reg_simple_,MNAR_,0.01_,1/,0.11231222926122712,0.0,0.9989126111680118,0.9989126111680118,0.028755871308188366,0.5142553759854178,0.5142507464326014,0.6117087510848984,0.5054887110662521,0.5053730665148837,0.6172733156016434,RandomForestRegressor,2195.4936003684998,0.12101268768310547,0.9946939194645079,0.9946939194645079,0.06352153962392904,0.5134533325656276,0.5134533256332334,0.6122106450655884,0.5118337315331383,0.5118084528013829,0.6132446249951728,SimpleImputer,0.24453046047580834,0.2664315471064532,RandomForestRegressor,1003.3070693016052,0.06773996353149414
481,287,reg_simple_,MNAR_,0.1_,1/,0.09622199233607318,0.0,0.9879774379840002,0.9879774379840002,0.09561644885433852,0.48055995534078577,0.48025972858811905,0.6327494947267228,0.4171070419492434,0.4164789600870754,0.670450752507939,ExtraTreesRegressor,1756.496021747589,0.11551737785339355,0.8676037551829763,0.8676037551829763,0.3173013580205801,0.4713917502546239,0.47103711875532606,0.6383387683696908,0.4166676271351628,0.41542274511482913,0.6710572601727107,SimpleImputer,0.11070809024623618,0.10793062813011339,HistGradientBoostingRegressor,887.05504155159,0.013245820999145508
482,287,reg_simple_,MNAR_,0.3_,1/,0.10468158719338436,0.0,1.0,1.0,0.0,0.4414292292022408,0.4406877165653117,0.6563958116399445,0.3338615832436539,0.33383511578442826,0.716356969458878,ExtraTreesRegressor,3294.5462639331818,0.1525731086730957,0.8879934623384665,0.8879934623384665,0.2918473696540093,0.4206477403023082,0.42064506176083194,0.6680530931231612,0.31391747472534415,0.3138991928142728,0.7269969481154877,SimpleImputer,0.10770220839886982,0.10969408513478689,RandomForestRegressor,822.990795135498,0.060747385025024414
483,287,reg_simple_,MNAR_,0.5_,1/,0.11274977198051425,0.0,0.48385069450972173,0.48385069450972173,0.6265010033409879,0.318756853827468,0.31873507409221924,0.7244303516725978,0.19904530527163655,0.1990332611567297,0.7854994106053786,LGBMRegressor,2079.1915123462677,0.02836894989013672,0.8567454598158737,0.8567454598158737,0.3300565035795052,0.34616012486172554,0.34590295530169635,0.7098387701401052,0.219654419957239,0.21956994830725407,0.7753639674702985,SimpleImputer,0.10734708470094828,0.10625259615107559,ExtraTreesRegressor,526.314487695694,0.09715008735656738
484,287,reg_simple_,MNAR_,0.01_,2/,0.104678528282841,0.0,0.9851326105041711,0.9851326105041711,0.10632893324784466,0.5277887717252363,0.5276749109883977,0.6031969405967667,0.5199227968193518,0.5197194622800506,0.6082556009346533,ExtraTreesRegressor,2793.809493780136,0.09777998924255371,0.9642068380607359,0.9642068380607359,0.16498107528828876,0.5155946334919344,0.5152584000061475,0.6110739477358024,0.5094794548823643,0.5091338302797453,0.614922201672671,SimpleImputer,0.09884976632623817,0.0941206658334443,RandomForestRegressor,1667.34911942482,0.06370234489440918
485,287,reg_simple_,MNAR_,0.1_,2/,0.09375281698503349,0.0,0.9320667741745243,0.9320667741745243,0.22728732430679321,0.45791587573439585,0.4577890621428694,0.6462830408147968,0.41741818872818837,0.417184271298898,0.6700454377205408,HistGradientBoostingRegressor,2123.992959022522,0.22163867950439453,0.8965280652046204,0.8965278267860413,0.2805083990097046,0.4721282422542572,0.4721277952194214,0.6376803517341614,0.42455264925956726,0.4241396188735962,0.6660352349281311,SimpleImputer,0.11289215407932163,0.11694715661468025,XGBRegressor,1086.5861275196075,0.025989055633544922
486,287,reg_simple_,MNAR_,0.3_,2/,0.10108993754597015,0.0,0.8879185095162041,0.8879185095162041,0.29194500290895126,0.41590783836751377,0.41573468362816135,0.6708781935609305,0.3045373592639943,0.30370933449879456,0.732375671335243,RandomForestRegressor,2993.9168739318848,0.09849905967712402,0.6832011938095093,0.6832009553909302,0.49082428216934204,0.39256343245506287,0.3915488123893738,0.6846230030059814,0.3027978241443634,0.3015791177749634,0.7334951162338257,SimpleImputer,0.10560786695462603,0.11103684311481554,XGBRegressor,1611.602884054184,0.012882471084594727
487,287,reg_simple_,MNAR_,0.5_,2/,0.11159657132385825,0.0,0.6779142725694416,0.6779142725694416,0.4949027162096682,0.3615859895016351,0.3599851621742324,0.7021560526987072,0.2187226589164999,0.2180449532409917,0.7761211456169385,ExtraTreesRegressor,1882.2386507987976,0.11085200309753418,0.45030846923920076,0.45030846923920076,0.6465373518485578,0.3292937909965461,0.32867690342444955,0.7191250498956533,0.2210862979784266,0.21924766479348612,0.7755240466667382,SimpleImputer,0.10599298672671804,0.10514862045196197,LGBMRegressor,526.8565220832825,0.0229952335357666
488,287,reg_simple_,MNAR_,0.01_,3/,0.10810083199014445,0.0,0.9924365697380929,0.9924365697380929,0.07583915765200325,0.528087247178842,0.5280056768820587,0.6029856963477658,0.5248606895216763,0.5246804070179643,0.6051060301239013,ExtraTreesRegressor,2220.0630333423615,0.11066031455993652,1.0,1.0,0.0,0.5242144736104294,0.5241710354193504,0.6054301712895487,0.5222391008550082,0.5222060453551423,0.6066789798694072,SimpleImputer,0.09949413244810724,0.08423733451197779,ExtraTreesRegressor,1768.1614215373993,0.09092545509338379
489,287,reg_simple_,MNAR_,0.1_,3/,0.10835341030789096,0.0,1.0,1.0,0.0,0.49526722855547345,0.49526586980617726,0.6235480982003159,0.4476405543150218,0.4474531420069301,0.6524138610988014,RandomForestRegressor,1227.7473320960999,0.09762835502624512,0.9195212392811273,0.9195212392811273,0.24738578282712603,0.4839125742597161,0.4837321701350291,0.6306322181025823,0.409688224090612,0.4089845358883395,0.6747424672394762,SimpleImputer,0.10692185272884137,0.11351429215507214,RandomForestRegressor,963.5002684593201,0.058927297592163086
490,287,reg_simple_,MNAR_,0.3_,3/,0.10763912828470727,0.0,0.6816359804461558,0.6816359804461558,0.4920351022559261,0.3926677116134548,0.3926591728530646,0.6839980457291895,0.3048106999368255,0.30365092165054763,0.7324063907272184,ExtraTreesRegressor,2714.8326835632324,0.09476900100708008,0.9822807753849329,0.9822807753849329,0.11607974728098742,0.4298446070943337,0.42983375717168903,0.6627341853468481,0.31653250476604766,0.3160627358432996,0.7258497907993215,SimpleImputer,0.1111634698191502,0.1062840336527717,ExtraTreesRegressor,1019.2251617908478,0.0818641185760498
491,287,reg_simple_,MNAR_,0.5_,3/,0.11614240388907407,0.0,0.7029694140005716,0.7029694140005716,0.47526374211115335,0.3621787395046443,0.36133553691794984,0.7014149179525283,0.17207088676104465,0.1642275885685217,0.8023846986326856,HistGradientBoostingRegressor,4011.759128808975,1.7726454734802246,0.584582661394861,0.584564622796166,0.5620640852926247,0.3459155715065697,0.3449781535054005,0.7103403992968045,0.22532067320637883,0.22521378822631333,0.7725552786079568,SimpleImputer,0.10765291891630417,0.10967823468755693,RandomForestRegressor,1503.6853618621826,0.05550551414489746
492,287,reg_full_,MNAR_,0.01_,1/,0.0654305632415055,0.0,1.0,1.0,0.0,0.4864520702886269,0.484996271157215,0.6298596816721778,0.4880459233454929,0.4864773598807526,0.6289533292546239,KNeighborsRegressor,2327.9081666469574,0.4537832736968994,0.872590645285635,0.872590645285635,0.3112682007365456,0.49891773377907134,0.4985127890686746,0.6215392416864127,0.4991967384289625,0.4988479477659328,0.6213315104668744,KNNImputer,0.06589429996926631,0.05424555888116664,RandomForestRegressor,6577.226788282394,0.13477635383605957
493,287,reg_full_,MNAR_,0.1_,1/,0.07654026410906674,0.0,1.0,1.0,0.0,0.4358283266603159,0.43358042813102515,0.6605531201237267,0.4321463215104028,0.42945169829709107,0.6629561917156449,KNeighborsRegressor,1916.9522697925568,0.36504125595092773,0.9773915410041809,0.9773914813995361,0.13112035393714905,0.4696776270866394,0.46931153535842896,0.63937908411026,0.4485039710998535,0.44831931591033936,0.6519023180007935,KNNImputer,0.0657883279576302,0.060722057918740774,XGBRegressor,2342.0105307102203,0.5873932838439941
494,287,reg_full_,MNAR_,0.3_,1/,0.10205864894197492,0.0,0.9904359428079591,0.9904359428079591,0.0852815685265253,0.44238701251441215,0.4421833028768861,0.6555176316351952,0.36056744386296824,0.3597243441878114,0.7022991089710555,ExtraTreesRegressor,2191.243776321411,0.13010692596435547,0.5896777492375547,0.5896777492375547,0.5585944692583698,0.39559648040220885,0.3927581309322873,0.683942319284354,0.3445678386159945,0.34383798854466585,0.7109583581507404,KNNImputer,0.08185632655043634,0.08214049664547182,HistGradientBoostingRegressor,9845.418532848358,2.3434228897094727
495,287,reg_full_,MNAR_,0.5_,1/,0.10629290730939749,0.0,0.38566457021481415,0.38566457021481404,0.6834974182725457,0.32764801725054293,0.32577170451090065,0.7206794027175109,0.16706784371826944,0.16462533887871345,0.8021937454863718,LGBMRegressor,2423.312881231308,0.019902944564819336,0.2747477709868449,0.27469655589639097,0.742666726987413,0.35849686500629985,0.35624067441786544,0.70420708351675,0.22693417143283834,0.22576259765198814,0.7722816155509443,KNNImputer,0.09446867369290879,0.09596535319945214,LGBMRegressor,5735.4531190395355,2.435565948486328
496,287,reg_full_,MNAR_,0.01_,2/,0.0633246006135492,0.0,1.0,1.0,0.0,0.5211318667382565,0.5210629799386877,0.60740425013077,0.5213410992281038,0.5213124232347743,0.6072460532854612,RandomForestRegressor,1776.6657025814056,0.11061263084411621,0.8741327511543426,0.8741327511543426,0.30937874046385105,0.4966414080740712,0.49581238270782635,0.6232104259921434,0.4955490873182077,0.494796979259124,0.6238376644488751,KNNImputer,0.08487387950206797,0.050669843301946065,HistGradientBoostingRegressor,2344.8242897987366,0.09193563461303711
497,287,reg_full_,MNAR_,0.1_,2/,0.08375053196094098,0.0,0.8596018517686659,0.8595841117771001,0.3267700337353963,0.48333207592303506,0.4832604653646707,0.6309202510679007,0.44861253958340896,0.4484888279512649,0.6518021366976832,RandomForestRegressor,2948.9540836811066,0.09917378425598145,0.979019820690155,0.9790197610855103,0.12631040811538696,0.4447488486766815,0.4444987177848816,0.6541557312011719,0.43679365515708923,0.4361584186553955,0.6590481996536255,KNNImputer,0.06656313031976675,0.06607732382493313,XGBRegressor,855.0111572742462,0.6406407356262207
498,287,reg_full_,MNAR_,0.3_,2/,0.0954602954269099,0.0,0.8389854716569325,0.8389854716569326,0.34991827866602826,0.4187572840505599,0.418747818785803,0.6691460527207755,0.34008383921054863,0.3393320848131617,0.7133952784480465,ExtraTreesRegressor,2736.9697103500366,0.10789608955383301,0.9983552782128906,0.9983552782128906,0.03536554212982769,0.4394551633663861,0.4392408106407837,0.6572442907262929,0.3534465134281055,0.35193940165563253,0.7065557438948248,KNNImputer,0.09658967023087159,0.08897113736949759,RandomForestRegressor,5130.509679555893,1.2301442623138428
499,287,reg_full_,MNAR_,0.5_,2/,0.0978703086156541,0.0,0.09220355569559624,0.09220343576078205,0.8308609819697381,-0.002699132202159893,-0.004200501983490312,0.8795263186254672,-0.016827536833590395,-0.017060311828188457,0.8851400185081988,ExtraTreesRegressor,2272.6086208820343,0.08118629455566406,0.4363927879964007,0.4363927879964006,0.6546698915910018,0.3458040454073841,0.34284670444204135,0.7114951887888613,0.20819519519587637,0.20767615299584652,0.7812499206672547,SimpleImputer,0.1075880120545163,0.10870020584764715,HistGradientBoostingRegressor,4478.23544716835,0.011754512786865234
500,287,reg_full_,MNAR_,0.01_,3/,0.06153943124355156,0.0,0.9534515221519843,0.9534515221519843,0.18814246908380983,0.5062880157031213,0.5059879559729588,0.6168895183779795,0.5051407878613924,0.5048750447970514,0.6175839923498969,RandomForestRegressor,1024.131611585617,0.11357641220092773,0.910446510491985,0.910446510491985,0.26096084726933944,0.4995945862132921,0.49909461928801857,0.6211785791829045,0.4989057429368937,0.49844857000909404,0.6215790367070683,KNNImputer,0.06719994566549616,0.058614377339206235,RandomForestRegressor,3992.8133528232574,0.15237784385681152
501,287,reg_full_,MNAR_,0.1_,3/,0.07952537287874015,0.0,0.9996698722796797,0.9996698722791864,0.01584437432027371,0.48361898375990775,0.4833147153809201,0.6308871315463922,0.44257358551832926,0.44167380122719246,0.6558169334367239,HistGradientBoostingRegressor,6317.497722625732,1.3283288478851318,0.9580666422843933,0.9580665826797485,0.1785723865032196,0.48371413350105286,0.48219799995422363,0.6315685510635376,0.46017417311668396,0.45944374799728394,0.6452961564064026,KNNImputer,0.06519887533858092,0.07513621025953343,XGBRegressor,6825.809857368469,0.6577911376953125
502,287,reg_full_,MNAR_,0.3_,3/,0.07487563218510544,0.0,0.9243599548690405,0.9243599548690405,0.23983357813697626,0.4377343871328595,0.4376611441127467,0.6581693729003033,0.3274677156673973,0.3255055558320473,0.7208216312082893,ExtraTreesRegressor,1488.6617813110352,0.12350225448608398,0.8135270589074421,0.8135270589074421,0.3765667824182592,0.4233930923693262,0.4229531669467008,0.6667210292079643,0.3321408872514433,0.33181924683470476,0.7174400278566959,KNNImputer,0.07734110249879102,0.08109737901452661,ExtraTreesRegressor,9034.102105140686,1.8655431270599365
503,287,reg_full_,MNAR_,0.5_,3/,0.1040545914953186,0.0,0.48144087635934696,0.48144087635934685,0.6279618164968798,0.3380511755939223,0.33511197623056066,0.7156701075234583,0.19661391090268254,0.1921834907660408,0.788851008084233,LGBMRegressor,3030.8367092609406,0.023645877838134766,0.6565701516811071,0.6565631369795826,0.5110431265896329,0.3543183488351803,0.35362900690267796,0.7056340867057914,0.2263737010401522,0.22579774047336798,0.7722640883281768,SimpleImputer,0.10576571123531528,0.10570340317348963,RandomForestRegressor,8119.5272715091705,0.058234214782714844
504,42688,reg_non_simple_,MNAR_,0.01_,1/,0,0.0,0.9998537522937447,0.9998537522697334,221.1912643618188,0.9873890295626044,0.9873847515905451,508.0450209587497,0.9843240245444753,0.9842987072931041,566.7897673770448,DecisionTreeRegressor,699.5320572853088,0.011848211288452148,0.9974794131617826,0.9974794131617826,918.2781188630976,0.999941165398065,0.9999397746068169,35.10299062637197,0.9980618608088784,0.9980527921045367,199.5999632681538,KNNImputer,0.22449055092278516,0.21193810574769495,ARDRegression,7987.5518498420715,0.694713830947876
505,42688,reg_non_simple_,MNAR_,0.1_,1/,0,0.0,0.9947924011654247,0.9947923995273729,1319.9036585896322,0.9944007891895308,0.9943879633949204,338.85550354108034,0.9868343295730687,0.9868332699481036,519.0309573641276,RandomForestRegressor,725.3976762294769,0.17218470573425293,0.9854137279119983,0.9854137278785927,2208.999204861112,0.9983967276952098,0.998390902871123,181.44517590188198,0.9873353588549008,0.9871778676025762,512.1939267427258,IterativeImputer,0.223603277217249,0.22725295513008917,LinearSVR,13006.94880771637,0.15926241874694824
506,42688,reg_non_simple_,MNAR_,0.3_,1/,0,0.0,0.7736846368932447,0.7736846354006733,8701.22549034189,0.8970076641388424,0.8965500829133252,1454.8538563565342,0.8242010173822851,0.8240760354314789,1897.2160844030418,DecisionTreeRegressor,669.7190842628479,0.009904623031616211,0.976475046519168,0.9764750465191507,2805.3547684306923,0.976306948324965,0.965390166219198,841.4998693228114,0.8270484227725957,0.8263623139034085,1884.847817267553,KNNImputer,0.2884906658719926,0.2872013788783358,LinearSVR,10114.67802453041,8.105365753173828
507,42688,reg_non_simple_,MNAR_,0.5_,1/,0,0.0,0.0804163619718875,0.08040194143359303,17539.71073326732,0.8902055983017256,0.8667487378408929,1651.1630516921518,0.7337220475284154,0.7242514504174478,2375.2586836037767,HistGradientBoostingRegressor,854.0688683986664,0.5702311992645264,0.4926225945655788,0.49262259455884616,13028.336449254199,0.8158233983775565,0.811333047832864,1964.7269977986534,0.8097431397387123,0.8089020546047114,1977.3443394235053,IterativeImputer,0.2665071243103385,0.2678249931349877,LinearSVR,12820.397941350937,0.41223669052124023
508,42688,reg_non_simple_,MNAR_,0.01_,2/,0,0.0,0.9998106058340211,0.9998106053205107,251.71395361495735,0.9890196361893073,0.989018417068578,474.00919781147553,0.9884566124729193,0.9884546786612444,486.02354481212603,DecisionTreeRegressor,756.5139288902283,0.015213489532470703,0.9999370044696458,0.9999370044696458,145.17046638747962,0.9999725492762467,0.9999706458192833,24.506950744316615,0.9993552295040925,0.9993548596697932,114.88977851013364,KNNImputer,0.20977081730707758,0.2513424915224656,ARDRegression,8721.39282822609,0.6279430389404297
509,42688,reg_non_simple_,MNAR_,0.1_,2/,0,0.0,0.999909826684369,0.9999098089857393,173.70208811763584,0.992522860124876,0.9925228119072154,391.13209029736174,0.9727935703229371,0.9727481011239708,746.7112258981149,ExtraTreesRegressor,811.9605884552002,0.3267326354980469,0.9826190376158607,0.9826190376158607,2411.350345227397,0.999064158882788,0.9990618156752193,138.5474006930442,0.9813886843157208,0.9813741474137943,617.3228845186023,IterativeImputer,0.24270308030048476,0.22837415507432238,ARDRegression,10877.252890586853,0.14823341369628906
510,42688,reg_non_simple_,MNAR_,0.3_,2/,0,0.0,0.6118729017320301,0.6118728209644781,11394.897729058102,0.9747480628598414,0.9747393503064494,718.9133596379359,0.7650952899587464,0.7630100931541051,2202.009667015191,ExtraTreesRegressor,705.0149171352386,0.14760208129882812,0.9543289625079571,0.9543289625079506,3908.803536056831,0.9861934663610566,0.9846677872265132,560.0885764312679,0.8082366928013691,0.8082255129167822,1980.841430811249,KNNImputer,0.36898815109857636,0.35212317406770494,LinearSVR,8103.9732983112335,7.346844911575317
511,42688,reg_non_simple_,MNAR_,0.5_,2/,0,0.0,0.11157423870651206,0.11157316999170774,17239.879921230935,0.9463415757263443,0.9436841374852368,1073.4199587027292,0.7887145079499309,0.7849925270045404,2097.399081885231,ExtraTreesRegressor,616.2350134849548,0.1373441219329834,0.060848088374999776,0.060848088374999665,17725.20747005584,0.9563395769435534,0.9504898667737978,1006.4711801830534,0.8069160729276001,0.8036669761588747,2004.2457614712616,IterativeImputer,0.2534695502143081,0.26106935157700006,ARDRegression,12268.104385137558,0.2013857364654541
512,42688,reg_non_simple_,MNAR_,0.01_,3/,0,0.0,0.9998225459175915,0.9998225458367264,243.65004740568713,0.9875176440329059,0.9874795113969974,506.1333267570754,0.9821374446865513,0.9820542296526179,605.9479896960567,DecisionTreeRegressor,548.3811657428741,0.013489484786987305,0.9999347951360181,0.9999347951360181,147.694186291177,0.9999889643771843,0.9999883803097142,15.418835401844884,0.9987699621934545,0.9987694372830572,158.6741470852856,IterativeImputer,0.22866215460715697,0.16686792121378557,ARDRegression,11147.464352369308,0.18135762214660645
513,42688,reg_non_simple_,MNAR_,0.1_,3/,0,0.0,0.9994432455330827,0.9994432296035664,431.580159962322,0.9454674921657116,0.9453893479965271,1057.0437846482132,0.8521931110922879,0.8508500756276223,1746.891030180862,ExtraTreesRegressor,601.6925714015961,0.2649228572845459,0.9967150946118369,0.9967150946118369,1048.2981914944141,0.996343843753962,0.9961247658107072,281.58095181752134,0.9141456780994713,0.9139657665457568,1326.7525863239605,KNNImputer,0.2303137644874561,0.23189796703740126,ARDRegression,6527.537650346756,3.8680050373077393
514,42688,reg_non_simple_,MNAR_,0.3_,3/,0,0.0,0.9984762538454788,0.998476249193198,713.9706811987033,0.9715715652989277,0.9714489793536597,764.3022096245987,0.9252675955109915,0.92523800440046,1236.7865076102933,DecisionTreeRegressor,745.455751657486,0.012192010879516602,0.9932373455057901,0.9932373455054686,1504.1183294973025,0.9908439499360963,0.9898971699777165,454.64855925283894,0.9455249552352202,0.945284020289565,1058.0626551625985,IterativeImputer,0.23501028773488755,0.22730333905822306,LinearSVR,13991.329960346222,0.3642699718475342
515,42688,reg_non_simple_,MNAR_,0.5_,3/,0,0.0,0.9929829660479895,0.9929827972573888,1532.1645720768377,-3.389393083816148,-3.4059286578718764,9494.520279038054,0.7411073057464594,0.7400243996097762,2306.3254479665056,DecisionTreeRegressor,640.1659650802612,0.009775638580322266,0.9650544575911093,0.9650544575905264,3419.1589966613524,0.9026643524201876,0.90266405045921,1411.207679247078,0.7359127886191272,0.7302445900395977,2349.3048633224735,KNNImputer,0.2484975101580924,0.24348043351211993,LinearSVR,11495.316046714783,14.012998580932617
516,42688,reg_simple_,MNAR_,0.01_,1/,0.1774293208417108,0.0,0.9997850433952794,0.9997850433952563,268.16296613231646,0.9998139326712099,0.9998093965043973,62.448171509479394,0.9863266525407907,0.986314616843944,529.1548446420458,LinearSVR,4432.213477134705,0.01671886444091797,0.9996998548109375,0.9996998548109374,316.8758174837363,0.9992034232052337,0.9992023200925125,127.75226905645415,0.9968427227595313,0.9968383746139611,254.33697471039085,SimpleImputer,0.25326686673379156,0.24694779402310352,LinearSVR,2211.931288957596,0.00523686408996582
517,42688,reg_simple_,MNAR_,0.1_,1/,0.22045506969031817,0.0,0.9475824594769265,0.9475824594769094,4187.5665651442,0.9861144387050329,0.9854302647046913,545.9842651734863,0.9218778742323436,0.9218619235927635,1264.403396852825,LinearSVR,4390.659818649292,0.010692119598388672,0.9971932793903509,0.9971932793898194,968.9982565770819,0.9908939370665613,0.9908938268582247,431.64056058249565,0.9522747651083721,0.9522607149890098,988.3078644213177,SimpleImputer,0.24805249855973854,0.23362421447326737,LinearSVR,2157.181975841522,0.005411624908447266
518,42688,reg_simple_,MNAR_,0.3_,1/,0.21783649298942692,0.0,0.09056078878146812,0.09056078878146823,17442.56063648331,0.9381023501400347,0.9377038482624916,1128.9765099329475,0.8741505342690868,0.8722243608167412,1616.8820033905513,ARDRegression,2607.6796383857727,0.013331890106201172,0.9889426467232084,0.988942646723003,1923.308701468803,0.9222191298545052,0.9206904157789604,1273.846601190645,0.8750430675632134,0.8747301531325067,1600.9492660118233,SimpleImputer,0.2361796719841102,0.2340508018860673,LinearSVR,3109.2403728961945,0.005603313446044922
519,42688,reg_simple_,MNAR_,0.5_,1/,0.20712049468818344,0.0,0.9341618034805105,0.9341618034805105,4693.127648378091,0.6399603721511192,0.6332549636693948,2739.2799481589695,0.7830823968423557,0.7826439154362417,2108.8233281156245,ARDRegression,2954.829967021942,0.013747692108154297,0.06639599988351008,0.06639599988351008,17672.775301603968,0.8140218150462277,0.8139996192367107,1950.7931086484875,0.7404534604326978,0.7399333168277539,2306.729424612174,SimpleImputer,0.23669794909515468,0.2428535345788816,ARDRegression,1989.7870285511017,0.005716800689697266
520,42688,reg_simple_,MNAR_,0.01_,2/,0.23905280501599718,0.0,0.9995905690023333,0.9995905690022561,370.0954651650976,0.998834148913515,0.9988341348411043,154.44663766160207,0.9936114699514428,0.9936099231601838,361.58244437931546,LinearSVR,3040.2913177013397,0.02259206771850586,0.999758717619228,0.999758717619228,284.10979615391983,0.9995522251348162,0.9995504070174084,95.91003690427804,0.9936304506840204,0.9936188392543667,361.3300977663111,SimpleImputer,0.2515292339634496,0.2246353839386291,ARDRegression,1930.6034967899323,0.0052182674407958984
521,42688,reg_simple_,MNAR_,0.1_,2/,0.26248604427148775,0.0,0.9967648760368006,0.9967648760367616,1040.324597487333,0.988745878105852,0.9887205179595302,480.3954381157213,0.9474096066012542,0.9470552164410304,1040.7966476518725,LinearSVR,2893.8135752677917,0.008564472198486328,0.9973281168572127,0.9973281168572127,945.4359968916432,0.991579246929471,0.9914246492432296,418.87095083025355,0.9481917157499608,0.9476522551804144,1034.9116705398712,SimpleImputer,0.24224573411175318,0.23942695382152934,LinearSVR,987.8833811283112,0.005366325378417969
522,42688,reg_simple_,MNAR_,0.3_,2/,0.21575947952738544,0.0,0.5408979984959212,0.5408979984959212,12393.044149787267,0.9161216027568082,0.9158093128990977,1312.4607459279666,0.8584961985826995,0.858095366058682,1703.93327856276,ARDRegression,2480.2454867362976,0.01270437240600586,0.9394241087581419,0.9394198984071006,4501.822862997679,0.6985981245859363,0.6896847756523928,2519.740622488561,0.6256155669963472,0.6256150680037618,2767.664713453879,SimpleImputer,0.2958513272275336,0.2940934000948265,AdaBoostRegressor,886.5951323509216,0.11546039581298828
523,42688,reg_simple_,MNAR_,0.5_,2/,0.20904456423409093,0.0,0.5159646713123073,0.5159646713123072,12725.121400725731,0.6926553444824375,0.690052044695445,2518.2490799628995,0.7519447876205768,0.7504200064103822,2259.743681428566,ARDRegression,3214.064064979553,0.02233433723449707,0.4801398209585649,0.480139820958565,13187.627752710741,0.7186304054482517,0.7184308403473334,2400.1967228798076,0.7692876336782795,0.759294152496404,2219.205992728911,SimpleImputer,0.23881638075870237,0.23568338849235312,ARDRegression,2400.6532735824585,0.006124019622802734
524,42688,reg_simple_,MNAR_,0.01_,3/,0.23683048560675796,0.0,0.9996836365436709,0.9996836365436707,325.32434167131726,0.9992282299720565,0.9992275704814936,125.7140237444309,0.9922433142043557,0.9922425103142606,398.3959359448063,LinearSVR,4387.537170886993,0.012549877166748047,0.9995565443547025,0.9995565443501593,385.1664936338091,0.998844627482855,0.9988433768512436,153.83325735193,0.992793959568515,0.9927917475309311,384.0336595411206,SimpleImputer,0.22867103444111828,0.2469609007806834,LinearSVR,2357.2966442108154,0.005205631256103516
525,42688,reg_simple_,MNAR_,0.1_,3/,0.23698733131260058,0.0,0.971446081025757,0.9713052457559984,3098.308500804561,0.670827159043631,0.6681280076445963,2605.791105787,0.6018069286745763,0.598296037168889,2866.865736344897,AdaBoostRegressor,2874.7113082408905,0.48948192596435547,0.9970786295058557,0.9970786295058557,988.5911609355899,0.9901472972578095,0.9901058816615476,449.9278189299627,0.9399464342645524,0.9385704887526569,1121.096059481101,SimpleImputer,0.24300017298001808,0.2431317255761932,LinearSVR,1017.6630373001099,0.005491733551025391
526,42688,reg_simple_,MNAR_,0.3_,3/,0.22355600805271236,0.0,0.9930347622352509,0.9930347622352462,1526.480907862937,0.9342799953641954,0.9253787548560102,1235.6217428647246,0.8120710562357181,0.8009663980324736,2017.9829726224627,LinearSVR,3387.242577314377,0.014235973358154297,0.955072699919539,0.955072699919539,3876.846125792349,0.9494388461067363,0.9383610410515482,1123.005656167367,0.8426243959073831,0.8412886440030546,1802.0145662480688,SimpleImputer,0.26944782213724666,0.26717572855194865,ARDRegression,1793.0419495105743,0.005795717239379883
527,42688,reg_simple_,MNAR_,0.5_,3/,0.16727277299524226,0.0,0.9361628793099185,0.9361628793099185,4621.256229106716,0.5563862027920163,0.554058818493217,3020.599082807718,0.7573125908224817,0.7558776259072596,2234.899963994796,ARDRegression,3298.1030695438385,0.01409912109375,0.09780883905534776,0.09780883905534776,17372.91471716087,0.8126863123011725,0.7514816405337044,2254.932443202674,0.7344541416442711,0.7341612183569344,2332.1875093496465,SimpleImputer,0.26558870353959446,0.27548392150179446,ARDRegression,2943.498364686966,0.006904125213623047
528,42688,reg_full_,MNAR_,0.01_,1/,0.22939284698641735,0.0,0.999877396141329,0.999877396141329,202.5235228341423,0.9999700717218394,0.9999689994914079,25.18481155202732,0.9960777810618593,0.9960777809815459,283.2828067309133,ARDRegression,1181.9833199977875,0.011355876922607422,0.9999569157916552,0.9999569157916552,120.05561103660663,0.999990809586138,0.9999903438370663,14.0558330045291,0.9981454922624575,0.9981454918611898,194.79090167739923,KNNImputer,0.2315263311036256,0.20810382900404573,ARDRegression,10322.003867387772,0.23511576652526855
529,42688,reg_full_,MNAR_,0.1_,1/,0.2201849278467231,0.0,0.9964776974622831,0.9964776974622824,1085.5172559823952,0.9987323683047599,0.9986771099410369,164.51904223592965,0.9800580274217813,0.9800333255763386,639.1564328859632,LinearSVR,2244.319096803665,0.07571148872375488,0.997968766410164,0.997968766410164,824.3342387437157,0.998545740443814,0.9985137446219396,174.38174356806994,0.9452805438938156,0.9452251864405514,1058.631348020973,KNNImputer,0.23517445739640458,0.2501993348670674,ARDRegression,5852.990558862686,1.7436234951019287
530,42688,reg_full_,MNAR_,0.3_,1/,0.19618833878666997,0.0,0.9707852190800035,0.9666451806032907,3340.4325009320996,0.5602107660441192,0.49202820126191826,3223.844584650178,0.5514093350784557,0.49016241725889886,3229.7597599682554,AdaBoostRegressor,3407.430218935013,0.06624460220336914,0.9752383787885268,0.9752383787880162,2878.1468019457634,0.9911150900219763,0.9890084948418388,474.223291028527,0.7923209436168487,0.7918349053969569,2063.7555309944687,KNNImputer,0.3359148360901867,0.32883892050747787,LinearSVR,6317.129196643829,2.6105549335479736
531,42688,reg_full_,MNAR_,0.5_,1/,0.19269786280325968,0.0,0.563671719893304,0.5636717198932637,12081.756676187239,0.8687744383962526,0.8677017660423041,1645.2478029910078,0.6157570202350477,0.6146520415897081,2807.8947659718497,LinearSVR,2939.3420989513397,0.010465860366821289,0.6718770865976451,0.6718770865976451,10477.114334377562,0.9167313432698365,0.9131078826683424,1333.3509849977595,0.730613729666717,0.7302786870152762,2349.1563830339,KNNImputer,0.24562700888692268,0.2357905285503024,ARDRegression,6119.185366868973,6.145972490310669
532,42688,reg_full_,MNAR_,0.01_,2/,0.2170118470007365,0.0,0.9998637945296697,0.9998637945296697,213.46205147883512,0.9998666981386067,0.9998634360332945,52.85941562943481,0.9984657062369837,0.9984655918638794,177.184098160692,ARDRegression,2821.1414682865143,0.011768341064453125,0.9997835509509616,0.9997835509509616,269.0922839620915,0.9991373604794618,0.9991372846445296,132.85810698858648,0.9972635793869241,0.9972621728366199,236.67768360064255,KNNImputer,0.25224871439978347,0.22527529190154802,ARDRegression,14874.18134021759,0.1946423053741455
533,42688,reg_full_,MNAR_,0.1_,2/,0.21327761205349502,0.0,0.9642555130320432,0.9642555130320432,3458.023480378258,0.998099518070811,0.9976453088643957,219.49330128120403,0.9588460517168859,0.9587544674157715,918.6345050201068,ARDRegression,2504.0772297382355,0.010118961334228516,0.9988434842230371,0.9988434842230371,622.0126034992942,0.9998171190293762,0.9998056586514492,63.05752229458295,0.9897928983045251,0.9897166711473465,458.69199218480713,IterativeImputer,0.23369577545246836,0.23008317831581632,ARDRegression,12517.60979938507,0.039697885513305664
534,42688,reg_full_,MNAR_,0.3_,2/,0.20728783655227412,0.0,0.5199210653169695,0.5199210652676445,12673.008578219344,0.9463617613850003,0.915935779159582,1311.4746250918672,0.8412570571762137,0.8351710830131125,1836.4157069483917,LinearSVR,5656.017261266708,0.012980222702026367,0.9585072545314766,0.9585072545314766,3725.713794291592,0.9855924390490477,0.985592428759848,542.9373063377737,0.8967413204984224,0.8967091378385341,1453.7350024624416,KNNImputer,0.2453209933421418,0.22984765064800775,ARDRegression,6817.061908960342,3.8883841037750244
535,42688,reg_full_,MNAR_,0.5_,2/,0.20350993676997478,0.0,0.48891370316359206,0.48883994503980877,13076.811330651512,-0.0021539954427303165,-0.04873395815632198,4632.196365486002,-0.0628670835777938,-0.06294403804506699,4663.473317862877,AdaBoostRegressor,4428.436375141144,0.12022519111633301,0.9660564784696342,0.9660564784696342,3369.782358032071,0.882812035962133,0.8812959179121359,1558.4293658966387,0.7337794886068989,0.7337336342930569,2334.0623402978217,KNNImputer,0.24676310095664988,0.22665363142480957,ARDRegression,4276.945404291153,6.0451459884643555
536,42688,reg_full_,MNAR_,0.01_,3/,0.2997016667126341,0.0,0.9998663771882633,0.9998663771882633,211.4285867436903,0.9998669654765701,0.9998657666849147,52.406415286887494,0.9992387695932015,0.9992371570716381,124.93147239003679,ARDRegression,2520.855260848999,0.01421499252319336,0.9998086344780286,0.9998086344780286,253.02023278461579,0.9996200282286286,0.9996197800583483,88.20064103004553,0.9966211917968459,0.996621086531272,262.9316283869076,IterativeImputer,0.23173544828381706,0.24307955444827928,ARDRegression,9802.650402069092,0.03837776184082031
537,42688,reg_full_,MNAR_,0.1_,3/,0.216594847964403,0.0,0.994789875919095,0.994789875919095,1320.2234331549394,0.9984720355600029,0.9984227058289018,179.6431432111602,0.9838313556128625,0.9837799001195867,576.0776923208474,LinearSVR,2912.220199108124,0.022911548614501953,0.99815301047889,0.9981530104788875,786.0598597478267,0.9988794624928994,0.9988638251614624,152.4673597403971,-0.1543651666257737,-0.15469777945660956,4860.584094826864,KNNImputer,0.23353078592759904,0.24198745311749,LinearSVR,5562.980937719345,1.801823377609253
538,42688,reg_full_,MNAR_,0.3_,3/,0.20593334766813545,0.0,0.994538000243852,0.9945380002438519,1351.7589135253716,0.9809216579598141,0.9798211502898845,642.5434473062845,0.9079384523846352,0.9078633458191553,1372.9999290504736,LinearSVR,3469.5986902713776,0.006911277770996094,0.9393725159093913,0.9393613861311297,4503.996417682623,0.05998257652182837,0.059876716759297066,4385.778562528706,0.03972547788395564,0.03971054120051243,4432.567694497998,SimpleImputer,0.2960360814013401,0.29196754518745377,AdaBoostRegressor,245.88063836097717,0.15157365798950195
539,42688,reg_full_,MNAR_,0.5_,3/,0.19749003552541314,0.0,0.9424531507532602,0.9424531507469252,4387.672248581346,0.29739366250225585,0.2951574456223479,3797.522487887036,0.6292704477886637,0.6281490366876215,2758.2825477331307,LinearSVR,3677.1206851005554,0.014789581298828125,0.536444220630257,0.536444220630257,12453.01191979381,0.8658961753376937,0.8460939881645888,1774.524861670003,0.5632996675874486,0.553844212878326,3021.3258149187764,IterativeImputer,0.28580797976942884,0.2560940197725752,ARDRegression,8510.339352846146,0.058963775634765625
540,23515,reg_non_simple_,MNAR_,0.01_,1/,0,0.0,0.9270848371292975,0.9270843670958178,0.014281535175843841,0.6966162111918837,0.6965092471266705,0.029400833582509493,0.6563515435463761,0.6561417715883703,0.03129512013230735,LGBMRegressor,748.1201391220093,0.07549929618835449,0.9213601570554286,0.9213601570554285,0.01483152771792242,0.702167596492016,0.7020284843853961,0.029132267381641066,0.69428577317854,0.6940861738057146,0.029517968525914626,KNNImputer,0.041003889734923624,0.04917401643511616,ExtraTreesRegressor,9203.910072565079,0.3782382011413574
541,23515,reg_non_simple_,MNAR_,0.1_,1/,0,0.0,0.9283831659279115,0.9283831624556225,0.014153770154928077,0.6885419886568644,0.6883059901562796,0.029795531740149667,0.6250485004122481,0.6246800761565738,0.032695480340807055,RandomForestRegressor,601.0685539245605,0.1416616439819336,0.8828352093115752,0.8828352046141111,0.018103524671456955,0.6613462403632864,0.6613432124838208,0.031057522214643155,0.5898682304549487,0.5897235161622499,0.03418418457703472,KNNImputer,0.05648956432446625,0.06031028923383197,LGBMRegressor,11553.900082826614,0.47823548316955566
542,23515,reg_non_simple_,MNAR_,0.3_,1/,0,0.0,0.8629959343626621,0.8629959020283878,0.01957633317691207,0.6880320813392519,0.6877509280980042,0.029822049755181355,0.6103861068617584,0.610337104597827,0.03331435727627156,RandomForestRegressor,1006.9165167808533,0.1754744052886963,0.7118483689290822,0.7116729083968203,0.028399277709283726,0.657269822359724,0.6572651116602474,0.031243959772688554,0.723671529606515,0.72327450381571,0.028074465702958417,KNNImputer,0.08880048371476565,0.10074448829117036,MLPRegressor,14520.6329870224,1.3284640312194824
543,23515,reg_non_simple_,MNAR_,0.5_,1/,0,0.0,0.48871740873034364,0.48871616606962065,0.03781774242663569,0.604042928414572,0.6038501640110518,0.033590514243081265,0.26548887859647163,0.2651459364751966,0.04574961697032777,LGBMRegressor,625.3833403587341,0.04358816146850586,0.4915272905437059,0.49152581459595535,0.037713689712303766,0.586977090741726,0.5826428907887871,0.03447790114847972,0.25716730453770753,0.2571050988952184,0.04599923415444304,KNNImputer,0.18183061605188808,0.17372548856059045,LGBMRegressor,6549.173131465912,7.504745006561279
544,23515,reg_non_simple_,MNAR_,0.01_,2/,0,0.0,0.9825392438434184,0.9825391192050548,0.0069887200274163005,0.7732705530731954,0.7731424588862433,0.025419296246901396,0.7690310304061985,0.7689317173747345,0.025654117563602547,ExtraTreesRegressor,1001.6862525939941,0.2903780937194824,1.0,1.0,1.3058396973551983e-16,0.791829119465637,0.7917737787151061,0.024353120706025157,0.7895774219536854,0.7894991145004896,0.024485776209927552,KNNImputer,0.047605679661528004,0.03403339941434106,ExtraTreesRegressor,12163.334990024567,0.5536458492279053
545,23515,reg_non_simple_,MNAR_,0.1_,2/,0,0.0,0.9623783928676426,0.9623783928438051,0.01025848531516157,0.7227330907998428,0.7227040017952444,0.028103390202386856,0.6631459270350224,0.66308147020509,0.030977713640065303,RandomForestRegressor,744.9848585128784,0.16115999221801758,0.9957789398028419,0.9957789398028419,0.0034361755386225104,0.7241354192030667,0.7240480937841488,0.02803519696025206,0.68754540162526,0.6871023289418032,0.029853006648167885,KNNImputer,0.057112950105068686,0.059404909922095815,ExtraTreesRegressor,8199.271807909012,0.6388609409332275
546,23515,reg_non_simple_,MNAR_,0.3_,2/,0,0.0,0.9327793438591795,0.9327789670903188,0.013712516392044715,0.6408237693919272,0.6391846168584897,0.03205748405483032,0.456338418130111,0.455591278612578,0.039377618701278844,RandomForestRegressor,566.7584223747253,0.17256474494934082,0.7761471755838311,0.7761471755838311,0.025023373495282185,0.6423134586387588,0.6418201357290395,0.03194019006367566,0.5194828018073517,0.5194404603576466,0.03699648923153027,KNNImputer,0.0965796013306798,0.1007848157679739,ExtraTreesRegressor,13515.186222314835,1.0263221263885498
547,23515,reg_non_simple_,MNAR_,0.5_,2/,0,0.0,0.5684831412824403,0.5684818183159561,0.0347427441817853,0.5992956106816962,0.5967660535205032,0.03388952295192556,0.29269316238705767,0.29255125133032234,0.044888428736057424,RandomForestRegressor,683.3244171142578,0.16363120079040527,0.5952768824359611,0.5952441674930471,0.03364814499650579,0.575914223021365,0.5670008874569763,0.03511805183082119,0.28199276685783004,0.28134314966164264,0.045242614814627144,KNNImputer,0.1479214352959576,0.1480494362797044,RandomForestRegressor,9572.879844427109,7.087666273117065
548,23515,reg_non_simple_,MNAR_,0.01_,3/,0,0.0,0.9418971703921927,0.9418970148728593,0.01274863806793952,0.6580709302414258,0.6579135286645513,0.031214390699665483,0.6492966469589019,0.6491428934634178,0.03161200566553582,LGBMRegressor,583.5486402511597,0.06534671783447266,0.999648161500629,0.999648161500629,0.000992056138796191,0.7328680890341113,0.7327275859819022,0.027590780138550833,0.7227787002742752,0.7225762683610362,0.02810986222013639,KNNImputer,0.04992659869543906,0.07766414663189845,HistGradientBoostingRegressor,8182.891358137131,2.1613893508911133
549,23515,reg_non_simple_,MNAR_,0.1_,3/,0,0.0,0.9373385409015046,0.9373385358725722,0.013239294354531502,0.6697025534863531,0.6696549432348498,0.03067402862979152,0.6380819422941231,0.6377809329017028,0.032119780312798905,RandomForestRegressor,654.1145112514496,0.13740277290344238,0.9268721208167916,0.9268721208167916,0.014302305756456727,0.6930967901935357,0.6930888124722259,0.029566047627485104,0.6766483877308829,0.6764287725927955,0.03035790939953827,KNNImputer,0.05594763194806271,0.060972957841323824,RandomForestRegressor,12833.763042926788,0.5471155643463135
550,23515,reg_non_simple_,MNAR_,0.3_,3/,0,0.0,0.8120643461553543,0.8120604462195442,0.022928395514256315,0.7122655868595063,0.7119741087047289,0.028641956245773228,0.451276959421535,0.4508459724540036,0.039548862684140644,LGBMRegressor,736.2425727844238,0.07289648056030273,0.9539031043800181,0.9539031043800181,0.011355346958592997,0.6694672727374047,0.6692976401902593,0.030690612746335617,0.4661575572804504,0.4653973259760189,0.03902136665364491,KNNImputer,0.09965711290242028,0.11042577666521523,RandomForestRegressor,10869.913713216782,0.9062595367431641
551,23515,reg_non_simple_,MNAR_,0.5_,3/,0,0.0,0.5482635525132157,0.5482635525132157,0.03554734220766282,0.6041605340775188,0.6039506123793397,0.033586255341584235,0.2562616404353192,0.2560625474767442,0.04603149965621157,LGBMRegressor,711.2955729961395,0.05840349197387695,0.5570073368790471,0.5570073368790471,0.03520163501865654,0.6301312050266923,0.6291727642732665,0.03249920402002303,0.2977557393541933,0.297689168575609,0.04472512834931331,IterativeImputer,0.16897764228434584,0.16663956116020842,LGBMRegressor,10767.01206946373,0.10055327415466309
552,23515,reg_simple_,MNAR_,0.01_,1/,0.22049208552574365,0.0,1.0,1.0,1.3058396973551983e-16,0.7038018792529592,0.7037349043007328,0.029048730440159626,0.6984373450992345,0.6983685908207498,0.0293106327444,RandomForestRegressor,3474.290693759918,0.2455306053161621,0.9962344375993655,0.9962344375993655,0.0032515492780715795,0.8764873658529565,0.8764597649151521,0.01861998127896543,0.8754914170484333,0.8754699197146453,0.01869442717766965,SimpleImputer,0.19178038904550193,0.15850569981449134,HistGradientBoostingRegressor,1883.793054819107,0.02004265785217285
553,23515,reg_simple_,MNAR_,0.1_,1/,0.2170215788218195,0.0,0.8942832832451438,0.8942832832451438,0.01719635501227989,0.7069407557548104,0.7069014423256978,0.02889307420761366,0.6117505523393533,0.611562796094211,0.03326192056003244,RandomForestRegressor,4076.004277229309,0.13482165336608887,0.8711211047563665,0.8711210913579139,0.01898696255414015,0.6954940949374347,0.6952831537448881,0.02946016295600516,0.6603026368412054,0.6602982891461313,0.03110539920447711,SimpleImputer,0.18198666417716702,0.23921273706630536,LGBMRegressor,311.01166677474976,0.044080495834350586
554,23515,reg_simple_,MNAR_,0.3_,1/,0.1760218301135096,0.0,0.7459366115387067,0.7459342820512451,0.026658616246844766,0.675191871106547,0.6751581850844073,0.030417455158269192,0.535750053849731,0.535409092091897,0.03637661348304395,LGBMRegressor,2776.709584236145,0.07458662986755371,0.8571747885303953,0.8571747885303953,0.019987892584772057,0.6453297624586454,0.6451846148739298,0.03178982475649049,0.44157945350497685,0.4403365859003958,0.03992550068282053,SimpleImputer,0.2017969716415167,0.2103204631613712,RandomForestRegressor,871.9396271705627,0.09221482276916504
555,23515,reg_simple_,MNAR_,0.5_,1/,0.22978254088390795,0.0,0.5445248086227591,0.5445248086227592,0.03569414080397633,0.6445579752224664,0.6430376839409017,0.03188585726926683,0.3188854258624859,0.3188730364544413,0.04404543959350506,ExtraTreesRegressor,2224.953633546829,0.134019136428833,0.6755958173661891,0.6755958173661891,0.030179958506021554,0.795628052818103,0.794618869550033,0.024007962179506948,0.4378801271918005,0.4378648689961917,0.03971873352687998,SimpleImputer,0.2546222199688387,0.24104360854095028,ExtraTreesRegressor,738.7415885925293,0.10973429679870605
556,23515,reg_simple_,MNAR_,0.01_,2/,0.1795980464815752,0.0,0.9907307321161312,0.9907307321161312,0.005091986994726103,0.7298299190683974,0.7297230303629163,0.02774542826904298,0.7278825653470833,0.7277804335583078,0.027844958908865132,RandomForestRegressor,4549.295439004898,0.24979543685913086,0.9344688413938966,0.9344688653945923,0.0135390597435099,0.6770973657981796,0.6770358085632324,0.030329417999687282,0.6828390800146745,0.6827123761177063,0.03006169387392585,SimpleImputer,0.2269708370499426,0.2008162368696252,XGBRegressor,1236.6370050907135,0.013556957244873047
557,23515,reg_simple_,MNAR_,0.1_,2/,0.16613021492081376,0.0,0.9990139000339303,0.9990139000339302,0.0016608294642670718,0.7579632824380871,0.7578533991704739,0.0262618974320465,0.5564159046556907,0.5563984887853315,0.03554540123153351,HistGradientBoostingRegressor,4191.152113437653,1.7301421165466309,0.956690548545269,0.956690548545269,0.011006669108360257,0.7691798662342126,0.7691428850509259,0.02564239254755048,0.6704373879795371,0.6703309989152659,0.03064262514491969,SimpleImputer,0.188675686262898,0.23402100513790677,ExtraTreesRegressor,2213.1176886558533,0.1136026382446289
558,23515,reg_simple_,MNAR_,0.3_,2/,0.1938522904152233,0.0,0.8163391348880232,0.8163383740977086,0.02266594242891178,0.6777441740037915,0.677253768510226,0.03031918355848804,0.39049976672764053,0.3903409924464988,0.04167066294210225,RandomForestRegressor,2272.18861079216,0.13503313064575195,0.9111926299799062,0.9111926299799062,0.015761192503057037,0.688708844172413,0.6885434031388813,0.029784182157929738,0.506322900532669,0.5062374722241043,0.037501270054382654,SimpleImputer,0.20200012521657318,0.1971526652787177,ExtraTreesRegressor,989.156655550003,0.11248922348022461
559,23515,reg_simple_,MNAR_,0.5_,2/,0.2241243501958154,0.0,0.6750841712885698,0.6750841712885698,0.030147409737745712,0.638563337435699,0.6381152877317118,0.032104952430832674,0.2293661315612403,0.22881568986415346,0.046866875911965505,ExtraTreesRegressor,1771.8292105197906,0.1350879669189453,0.48444173534847934,0.4844325697000449,0.03797583274958023,0.6049392158468577,0.6044614451286642,0.03356458822680806,0.21797454552927276,0.21785688547902748,0.04719869875994639,SimpleImputer,0.20833562899245464,0.18655427603530836,LGBMRegressor,834.3698282241821,0.0278317928314209
560,23515,reg_simple_,MNAR_,0.01_,3/,0.18930317260368365,0.0,0.9961921154912586,0.9961921154912586,0.003263671604938123,0.7367751387705229,0.7365563468857412,0.02739244399309505,0.7296683483024899,0.7294239596571612,0.02776077465729044,HistGradientBoostingRegressor,4901.57296538353,0.024507761001586914,0.9999320137404786,0.999932013740468,0.0004360890108696966,0.758950532748039,0.7587868633664231,0.026211229340596935,0.7530489778227332,0.7529072777638606,0.02652875624956248,SimpleImputer,0.20321717723020344,0.22305679249589197,HistGradientBoostingRegressor,1337.605150938034,0.020260095596313477
561,23515,reg_simple_,MNAR_,0.1_,3/,0.1543275229962296,0.0,0.9221192822347979,0.9221192822347979,0.0147597683594657,0.7172132944385415,0.7171948728215631,0.028381186775389623,0.6153706931601606,0.6145362203617213,0.033134368670021064,ExtraTreesRegressor,2395.8187193870544,0.14464545249938965,0.8322314083673759,0.8322312328369589,0.021663076111341974,0.7130166041222998,0.7130132871786643,0.02859024040953201,0.588038764102436,0.5876251516824427,0.03427149081828421,SimpleImputer,0.20258990551855022,0.1864925287992139,LGBMRegressor,1295.2148537635803,0.032647132873535156
562,23515,reg_simple_,MNAR_,0.3_,3/,0.1731529847715309,0.0,0.8149052229549084,0.8149052229549084,0.0227542041923958,0.6982357720611189,0.6982266377129351,0.029317528985755518,0.48229659960719384,0.48207115900245834,0.03840802362494919,ExtraTreesRegressor,2025.343022108078,0.14471697807312012,0.7846662221960735,0.7846660704971542,0.02454261314442916,0.6464411262808244,0.6464184311103758,0.03173450449583961,0.5475268742492152,0.5463607253359233,0.03594531021721005,SimpleImputer,0.2090330939795658,0.1979476075061657,LGBMRegressor,982.7907173633575,0.03937792778015137
563,23515,reg_simple_,MNAR_,0.5_,3/,0.24031183079379576,0.0,0.5932540288231168,0.5932508038803117,0.03373089934374493,0.6098979373058141,0.607822949057242,0.03342165875081837,0.35345662051008153,0.35322862237258,0.042920256476896186,LGBMRegressor,1883.7741549015045,0.04020285606384277,0.7684130525810354,0.7684063028298823,0.025452352945709317,0.6567217214676531,0.6566852441937812,0.03127037917114231,0.2820209726941578,0.282020830911742,0.04522127827331187,SimpleImputer,0.28326855014999275,0.2923983966967215,RandomForestRegressor,892.9466290473938,0.08824825286865234
564,23515,reg_full_,MNAR_,0.01_,1/,0.06186150303382347,0.0,0.9332999282015705,0.9332987740264398,0.013659395412314998,0.675705267896249,0.6756596217883184,0.03039396939020842,0.6729010306482341,0.6728482978672106,0.03052540990247034,LGBMRegressor,2706.987179517746,0.06767010688781738,1.0,1.0,1.3058396973551983e-16,0.764041458284879,0.7639408139366308,0.025929692411370716,0.7619046557728243,0.7618449733934514,0.026044545830703692,IterativeImputer,0.09081323063475438,0.10020473551293765,ExtraTreesRegressor,5440.936612129211,0.18558144569396973
565,23515,reg_full_,MNAR_,0.1_,1/,0.09964540239709657,0.0,0.8494283007128232,0.8494266778476431,0.020522893206498017,0.6414110087684641,0.6413719531660358,0.03196016684412905,0.5430973249306565,0.5428673093784564,0.03608344981460201,LGBMRegressor,2725.697676897049,0.03915262222290039,1.0,1.0,1.3058396973551983e-16,0.7096007552001411,0.709406500611528,0.028769337414024713,0.746236847043187,0.7459971039678291,0.026897148857022816,KNNImputer,0.06526023372231193,0.06384080994829108,ExtraTreesRegressor,12088.236359119415,0.3819882869720459
566,23515,reg_full_,MNAR_,0.3_,1/,0.1753161218334742,0.0,0.8793239038984689,0.8793239038984689,0.018372793553412307,0.7280775696512927,0.7279519760803593,0.02783618410387078,0.4872011030529818,0.48648024382792976,0.03824419206520661,ExtraTreesRegressor,2052.509050130844,0.16068124771118164,0.8476618462739314,0.8476584734080622,0.020681620629712343,0.825335291833882,0.8241161024600049,0.022217135754881184,0.6302646892582098,0.6302237829156176,0.03221398972869249,KNNImputer,0.09547580804052164,0.11121026619429913,RandomForestRegressor,7979.329790592194,0.6529331207275391
567,23515,reg_full_,MNAR_,0.5_,1/,0.17532724507304734,0.0,0.01162679520805543,0.011409577902213086,0.05258631859240605,-0.006293648066824087,-0.011160642244991914,0.053665723767910574,-0.0008543047198985576,-0.0010080923144157872,0.05339562896212528,HistGradientBoostingRegressor,1681.2207233905792,0.33618688583374023,0.6506974487422782,0.6506938419865965,0.031258468062894076,0.6136039724921489,0.6127666025868828,0.03321033952401087,0.37956855091279695,0.37932614269602993,0.04204541457230576,SimpleImputer,0.19633341557244816,0.18904008531866404,RandomForestRegressor,3458.179354906082,0.09448766708374023
568,23515,reg_full_,MNAR_,0.01_,2/,0.05464210456766344,0.0,0.9406928862178178,0.9406926004145626,0.01288009333407805,0.6941929567974295,0.6941130854754884,0.029516670128744007,0.6914059721566232,0.6912968232581576,0.029652236935407666,LGBMRegressor,3112.105840921402,0.0607914924621582,0.9378825945612107,0.9378811735258954,0.013181844685986368,0.6900236324461976,0.689881998941394,0.0297201091671585,0.6728883211544286,0.6727274097296767,0.030531049211535845,KNNImputer,0.03695760169209164,0.06132440037992177,LGBMRegressor,6704.648079156876,0.13611459732055664
569,23515,reg_full_,MNAR_,0.1_,2/,0.10874966552395456,0.0,0.8820182466580337,0.8820171423091849,0.01816661550792688,0.6704270156957147,0.6704108479057096,0.030638913951494148,0.6443109913942957,0.6442202138156911,0.03183299838663797,ExtraTreesRegressor,1824.1520810127258,0.11543083190917969,0.9086230188601773,0.9086173463161077,0.015988085119092287,0.6671509669327453,0.6670493780891426,0.03079476027098625,0.6208035936776608,0.6208028231011244,0.03286392721304541,KNNImputer,0.05854202502612858,0.054622989291028705,LGBMRegressor,9294.153235673904,0.31757283210754395
570,23515,reg_full_,MNAR_,0.3_,2/,0.17771182707416336,0.0,0.9998441878558061,0.9998441878558061,0.0006601843440728472,0.6735618227545456,0.6735568824605231,0.030492334176671864,0.4748990379971807,0.47325936911569555,0.038733373360694365,RandomForestRegressor,990.4268050193787,0.2933354377746582,0.9308662323930645,0.9308662323930645,0.01390623876229454,0.6898697179026456,0.6890682109232125,0.029759078241450368,0.6387113170115887,0.6387095347655356,0.03207858200041621,KNNImputer,0.09827527440546371,0.10351338014897542,ExtraTreesRegressor,9758.5755610466,0.710839033126831
571,23515,reg_full_,MNAR_,0.5_,2/,0.1650141403967802,0.0,0.018921335254908467,0.018921335254908467,0.0523861503033475,0.0008095471350128003,0.0007975037921793549,0.053347450303163825,0.0003138162483554696,0.00030463194253593784,0.05336060590225006,HistGradientBoostingRegressor,1851.0626771450043,0.010040044784545898,0.6039032504975829,0.6039032504975829,0.033286275871248,0.6027459292277173,0.6014379326047878,0.03369262853334562,0.33680102819358526,0.3367890145474757,0.04346230628295102,KNNImputer,0.1299177602210257,0.14764979584276203,ExtraTreesRegressor,5368.414449453354,0.8906910419464111
572,23515,reg_full_,MNAR_,0.01_,3/,0.059768584884001344,0.0,0.9336254107340285,0.9336241692980448,0.013626036679866409,0.6878124054969291,0.6876871105573308,0.02982509711834721,0.6874767587217193,0.6873209975939266,0.02984257343271529,LGBMRegressor,2904.1007430553436,0.06646871566772461,0.9755112418065115,0.9755112418065115,0.008276523461010982,0.7670486119328381,0.7669109291139647,0.02576605133485614,0.7664266615808746,0.7662948735380702,0.025800078767062865,KNNImputer,0.03039856445940481,0.03194779685450257,ExtraTreesRegressor,7005.163462162018,0.2051074504852295
573,23515,reg_full_,MNAR_,0.1_,3/,0.10344570204435007,0.0,0.8905975393161303,0.8905974871754684,0.017493560753987104,0.7235341448130503,0.723529110202995,0.028061547516360093,0.6243635219391466,0.6237470113899972,0.03273609644167378,ExtraTreesRegressor,1777.7288172245026,0.12193655967712402,0.9738199950154006,0.9738187446938451,0.008557754072833745,0.6974447480190005,0.697429808529226,0.029356209772030368,0.6566615321912095,0.656363182829434,0.03128504300372712,KNNImputer,0.05868867311464868,0.06974226118465132,RandomForestRegressor,10691.841542005539,0.395404577255249
574,23515,reg_full_,MNAR_,0.3_,3/,0.1648571934899683,0.0,0.8904245900625929,0.8904245900625929,0.017507378499200033,0.7089306415522526,0.7086049115246242,0.02880898954929629,0.5185590965334752,0.5178379937674835,0.03705812186187423,RandomForestRegressor,2376.3430256843567,0.165726900100708,0.7168677869248123,0.7168677869248123,0.02814227553347339,0.6607542508355724,0.6606767131108846,0.0310880688405987,0.5181259377755403,0.5168609494711214,0.03709564981116822,KNNImputer,0.09723309444632264,0.09889648842322835,RandomForestRegressor,10397.249225378036,0.6293988227844238
575,23515,reg_full_,MNAR_,0.5_,3/,0.16847823081619756,0.0,0.01944910842198111,0.01944910842198111,0.05237205779233138,-0.0041917651391572,-0.004206270903445608,0.05348085932955379,-0.002410662222605664,-0.0024224113527759883,0.053433336848358916,ExtraTreesRegressor,1726.4899835586548,0.06959772109985352,0.549305407861614,0.549305407861614,0.03550632651438647,0.6192078070919591,0.6175654194833662,0.033003917279886885,0.3117821395506495,0.31036012721581874,0.044319830817540484,RandomForestImputer,0.13165048873580706,0.13644491597702138,LGBMRegressor,11511.885066509247,3.582785129547119
576,42545,reg_non_simple_,MNAR_,0.01_,1/,0,0.0,0.9999271631240845,0.9999271631240845,0.23359419405460358,0.9998711347579956,0.999871015548706,0.32023486495018005,0.9648551344871521,0.9648300409317017,5.288433074951172,XGBRegressor,182.94190001487732,0.011391162872314453,0.9999914765357971,0.9999914765357971,0.07991845160722733,0.9998894929885864,0.9998894929885864,0.2964647710323334,0.974793016910553,0.9747618436813354,4.479917526245117,KNNImputer,0.03920753113888871,0.06351820705190178,XGBRegressor,5139.731204509735,0.0449674129486084
577,42545,reg_non_simple_,MNAR_,0.1_,1/,0,0.0,0.9923087418759795,0.9923087369450828,2.4004299763301367,0.9989230824383163,0.9989230762530271,0.9254083607600649,0.9965504832603163,0.9965464640405992,1.6571924013944284,RandomForestRegressor,182.39886355400085,0.028927087783813477,0.9887111186981201,0.9887111186981201,2.9081432819366455,0.9974713325500488,0.997471272945404,1.4180437326431274,0.9917750954627991,0.9917581081390381,2.560087203979492,RandomForestImputer,0.06908016779589722,0.08525484121374925,XGBRegressor,5059.154876708984,0.7777872085571289
578,42545,reg_non_simple_,MNAR_,0.3_,1/,0,0.0,0.8833304047584534,0.8833303451538086,9.34908676147461,0.9884693026542664,0.9883995056152344,3.0372426509857178,0.8465331792831421,0.8464840650558472,11.048864364624023,XGBRegressor,195.82495713233948,0.019959449768066406,0.864694313974387,0.864694313974387,10.0681165118258,0.9845422685927426,0.9844308940600801,3.518623338676083,0.8077381810383638,0.8077117401456124,12.365660726883325,KNNImputer,0.12455297656265324,0.11629303698534214,RandomForestRegressor,4825.888031959534,0.3655056953430176
579,42545,reg_non_simple_,MNAR_,0.5_,1/,0,0.0,0.741649866104126,0.7416497468948364,13.912162780761719,0.9743771553039551,0.9734670519828796,4.593395233154297,0.706028401851654,0.7059442400932312,15.29170036315918,XGBRegressor,198.05973601341248,0.01569819450378418,0.7636808876308706,0.7636808876308706,13.305758364309236,0.974269693036957,0.9741317653895445,4.535491294080559,0.6818933744958353,0.6818302601513451,15.906344292878348,IterativeImputer,0.19805389988268074,0.20057825699196163,LGBMRegressor,4060.0793120861053,0.040955305099487305
580,42545,reg_non_simple_,MNAR_,0.01_,2/,0,0.0,0.9994854927062988,0.9994854927062988,0.6208620071411133,0.9997586607933044,0.9997584223747253,0.43827593326568604,0.9912245273590088,0.9911887645721436,2.647035837173462,XGBRegressor,179.4717001914978,0.010677099227905273,0.9999999403953552,0.9999999403953552,0.008157851174473763,0.9999375939369202,0.9999374747276306,0.22297403216362,0.9999375939369202,0.9999374747276306,0.22293208539485931,RandomForestImputer,0.06269214472263669,0.03909454768573354,XGBRegressor,3710.7990720272064,0.5294787883758545
581,42545,reg_non_simple_,MNAR_,0.1_,2/,0,0.0,0.9989457130432129,0.9989457130432129,0.8887232542037964,0.9986647963523865,0.9986633658409119,1.0309810638427734,0.991596519947052,0.991581916809082,2.5873050689697266,XGBRegressor,182.78357362747192,0.016543865203857422,0.9900258746529366,0.9900258584864069,2.7335559776581855,0.9969265715373494,0.9969241051825847,1.5639637486804367,0.9791066286908839,0.9790872963975598,4.077988842493387,KNNImputer,0.07860326729526124,0.08692588220111326,RandomForestRegressor,3826.8677966594696,0.20647597312927246
582,42545,reg_non_simple_,MNAR_,0.3_,2/,0,0.0,0.9906405210494995,0.99064040184021,2.648002862930298,0.9983558058738708,0.9983546733856201,1.1438376903533936,0.9228385090827942,0.9227412343025208,7.83817195892334,XGBRegressor,197.7154679298401,0.027450084686279297,0.9366607179045541,0.9366607179045541,6.888533539080474,0.9959867033123523,0.995983463462967,1.7871738576743277,0.9242934629788632,0.9240434688154798,7.771833780418642,IterativeImputer,0.17016964707682947,0.1795692629262562,RandomForestRegressor,4288.153182029724,0.050930023193359375
583,42545,reg_non_simple_,MNAR_,0.5_,2/,0,0.0,0.7621648900013585,0.7621648900013585,13.348368653046716,0.9862518359200522,0.9862276448928586,3.3093678853634474,0.6126241546208794,0.6118262263627875,17.569282940965167,LGBMRegressor,173.35873746871948,0.024741649627685547,0.7436322041301601,0.7436322041301601,13.858682449822382,0.9335498812708624,0.9321311602883555,7.346426778597236,0.47484303886076906,0.47322700408310625,20.466929512028972,KNNImputer,0.15644312279971076,0.1641552348188064,LGBMRegressor,4058.817531108856,0.24256324768066406
584,42545,reg_non_simple_,MNAR_,0.01_,3/,0,0.0,0.9999996384627476,0.9999996384627476,0.016457608823240207,0.9998391486296634,0.9998391486125003,0.35764597997051445,0.9989170960398066,0.9989112914081956,0.9304579849364638,HistGradientBoostingRegressor,265.8187894821167,0.013948678970336914,0.9999662637710571,0.9999662637710571,0.15895266830921173,0.9998713135719299,0.9998713135719299,0.3198843002319336,0.9998711943626404,0.9998711943626404,0.3200198709964752,KNNImputer,0.07955401753996331,0.019524141402753714,XGBRegressor,3901.29660487175,0.04367208480834961
585,42545,reg_non_simple_,MNAR_,0.1_,3/,0,0.0,0.9989414811134338,0.9989414811134338,0.8905090689659119,0.9987582564353943,0.9987580180168152,0.9938039183616638,0.99298495054245,0.9929842948913574,2.361982822418213,XGBRegressor,184.64494156837463,0.019356489181518555,0.9808555052370747,0.9808555052370747,3.787147007553683,0.9985371633949439,0.9985342398927628,1.0796236533155525,0.9903405475509397,0.9903349141104509,2.772322827463515,RandomForestImputer,0.08953377864084772,0.08024824136243218,ExtraTreesRegressor,3775.8760430812836,0.8078000545501709
586,42545,reg_non_simple_,MNAR_,0.3_,3/,0,0.0,0.930982539919241,0.9309817605333235,7.19071618150808,0.9944966908887748,0.994488611041909,2.093492806761898,0.9341727622992517,0.9340305348958442,7.242898905337955,RandomForestRegressor,182.73490691184998,0.03434109687805176,0.8913715399184182,0.8913714675638831,9.021155419804007,0.9883792538854933,0.988342533044558,3.044689704150382,0.8625226580755516,0.8624103559621875,10.460051327883582,RandomForestImputer,0.13025895009802888,0.14279735789717005,LGBMRegressor,3543.46183013916,1.2602548599243164
587,42545,reg_non_simple_,MNAR_,0.5_,3/,0,0.0,0.7512060335304589,0.7512060335304589,13.652435422035479,0.9813883672164743,0.9813860183344748,3.84734013465739,0.6383597266706448,0.6380565528704338,16.96529052652422,LGBMRegressor,172.7532444000244,0.024674177169799805,0.7558484391067037,0.7558484206871031,13.524461373665149,0.9620780163508107,0.9619589297253931,5.5000584608335625,0.6040733292709048,0.6036620559286046,17.753082374587038,KNNImputer,0.192503728915412,0.20118529426472398,RandomForestRegressor,3773.3011565208435,0.3396456241607666
588,42545,reg_simple_,MNAR_,0.01_,1/,0,0.0,0.9991657934107852,0.9991657900221945,0.790547371373267,0.9999460923504362,0.9999460454958616,0.20713562299326874,0.9952123927819605,0.9951984752053951,1.9540268636133376,DecisionTreeRegressor,173.89219212532043,0.0042972564697265625,0.9999823570251465,0.9999823570251465,0.11487764865159988,0.9999727010726929,0.9999727010726929,0.14740979671478271,0.999943196773529,0.9999431371688843,0.21260370314121246,KNNImputer,0.05074919409115374,0.10291033420906488,XGBRegressor,3261.0760881900787,0.03850221633911133
589,42545,reg_simple_,MNAR_,0.1_,1/,0,0.0,0.9994642734527588,0.9994642734527588,0.6335096955299377,0.9981014728546143,0.9980893135070801,1.2326303720474243,0.9924205541610718,0.9924200177192688,2.4551305770874023,XGBRegressor,183.0482144355774,0.02519536018371582,0.9963728785514832,0.9963728785514832,1.648437261581421,0.9951950907707214,0.995182991027832,1.9571713209152222,0.9890497326850891,0.9890434741973877,2.951737880706787,KNNImputer,0.06461671763555904,0.04980213993266514,XGBRegressor,4461.765527963638,0.12419581413269043
590,42545,reg_simple_,MNAR_,0.3_,1/,0,0.0,0.9644622206687927,0.9644607305526733,5.159937858581543,0.9969991445541382,0.9969989657402039,1.5448122024536133,0.9404868483543396,0.9403934478759766,6.8847455978393555,XGBRegressor,195.36108875274658,0.02615213394165039,0.9465086785726387,0.9465086785726387,6.330410488170914,0.9949468082369921,0.994943150050378,2.005307488708107,0.9308515972213111,0.9307540864216196,7.420582824309352,SimpleImputer,0.5004442874761782,0.5086254001035381,DecisionTreeRegressor,2116.976037502289,0.005171775817871094
591,42545,reg_simple_,MNAR_,0.5_,1/,0,0.0,0.8519169688224792,0.8519166707992554,10.532787322998047,0.9814849495887756,0.9814603328704834,3.8396522998809814,0.659615159034729,0.6559778451919556,16.539947509765625,XGBRegressor,228.88213896751404,0.030863523483276367,0.8122759461402893,0.8122758269309998,11.859061241149902,0.9933261871337891,0.9932869672775269,2.310472249984741,0.634788990020752,0.6298929452896118,17.155550003051758,SimpleImputer,0.5336258573543609,0.533982018730344,XGBRegressor,2987.4795162677765,0.013553142547607422
592,42545,reg_simple_,MNAR_,0.01_,2/,0,0.0,0.9999970197677612,0.9999970197677612,0.047271955758333206,0.9999067783355713,0.9999066591262817,0.2724803388118744,0.9985570907592773,0.9985564947128296,1.0713908672332764,XGBRegressor,191.3739013671875,0.012651681900024414,0.9999873638153076,0.9999873638153076,0.09735362231731415,0.9999305605888367,0.9999305605888367,0.23501458764076233,0.9999305605888367,0.9999305605888367,0.23501458764076233,KNNImputer,0.036147467296662315,0.007627171248605704,XGBRegressor,4619.339828252792,0.04015684127807617
593,42545,reg_simple_,MNAR_,0.1_,2/,0,0.0,0.9842984585651032,0.9842984585651032,3.4297412257374176,0.9964017418894396,0.9963912118295347,1.6940321073133866,0.9619804945859075,0.9619760902723358,5.498817766796591,DecisionTreeRegressor,183.47562313079834,0.004477977752685547,0.9879291343046399,0.9879291343046399,3.0071799550901823,0.995916638948113,0.9959152518652052,1.802285479226048,0.9878648621859886,0.9878624616723688,3.106749586885098,KNNImputer,0.07080783114967515,0.06305491170102645,HistGradientBoostingRegressor,4386.492525577545,0.1793358325958252
594,42545,reg_simple_,MNAR_,0.3_,2/,0,0.0,0.8924731612205505,0.8924728035926819,8.975308418273926,0.9946272373199463,0.9946238398551941,2.06764817237854,0.890062153339386,0.8899626135826111,9.35429573059082,XGBRegressor,194.80384230613708,0.023715972900390625,0.9167336225509644,0.9167335629463196,7.8981475830078125,0.994753360748291,0.994753360748291,2.0425877571105957,0.8894723057746887,0.8894222974777222,9.37723159790039,SimpleImputer,0.5302130940751701,0.5390916137902655,XGBRegressor,2252.523861169815,0.021858930587768555
595,42545,reg_simple_,MNAR_,0.5_,2/,0,0.0,0.7877456545829773,0.7877451181411743,12.610114097595215,0.9927470684051514,0.9927268624305725,2.4049293994903564,0.6972101926803589,0.696111798286438,15.545254707336426,XGBRegressor,207.45609951019287,0.02532815933227539,0.7968836426734924,0.7968835830688477,12.335668563842773,0.9869790077209473,0.9868726134300232,3.230947494506836,0.7091100811958313,0.7078942656517029,15.240913391113281,SimpleImputer,0.19370282500718744,0.19921181392364923,XGBRegressor,4330.690487861633,0.017955780029296875
596,42545,reg_simple_,MNAR_,0.01_,3/,0,0.0,0.9968248579606452,0.9968247410013197,1.5423388091436971,0.9999461996110977,0.9999461567422618,0.20692197092713666,0.9983222286454707,0.9983147282820769,1.1576463541976538,DecisionTreeRegressor,169.4336609840393,0.004500150680541992,0.9999673366546631,0.9999673366546631,0.15647733211517334,0.9998544454574585,0.9998544454574585,0.34024778008461,0.9998544454574585,0.9998544454574585,0.34024778008461,RandomForestImputer,0.08783155469409931,0.002604840314173642,XGBRegressor,3149.184735059738,0.5182497501373291
597,42545,reg_simple_,MNAR_,0.1_,3/,0,0.0,0.9999992251396179,0.9999992251396179,0.02434244379401207,0.9999988079071045,0.9999988079071045,0.031104592606425285,0.9570037722587585,0.9569611549377441,5.85020637512207,XGBRegressor,193.39470672607422,0.015876293182373047,0.9819273540476656,0.9819273540476656,3.67960397458113,0.9928782475229809,0.9928716535885547,2.3808681233102904,0.9816484052269641,0.9815571402323744,3.8296146348183555,RandomForestImputer,0.07945217041603343,0.09953192497371216,HistGradientBoostingRegressor,3447.9477667808533,0.7958076000213623
598,42545,reg_simple_,MNAR_,0.3_,3/,0,0.0,0.9101013005603935,0.9101013005603935,8.206668924446134,0.9950370186175835,0.9950269240989198,1.9886277065466704,0.8907987436947,0.890771509232734,9.319849699486237,LGBMRegressor,202.4069640636444,0.022221803665161133,0.8908202052116394,0.8908201456069946,9.044017791748047,0.9935145974159241,0.9935135245323181,2.2711453437805176,0.8906692862510681,0.8906403183937073,9.325445175170898,SimpleImputer,0.1995039502525988,0.19628758021563694,XGBRegressor,1921.140480518341,0.014267444610595703
599,42545,reg_simple_,MNAR_,0.5_,3/,0,0.0,0.733630895614624,0.733630895614624,14.126420974731445,0.9933090806007385,0.9932430982589722,2.318006992340088,0.6136234402656555,0.6134272813796997,17.53301239013672,XGBRegressor,218.1006076335907,0.029101848602294922,0.7025779522623414,0.7025779522623414,14.927146275741189,0.9958518700919282,0.9958447245798646,1.8177780276593463,0.6162302212976466,0.616203829019921,17.46993386475161,SimpleImputer,0.20605034834587618,0.19400012608707012,ExtraTreesRegressor,2503.002781391144,0.04689788818359375
600,42545,reg_full_,MNAR_,0.01_,1/,0,0.0,0.9968948878260263,0.9968948878193264,1.5252072336982223,0.9998334520234995,0.9998334507433629,0.3639253358067063,0.9846770452304329,0.9846753476355616,3.4908907529046544,RandomForestRegressor,235.69735956192017,0.027418136596679688,0.9996922016143799,0.9996922016143799,0.4801968038082123,0.9987208247184753,0.9987189769744873,1.0092953443527222,0.9749326109886169,0.9749228954315186,4.465595722198486,KNNImputer,0.04749064860935697,0.01548318953932286,XGBRegressor,2312.7684400081635,0.05049395561218262
601,42545,reg_full_,MNAR_,0.1_,1/,0,0.0,0.9813106097388973,0.9813104348287158,3.7418795842995753,0.9989259409621204,0.9989256619945227,0.9242967199047186,0.9849256633707938,0.9849195096177267,3.4629695603489004,DecisionTreeRegressor,187.12063241004944,0.004487037658691406,0.9626846624227172,0.9626846097673867,5.287303042595706,0.9956064182314533,0.9956060721876941,1.869250049906451,0.9670208715390529,0.9670024938902512,5.12249450350806,RandomForestImputer,0.07096123717130426,0.09277232035966608,LGBMRegressor,3673.8276138305664,0.8223690986633301
602,42545,reg_full_,MNAR_,0.3_,1/,0,0.0,0.9621273875236511,0.9621273279190063,5.326635837554932,0.9971680045127869,0.997151792049408,1.5049726963043213,0.8725099563598633,0.872502863407135,10.069111824035645,XGBRegressor,196.23280453681946,0.023384571075439453,0.9713331460952759,0.9713331460952759,4.634256839752197,0.9957525134086609,0.9957379102706909,1.8409887552261353,0.8557879328727722,0.8557708859443665,10.709456443786621,SimpleImputer,0.1998951741828,0.20394665319233793,XGBRegressor,3114.052320241928,0.020917415618896484
603,42545,reg_full_,MNAR_,0.5_,1/,0,0.0,0.8020025491714478,0.802002489566803,12.17923641204834,0.9895399808883667,0.9893103241920471,2.91556453704834,0.7361409068107605,0.7360653281211853,14.487357139587402,XGBRegressor,196.09322476387024,0.0256500244140625,0.7932761907577515,0.7932756543159485,12.444745063781738,0.9850496053695679,0.9850466251373291,3.4483418464660645,0.7232385873794556,0.7231338024139404,14.838019371032715,SimpleImputer,0.1958109059793847,0.19252326949534726,XGBRegressor,2044.7628734111786,0.02074718475341797
604,42545,reg_full_,MNAR_,0.01_,2/,0,0.0,0.9979224612325764,0.99792246119613,1.247569592619264,0.9998938125553938,0.9998938043403458,0.2905991405806585,0.998500377852227,0.9984937981404021,1.0944162473659644,RandomForestRegressor,228.6664001941681,0.0270993709564209,0.999998826562534,0.999998826562534,0.02964969185307774,0.999844710742747,0.9998444532490299,0.35169922728843966,0.9998449602356263,0.9998447161722699,0.35140186007035523,RandomForestImputer,0.05407957873663728,0.0018479192185524539,HistGradientBoostingRegressor,4356.7835919857025,0.5301706790924072
605,42545,reg_full_,MNAR_,0.1_,2/,0,0.0,0.9985283017158508,0.9985283017158508,1.0500291585922241,0.9998071193695068,0.9998071193695068,0.3916345238685608,0.9927671551704407,0.9927214980125427,2.405812978744507,XGBRegressor,193.0525460243225,0.016778945922851562,0.9949434399604797,0.9949434399604797,1.946335792541504,0.9997909665107727,0.9997909069061279,0.4077928364276886,0.9911922216415405,0.9911894798278809,2.646921157836914,SimpleImputer,0.5363490649528103,0.5346559858477922,XGBRegressor,2941.4705929756165,0.0141754150390625
606,42545,reg_full_,MNAR_,0.3_,2/,0,0.0,0.9411622881889343,0.9411622285842896,6.639238357543945,0.9953155517578125,0.9953146576881409,1.9302395582199097,0.8091518878936768,0.809029757976532,12.323208808898926,XGBRegressor,202.0175335407257,0.028708696365356445,0.9124850034713745,0.9124845862388611,8.097156524658203,0.9962840676307678,0.9962741732597351,1.7212847471237183,0.8433736562728882,0.8433722257614136,11.160285949707031,SimpleImputer,0.1989460742659123,0.1803178359698019,XGBRegressor,4314.359315872192,0.014147281646728516
607,42545,reg_full_,MNAR_,0.5_,2/,0,0.0,0.8515214323997498,0.8515214323997498,10.546833038330078,0.9778610467910767,0.9778609871864319,4.195852279663086,0.6251649260520935,0.6246213912963867,17.277292251586914,XGBRegressor,196.6817433834076,0.027559280395507812,0.810282826423645,0.8102823495864868,11.92186164855957,0.9872298240661621,0.9872248768806458,3.187307357788086,0.6272731423377991,0.6268511414527893,17.225902557373047,SimpleImputer,0.1999717609492872,0.198725856646835,XGBRegressor,3232.0271339416504,0.017904281616210938
608,42545,reg_full_,MNAR_,0.01_,3/,0,0.0,0.9999998807907104,0.9999998807907104,0.008232285268604755,0.9999942779541016,0.9999942779541016,0.06753502786159515,0.999505877494812,0.9995057582855225,0.626923143863678,XGBRegressor,173.8875424861908,0.010338306427001953,0.9999973773956299,0.9999973773956299,0.0442052036523819,0.9999273419380188,0.999927282333374,0.24043722450733185,0.9999273419380188,0.999927282333374,0.24043722450733185,RandomForestImputer,0.05917383125674297,0.003276882091104324,XGBRegressor,3285.5060963630676,0.5401506423950195
609,42545,reg_full_,MNAR_,0.1_,3/,0,0.0,0.9994028210639954,0.9994028210639954,0.6688735485076904,0.9998685121536255,0.9998685121536255,0.3233877718448639,0.9571505784988403,0.9570931196212769,5.841231822967529,XGBRegressor,201.8958384990692,0.015949249267578125,0.997414767742157,0.997414767742157,1.3916786909103394,0.9944075345993042,0.9943979382514954,2.110640287399292,0.9651609063148499,0.9651562571525574,5.263846397399902,RandomForestImputer,0.08939339526931026,0.05623349107549969,XGBRegressor,4465.828232526779,0.779991626739502
610,42545,reg_full_,MNAR_,0.3_,3/,0,0.0,0.9303982951865649,0.9303982475602194,7.2210490690170195,0.9966664648236173,0.9966638108995886,1.6287944156524519,0.8546257079855716,0.8543891636454677,10.760632271335215,RandomForestRegressor,211.70243382453918,0.04292035102844238,0.9260867238044739,0.9260866641998291,7.441346645355225,0.995339035987854,0.995337724685669,1.9254900217056274,0.8461683392524719,0.8458380103111267,11.072090148925781,SimpleImputer,0.5097801974718923,0.5319470564877695,XGBRegressor,2024.1329228878021,0.021101951599121094
611,42545,reg_full_,MNAR_,0.5_,3/,0,0.0,0.7103157334433927,0.7103157334433927,14.73169310969917,0.9858003488691401,0.985642843306766,3.3788986260287874,0.7367382166580305,0.7366027412775973,14.47260028098956,LGBMRegressor,192.31780123710632,0.025311708450317383,0.7131564932245553,0.7131564932245553,14.659282713623337,0.9795248329674975,0.9795247835772469,4.035108273414194,0.7482277841985178,0.7480464962990259,14.154715447012562,SimpleImputer,0.1957730300661405,0.20967637908965345,LGBMRegressor,2135.4385652542114,0.023128747940063477
