,DatasetID,Exp_Name,Condition,Level,Triplicate,Exp1ImputeRMSEAcc,Exp2ImputeModel,Exp2train_auroc,Exp2train_accuracy,Exp2train_balanced_accuracy,Exp2train_logloss,Exp2train_f1,Exp2ori_auroc,Exp2ori_accuracy,Exp2ori_balanced_accuracy,Exp2ori_logloss,Exp2ori_f1,Exp2impute_auroc,Exp2impute_accuracy,Exp2impute_balanced_accuracy,Exp2impute_logloss,Exp2impute_f1,Exp2ClassifierModel,Exp2duration,Exp2inference_duration,Exp3train_auroc,Exp3train_accuracy,Exp3train_balanced_accuracy,Exp3train_logloss,Exp3train_f1,Exp3ori_auroc,Exp3ori_accuracy,Exp3ori_balanced_accuracy,Exp3ori_logloss,Exp3ori_f1,Exp3impute_auroc,Exp3impute_accuracy,Exp3impute_balanced_accuracy,Exp3impute_logloss,Exp3impute_f1,Exp3ImputeModel,Exp3TrainRMSEAcc,Exp3ImputeRMSEAcc,Exp3ClassifierModel,Exp3duration,Exp3inference_duration
0,6,class_non_simple_,MNAR_,0.01_,1/,0,0.0,1.0,1.0,1.0,1.1855407297289333e-05,1.0,0.9996698421371002,0.9675,0.9675061317661615,0.11947543227243401,0.9674646793121665,0.9995638281119388,0.96225,0.9621840418453611,0.1366940507603767,0.9622288517335004,HistGradientBoostingClassifier,4011.7558698654175,0.4286341667175293,1.0,1.0,1.0,2.326067832421533e-05,1.0,0.9996589773009522,0.96875,0.9687590047887684,0.11759226064814547,0.9688118477649229,0.9996284797589439,0.96625,0.9662375662373421,0.12774156581868604,0.9663217782475015,KNNImputer,0.05282595718228828,0.04959687105273225,HistGradientBoostingClassifier,9437.426154613495,2.3857946395874023
1,6,class_non_simple_,MNAR_,0.1_,1/,0,0.0,1.0,1.0,1.0,1.9400677917946003e-05,1.0,0.9995806306762892,0.9635,0.9634464687179167,0.14568466758527193,0.9635246903188518,0.9982602345018484,0.92875,0.9286227801772549,0.3033862783283411,0.9287234680594868,HistGradientBoostingClassifier,4117.927531242371,0.507432222366333,1.0,1.0,1.0,0.002275501960136294,1.0,0.9995634716152817,0.95775,0.9576750158054738,0.12657785063946714,0.9577949986897496,0.9989061675483215,0.94225,0.9422079564240675,0.19902782137623876,0.9424162462628952,IterativeImputer,0.056289661320355816,0.05173928757099028,LGBMClassifier,13607.216108083725,27.096440076828003
2,6,class_non_simple_,MNAR_,0.3_,1/,0,0.0,1.0,1.0,1.0,4.42324160362594e-05,1.0,0.9992198137579366,0.94025,0.940214448120294,0.20910152413794594,0.9402477327547393,0.9894402387008474,0.80975,0.8094282165389154,0.8002918991002553,0.809981111300593,HistGradientBoostingClassifier,4867.798448801041,0.682319164276123,0.9991412828724541,0.948875,0.9486965072390967,0.22075079180568108,0.9489712954631924,0.9993290023856004,0.954,0.9538747896865593,0.27869868644307344,0.9539004029942961,0.9825400230716513,0.84025,0.8399071630777334,0.6591659117855322,0.8408307860358762,IterativeImputer,0.07744207582982605,0.08202138242062805,SVC,13088.38639497757,74.82244277000427
3,6,class_non_simple_,MNAR_,0.5_,1/,0,0.0,1.0,1.0,1.0,7.269535810555866e-05,1.0,0.9968043125779692,0.88675,0.8864728293314085,0.4578939015596356,0.8873063127946605,0.9551357397289364,0.59375,0.5932541988532727,2.0461912169310126,0.5947658613965403,HistGradientBoostingClassifier,3900.37029004097,0.642906904220581,0.9994426306981529,0.9578125,0.9577385125748734,0.32705706753197866,0.9579143196848634,0.9968064138434762,0.89275,0.8926663681551023,0.4155145728108443,0.8926621565151515,0.9391175049796251,0.59725,0.5966214913583323,1.5121569892060365,0.5996001887798961,IterativeImputer,0.11438324584950113,0.11606104614694725,XGBClassifier,12913.240196228027,86.63483738899231
4,6,class_non_simple_,MNAR_,0.01_,2/,0,0.0,1.0,1.0,1.0,1.1639673167107257e-05,1.0,0.9996921178219703,0.9695,0.9694643777788683,0.11766127708800529,0.9694520937821007,0.9995814631582612,0.96575,0.9656828279112707,0.13934596257094592,0.9656761515377704,HistGradientBoostingClassifier,3902.558455467224,0.459644079208374,0.9999999920773104,0.999375,0.9993868192850537,0.005890277516836424,0.9993751234828028,0.9998138741149106,0.971,0.9710199062345796,0.09257276910966188,0.970888514237928,0.9997692306926549,0.9685,0.9685406676405878,0.10535578103414349,0.9683900348169825,IterativeImputer,0.046603738088031844,0.04968375427374481,MLPClassifier,12754.33954501152,3.570765972137451
5,6,class_non_simple_,MNAR_,0.1_,2/,0,0.0,1.0,1.0,1.0,3.1812736572667144e-05,1.0,0.9996408749578234,0.96225,0.9622535435731526,0.1306340747730565,0.9622410454466238,0.9984680405261643,0.922,0.9219275711995708,0.2719438944765848,0.9218495734310336,HistGradientBoostingClassifier,4327.480504989624,0.5886034965515137,0.9999595560281522,0.9906875,0.9906026209071673,0.043613941097603304,0.9906160179479767,0.9998027595062181,0.97375,0.9737081359120955,0.10877649306440453,0.973692963079754,0.9989733935179024,0.9535,0.9533068619525775,0.1711272251141753,0.9534166948870629,IterativeImputer,0.05376470259226595,0.05577209336063221,SVC,12539.422525405884,34.637951135635376
6,6,class_non_simple_,MNAR_,0.3_,2/,0,0.0,1.0,1.0,1.0,7.22867574724745e-05,1.0,0.9990449697611533,0.93675,0.936691088079061,0.22061719665741686,0.9368286690350303,0.9898277943705188,0.8005,0.8000037975740176,0.7614735762751739,0.8005350850564402,HistGradientBoostingClassifier,4950.41092467308,0.6621568202972412,0.9998350627391036,0.9814375,0.9814418098294659,0.33328750352358527,0.9814584451547741,0.9987954358398092,0.94725,0.9469589561480483,0.5300375843139205,0.9470356323117558,0.9877745267132496,0.8405,0.8400964035755492,0.7880729576285734,0.8408341889171014,IterativeImputer,0.08143336760205486,0.08353374918450546,ExtraTreesClassifier,10995.712895393372,61.86443781852722
7,6,class_non_simple_,MNAR_,0.5_,2/,0,0.0,0.9999999960043416,0.9999375,0.9999370514918796,0.003927331085488295,0.9999385688101642,0.9969958097498159,0.88725,0.8869755452053917,0.3656653840821525,0.8876689651146925,0.9560090802830137,0.59125,0.5905841688075558,1.561871803841534,0.5913084963163484,HistGradientBoostingClassifier,4968.866363763809,0.6847820281982422,0.999996531800687,0.9984375,0.9984294434554961,0.06130631761568047,0.9984442658952035,0.9971717782858399,0.89075,0.8907026204270806,0.35801243721223297,0.8907390500464665,0.9436115295846629,0.627,0.6260186199178178,1.613605488314663,0.6284477456604883,IterativeImputer,0.1108768313031613,0.11164751756998713,HistGradientBoostingClassifier,13914.57325387001,66.94350147247314
8,6,class_non_simple_,MNAR_,0.01_,3/,0,0.0,1.0,1.0,1.0,3.9704284240646094e-05,1.0,0.9997554179986186,0.9685,0.9684078157762795,0.1121785610727506,0.9684659290636877,0.9996785335751643,0.96325,0.9631370712591113,0.13098497573502027,0.9631985794175405,HistGradientBoostingClassifier,4924.109051465988,0.5604686737060547,1.0,1.0,1.0,3.52814347420027e-05,1.0,0.9996872535427793,0.9665,0.9664646847000526,0.11257625770505958,0.9664673462921578,0.9996718459172929,0.9645,0.9644855442452044,0.11753577975598574,0.9644794607130966,IterativeImputer,0.04791653602693568,0.04636799558574972,HistGradientBoostingClassifier,11166.358521699905,2.2349720001220703
9,6,class_non_simple_,MNAR_,0.1_,3/,0,0.0,1.0,1.0,1.0,0.03730975355996001,1.0,0.9993070201844778,0.959,0.9588865251609324,0.3548736417298371,0.9589607214423969,0.9976890490803909,0.928,0.9279531666311542,0.5523132762418845,0.9280869785094166,BaggingClassifier,2471.866377353668,0.45316052436828613,1.0,1.0,1.0,2.2204460492503136e-16,1.0,0.9996007729814974,0.9675,0.9674807541210817,0.22651419236550055,0.9675098204572526,0.9988919693375193,0.94925,0.9490765498525011,0.280364622633896,0.9493179756784791,IterativeImputer,0.05417430737747379,0.05251919649059832,ExtraTreesClassifier,12087.319638967514,23.814724445343018
10,6,class_non_simple_,MNAR_,0.3_,3/,0,0.0,1.0,1.0,1.0,0.00011648294568582124,1.0,0.9988494927380819,0.9335,0.9335436858076902,0.2386181889572079,0.9335563624852482,0.98839319278201,0.79475,0.7944658614953902,0.7968931800416683,0.7948256456764231,HistGradientBoostingClassifier,4697.923977851868,0.5853250026702881,0.9999102443474869,0.981875,0.9818838858738629,0.2280738901386574,0.9818646692318224,0.9989840409898546,0.94525,0.9451274808542262,0.4021604687184484,0.9452444216195424,0.9844775341191381,0.83725,0.8368166046247768,0.8676567843734865,0.8378674583292677,IterativeImputer,0.07944291048488429,0.08279409525828069,ExtraTreesClassifier,13397.351786851883,58.56420016288757
11,6,class_non_simple_,MNAR_,0.5_,3/,0,0.0,0.9999999959588183,0.9999375,0.9999390466902353,0.0015901997962825733,0.9999378435892665,0.997374596200168,0.89225,0.8919254185390527,0.3541009546415154,0.8927181174481904,0.95987653101405,0.617,0.6164745031336453,1.4943430636385266,0.6172285735606842,HistGradientBoostingClassifier,5608.574442863464,0.8682551383972168,0.9965474517963855,0.87825,0.8780267255541779,0.6506781486982934,0.8792639793484966,0.9957254195675154,0.879,0.8786200901908701,0.5960752592448701,0.8786091359594094,0.9349690710635183,0.59925,0.5985621410145318,1.4999438990646394,0.6018994888522075,IterativeImputer,0.11087988794340714,0.11489557655837924,LGBMClassifier,12571.371699810028,89.64715337753296
12,26,class_non_simple_,MNAR_,0.01_,1/,0,0.0,0.9998514890863872,0.9978780864197531,0.9972798729675867,0.016319115350550906,0.9580142908473563,1.0,1.0,1.0,2.2204460492503136e-16,1.0,0.9862903878193476,0.9849537037037037,0.9779605618209838,0.27116174424683065,0.9762566558770698,HistGradientBoostingClassifier,393.5804121494293,0.07421183586120605,0.9972832032150734,0.9900655864197531,0.7855563546156559,0.052634553562877606,0.7871754666815125,0.9995569596862846,0.9992283950617284,0.9993978932785761,0.013905730474196654,0.9993978932785761,0.9893295841576566,0.9872685185185185,0.9832569314387104,0.22944455282424137,0.9831818853187901,IterativeImputer,0.4892986015910239,0.4794205925202069,MLPClassifier,11849.405715465546,0.543565034866333
13,26,class_non_simple_,MNAR_,0.1_,1/,0,0.0,0.9933629712969656,0.9186921296296297,0.9048428020300193,0.2072352016964259,0.9130532978252148,0.9786086167119634,0.9930555555555556,0.9597765462361008,0.1251515742677681,0.9756435239996428,0.8937320863103995,0.9016203703703703,0.8230750087871421,1.7729806354600453,0.8345057765183477,HistGradientBoostingClassifier,550.9659113883972,0.10272812843322754,0.9905913401365304,0.9126157407407407,0.9179286604434441,0.22244060930059717,0.9052921209865266,0.9930655492394341,0.9907407407407407,0.9893596250414041,0.1668687656903574,0.9842804928466214,0.896892910614247,0.8865740740740741,0.84346879651542,2.0441423797068756,0.6553191111386322,IterativeImputer,0.5696076727762605,0.5699683791589711,LGBMClassifier,12703.414328575134,1.1798782348632812
14,26,class_non_simple_,MNAR_,0.3_,1/,0,0.0,0.9767586300349832,0.8315007716049383,0.8087655831114331,0.37837771624456085,0.8313256334903955,0.9585050215933543,0.9822530864197531,0.9165425588650824,0.32678466614361634,0.7559511149203546,0.779123798603959,0.7588734567901234,0.6464010466291643,4.345540773186385,0.658876824434844,HistGradientBoostingClassifier,752.6005501747131,0.10001778602600098,0.9865383271563262,0.8585069444444444,0.9131382633395608,0.4683444432173493,0.877000035559305,0.9518945406061817,0.9359567901234568,0.9190023689056044,1.1646049272139516,0.713914162787417,0.7984567579578078,0.7484567901234568,0.6875825217924859,4.533268134588036,0.6795025111991108,KNNImputer,0.41839057708688704,0.40961273493258515,RandomForestClassifier,11523.724992752075,9.791191101074219
15,26,class_non_simple_,MNAR_,0.5_,1/,0,0.0,0.9326033009755804,0.7053433641975309,0.6676059164969051,0.632694974938628,0.6884600200503626,0.9260918829528424,0.9521604938271605,0.8551596141598778,0.89691961558567,0.7067346898126703,0.6810651492327424,0.6184413580246914,0.4962866469589406,6.886813017345783,0.406747949184407,LGBMClassifier,426.4427435398102,0.4246494770050049,0.9428085467568499,0.7036072530864198,0.8165077323113085,0.6578036355152639,0.7097980526527159,0.9553109981079295,0.9444444444444444,0.9296463666483245,1.0012125941421433,0.9002515429052111,0.6976981183638997,0.564429012345679,0.542925390622063,7.856737717920983,0.39138532097538115,IterativeImputer,0.47826353576967284,0.4829935986628992,LGBMClassifier,8509.425358772278,0.47339415550231934
16,26,class_non_simple_,MNAR_,0.01_,2/,0,0.0,0.9999998632575166,0.9996141975308642,0.9997591534504628,0.0073125086615732394,0.9997591534504628,0.9980341802150312,0.9996141975308642,0.9962121212121212,0.006952865237098438,0.9979451472830778,0.9906052325562634,0.9895833333333334,0.9849750728696801,0.18772736140165205,0.9849738187262316,HistGradientBoostingClassifier,495.2787923812866,0.10862183570861816,0.9999680928059588,0.9984567901234568,0.9990502402223221,0.017203430449718563,0.9569904062647892,0.9995914219429335,0.9992283950617284,0.9994138335287222,0.01738216309274576,0.7996417251708728,0.9913254322474699,0.9907407407407407,0.9858872177918866,0.17034519830890651,0.7874740053758039,IterativeImputer,0.550517490352791,0.5597223134207704,LGBMClassifier,9533.687522172928,2.589526653289795
17,26,class_non_simple_,MNAR_,0.1_,2/,0,0.0,0.9971761661002188,0.9452160493827161,0.9443562943489375,0.15498107473957132,0.9481889005767261,0.9877682831891699,0.9938271604938271,0.9778048099682859,0.11124584379357166,0.9861177547822774,0.8888066215159482,0.8873456790123457,0.8187348499010277,2.030236649232679,0.8333570099958213,HistGradientBoostingClassifier,641.6899042129517,0.11178445816040039,0.9967841372664633,0.9490740740740741,0.9572243030605632,0.15332199274664765,0.9569599782554198,0.9884182277285509,0.9949845679012346,0.9786840596752027,0.09038724808227704,0.9870205096776271,0.8892481025528679,0.8912037037037037,0.81824685657212,1.9607079968616972,0.835060717372379,IterativeImputer,0.4074112181977255,0.40519021430349567,HistGradientBoostingClassifier,10447.30651974678,0.1386275291442871
18,26,class_non_simple_,MNAR_,0.3_,2/,0,0.0,0.9741135675117878,0.7922453703703703,0.8730153237618765,0.4965951686512422,0.7927466212998338,0.9612449583514704,0.9529320987654321,0.9394136506330145,0.8482495589259826,0.9388611084778968,0.8071415106253618,0.7268518518518519,0.7069562336106526,4.929581453102635,0.5279402330381422,RandomForestClassifier,384.9815945625305,0.2872166633605957,0.9798555822566328,0.8295717592592593,0.8940286931789604,0.490550054867079,0.8047182523589556,0.9655411159557669,0.9571759259259259,0.9459888995259687,0.7752444739364512,0.742893403978923,0.7856232690344177,0.7283950617283951,0.6691289214384576,4.898293559535694,0.5292676635823604,IterativeImputer,0.4063917541076492,0.4064061773293468,RandomForestClassifier,9440.95978975296,0.3141162395477295
19,26,class_non_simple_,MNAR_,0.5_,2/,0,0.0,0.9335665624559011,0.6792052469135802,0.7995042879986012,0.78147779415779,0.6561628360227981,0.9251551766543049,0.9170524691358025,0.8802096019939101,1.4948660259761166,0.8848086426139901,0.7101802515318758,0.5729166666666666,0.5678467538005042,7.700298250086274,0.4048975633336259,RandomForestClassifier,398.8104794025421,0.3294377326965332,0.9420548838525116,0.7058256172839507,0.818635047937305,0.7056135690487518,0.689537891686425,0.9365441325213906,0.8966049382716049,0.899416922775548,1.9050850749649113,0.6554410464725283,0.6919178630111426,0.5790895061728395,0.5329150981764862,7.585575973674154,0.5026924238144517,KNNImputer,0.4206753120346695,0.4184575487481064,RandomForestClassifier,4868.827531337738,15.649263143539429
20,26,class_non_simple_,MNAR_,0.01_,3/,0,0.0,0.9999999069829837,0.9997106481481481,0.9998209772526266,0.0009938429525505048,0.9994693117289717,1.0,1.0,1.0,2.2204460492503136e-16,1.0,0.9860261477910139,0.9876543209876543,0.9764891998017116,0.2224916875871431,0.9781462861609531,HistGradientBoostingClassifier,504.045282125473,0.09345269203186035,0.9990428172403322,0.9919945987654321,0.9910478772003064,0.04178545633010158,0.9887063971652404,0.9978422503377584,0.9992283950617284,0.9959190379764823,0.01738216309274576,0.798238815854237,0.988471061019663,0.9880401234567902,0.9735805707207495,0.21206238973149583,0.7836784854203362,IterativeImputer,0.5731275306194021,0.5435486882187286,LGBMClassifier,7641.231719732285,1.4379713535308838
21,26,class_non_simple_,MNAR_,0.1_,3/,0,0.0,0.9958460389613132,0.9352816358024691,0.8376297012673699,0.16151061990160145,0.8737776887409023,0.9882210674570135,0.9945987654320988,0.9784228569398558,0.09734011331937524,0.9867181627472126,0.9049730850482733,0.90625,0.8439584624849775,1.6895462526148668,0.8544133782515244,HistGradientBoostingClassifier,517.2209298610687,0.08481335639953613,0.9974645836873755,0.9476273148148148,0.9592707829333789,0.14298101810748867,0.9589140963280514,0.9888710119963944,0.9957561728395061,0.9793021066467725,0.0764815176080806,0.9876209317689572,0.908282974846774,0.9027777777777778,0.8518057872597407,1.7521220397487505,0.857963430458887,IterativeImputer,0.4045918212587274,0.4032169548708827,HistGradientBoostingClassifier,10919.515913248062,0.11740541458129883
22,26,class_non_simple_,MNAR_,0.3_,3/,0,0.0,0.9831054607284994,0.8329475308641975,0.8956049930966478,0.41613220520475847,0.7497416829721117,0.9515310778689956,0.9540895061728395,0.9194038282772221,0.8273909632146879,0.9216427223379993,0.7761035737992296,0.722608024691358,0.6477657390023533,5.002586538092166,0.5075599823889868,RandomForestClassifier,400.6331000328064,0.28293657302856445,0.9850045199911392,0.8519483024691358,0.9090276052262904,0.46146556158492225,0.8078231853075106,0.9672914502179902,0.9432870370370371,0.9528640600537287,1.032500487709085,0.7103694802472564,0.7914306433044984,0.7218364197530864,0.6816428724965177,5.016492268566363,0.5195528353242902,KNNImputer,0.42560238476053525,0.4156316031264995,RandomForestClassifier,10060.476200580597,9.945648431777954
23,26,class_non_simple_,MNAR_,0.5_,3/,0,0.0,0.9383481299562092,0.6921296296296297,0.8089378996318889,0.7240941854989383,0.6056052575217048,0.9122563377572335,0.9108796296296297,0.8570579969534362,1.6061118697696883,0.8742557547708975,0.6968526824040542,0.5868055555555556,0.5397562534395407,7.446518668932191,0.5104678577648679,RandomForestClassifier,580.6500215530396,0.3266139030456543,0.944707140708488,0.7154706790123457,0.8244954021909754,0.6630728733215276,0.608737963468743,0.9317198917183153,0.8915895061728395,0.8881549823535284,2.0232837839955806,0.6537841267700659,0.6867957749628762,0.5821759259259259,0.5142672279678481,7.543858782251564,0.396697120720922,KNNImputer,0.415614508714666,0.409600260731243,RandomForestClassifier,6264.2517182827,16.226728439331055
24,30,class_non_simple_,MNAR_,0.01_,1/,0,0.0,0.9997910469309493,0.9890360895386021,0.9947189891543069,0.03296236073107657,0.9490621673159036,0.9860427118569577,0.9762557077625571,0.8704146422426755,0.1645009295869471,0.8591954440037199,0.9848584284996388,0.9744292237442922,0.8586886870384592,0.17253788039188597,0.8512299238147796,RandomForestClassifier,441.87890338897705,0.054521799087524414,0.9998751571052356,0.9947464595705802,0.9974103851623951,0.02142209902499808,0.9804612081049046,0.9931062076408083,0.9744292237442922,0.8476069554852341,0.10602814168875066,0.8351857454488485,0.9926758300281243,0.9735159817351599,0.838911303311321,0.11056366288601441,0.8298125913365071,KNNImputer,0.07906418666730455,0.08404524346336452,LGBMClassifier,7507.844547748566,0.20079445838928223
25,30,class_non_simple_,MNAR_,0.1_,1/,0,0.0,0.9999998508019525,0.9997715851987209,0.9999491094147583,0.007635425335859672,0.9995950448282864,0.9958957025456103,0.9753424657534246,0.8110264572390274,0.08817788904870234,0.8489674404030628,0.9895542454049135,0.9707762557077626,0.7513982408900362,0.10362493399369181,0.8157159833630423,LGBMClassifier,367.5650339126587,0.10903191566467285,0.9999323892829193,0.9940612151667428,0.998676844783715,0.030492059969173993,0.9751910299145367,0.993058859186544,0.9753424657534246,0.8900224144224321,0.09246233010106031,0.8553789055001276,0.9877899022221829,0.971689497716895,0.8366743913101559,0.10124075321465961,0.8496315251636574,KNNImputer,0.0934546262168424,0.08433867211935298,LGBMClassifier,7367.006464719772,0.7569849491119385
26,30,class_non_simple_,MNAR_,0.3_,1/,0,0.0,0.9995927834331283,0.9787574234810416,0.9924289128184289,0.09063970783433299,0.9061679094595212,0.9941082163472093,0.9780821917808219,0.9219371386472982,0.10491030364637022,0.8852860748517367,0.9793158218310992,0.9671232876712329,0.8320074824944568,0.1768718655804646,0.8206048860596482,RandomForestClassifier,618.2424912452698,0.08864021301269531,0.9995039630843848,0.9821836455002284,0.9953209686626225,0.05897538149496994,0.9360225082010787,0.9871267222538995,0.965296803652968,0.8455723674893033,0.1135242990262167,0.8073066603687161,0.9754815025455411,0.9625570776255707,0.8536282637065511,0.14000633623131076,0.8027474843945072,IterativeImputer,0.052846397380348666,0.05349251922662139,LGBMClassifier,13165.359293937683,4.99375057220459
27,30,class_non_simple_,MNAR_,0.5_,1/,0,0.0,0.999909247064177,0.9881224303334856,0.99735368956743,0.03828447067879044,0.9579319534581285,0.9830080576685161,0.9671232876712329,0.8433265200994867,0.11174128043985461,0.7997641267792709,0.9505625186652887,0.9287671232876712,0.5866600812852305,0.23514736513286752,0.5977126540061907,LGBMClassifier,342.64717960357666,0.20537471771240234,0.9999739492249272,0.9993147555961627,0.9970410759723738,0.016851517777914982,0.9977272297305187,0.9929480081029874,0.9735159817351599,0.7908083086604913,0.08335538927384073,0.7993750595263578,0.9336068048960943,0.9506849315068493,0.6495348549406669,0.17867799314363988,0.7015023662315854,IterativeImputer,0.06537314074369187,0.07095788843786963,LGBMClassifier,13501.68307352066,5.260202884674072
28,30,class_non_simple_,MNAR_,0.01_,2/,0,0.0,0.9999433388913122,0.9974874371859297,0.9902592093083993,0.027746157802365407,0.9882987852147718,0.9861441041725595,0.9780821917808219,0.8429411814638936,0.12480864780312172,0.8703587990486087,0.985955392152702,0.9789954337899544,0.8431446402634869,0.1269194480747026,0.8882389712449672,BaggingClassifier,436.1608521938324,0.07633280754089355,0.9999615788280936,0.9984010963910461,0.9982246345262628,0.010550421283949044,0.9924196037901277,0.9949588534358927,0.9726027397260274,0.8562776957955869,0.1119769852784471,0.8459984731113213,0.9946779183998983,0.9726027397260274,0.8477855024212669,0.10865692995305071,0.8403048202435646,KNNImputer,0.09706759792253465,0.10509676169021173,LGBMClassifier,8014.150505065918,0.23650050163269043
29,30,class_non_simple_,MNAR_,0.1_,2/,0,0.0,0.9993064332978847,0.9865235267245317,0.9948687584051704,0.06178734036488365,0.9287853429868921,0.9839098696152693,0.9744292237442922,0.8841652671614192,0.14427162579276973,0.8595560579400259,0.9854777301626303,0.9662100456621004,0.7920191431766468,0.13508184857467423,0.8039718834549715,RandomForestClassifier,502.71934366226196,0.060665130615234375,0.9999612073615352,0.9984010963910461,0.9961279479428843,0.014091578360272479,0.9917157235920593,0.9820493697462267,0.9762557077625571,0.8312035655774874,0.15715243507700186,0.8471541823604497,0.9810998705916472,0.9726027397260274,0.7687778845556722,0.18676598787526041,0.7995442733023403,IterativeImputer,0.05296162198706301,0.04434519803272393,RandomForestClassifier,11962.46272611618,2.815911054611206
30,30,class_non_simple_,MNAR_,0.3_,2/,0,0.0,1.0,0.9997715851987209,0.9999491094147583,0.004074919706264937,0.9995950448282864,0.9946431218304055,0.9707762557077626,0.7805244358307297,0.11145339155590003,0.8179684092282276,0.978014818295575,0.9561643835616438,0.6287532764953261,0.17146909793980125,0.626665502848709,LGBMClassifier,360.0170946121216,0.262373685836792,0.9988956888352469,0.9824120603015075,0.9904369099103956,0.10181381436828338,0.922714855162938,0.9901727286549058,0.9698630136986301,0.8892247076005756,0.1635508904623558,0.8376724057714432,0.9727415646011546,0.9488584474885845,0.6432768482739734,0.2219560649462214,0.6843206839078118,KNNImputer,0.09960667112106288,0.1028162763196563,ExtraTreesClassifier,7552.732244968414,1.366353988647461
31,30,class_non_simple_,MNAR_,0.5_,2/,0,0.0,0.9998566815595791,0.9842393787117405,0.9964885496183207,0.052562180918844084,0.9586074350523491,0.9939947433684635,0.9689497716894977,0.8384794738485748,0.09621648657619827,0.8420820359430939,0.9644027726070034,0.9415525114155251,0.7790420727242346,0.19189163134787565,0.7645820846192077,LGBMClassifier,406.1124596595764,0.20234036445617676,0.9999071378521688,0.9947464595705802,0.9754649202841763,0.028785283392464934,0.9824334462568555,0.9885762862041598,0.9735159817351599,0.7281996130083176,0.09017058489468509,0.7592997667465753,0.9798258459266898,0.9561643835616438,0.6297734476884373,0.16519480367258588,0.6768099299854684,IterativeImputer,0.06843762758283821,0.07938500266706987,LGBMClassifier,13407.445204734802,5.000912666320801
32,30,class_non_simple_,MNAR_,0.01_,3/,0,0.0,0.9998975229022079,0.9949748743718593,0.9756154797615186,0.03185261727377825,0.9783632172451717,0.9870503465049545,0.9780821917808219,0.8486065306075036,0.12924426600836458,0.8700466618775577,0.9867433915769217,0.9771689497716894,0.8086065306075036,0.13322434044633197,0.856100167634833,BaggingClassifier,410.18531942367554,0.06682062149047852,0.9996855256094033,0.9878940155322065,0.9951741019166207,0.04592953289523352,0.9486215510531999,0.9858238564595174,0.9753424657534246,0.935484304766449,0.14458572725134505,0.8869068441887913,0.9858041319146865,0.9753424657534246,0.935484304766449,0.14491191543718276,0.9021498868604054,IterativeImputer,0.10358787692095947,0.1368691713379123,ExtraTreesClassifier,8795.810660123825,0.22860169410705566
33,30,class_non_simple_,MNAR_,0.1_,3/,0,0.0,0.9999536516155209,0.9910918227501142,0.9980152671755725,0.02516532647399291,0.9697939197515446,0.9931303907265923,0.9707762557077626,0.787770812642324,0.10043805693655702,0.813108216019965,0.9906605630073282,0.9680365296803652,0.8237187479197298,0.10542683082187365,0.8274315209477088,LGBMClassifier,339.75607895851135,0.10550498962402344,0.9998620803951604,0.9922338967565099,0.9975601544132587,0.026431561483231544,0.9690734893031788,0.9932677874417049,0.9744292237442922,0.855687763566042,0.10424907942102725,0.8340602168391082,0.9930072735236308,0.9753424657534246,0.8502258732220251,0.10468197253995884,0.8345187064752098,IterativeImputer,0.047108704640221585,0.05480100876120993,LGBMClassifier,10752.035878419876,3.0104198455810547
34,30,class_non_simple_,MNAR_,0.3_,3/,0,0.0,0.9995597645559741,0.9908634079488351,0.9951261138362406,0.0666169044627828,0.9513778780351452,0.9940451355001396,0.9671232876712329,0.7530115253110521,0.09974675094554464,0.7940359204296016,0.9858975524763756,0.9534246575342465,0.6661444289415451,0.14637238285518053,0.7339062068765221,RandomForestClassifier,537.1022000312805,0.08517861366271973,0.999998721185459,0.9997715851987209,0.9999491094147583,0.01432847239818788,0.9985561117533406,0.9947295699309138,0.9753424657534246,0.8081879523261275,0.08097098582299218,0.8258472031267999,0.9916683578960189,0.9616438356164384,0.6962440004449824,0.10601728155403616,0.7314346917314708,IterativeImputer,0.06619246427164811,0.0693260574433387,LGBMClassifier,13569.411565065384,4.642538785934448
35,30,class_non_simple_,MNAR_,0.5_,3/,0,0.0,0.9998770486508203,0.9878940155322065,0.9973027989821883,0.04854358666092214,0.9652798907310094,0.9849420394615308,0.9671232876712329,0.8039413641925917,0.11539403814329718,0.7980334359266873,0.9639964861638347,0.9415525114155251,0.634598914975756,0.19389590984340288,0.6625937911435137,LGBMClassifier,357.11327052116394,0.17850971221923828,0.9999490606557554,0.9954317039744175,0.9848399088288969,0.03217560997959327,0.9869152824381275,0.9928287159604272,0.9698630136986301,0.6516163894685721,0.09758133671592051,0.66509142196245,0.9571516113209663,0.9497716894977168,0.5465264346771711,0.16152449906883518,0.5885790746744892,IterativeImputer,0.07097400560113021,0.08141755265506782,LGBMClassifier,14349.936084032059,5.628146171569824
36,32,class_non_simple_,MNAR_,0.01_,1/,0,0.0,1.0,1.0,1.0,2.276502227395349e-06,1.0,0.9999715076806494,0.9931787175989086,0.9931145098201535,0.022514966579531517,0.9931639656046125,0.9999460302910222,0.9909049567985448,0.9909311037066164,0.029871556971183495,0.9909910342591164,HistGradientBoostingClassifier,1155.4025223255157,0.10046529769897461,0.99999992753813,0.9996588195155237,0.9996445497630331,0.009429964594384806,0.9996579941212319,0.9999043976473192,0.9877216916780355,0.9877902539518978,0.037836576565685134,0.9879090753427023,0.9998458118629747,0.98681218735789,0.986916891506483,0.040734086743879565,0.9870409608136006,IterativeImputer,0.07048703174636602,0.08017277395856105,LGBMClassifier,675.3346347808838,1.3858270645141602
37,32,class_non_simple_,MNAR_,0.1_,1/,0,0.0,1.0,1.0,1.0,0.00018246785790774036,1.0,0.9999189778067871,0.9895407003183265,0.9896133989644115,0.03454342965273128,0.9897052672621109,0.9997285234096523,0.9836289222373806,0.9838267010579906,0.05198011828045684,0.9839168790804169,LGBMClassifier,789.8122560977936,0.9736378192901611,0.9999591430089454,0.9989764585465711,0.9989700863939566,0.009334997269998216,0.9989793572267335,0.9999890451342275,0.9959072305593452,0.9959151134837446,0.018919628653075768,0.9959345320347532,0.9999466942023731,0.9931787175989086,0.9932205212943366,0.024645567084766774,0.9931990605545569,KNNImputer,0.08565231286536863,0.080769384343905,SVC,13541.31661081314,4.668642282485962
38,32,class_non_simple_,MNAR_,0.3_,1/,0,0.0,1.0,1.0,1.0,0.0003217175822741217,1.0,0.9997469047429639,0.9836289222373806,0.9836404389250821,0.0547104513743322,0.983719490880578,0.9978460706189857,0.9436107321509777,0.9437424092734579,0.17815994386761702,0.9436421602953768,HistGradientBoostingClassifier,1468.1861703395844,0.15166425704956055,1.0,1.0,1.0,0.0009154403595792655,1.0,0.9997309334794563,0.984993178717599,0.9852838391639189,0.046123119231991604,0.9852118575612352,0.9971993978672747,0.9622555707139608,0.9622930375359953,0.1978661556561976,0.9622747353376571,IterativeImputer,0.11730038002254782,0.11338458937429362,LGBMClassifier,13234.992859840393,8.850746631622314
39,32,class_non_simple_,MNAR_,0.5_,1/,0,0.0,1.0,1.0,1.0,0.0002760942672884722,1.0,0.9996192411470256,0.9781718963165075,0.9783630118260115,0.07775461091981549,0.9783690313971635,0.9871313226564752,0.8608458390177354,0.8605420464072285,0.5664133281593628,0.8602550181514372,HistGradientBoostingClassifier,1371.714060306549,0.1538388729095459,0.9999998194796961,0.9997725463436825,0.9997811816192559,0.033248440149675276,0.9997812413076346,0.9993475690287786,0.9781718963165075,0.9783591812889701,0.09252572934889587,0.978350198745804,0.9747190951653659,0.8494770350159163,0.8492897440003079,0.6741470680106666,0.8483431957928822,IterativeImputer,0.17430291277540497,0.1906110158352363,HistGradientBoostingClassifier,10077.456787586212,20.77096152305603
40,32,class_non_simple_,MNAR_,0.01_,2/,0,0.0,1.0,1.0,1.0,3.357793228189613e-05,1.0,0.9999601024872866,0.9936334697589814,0.9936591177855647,0.0214756260272888,0.9936781907280119,0.9999479342018999,0.992269213278763,0.9922373168376973,0.02606684445412979,0.9922803480395368,HistGradientBoostingClassifier,908.9253253936768,0.06302571296691895,0.9999966477510516,0.9977254634368248,0.9976939915242626,0.006066149171727175,0.9976943785562703,0.999849092196438,0.9913597089586176,0.9913973762818229,0.03763118652713161,0.9913235945986066,0.9998450428809467,0.9909049567985448,0.9909606950591154,0.03899075326280618,0.9908679805214229,KNNImputer,0.07896359401183574,0.06845707354698306,MLPClassifier,4506.744732141495,0.6133410930633545
41,32,class_non_simple_,MNAR_,0.1_,2/,0,0.0,1.0,1.0,1.0,5.184180197157616e-05,1.0,0.9999305702015867,0.9890859481582538,0.9891022128885407,0.03771777669071357,0.9892223190273981,0.9996492621882356,0.9795361527967258,0.9795947201039292,0.07178793381759474,0.9796396589706265,LGBMClassifier,760.4676864147186,1.2541649341583252,1.0,1.0,1.0,2.2204460492503136e-16,1.0,0.9954448953552723,0.9918144611186903,0.9918006356149899,0.29503672624106836,0.9918570812296676,0.992200072511133,0.9859026830377444,0.9859690242079047,0.508118806304062,0.9860220264140771,KNNImputer,0.07991753718314402,0.0831348459208362,KNeighborsClassifier,9164.854219913483,9.498833656311035
42,32,class_non_simple_,MNAR_,0.3_,2/,0,0.0,1.0,1.0,1.0,4.734376954650225e-06,1.0,0.9999183695955802,0.9877216916780355,0.987835167452562,0.04590660132540016,0.9878543980816227,0.9982160192229144,0.9481582537517054,0.9478952832836454,0.2153635008870145,0.9481164643355733,HistGradientBoostingClassifier,1385.5701308250427,0.1183164119720459,1.0,1.0,1.0,0.00023296554320792609,1.0,0.9998772733644138,0.9890859481582538,0.9892197159738478,0.03631623529902389,0.9891980472178087,0.996943136589793,0.9595270577535243,0.9592985106654132,0.24867030153965172,0.9594435625056482,IterativeImputer,0.11537432978883515,0.12575488550901434,LGBMClassifier,10363.58769440651,12.18864130973816
43,32,class_non_simple_,MNAR_,0.5_,2/,0,0.0,1.0,1.0,1.0,2.3732746888907335e-05,1.0,0.999632689212693,0.9804456571168713,0.9805483332080692,0.07107030616548395,0.9805896194232723,0.9895157480819107,0.8790359254206458,0.8780227021951701,0.5702930948771897,0.8779670732049121,HistGradientBoostingClassifier,1631.834963798523,0.13612723350524902,0.9993368519339014,0.9614466052541795,0.9613036950809208,0.1378083877400491,0.9613498987829268,0.9988618801934429,0.9704411095952705,0.9701513842762083,0.13537465138028518,0.9701320255731035,0.9768881514153172,0.8631195998180992,0.8623252521709706,0.5787096233164575,0.8622510859039714,IterativeImputer,0.17735746732877133,0.18463140123629262,XGBClassifier,10213.061638116837,19.628896713256836
44,32,class_non_simple_,MNAR_,0.01_,3/,0,0.0,1.0,1.0,1.0,2.1926465096123066e-06,1.0,0.9999553652868993,0.9890859481582538,0.9891060434255821,0.034756128223660435,0.9891632689784144,0.9999379941485141,0.9877216916780355,0.9877587473308781,0.04136861114697533,0.987817988752755,HistGradientBoostingClassifier,1247.9992680549622,0.09031438827514648,1.0,1.0,1.0,0.004282684313555395,1.0,0.9999811621540152,0.9959072305593452,0.9959189440207858,0.02034332224700769,0.9959372459928794,0.9999811454224027,0.9963619827194179,0.9963556252434932,0.02027148550193971,0.9963739606071413,IterativeImputer,0.07292704881179943,0.08210517443199476,SVC,9246.63859295845,1.4683749675750732
45,32,class_non_simple_,MNAR_,0.1_,3/,0,0.0,1.0,1.0,1.0,2.282563482130576e-06,1.0,0.9999559138799853,0.9909049567985448,0.9909606950591154,0.03468940867585156,0.9909943270362079,0.9998336676839275,0.9818099135970896,0.9818115481070068,0.06131483117615971,0.981830104100329,HistGradientBoostingClassifier,953.3841423988342,0.12435150146484375,0.9999919788578147,0.9911293074036165,0.9912166889230875,0.02565040482435349,0.9914104796071092,0.999856336532349,0.9786266484765803,0.9786096003787692,0.06481158972772626,0.9790005726180724,0.9997864675767352,0.979081400636653,0.979009029174895,0.06815123107222434,0.9794835863284082,KNNImputer,0.08324084836820159,0.08485553914966334,MLPClassifier,12976.76551246643,4.3353986740112305
46,32,class_non_simple_,MNAR_,0.3_,3/,0,0.0,1.0,1.0,1.0,1.827195758164903e-05,1.0,0.9998452397213606,0.9895407003183265,0.989503556953187,0.05124304114243323,0.9895924658373152,0.9980017610583257,0.9549795361527967,0.9549182915586945,0.19111204572461857,0.9549032966570016,HistGradientBoostingClassifier,1206.0918581485748,0.3654918670654297,1.0,1.0,1.0,0.0006526856538123874,1.0,0.9999095769232044,0.9877216916780355,0.9877568320623574,0.034687295976647096,0.9878151938517838,0.9975520695069852,0.9681673487949067,0.9682325756857841,0.15565433740182,0.9682927749646023,IterativeImputer,0.12099604869058486,0.11944760684153005,HistGradientBoostingClassifier,6943.615038394928,5.3110270500183105
47,32,class_non_simple_,MNAR_,0.5_,3/,0,0.0,1.0,1.0,1.0,7.142419093828487e-06,1.0,0.9997202152558122,0.9831741700773079,0.9833546826772223,0.07172283783150138,0.9833487929470017,0.9917452528666777,0.8758526603001364,0.8758619071426988,0.5313245046505103,0.8754547373104387,HistGradientBoostingClassifier,1465.750108718872,0.13701629638671875,0.999990664065292,0.9963607414989196,0.9963005719748983,0.053578060523740104,0.99634161746595,0.9996320559412523,0.9781718963165075,0.9783276746679505,0.09595868487471734,0.9782370267313933,0.9837531362512145,0.8835834470213734,0.8842387288716835,0.45433574310989017,0.8832334449372905,IterativeImputer,0.16389090871947667,0.16876017950316669,XGBClassifier,9498.704000711441,8.709803819656372
48,137,class_non_simple_,MNAR_,0.01_,1/,0,0.0,0.8936903428494973,0.8228756509589737,0.7912361480666731,0.38925693149536705,0.7988787234039143,0.879456836422544,0.8141986283972568,0.7813611159805024,0.4099213934528319,0.7888754515004367,0.8763172355883158,0.809499618999238,0.7761344501451316,0.4144947477218928,0.7835143630549362,XGBClassifier,472.0030336380005,0.1296215057373047,0.8994484354333011,0.8268131588974977,0.7974865270672591,0.38347832730232795,0.8042106802695181,0.875988489399519,0.8079756159512319,0.7769382733658008,0.4159855724188694,0.7830275882098398,0.8729377475427129,0.8056896113792228,0.7740736478293464,0.4202005025219779,0.7802732579618894,KNNImputer,0.3699462518226296,0.37295432609671453,LGBMClassifier,9539.90338397026,4.068967580795288
49,137,class_non_simple_,MNAR_,0.1_,1/,0,0.0,0.8769045762474563,0.8094754223294806,0.7728544622488409,0.41724532020291283,0.781808675455749,0.8727732676894311,0.8083566167132334,0.7761160520308636,0.4208938403224077,0.7828418846473859,0.8430193889078801,0.7834645669291339,0.7464278299627063,0.4586035280488797,0.7533583033838169,XGBClassifier,454.5733108520508,0.11611056327819824,0.881703283727595,0.7960434396037088,0.7995022595787467,0.4420989383419049,0.7843171052075772,0.8723909997136726,0.7837185674371349,0.7910106956031638,0.45450131136829997,0.7729209786657261,0.8401581084831108,0.7579375158750318,0.759870445959614,0.4906731789112794,0.744901113818732,KNNImputer,0.3769515776460455,0.3763123862504572,LGBMClassifier,7137.257048606873,35.3535258769989
50,137,class_non_simple_,MNAR_,0.3_,1/,0,0.0,0.9081389653109253,0.8256382573351962,0.8219951381941641,0.4489280665185284,0.8126526939225879,0.8519583458152262,0.7711455422910846,0.76527216077774,0.48906367935202855,0.7554634784598881,0.7746268011914006,0.7165354330708661,0.7009145606519638,0.5569770586665088,0.6950507303470919,RandomForestClassifier,742.9518535137177,0.7498517036437988,0.8623864305792549,0.7801028832719421,0.7778468807688372,0.48784456262081044,0.7660317694963927,0.8437055994251532,0.7641605283210566,0.7633506788050094,0.4939061851812302,0.7502388075839375,0.7691346260125991,0.7075184150368301,0.6970941940035243,0.5640744369398881,0.6884708356517723,IterativeImputer,0.38835069843858666,0.38957048403120537,ExtraTreesClassifier,13780.540529489517,0.5988729000091553
51,137,class_non_simple_,MNAR_,0.5_,1/,0,0.0,0.7763651962061646,0.6982090689698971,0.7019341306736668,0.57147189827458,0.6853093586184735,0.8386968996437313,0.7691135382270764,0.759945604213645,0.4890057641112556,0.7520430433842726,0.7161968813167896,0.6555753111506223,0.6564590227733068,0.6147436624212103,0.641541253120231,LGBMClassifier,474.2113227844238,0.21824312210083008,0.8175948159745343,0.7322494601803633,0.7357582397235719,0.5400711347913771,0.7194600770595971,0.8292796985243005,0.7627635255270511,0.7532832093257729,0.49980216928022814,0.7453690598130561,0.7073107700568093,0.6553213106426213,0.6514657674437077,0.6169530173613063,0.6391272656335648,KNNImputer,0.3958992744052646,0.3910091506364994,LGBMClassifier,13762.956995725632,104.5777268409729
52,137,class_non_simple_,MNAR_,0.01_,2/,0,0.0,0.9016523884955638,0.829321732503493,0.7991291332376229,0.37516756687623953,0.8065487093051645,0.8803140034987021,0.8155956311912624,0.7850873924662249,0.40782730166944164,0.7915157306218761,0.8770160436538499,0.8120396240792481,0.7803075837311704,0.4126582390762641,0.7870782179024641,HistGradientBoostingClassifier,607.8004570007324,0.040239810943603516,0.8992297858267438,0.8273212244379525,0.7973828707267772,0.38188175319576234,0.8044884962922985,0.8786338321891272,0.8128016256032512,0.7815766621664239,0.4114213213680582,0.7881497365715755,0.8751054155009487,0.8106426212852426,0.7788949857701084,0.4162737638967752,0.7855590343669142,KNNImputer,0.37779533234879714,0.3804278928634236,HistGradientBoostingClassifier,6329.632071971893,5.031793117523193
53,137,class_non_simple_,MNAR_,0.1_,2/,0,0.0,0.8965030394284168,0.8239870443287184,0.7912731777225799,0.39043944452611273,0.7995837285660337,0.8758842927291578,0.8108966217932436,0.7802034938196927,0.41502563387152713,0.7863488829379306,0.8492311901345112,0.7900685801371603,0.7529419723475987,0.4509469884257906,0.7604432263074883,LGBMClassifier,486.62191939353943,0.293947696685791,0.9003087470196244,0.8284008637114187,0.7961744381061726,0.3856721798283583,0.8046242898952376,0.8753339150980761,0.8121666243332487,0.7810046836545672,0.4163536171740382,0.7874935902625968,0.8458191406294205,0.785242570485141,0.7461612886167344,0.4560791872238539,0.754078689336162,KNNImputer,0.3825324137517713,0.37741749738852265,LGBMClassifier,9103.965415477753,33.64653968811035
54,137,class_non_simple_,MNAR_,0.3_,2/,0,0.0,0.8282451256525789,0.7451733773656801,0.745827006942501,0.5194700647807605,0.7314661917369535,0.8581670510342339,0.7735585471170943,0.7709761811678326,0.4717081810750148,0.7591960007784989,0.7821207054370805,0.7085344170688341,0.7082409602093271,0.559102498493299,0.6940544334953394,LGBMClassifier,555.8341886997223,0.19478631019592285,0.8741776296287009,0.793185570938651,0.790243866746613,0.47902686064934824,0.7792480204839256,0.8385134878817635,0.754508509017018,0.7549308191758599,0.5066802334362738,0.7408608383603084,0.7632466600661207,0.7082804165608331,0.6959639021169077,0.5667572398190623,0.6883119886601992,IterativeImputer,0.38816569994540023,0.389763697369464,RandomForestClassifier,12435.417198896408,0.6561498641967773
55,137,class_non_simple_,MNAR_,0.5_,2/,0,0.0,0.8285306199615112,0.7459037215800838,0.7427871558381578,0.5406644924710867,0.7307373453724657,0.81831897746626,0.7509525019050038,0.7304418970825858,0.5377994544062691,0.7280069034244034,0.7230188095630052,0.6788163576327153,0.6646596352419045,0.6027733752766453,0.6574852416166312,RandomForestClassifier,706.1362280845642,0.755488395690918,0.779254953178653,0.7024641178712054,0.7042072420965889,0.5719172131678147,0.6887865488814405,0.8301200688694441,0.7573025146050292,0.7473016158384064,0.5042989195454415,0.7395261964595419,0.7242151496122552,0.6631953263906528,0.6627229223351185,0.6085966355642919,0.648537827952679,KNNImputer,0.3942271514643238,0.3899850770888805,LGBMClassifier,13654.493351697922,102.00530886650085
56,137,class_non_simple_,MNAR_,0.01_,3/,0,0.0,0.9002919196049485,0.827511749015623,0.7971860006534928,0.37831052378153884,0.8045213591389306,0.8808268731753572,0.8163576327152654,0.7853281693349626,0.4073791166211081,0.7920924225531856,0.8763794048448463,0.8119126238252476,0.7800389427938217,0.4138816920991509,0.7868713261516094,HistGradientBoostingClassifier,494.86493468284607,0.03317427635192871,0.9019141010669386,0.8295440111774419,0.8001777254408499,0.3757097506432139,0.8071566080200913,0.8786823007222665,0.8126746253492507,0.7813080212290752,0.4108189811527381,0.787943597084892,0.8746176341619317,0.8091186182372365,0.7769566714800689,0.4164884492578584,0.7837053363982909,IterativeImputer,0.40382516399397783,0.4094305544692146,HistGradientBoostingClassifier,9517.446744918823,1.6491119861602783
57,137,class_non_simple_,MNAR_,0.1_,3/,0,0.0,0.912759251917926,0.8403086498158262,0.8096854794685941,0.3650034523460042,0.8183421280735026,0.8717054653359954,0.8050546101092202,0.7731589021286511,0.42193319170760574,0.7794473705565153,0.8402916994327473,0.7794005588011176,0.7401449984922087,0.46366349879583296,0.7476497502436713,HistGradientBoostingClassifier,677.6239399909973,0.04420113563537598,0.8727829964589772,0.8069350946272069,0.7719159401138207,0.42237170042485633,0.7798836854197553,0.8751865166661649,0.8101346202692405,0.7780774974123426,0.4164769550656369,0.7848566053994976,0.8476799835562852,0.7823215646431293,0.7435816025405197,0.4542170072407543,0.7511193146608405,IterativeImputer,0.388587700921841,0.3897360547454789,XGBClassifier,9549.79081249237,0.11202645301818848
58,137,class_non_simple_,MNAR_,0.3_,3/,0,0.0,0.9182946637905463,0.8384034040391211,0.8316209622085677,0.43401557308496486,0.8250280583742577,0.84871244871926,0.7795275590551181,0.7657784114036138,0.48532247906228926,0.760895897669269,0.7766392773192247,0.72250444500889,0.6924605025937782,0.5504444921705152,0.6930003259197955,RandomForestClassifier,695.3631765842438,0.7658786773681641,0.7984528042030058,0.7469833608535501,0.6876555576467962,0.5126765190936515,0.6975464315799542,0.8507371309461049,0.7791465582931166,0.7356658939458673,0.45595488154159936,0.7447357056723934,0.7842999745273302,0.7327914655829312,0.6694036085783752,0.5255029165776633,0.6781648423333904,KNNImputer,0.3967238541488497,0.38785181134671254,XGBClassifier,1393.5897002220154,68.3708724975586
59,137,class_non_simple_,MNAR_,0.5_,3/,0,0.0,0.823456507057363,0.7431411152038613,0.7424282340240972,0.5427855560866267,0.7288785160356683,0.8164922617958423,0.7565405130810262,0.7312078564858833,0.5291196647152211,0.7313068424586462,0.7075035410142365,0.6612903225806451,0.6494385941762459,0.6160303934702076,0.6410675595100495,RandomForestClassifier,709.2626333236694,0.7580275535583496,0.7676959564340993,0.6930649053727931,0.6961522051848628,0.5791101557123078,0.6799023620918113,0.8330954033681574,0.7556515113030227,0.7511787782129032,0.49933066392830777,0.7401360250162526,0.7143855745119002,0.6605283210566422,0.6575099216368443,0.6182239054737759,0.6447187254155508,IterativeImputer,0.3896586847695714,0.3875279115377193,LGBMClassifier,12711.132339477539,0.2878108024597168
60,151,class_non_simple_,MNAR_,0.01_,1/,0,0.0,1.0,1.0,1.0,9.398352554157391e-05,1.0,0.9832167424449304,0.9373275957188569,0.935630143935513,0.256606175093579,0.9358378143218999,0.9813300929072742,0.9328037073816617,0.9310520288708208,0.2729501819343708,0.9312134852983431,HistGradientBoostingClassifier,1353.7780208587646,0.06996035575866699,1.0,1.0,1.0,0.012360280003671344,1.0,0.9839005407797353,0.9399757254772151,0.9385783452897547,0.16477921457392875,0.9385783452897547,0.9822346481742454,0.9357828533598146,0.9344241034677276,0.17482788160735308,0.9343057102427108,KNNImputer,0.1601380509128501,0.1439789341865245,HistGradientBoostingClassifier,7650.194360971451,4.789982795715332
61,151,class_non_simple_,MNAR_,0.1_,1/,0,0.0,0.9999997616930373,0.9997517172887528,0.9997501904430871,0.03225896807584129,0.9997459318974766,0.9766273722649561,0.9230938982676817,0.9207074487275829,0.1978523859529256,0.9212083739827308,0.9576157653338861,0.8848063555114201,0.8819202564169006,0.2723126798482216,0.8820762086719622,HistGradientBoostingClassifier,1501.56618642807,0.07945013046264648,0.9999999984424381,0.9999724130320836,0.999967509259861,0.007659932483494689,0.9999717697297108,0.966770027088819,0.910404943175549,0.9046065692877774,0.2867921667715618,0.9075781822522122,0.9467344418686701,0.8813858545735408,0.8756782669534348,0.3362701476000265,0.8778592391487696,IterativeImputer,0.16070825005290557,0.17420708706756086,BaggingClassifier,11978.294835090637,6.454470634460449
62,151,class_non_simple_,MNAR_,0.3_,1/,0,0.0,0.9980318399284968,0.9790339043835692,0.9780850206971934,0.1389376694163088,0.9785252188235336,0.9562857920240471,0.8896612600684101,0.8852192270816432,0.265442183556108,0.8866507813504454,0.8981777337482035,0.8063555114200596,0.7992758624470034,0.399508341514317,0.8007661431467898,HistGradientBoostingClassifier,2527.8536648750305,0.0929107666015625,0.9999761786491042,0.9967447377858699,0.9967029421782577,0.025629189066804836,0.996669083401905,0.9530829727138453,0.8835926293721725,0.8790604076677903,0.2983226137547966,0.880429813469201,0.888500208298866,0.8039280591415646,0.797268743409683,0.49092099652362575,0.7984812257694208,IterativeImputer,0.19387120318648401,0.1920559418972789,HistGradientBoostingClassifier,13141.507551670074,5.920400142669678
63,151,class_non_simple_,MNAR_,0.5_,1/,0,0.0,0.9986852262205942,0.9784269910894093,0.9754358618771598,0.13883234887562867,0.9778077825548093,0.930711176180975,0.8606421714664019,0.8535660965191167,0.37623765943467724,0.8562052135769649,0.8366547700440319,0.7597925631689286,0.7461452002559386,0.5004205032247413,0.749465936700901,BaggingClassifier,2134.684872150421,0.7686083316802979,0.8554802517667891,0.7632762283097465,0.7617759650388422,0.4836613224842875,0.7595239713915163,0.8980758516832341,0.8197064989517819,0.8146236517880813,0.4118985266108951,0.8151756453539101,0.8086649587488514,0.7178638419949244,0.7190443716450428,0.5271674529401087,0.7149776539250223,KNNImputer,0.20077821165160895,0.19978468756355863,LGBMClassifier,15261.032163143158,130.69605445861816
64,151,class_non_simple_,MNAR_,0.01_,2/,0,0.0,1.0,1.0,1.0,0.0020377504182778777,1.0,0.9818391294901362,0.9339070947809776,0.9324195258759017,0.20999982056247835,0.9323753377239465,0.9792567218741717,0.9268454154253558,0.9249550263812009,0.22980320664924625,0.9251141884282454,HistGradientBoostingClassifier,1715.73184800148,0.06422066688537598,1.0,1.0,1.0,0.0001625064383769746,1.0,0.982754647855319,0.9347898047004303,0.9333227855039936,0.2392714829288621,0.9332785051666985,0.9795380748400884,0.9292728677038509,0.927847714592681,0.27180023667461667,0.9276582018230002,IterativeImputer,0.16705773241012178,0.17205701490910538,HistGradientBoostingClassifier,6054.278733730316,0.6057448387145996
65,151,class_non_simple_,MNAR_,0.1_,2/,0,0.0,1.0,1.0,1.0,0.001416915845203317,1.0,0.977236322538336,0.9217698333885027,0.9194888006968545,0.24755393665460226,0.9198742017134717,0.9575982742090126,0.8860200816506676,0.882021216584975,0.3453338295685047,0.88304280233777,HistGradientBoostingClassifier,1355.6624825000763,0.07994890213012695,0.9999984704742658,0.9994758476095892,0.9995019758295061,0.07255588628851829,0.9994636705343709,0.9703215725866733,0.9091912170363015,0.9054933593524197,0.2301176334395435,0.9067718096293058,0.9483222722316682,0.8756482400970981,0.8714760366606005,0.2941198047211862,0.8724184489599838,IterativeImputer,0.16432120489454138,0.1762617262098793,RandomForestClassifier,9963.190022945404,7.335730314254761
66,151,class_non_simple_,MNAR_,0.3_,2/,0,0.0,0.9999678285600397,0.9964964550746227,0.9959929758944875,0.09678803119675472,0.9964117317015001,0.9551859939443832,0.8910956636875207,0.88435388980691,0.3323013955594268,0.8875286480237574,0.903147281251308,0.8226856449299349,0.8102980866403685,0.43373367558947007,0.8149587211933109,BaggingClassifier,1365.2919178009033,0.7332005500793457,0.9999722504781248,0.9973516510800298,0.9970854030474756,0.10031848665542828,0.9972888033276712,0.9411964328071711,0.8702416418404502,0.8626226870354388,0.36363263470665974,0.8658654739221376,0.8770222182134934,0.8002868807238221,0.7888254385737608,0.4589140248527611,0.792395256232687,IterativeImputer,0.19544241191079598,0.19943225182673366,BaggingClassifier,13278.534206867218,4.992706775665283
67,151,class_non_simple_,MNAR_,0.5_,2/,0,0.0,0.8946620891377692,0.8038014841788739,0.7926494918267566,0.4114729140035657,0.7961677654149966,0.9241890048098101,0.8468498289749531,0.8406618073564383,0.34582614801930994,0.842411294934309,0.829764363153625,0.7494207216153591,0.7360428049186438,0.4927816287309982,0.7390110929275592,XGBClassifier,1465.1181049346924,0.19811058044433594,0.9029964483851729,0.8138155535325112,0.8014014832474566,0.41117575210710666,0.8057963977569531,0.904121128282202,0.8190444665121924,0.8083943695520877,0.387302075915133,0.8120778005178313,0.806271938654489,0.7250358600904777,0.7094042702264178,0.5192563768476497,0.7122699088874509,KNNImputer,0.21056220665141281,0.2064315380119114,XGBClassifier,15096.539229393005,129.39166140556335
68,151,class_non_simple_,MNAR_,0.01_,3/,0,0.0,1.0,1.0,1.0,2.672635295360613e-05,1.0,0.9840316494678912,0.9387619993379676,0.9376258763003729,0.26707955739871697,0.9373724008260476,0.9820585409511584,0.934348449740704,0.9329733367485045,0.2859846368208479,0.9328405846503351,HistGradientBoostingClassifier,1545.8734138011932,0.0740957260131836,1.0,1.0,1.0,0.002113323873570691,1.0,0.9829584119852577,0.9353414984000883,0.9335978097723063,0.2017689160224682,0.9338045056208333,0.9810132593689641,0.9317003199823458,0.9297526525714446,0.2175865740258832,0.9300598761336056,IterativeImputer,0.1564673269084057,0.14649698184651286,HistGradientBoostingClassifier,9037.000849723816,1.0534913539886475
69,151,class_non_simple_,MNAR_,0.1_,3/,0,0.0,0.999999919006784,0.9998896521283346,0.9998870798811792,0.055900333162004774,0.9998870798811792,0.9718099377495351,0.9150391702526757,0.9115285449178067,0.22863063371232248,0.9127851086144718,0.9523589597415101,0.8808341608738828,0.875982268683611,0.2886502796773913,0.8775283265262651,RandomForestClassifier,2812.6071014404297,0.8138532638549805,1.0,1.0,1.0,0.002054181624673392,1.0,0.9734064140104409,0.9177976387509654,0.9147769856662474,0.2607701112528576,0.9156928600891938,0.9523867661451554,0.8828202581926514,0.8792407755495004,0.37687966565885356,0.8798839836425971,KNNImputer,0.17821220492652098,0.17268004429962708,HistGradientBoostingClassifier,11134.291247844696,43.73103332519531
70,151,class_non_simple_,MNAR_,0.3_,3/,0,0.0,0.9999795133890196,0.9974619989516952,0.9973772730045187,0.08052903321350885,0.9974027043984102,0.9515345596721434,0.8845856780315569,0.8801617256315243,0.3188261479268765,0.8814716547665262,0.8969019281099818,0.8104380447975285,0.8010181229979887,0.41887024874101575,0.8038495750163193,BaggingClassifier,1711.1601114273071,0.6141886711120605,0.9999933476533492,0.9982896079891859,0.9982241738956746,0.040075127625961944,0.9982496486163199,0.9506449291684191,0.8781860311155246,0.8726253430951418,0.2994346848093803,0.8746269464643366,0.886099389455094,0.8048107690610173,0.7982401237434795,0.4599205063605863,0.799418334392117,KNNImputer,0.20846435387955844,0.20804612930703165,HistGradientBoostingClassifier,12800.10639166832,87.43495106697083
71,151,class_non_simple_,MNAR_,0.5_,3/,0,0.0,0.8757643127317536,0.7782835388562444,0.7815727614705552,0.45186891758084974,0.7762138940188482,0.9244697847046841,0.8491669425135165,0.8490104558057578,0.3547210279913371,0.8466105756400386,0.8229816188708805,0.7302217808672625,0.7307703769113165,0.5108263106133951,0.7271216547226086,LGBMClassifier,2433.125453233719,0.3244056701660156,0.9593598751009844,0.8928522166128721,0.893285933403515,0.3754993188970825,0.8909536767145274,0.8943082085699536,0.8144102394350656,0.8088634904910073,0.4172051533886633,0.8096104664419089,0.8065811478563156,0.7262495862297252,0.7216988367156152,0.5275028323849221,0.7208541279308106,KNNImputer,0.21088694787886544,0.20468318412472303,RandomForestClassifier,15036.481094837189,134.89255118370056
72,183,class_non_simple_,MNAR_,0.01_,1/,0,0.0,0.8261902888259586,0.6474109548039509,0.6476956627205839,1.0140059429966433,0.6448573448056626,0.757712008489797,0.5586124401913876,0.558283545012245,1.0252722985840885,0.551166133362757,0.751595360104575,0.5586124401913876,0.5576082503248703,1.026857357817457,0.5505918655752006,XGBClassifier,360.856924533844,0.04654669761657715,0.8871457012538464,0.7401975456450165,0.739444137827947,0.6857241107691819,0.7397326012994307,0.7573429612535655,0.5586124401913876,0.5573085848163704,0.8516312283230579,0.551675821051647,0.7594185373463839,0.5610047846889952,0.5599367323165931,0.8472413120324478,0.5536765449065827,KNNImputer,0.1434770125980758,0.1672670754225394,RandomForestClassifier,5279.689817428589,0.10346198081970215
73,183,class_non_simple_,MNAR_,0.1_,1/,0,0.0,0.9257202649304386,0.792876384316073,0.7926550012938575,0.5869616205968745,0.7924208883446165,0.7608443382307334,0.5753588516746412,0.5765412176920505,0.8721663136562038,0.5746950625190561,0.7596735391799756,0.5598086124401914,0.5607994226761052,0.866185960633351,0.5544462790296504,HistGradientBoostingClassifier,513.309493303299,0.03215742111206055,0.8778216010208265,0.7264292128105357,0.7258479360965301,0.701820240834427,0.7244409269082409,0.7633695098891732,0.5669856459330144,0.5660945373463376,0.843525001214832,0.5572660926880414,0.7629997861009113,0.55622009569378,0.5557271720093983,0.8433320434589631,0.5456502788039426,IterativeImputer,0.12956244293704358,0.13605688921140674,RandomForestClassifier,7196.723558187485,0.3707451820373535
74,183,class_non_simple_,MNAR_,0.3_,1/,0,0.0,0.9869175542084877,0.9356480095779707,0.9361762673558017,0.5106737941545008,0.9358639839637535,0.7491154792404652,0.5478468899521531,0.5513707113690525,0.9457924256386003,0.5425604285967459,0.7375335300250648,0.5334928229665071,0.5332299166159079,0.9186867784922146,0.5230457504538935,BaggingClassifier,545.0137779712677,0.08861851692199707,0.9247234046105253,0.8027536665668962,0.8027786454192327,1.0269804080510527,0.8028223325181546,0.7431649145257108,0.5406698564593302,0.5419457703176985,1.0524005126505698,0.5388964083584173,0.7391644058811911,0.5406698564593302,0.5409307337001373,1.0542916792790114,0.5356528134536434,KNNImputer,0.13507519930685305,0.12017886775600314,XGBClassifier,6842.192533969879,0.7986392974853516
75,183,class_non_simple_,MNAR_,0.5_,1/,0,0.0,0.9992884522741624,0.9868302903322359,0.9871841136716307,0.28102265896954565,0.9868201739026938,0.754839998923503,0.5466507177033493,0.5398777152473888,0.8627660818439195,0.5169867837345757,0.7131693640095058,0.4820574162679426,0.4833902083387444,0.9206827536069042,0.47642443010417385,RandomForestClassifier,451.3550531864166,0.11994647979736328,0.7305573144742246,0.5324753067943729,0.5382111450072546,1.0382346183716655,0.5282156942833575,0.7428719348364378,0.5311004784688995,0.5429173791751741,1.0507421825208365,0.5203440337350835,0.7358889377293499,0.5287081339712919,0.5353722596873928,1.015362814679443,0.5260737506115544,IterativeImputer,0.15006611112790413,0.13664636514305434,LinearDiscriminantAnalysis,5934.062979221344,0.04934954643249512
76,183,class_non_simple_,MNAR_,0.01_,2/,0,0.0,0.8445541554800187,0.6731517509727627,0.6727572962918739,0.9236193262444079,0.6713849037085932,0.7597646160341046,0.5586124401913876,0.5569329556374958,0.955063096903827,0.5511263855850003,0.7572204187405801,0.55622009569378,0.5545285099753984,0.9573657415783529,0.5482661782661783,XGBClassifier,384.09530687332153,0.06299090385437012,0.8279713991971885,0.6521999401376833,0.6506956191475634,0.8737777181505464,0.6490192339011752,0.7629064378947329,0.5645933014354066,0.5613645421136165,0.9072329230681048,0.5539663364329633,0.763902070176414,0.5669856459330144,0.5638808386947766,0.9060262656097999,0.5564762301440509,IterativeImputer,0.12301827721860423,0.10785701014869913,XGBClassifier,7829.577417612076,0.05092453956604004
77,183,class_non_simple_,MNAR_,0.1_,2/,0,0.0,0.9156898190455278,0.7934750074827895,0.7970327273728134,0.65167735153814,0.7935257084152418,0.7570398167382324,0.5550239234449761,0.5587338811095947,0.8545846686641918,0.551151281594345,0.749472227055754,0.5370813397129187,0.5412692188784244,0.864987222435094,0.5342845133991612,RandomForestClassifier,483.6761267185211,0.06619954109191895,0.9119094615040707,0.7892846453157737,0.7880880026895523,0.661532872277516,0.7889152590962034,0.7635969535514749,0.5526315789473685,0.5507329795995654,0.8415007212014898,0.5422417043867007,0.7667253795543193,0.5610047846889952,0.5597489177271558,0.8396872565687447,0.553482939232585,KNNImputer,0.13184258394214649,0.13829607714675385,ExtraTreesClassifier,4163.626169204712,0.3114607334136963
78,183,class_non_simple_,MNAR_,0.3_,2/,0,0.0,0.8517138311289013,0.6818317868901527,0.6823308967760319,0.731933319096825,0.6790737916899684,0.7618860162320265,0.5681818181818182,0.5665423599398881,0.8616662077639747,0.5519365901022532,0.7618637079209704,0.5645933014354066,0.5660177358413633,0.8600237327826908,0.5552112125882618,HistGradientBoostingClassifier,377.625803232193,0.03333258628845215,0.8528333047106598,0.6932056270577671,0.6931634110749183,0.7509859170721438,0.6905279493528832,0.7553233766593156,0.5466507177033493,0.5456598910982587,0.8511405995750797,0.5342977089749078,0.7549540541739023,0.5574162679425837,0.5588064934415704,0.8606392573590701,0.5486723124866172,IterativeImputer,0.1267821570184328,0.12064790261107008,HistGradientBoostingClassifier,7555.638297080994,0.076446533203125
79,183,class_non_simple_,MNAR_,0.5_,2/,0,0.0,0.9939594025041328,0.9524094582460341,0.9528002077988119,0.4457256709104934,0.9524146247325769,0.7388403117180614,0.5322966507177034,0.5319147955725468,0.9214067850617685,0.5230034486422702,0.7271272546128356,0.5215311004784688,0.5207982664643576,1.06262040027609,0.51116902666946,BaggingClassifier,325.48971343040466,0.0671548843383789,0.911250867925225,0.7740197545645017,0.7746242791364549,0.633379132528621,0.7730987251050566,0.7387485147443833,0.5514354066985646,0.550015094986705,0.9025872964303006,0.5351787139761823,0.7366600653419049,0.5550239234449761,0.555730942265097,0.9044552518532228,0.5484981685763354,KNNImputer,0.14307153878815493,0.12380846974081137,XGBClassifier,548.1041617393494,0.8987181186676025
80,183,class_non_simple_,MNAR_,0.01_,3/,0,0.0,0.8102288134777749,0.6363364262196947,0.6367068106096988,0.7948978419107811,0.6328188899950975,0.7612512992953815,0.5633971291866029,0.5618136214590667,0.8472084570872193,0.5531154669085704,0.7619595251030272,0.5669856459330144,0.5652694099047131,0.8453952550285706,0.5569721953748519,XGBClassifier,444.82579374313354,0.02472543716430664,0.840591918493371,0.6662675845555223,0.6663457359768921,0.9086729610403497,0.6648622292474183,0.7572126890691963,0.55622009569378,0.5551299355788976,0.9433465951864834,0.5499569938155761,0.7568913069164912,0.5538277511961722,0.5523878425731129,0.9434203541295182,0.5467688758068135,KNNImputer,0.14172921335368024,0.08383559513946097,XGBClassifier,4766.0937740802765,0.12316226959228516
81,183,class_non_simple_,MNAR_,0.1_,3/,0,0.0,0.8628409866036667,0.6964980544747081,0.6969397821275288,0.7126584454789795,0.6941181869948022,0.7578855038062308,0.55622009569378,0.5588841327811446,0.8566997009245108,0.5517509222709902,0.7580549389570329,0.5669856459330144,0.5671475557990862,0.8560426103541404,0.5602720078791087,HistGradientBoostingClassifier,447.7643187046051,0.02831268310546875,0.8703387467111158,0.7249326548937444,0.7243530060480073,0.7300161592225896,0.7237969571741076,0.7555794628605316,0.5645933014354066,0.5638441136114888,0.8475184236252222,0.5595279028877739,0.7530138948519118,0.5574162679425837,0.557232202228696,0.8505424377991729,0.5520469158127386,KNNImputer,0.12790070528488096,0.10185046786102747,XGBClassifier,1230.332533121109,0.3139166831970215
82,183,class_non_simple_,MNAR_,0.3_,3/,0,0.0,0.9325855488875255,0.8210116731517509,0.8210404826841127,0.6240386613813909,0.8210815663026069,0.7570669894833143,0.5669856459330144,0.5682026688383339,0.8559372073835604,0.5657645256813,0.7563922919904605,0.5586124401913876,0.5590348033699942,0.8584281793040386,0.5510372507527449,RandomForestClassifier,459.69772839546204,0.08118486404418945,0.9859581648059309,0.9203831188266985,0.922255256030712,0.4730578079434054,0.9209515734616537,0.7565683922528388,0.5442583732057417,0.5480668502641552,0.8547415699374075,0.5416598284920912,0.7589983318283785,0.569377990430622,0.5748087153789289,0.8700392224029591,0.5648086734494443,IterativeImputer,0.1406692389396144,0.13781807036695223,ExtraTreesClassifier,7504.922247886658,3.421560525894165
83,183,class_non_simple_,MNAR_,0.5_,3/,0,0.0,0.9999637965415831,0.9976055073331338,0.9976043354837462,0.1914585054314423,0.997566877812987,0.735214891745585,0.5454545454545454,0.543819308121773,1.136460487349214,0.5281488719518815,0.6997281321623837,0.49282296650717705,0.4980794038192411,1.1072067388265021,0.49338449175820137,BaggingClassifier,511.41957688331604,0.08001828193664551,0.7696704145159464,0.5653995809637833,0.5699446658415529,0.8441254499076573,0.5609780988091139,0.7455951909187526,0.5370813397129187,0.5423539354068622,1.026439596506723,0.529790841896665,0.7256678608068681,0.527511961722488,0.5344707496580937,1.1494890044785215,0.5220049395312785,IterativeImputer,0.16048877350913246,0.1709995933247021,KNeighborsClassifier,358.7509138584137,0.8143961429595947
84,184,class_non_simple_,MNAR_,0.01_,1/,0,0.0,0.9999998982668014,0.9992425592585992,0.9989912729553806,0.02299718597168108,0.9991806553297293,0.997103773996121,0.9208838203848895,0.9248877972104776,0.2577309192731173,0.9222286545887223,0.994186928863681,0.8927298645759087,0.8943507039645335,0.36719617599220805,0.8943516585926992,HistGradientBoostingClassifier,2575.725898742676,0.43099093437194824,0.9999997356264182,0.9990643379076813,0.9993442827813936,0.1086591320198857,0.999114783473491,0.995919586613683,0.9027084818246615,0.9053708843695046,0.36172987918898064,0.9049748428897342,0.9907772878472019,0.8811475409836066,0.8798231188363699,0.4495058123140672,0.8823572090994228,KNNImputer,0.2986830727875251,0.3147299847058639,HistGradientBoostingClassifier,10554.025775671005,1.6873090267181396
85,184,class_non_simple_,MNAR_,0.1_,1/,0,0.0,0.9992937074838717,0.9435929424345036,0.9469286640826596,0.28118886848823943,0.9455909776883534,0.9929835179593967,0.8481824661439772,0.8261979074841265,0.4541346643267115,0.8254989156420844,0.9666202183601708,0.6548467569493942,0.5991467071738419,1.0063337793816214,0.6194113055485435,HistGradientBoostingClassifier,3897.331242084503,0.4369807243347168,0.9997802984682426,0.9590981999643557,0.9504709667899639,0.1637444911198,0.9519919315228237,0.9913669276785184,0.8353528153955809,0.8130263313655973,0.5090572386371096,0.8157531393481248,0.9394070416707834,0.648431931575196,0.5763202032427865,1.1535622914094992,0.595204724671281,KNNImputer,0.32828270950837385,0.3172183526547041,HistGradientBoostingClassifier,10912.4984292984,12.633016347885132
86,184,class_non_simple_,MNAR_,0.3_,1/,0,0.0,0.964686344422042,0.6024327214400285,0.5810991495905024,1.1631573088604743,0.5960964158064416,0.9705057980163837,0.6691019244476123,0.6276185094126552,0.963128049085544,0.6446389864290659,0.8968924306205223,0.40217391304347827,0.36356917721477844,1.6571847393609862,0.3760696890163369,HistGradientBoostingClassifier,2521.872666120529,0.4497668743133545,0.9642868669283671,0.5927196578150062,0.5665399616339423,1.195350174625337,0.589698067129184,0.9666623360943932,0.652352102637206,0.5834670385720624,1.0651240063953566,0.5943561304155925,0.8848544079988445,0.4018175338560228,0.34390571644769496,1.7132940930403542,0.36002496130049955,IterativeImputer,0.3183052137294605,0.316078096149855,HistGradientBoostingClassifier,12996.590433120728,0.492159366607666
87,184,class_non_simple_,MNAR_,0.5_,1/,0,0.0,0.8967436197062164,0.3787203707004099,0.36486172950284895,1.7084003171759201,0.4064998575514129,0.9480004363862796,0.5415181753385603,0.5352444369712087,1.2498524202381194,0.5156899788540007,0.8084779015697484,0.2660370634354954,0.18462244734459896,2.0333120277267134,0.19601653328392304,LGBMClassifier,1475.6817214488983,3.9112188816070557,0.9017038906098152,0.42323115309214043,0.43713836698626757,1.6576244405837006,0.4668449113228109,0.8972508425023764,0.4966143977191732,0.4394248313146203,1.4917243230738315,0.4345985374120861,0.75585001445442,0.25445473984319317,0.17642792940796492,2.1439107291006696,0.18200544925949466,IterativeImputer,0.3477130751459151,0.35175042631502357,LGBMClassifier,10712.384254217148,2.927419900894165
88,184,class_non_simple_,MNAR_,0.01_,2/,0,0.0,0.9998433129301593,0.9813758688290857,0.9925624855521479,0.15833477235563173,0.9902530562433787,0.9956476305530122,0.8902352102637205,0.908956562776939,0.3580531917685572,0.8970628773853393,0.9925704354088825,0.8667141838916608,0.8811952910160994,0.437493884661117,0.8703398413751375,LGBMClassifier,2124.966626405716,6.51605224609375,0.9999999146094279,0.9992425592585992,0.9994544213263765,0.03321164164666419,0.999323227658987,0.9972946443689139,0.9212401995723449,0.9209221532930248,0.26059509346079646,0.9219787212645522,0.9921617266767453,0.8996792587312901,0.9012729513314799,0.3778134866328966,0.9036191805515423,IterativeImputer,0.3530310721982421,0.33240402490721316,HistGradientBoostingClassifier,9037.539653778076,0.7737221717834473
89,184,class_non_simple_,MNAR_,0.1_,2/,0,0.0,0.9996978024558957,0.9572714311174478,0.9589967085475151,0.2023383953311539,0.9583811897707809,0.9928441814715246,0.8542409123307199,0.8627705564935354,0.4494698636171689,0.862894329619145,0.953288749208681,0.6455808980755524,0.5813370029647241,1.093663060273219,0.5992073680866951,HistGradientBoostingClassifier,2760.8442947864532,0.4298691749572754,0.9975746708700481,0.9054090180003564,0.8980315822433332,0.4514201029547355,0.9114489389751937,0.990251045324047,0.8269779044903778,0.8390025920591689,0.5999957084414022,0.8342039678048688,0.9423060182323019,0.6379187455452602,0.5867075411231871,1.105908018307367,0.5927392105637391,KNNImputer,0.32150857707006747,0.3174512691993363,XGBClassifier,9916.607654571533,13.899149656295776
90,184,class_non_simple_,MNAR_,0.3_,2/,0,0.0,0.9697395767546109,0.6274282659062556,0.652145452088849,1.0832190558742658,0.6673882640623391,0.9742602757751592,0.6940484675694939,0.661091917188768,0.8902305910105247,0.6686578389299581,0.8952359628434942,0.38595866001425516,0.3050520742108295,1.6982049192113755,0.31787685333157856,HistGradientBoostingClassifier,4795.497797012329,0.4798572063446045,0.9670647309494138,0.6202548565318126,0.6785742147875927,1.2152918635663428,0.6900745342572691,0.9580794640298959,0.6612615823235923,0.6172330466911954,1.1171381256293194,0.6071368721187256,0.8703501957241673,0.385424091233072,0.29441071143966735,1.7705656163074004,0.30399614683057813,IterativeImputer,0.3233024064456187,0.3222521084199866,LGBMClassifier,11602.831785440445,5.00855827331543
91,184,class_non_simple_,MNAR_,0.5_,2/,0,0.0,0.9121547859531738,0.42421137052218855,0.37467498942111416,1.6240440993257377,0.41627163145181584,0.9414155203397423,0.5395580898075553,0.479271035531437,1.297369897679145,0.47225400479157287,0.8159408574132985,0.2794012829650748,0.1827962382567445,2.0492074660839137,0.1951717783237041,HistGradientBoostingClassifier,3961.0263607501984,0.4824817180633545,0.9015999870959445,0.39908216004277314,0.3751576183259277,1.7221683414956117,0.40832930410372753,0.9329523077672213,0.501960085531005,0.42290948601885375,1.4875393931421375,0.43061925910362864,0.7705982712016262,0.2596222380612972,0.1623288453045818,2.146861655138298,0.1706531284493505,IterativeImputer,0.41833368662902676,0.4110062933858969,HistGradientBoostingClassifier,12232.027073144913,10.880728721618652
92,184,class_non_simple_,MNAR_,0.01_,3/,0,0.0,0.9999713581681209,0.9928711459632864,0.9970819659570034,0.09256850292466343,0.9961636499093558,0.9965681486399246,0.9073414112615823,0.9202332782647926,0.3019861343172853,0.9079172148894319,0.9943506056935443,0.8836421952957947,0.8984707527915161,0.3829635556741688,0.8813371923924714,LGBMClassifier,2633.3606944084167,7.501051425933838,0.9999695428646983,0.9922028158973445,0.9954909205140228,0.13153370607989026,0.9951832152951438,0.9962488042226332,0.8966500356379188,0.8980548448032386,0.33649368618262654,0.8998728148297701,0.9924318650439012,0.8754454739843193,0.875700123333687,0.4272490579323365,0.8787038334813383,KNNImputer,0.2962487313649887,0.3030812721748646,HistGradientBoostingClassifier,11296.515875577927,1.741657018661499
93,184,class_non_simple_,MNAR_,0.1_,3/,0,0.0,0.999826651852683,0.9628408483336304,0.9572440284485864,0.1392475347467041,0.9623134715177818,0.9937402479791042,0.8661796151104776,0.8652158795593494,0.4107027018353806,0.856823879981783,0.9617548727571342,0.672487526728439,0.6432024137354992,1.0382520364844354,0.6432439084318458,XGBClassifier,3606.0988295078278,3.0522050857543945,0.997409436040172,0.886873997504901,0.8461865631031356,0.5137073387780665,0.8709056566922659,0.9851179160555039,0.7642551674982181,0.7659722689034233,0.7544887227008122,0.7814820341939012,0.9352895478281223,0.6199215965787598,0.5945786147930159,1.3850147140371172,0.6298660701348865,IterativeImputer,0.303703100222229,0.3027914814815676,RandomForestClassifier,8664.089992046356,0.7050285339355469
94,184,class_non_simple_,MNAR_,0.3_,3/,0,0.0,0.9611720525527806,0.5826055961504188,0.6049105931980663,1.1756384688044128,0.6165108264365518,0.9722037754342077,0.6781895937277262,0.6231431644751634,0.9274647474302063,0.6327625014433098,0.8949958494569484,0.39451176051318604,0.3111907282835824,1.679567768591751,0.3109568592793367,HistGradientBoostingClassifier,4138.688151836395,0.49524641036987305,0.9729620889577875,0.6451612903225806,0.6836983871961483,1.1072324567831269,0.6909753372052582,0.9701169034065568,0.6805060584461867,0.6160307863118485,0.9813834996255779,0.6232700093949253,0.8430805383326221,0.3909479686386315,0.2991552214527922,1.7296174633016301,0.2992232808330095,IterativeImputer,0.3146380989886773,0.31803495124918796,LGBMClassifier,11970.679452896118,6.371027946472168
95,184,class_non_simple_,MNAR_,0.5_,3/,0,0.0,0.9206335387436171,0.44537515594368204,0.37228272637377924,1.5420543936849778,0.4166927248461517,0.9363023716285781,0.5812544547398432,0.48991028481258453,1.237187983723128,0.4943648940740043,0.8014968920755482,0.27405559515324307,0.17146767881714708,2.093669030256303,0.1827567063920117,LGBMClassifier,2754.538317680359,5.062671184539795,0.9267020325831198,0.4508554624844056,0.3912830387952448,1.5603836976997427,0.4261016717706055,0.9369926385200027,0.5108695652173914,0.39483729490047215,1.3990780062094597,0.3923409238924525,0.7897216064751629,0.2628296507483963,0.16334115431012136,2.133129055211544,0.1709965158294941,KNNImputer,0.3265325597791623,0.32371063033114483,HistGradientBoostingClassifier,11793.539781093597,41.84016489982605
96,251,class_non_simple_,MNAR_,0.01_,1/,0,0.0,0.9999551685171213,0.9966023116982091,0.9964229323913316,0.017710431124942173,0.9962379201437144,0.9987716539147234,0.9871729743459486,0.9861854840467597,0.03603503468027288,0.9858017380433398,0.9987323456964827,0.9865379730759462,0.9857014569412417,0.03705996841281101,0.9851053541662265,HistGradientBoostingClassifier,804.3021373748779,0.05520939826965332,0.9999977595427341,0.9995554426521022,0.9993979268108506,0.009310746941899739,0.9995074738217836,0.9989909223030184,0.9879349758699517,0.9869418456351976,0.033357192512750856,0.9866428640622189,0.9989518284932409,0.9871729743459486,0.9864487776394844,0.034712191586565556,0.985809168383478,IterativeImputer,0.16804683172359244,0.1696584702440146,HistGradientBoostingClassifier,10567.262237071991,0.11986827850341797
97,251,class_non_simple_,MNAR_,0.1_,1/,0,0.0,0.9998301027525526,0.9936174266480376,0.9934017997416751,0.020980177252831387,0.9929369290173324,0.9989305305859033,0.9889509779019559,0.9880673471276591,0.034107947208885464,0.987767675509611,0.9984250983688161,0.983997967995936,0.982975467740996,0.044283856932986455,0.9822981280683127,HistGradientBoostingClassifier,702.2474234104156,0.0377655029296875,0.9995659410019919,0.989711672805792,0.9894593477293994,0.028337190280282264,0.9886234217794754,0.9989744843208451,0.9878079756159512,0.9865817466213693,0.03433203264726586,0.9864963514081306,0.9984005128650438,0.9833629667259335,0.982842498759111,0.044227588542752244,0.9816164261671905,IterativeImputer,0.182008914228582,0.1906545592829318,HistGradientBoostingClassifier,12360.334770202637,0.13079357147216797
98,251,class_non_simple_,MNAR_,0.3_,1/,0,0.0,0.998138517309163,0.9808522799441128,0.9792623655203501,0.052387161357182924,0.9788107870519971,0.9987045440657634,0.9865379730759462,0.985438163348517,0.04172759677534844,0.9850975514350198,0.9965325863342478,0.9743459486918974,0.9718443809080699,0.0707740998524941,0.9715960262137997,XGBClassifier,869.8012537956238,0.2046644687652588,0.9999566226922759,0.9964752953130954,0.9962603104871695,0.021336492949728156,0.9960971107983801,0.998580044218172,0.9856489712979426,0.983619586498985,0.041168123603434595,0.9840868943468272,0.9956717363547773,0.9719329438658877,0.9707071941543677,0.07804791256607199,0.9690185726300001,IterativeImputer,0.19052135075463555,0.1961971531499208,HistGradientBoostingClassifier,12537.603340864182,0.17119741439819336
99,251,class_non_simple_,MNAR_,0.5_,1/,0,0.0,0.9933868804853648,0.9636098056649308,0.9622799205864003,0.09767295074868862,0.9598971272630643,0.9987049014132019,0.9855219710439421,0.9831717229542485,0.04294045425107687,0.9839361336597517,0.9909077947124729,0.9540259080518161,0.9522305805788099,0.11862601475034301,0.9493862003302056,LGBMClassifier,987.1860241889954,0.21462488174438477,0.9925789264733971,0.961514035310555,0.9610112097247372,0.1023902154424601,0.9576736327466888,0.9983832887185056,0.9758699517399034,0.9678279386377272,0.0636675899581009,0.9729677261327063,0.9895724588040938,0.9494538989077979,0.948394527295448,0.1242823507141927,0.9444836183509615,IterativeImputer,0.20945284795036678,0.19381332116005057,XGBClassifier,13841.635418653488,0.19568943977355957
100,251,class_non_simple_,MNAR_,0.01_,2/,0,0.0,0.9997886330724508,0.9927600660485203,0.9925727568393308,0.021947965207371883,0.9919900792579857,0.9988995128282371,0.9881889763779528,0.987574279131946,0.03403896619889498,0.9869331946501332,0.9988520570883974,0.9876809753619508,0.9870992929166233,0.03506874496786086,0.9863735546573482,HistGradientBoostingClassifier,794.0751929283142,0.04385638236999512,0.9997944252017534,0.9941254921884923,0.9940303563419359,0.018456522069869426,0.9935000140235657,0.9987864480986794,0.9880619761239523,0.9874774737108423,0.034138815026946975,0.986793841574773,0.9987039723098616,0.9876809753619508,0.9869237638548068,0.0356805920555716,0.9863688056033069,KNNImputer,0.18528721654098787,0.1733982664683124,XGBClassifier,8111.142590999603,4.263721466064453
101,251,class_non_simple_,MNAR_,0.1_,2/,0,0.0,0.9997868192625804,0.9927283119522419,0.9925924116583567,0.02206314806939008,0.9919558240007329,0.9988732120567596,0.9883159766319533,0.9880221426766824,0.03396421597399015,0.9870815642904426,0.9985072168101953,0.9855219710439421,0.9846637199796884,0.04235621242003416,0.9839840206332353,HistGradientBoostingClassifier,708.4263262748718,0.04315924644470215,0.9994075364291539,0.9893941318430077,0.9891953445755146,0.02908444155500588,0.9882743294169016,0.9989500417560482,0.9885699771399543,0.9875136372716237,0.033477050748010204,0.9873425480926374,0.998363205792459,0.9850139700279401,0.9843642628261823,0.04390259985255552,0.9834307020246982,IterativeImputer,0.17373932126996344,0.17714299774017525,XGBClassifier,11554.621365785599,0.1547849178314209
102,251,class_non_simple_,MNAR_,0.3_,2/,0,0.0,0.998476194203372,0.9824082306617554,0.9816547248954138,0.047878437048226315,0.9805584200413016,0.9988961537623147,0.9870459740919482,0.9871418529965548,0.03631104601843735,0.9856922546761138,0.9967641474744291,0.977012954025908,0.9742283528748781,0.0646170754754806,0.9745198526529009,LGBMClassifier,686.239298582077,0.20256781578063965,0.999751449970109,0.9919027054490029,0.9916559898714354,0.05450214383916165,0.9910421213554522,0.9984079099570219,0.9848869697739395,0.9827754603796388,0.0691732552381037,0.9832419506838268,0.9945545253228902,0.9749809499618999,0.9722406434826796,0.09305498636311249,0.9722820926037471,IterativeImputer,0.18386688711311297,0.18871417490927306,XGBClassifier,13016.768866300583,0.3784611225128174
103,251,class_non_simple_,MNAR_,0.5_,2/,0,0.0,0.9986441681869052,0.9815191159659596,0.9797049239599303,0.05169252592933532,0.9795366504907863,0.9986495125602265,0.9874269748539497,0.9868179175435079,0.03806928850363997,0.9860925970214173,0.9895245385125842,0.953263906527813,0.9469982279140522,0.12478153347559968,0.9480986616065092,HistGradientBoostingClassifier,1060.631052494049,0.07030773162841797,0.995196106688386,0.9691985266099327,0.9673737688290832,0.08353163743002062,0.9659832160834216,0.9983831100447864,0.9818389636779273,0.9780824879386305,0.051972934610117774,0.9798083980008416,0.9899760827359377,0.9555499110998222,0.9517247195447965,0.12205681775196667,0.9508537771919012,IterativeImputer,0.1944531151639804,0.19501902689383893,XGBClassifier,13779.45241355896,0.2795422077178955
104,251,class_non_simple_,MNAR_,0.01_,3/,0,0.0,0.9997670259506826,0.9924742791820145,0.992311029882808,0.021254986466517287,0.9916748047518502,0.9989948531248425,0.9885699771399543,0.9880402244570732,0.03356089473547369,0.9873558057630805,0.9990309452161362,0.9885699771399543,0.9880402244570732,0.033564540794285974,0.9873558057630805,LGBMClassifier,1368.1506295204163,0.11553049087524414,0.9998174730961402,0.9928553283373556,0.9927111715297433,0.021503830251334146,0.9920959894312814,0.9987334177387982,0.9886969773939548,0.9878737362854519,0.03415804755779331,0.9874886602560123,0.9987282719356831,0.9888239776479553,0.988146070768372,0.03435456665370444,0.9876324769208418,KNNImputer,0.19383594621840353,0.18346306876645874,HistGradientBoostingClassifier,11609.333610534668,4.155478000640869
105,251,class_non_simple_,MNAR_,0.1_,3/,0,0.0,0.9999378904144772,0.9959354756763622,0.9959584429353636,0.01737713512643256,0.9955020258255375,0.9986801729704542,0.9879349758699517,0.9871173746970141,0.03579009780236828,0.9866475315140872,0.998300312643274,0.984759969519939,0.9832052421439845,0.04422392834602986,0.9831204392601633,HistGradientBoostingClassifier,995.0563817024231,0.04301166534423828,0.9999991735102808,0.9997142131334942,0.9996066869451503,0.011575894043881076,0.9996833968811836,0.9986722041225745,0.9861569723139446,0.9856743342706556,0.04652523057257921,0.9846957903482371,0.9978859682882736,0.9820929641859284,0.9812600928317176,0.05711741202339092,0.9802062448971623,KNNImputer,0.18166042877892608,0.1713845590242177,RandomForestClassifier,10814.564991474152,34.65327334403992
106,251,class_non_simple_,MNAR_,0.3_,3/,0,0.0,0.9994545994342745,0.9874888860663026,0.9869972571933476,0.03420405618619944,0.9861655190775102,0.9988785007988502,0.9893319786639573,0.9893231732309604,0.034480452591217174,0.9882089975401719,0.9974547928689174,0.9773939547879096,0.9751331208545464,0.05942893427901907,0.9749663728943273,HistGradientBoostingClassifier,670.0915870666504,0.05017876625061035,0.9992634010896305,0.9847580337863584,0.9843671614011789,0.03807518907900839,0.9831589539235461,0.9989973545569124,0.9869189738379477,0.9845876407100207,0.03684473784549293,0.9854822969648245,0.9971742751296545,0.9766319532639065,0.9748155819206495,0.06258327650166072,0.9741496473378535,IterativeImputer,0.16660307162417193,0.16747437214308364,HistGradientBoostingClassifier,12734.5178232193,0.17210721969604492
107,251,class_non_simple_,MNAR_,0.5_,3/,0,0.0,0.9964767770796621,0.9729455099707862,0.9705153232645889,0.07536210171295529,0.9700616656056191,0.9985240121398071,0.983489966979934,0.9848701238601957,0.04672174918035698,0.9818237735992452,0.9908923930378714,0.9564389128778258,0.9520512993688888,0.11653767325305497,0.951773709193064,HistGradientBoostingClassifier,931.3608186244965,0.04879331588745117,0.996793755990794,0.9727232312968372,0.9701704246372386,0.0716402098516157,0.9698097641344228,0.9982696879677901,0.9814579629159258,0.9792840687007598,0.049615366732515404,0.979452378479008,0.9892701786058231,0.9546609093218187,0.9505204944116221,0.1244569137606425,0.9498490619863231,IterativeImputer,0.19813319834791535,0.20879527332756617,LGBMClassifier,12852.487589359283,0.29929137229919434
108,310,class_non_simple_,MNAR_,0.01_,1/,0,0.0,0.9941114297410074,0.9993293091884641,0.9855769230769231,0.012239474085615584,0.9925113217497579,0.941409963034677,0.9870362092087618,0.7962462594613624,0.049376317636780756,0.837351104291556,0.9338408730857244,0.9874832364774251,0.7964750924133075,0.04993122221954075,0.8412510137875102,LGBMClassifier,369.023246049881,0.07104349136352539,0.9943196823775904,0.9930695282807959,0.9847191533003503,0.05255795466867586,0.9319815285724377,0.9536261221615911,0.9807778274474743,0.8305888047878895,0.09514921553109737,0.8048044513619308,0.9536745291321951,0.981671881984801,0.8310464706917796,0.09459284700698224,0.8106167134358746,KNNImputer,0.06445243458358303,0.054910040583133854,ExtraTreesClassifier,6346.23247385025,0.2686898708343506
109,310,class_non_simple_,MNAR_,0.1_,1/,0,0.0,0.9908797999894361,0.9954169461211715,0.9037889325140412,0.017479209059213848,0.9444529168253661,0.9346065833480021,0.9852481001341081,0.795330927653582,0.05292635388873814,0.8225478059157942,0.9316273543390249,0.9852481001341081,0.7483981693363844,0.05627441529552482,0.8021229544449359,LGBMClassifier,362.1444606781006,0.036149024963378906,0.9907769116326567,0.9970936731500112,0.9398466248217335,0.015743314495804097,0.9660938775510204,0.9581499735961979,0.9852481001341081,0.7859443759901426,0.04322315663857245,0.81881438175111,0.9363228304875901,0.9843540455967814,0.7761001584228129,0.056236735345382226,0.8078334351905712,IterativeImputer,0.0767710488918007,0.08535840419766774,LGBMClassifier,9854.732032775879,2.2830846309661865
110,310,class_non_simple_,MNAR_,0.3_,1/,0,0.0,0.9958627326267232,0.9917281466577241,0.9816858724932656,0.07175289778800607,0.9204694150284507,0.9057164231649357,0.9843540455967814,0.7573270550959339,0.09171227652802473,0.7993799085236954,0.9047878894560816,0.9776486365668305,0.7632811124801971,0.1085855242746517,0.7584275001727832,RandomForestClassifier,450.2588448524475,0.11460065841674805,0.989682553656003,0.9948580371115583,0.8894230769230769,0.01993467355561784,0.9365252022939502,0.9243883119169161,0.983907018328118,0.7664847738074283,0.05794190800122328,0.8002401127140675,0.91782696708326,0.9821189092534645,0.7186366836824503,0.06690056213270908,0.7628839753238218,IterativeImputer,0.1092718320131634,0.11101661929701107,XGBClassifier,8910.28094792366,3.4093635082244873
111,310,class_non_simple_,MNAR_,0.5_,1/,0,0.0,0.9940808933570435,0.9868097473731277,0.9744748842368436,0.07938531348777264,0.8827045072008811,0.9013421932758316,0.9825659365221279,0.6907058616440768,0.08160592044096412,0.748727696893766,0.8264302059496567,0.9673670093875727,0.5984465763069882,0.15459619327973748,0.6074542373288783,RandomForestClassifier,400.52553057670593,0.12703561782836914,0.9881975500466573,0.9887100380058127,0.9660611475958237,0.1051735928187257,0.8946634572619465,0.9442395704981517,0.9825659365221279,0.7376386199612744,0.1296655397173306,0.7764518980692606,0.8206785777151909,0.9754135002235136,0.6776579827495159,0.1505926004506002,0.6980239695851833,IterativeImputer,0.12651876921257604,0.14095763962909907,RandomForestClassifier,6774.755968809128,4.2519025802612305
112,310,class_non_simple_,MNAR_,0.01_,2/,0,0.0,0.9936987759036569,0.9989939637826962,0.9783653846153846,0.008484139355449699,0.9886861254890995,0.9469635627530364,0.9870362092087618,0.7774731561344834,0.04679630819322889,0.8300281133652458,0.9467347298010913,0.9870362092087618,0.7774731561344834,0.047688902249367046,0.8300281133652458,LGBMClassifier,337.06819319725037,0.04997515678405762,0.9935557225733754,0.9994410909903868,0.9879807692307692,0.012816927263054532,0.9937742625256953,0.9335240274599542,0.9865891819400984,0.7866308748459778,0.04867756100829904,0.829911800486618,0.9329959514170041,0.986142154671435,0.7864020418940327,0.049668215275857436,0.826133939070284,KNNImputer,0.06544026721218628,0.07302953682256803,LGBMClassifier,8810.642853975296,0.2330484390258789
113,310,class_non_simple_,MNAR_,0.1_,2/,0,0.0,0.9978544751483353,0.9992175273865415,0.9831730769230769,0.004081603387876842,0.9912423483126536,0.859883823270551,0.986142154671435,0.7770154902305932,0.10720670430503226,0.8223079189781303,0.884289737722232,0.9852481001341081,0.757784720999824,0.12772191160801666,0.8065837152087281,HistGradientBoostingClassifier,315.5144274234772,0.024724960327148438,0.9588259503142771,0.9863626201654371,0.8076356365653116,0.045880754803533055,0.8359903584910198,0.9403362084140116,0.9848010728654448,0.8044886463650767,0.04922937407781058,0.8226457859194867,0.9400457665903891,0.9830129637907913,0.7754136595669776,0.05235541481221631,0.79774345210903,IterativeImputer,0.07829975150110804,0.08964526014753546,MLPClassifier,13102.12563753128,0.8378701210021973
114,310,class_non_simple_,MNAR_,0.3_,2/,0,0.0,0.9957240809373734,0.9900514196288844,0.9831741773333098,0.07121443723695145,0.9075430978172829,0.9263773983453617,0.983907018328118,0.7852578771343073,0.09742021232164955,0.8083885335769758,0.9130126738250308,0.9745194456861869,0.733519626826263,0.1182548731525585,0.7271186404405171,RandomForestClassifier,491.63389444351196,0.10845255851745605,0.9367638255541667,0.9833445115135256,0.7474250400549325,0.05862785650722883,0.7870678810446334,0.9413131490934695,0.9843540455967814,0.7854867100862524,0.05516889074461624,0.8117931274864485,0.9091577187114944,0.9789897183728208,0.7170348530188346,0.07131003371829352,0.7419477558273384,IterativeImputer,0.11096556220202636,0.11167748060743711,MLPClassifier,9261.584841966629,3.3320863246917725
115,310,class_non_simple_,MNAR_,0.5_,2/,0,0.0,0.9819956379738366,0.9869215291750503,0.7422162482173355,0.039941202756033495,0.813285449482829,0.8267734553775743,0.9803308001788109,0.595696180249956,0.07811071165539853,0.6512613378684807,0.8496259461362436,0.9785426911041574,0.6041674001056152,0.07981250938962625,0.6516932658622032,XGBClassifier,322.45590114593506,0.052086830139160156,0.8338663903903376,0.9700424770847306,0.7054163292075285,0.1628825852716625,0.691870725760309,0.9026139764126033,0.9673670093875727,0.7955641612392185,0.1196470174849535,0.7251606866059993,0.8746083436014785,0.9691551184622262,0.7683198380566802,0.13521024706805995,0.7204099487564054,IterativeImputer,0.12885497547560604,0.11954885169519686,LinearDiscriminantAnalysis,6977.967086791992,3.971445083618164
116,310,class_non_simple_,MNAR_,0.01_,3/,0,0.0,0.988280631019244,0.9951933825173261,0.898981240206349,0.024079733667127578,0.9414392875492379,0.9462946664319661,0.9865891819400984,0.7866308748459778,0.049579905289638695,0.829911800486618,0.946884351346594,0.9865891819400984,0.7866308748459778,0.049090366515353964,0.829911800486618,LGBMClassifier,324.419358253479,0.041794776916503906,0.9872952136556509,0.9951933825173261,0.903674489849816,0.023727605976553538,0.9420441083570485,0.9452825206829782,0.9856951274027715,0.7674001056152085,0.04973639230358504,0.8145338473655848,0.9449040661855307,0.9856951274027715,0.7674001056152085,0.05073399693342244,0.8145338473655848,IterativeImputer,0.08055793411303712,0.06999214771611413,LGBMClassifier,10049.914892673492,0.24994945526123047
117,310,class_non_simple_,MNAR_,0.1_,3/,0,0.0,0.9979240760955684,0.9991057455846188,0.9878091052344313,0.028844904655032696,0.9901093051140066,0.8744499207885935,0.9807778274474743,0.8118157014610103,0.10317065641767309,0.7978267494771798,0.8894208766062313,0.9812248547161377,0.7932714310860765,0.08347875018908267,0.7932714310860765,LGBMClassifier,333.36025404930115,0.06947875022888184,0.9949543439794354,0.9993293091884641,0.9855769230769231,0.006772887111641265,0.9925113217497579,0.9322214398873436,0.9865891819400984,0.7960174265094173,0.05489093505739514,0.8335334272617229,0.9242210878366485,0.9856951274027715,0.7861732089420876,0.05911341032975042,0.8224356557458377,IterativeImputer,0.0788058805471524,0.06725040778669139,LGBMClassifier,10059.950159311295,2.1172239780426025
118,310,class_non_simple_,MNAR_,0.3_,3/,0,0.0,0.9978236636618132,0.9931813100827185,0.9824297498107295,0.05091916627464171,0.9326584443494244,0.918632283048759,0.9843540455967814,0.7103942967787361,0.0819415371127384,0.7744992151610719,0.8799947192395705,0.9821189092534645,0.7374097870093294,0.12312762433641235,0.7732157339821574,RandomForestClassifier,461.2456431388855,0.10169744491577148,0.9890605467718365,0.9968701095461658,0.9326923076923077,0.018590985090679243,0.9631177085885524,0.9550519274775567,0.983907018328118,0.7383251188171097,0.05034859917463384,0.7865955777914397,0.838928005632811,0.9821189092534645,0.7186366836824503,0.07594750856063844,0.7628839753238218,IterativeImputer,0.10432106258002405,0.1075207939770849,LGBMClassifier,8408.763092279434,3.420545816421509
119,310,class_non_simple_,MNAR_,0.5_,3/,0,0.0,0.9744008816486787,0.986697965571205,0.7397551807313767,0.043700613301795685,0.8100937477645869,0.9179721879950713,0.9834599910594546,0.728709734201725,0.058984929469555816,0.778137858014019,0.8536437246963564,0.978095663835494,0.6227116704805492,0.08316611804201149,0.6677638857316057,LGBMClassifier,282.77093625068665,0.05490398406982422,0.8462787427152842,0.9801028392577689,0.7011797498107295,0.09706360356819689,0.7391799141468938,0.9194331983805669,0.9798837729101475,0.7738118289033621,0.07808584293148016,0.776405834571636,0.7919600422460835,0.9749664729548503,0.6868157014610103,0.12261993977435198,0.7019377188975179,IterativeImputer,0.13860974269746945,0.15154862965203933,LinearDiscriminantAnalysis,7057.017700910568,3.8805978298187256
120,375,class_non_simple_,MNAR_,0.01_,1/,0,0.0,1.0,1.0,1.0,1.5106555849501263e-05,1.0,0.9996756147982742,0.9904666332162569,0.989389023474719,0.042907485151439634,0.9895527587150473,0.9995583329564494,0.9884596086302058,0.9869405713628628,0.0527817358340599,0.9871278425298734,HistGradientBoostingClassifier,1840.8226375579834,0.10290050506591797,1.0,1.0,1.0,1.979538751540371e-06,1.0,0.999552846819546,0.9899648770697441,0.9888141379705134,0.05652262087028447,0.9892176949007564,0.9993570221622533,0.9879578524836929,0.9866566162822716,0.06566230020431968,0.9869156920476276,KNNImputer,0.07923935274492891,0.08941845046949166,HistGradientBoostingClassifier,5968.559998512268,0.48523879051208496
121,375,class_non_simple_,MNAR_,0.1_,1/,0,0.0,1.0,1.0,1.0,4.878061715884856e-06,1.0,0.9995410085202298,0.982940291018565,0.9815176726004944,0.0644563392886964,0.9819389151120848,0.998471653287895,0.9568489713998997,0.9535152694143445,0.1577397394466152,0.9546695025489585,HistGradientBoostingClassifier,1573.5026049613953,0.09917044639587402,1.0,1.0,1.0,2.2204460492503136e-16,1.0,0.994593156144462,0.9909683893627697,0.9903158352934783,0.3255322433537929,0.9904592427252376,0.9885237491469314,0.9799297541394882,0.9795608343831811,0.7234049852306506,0.9794669442383519,KNNImputer,0.06382547073558321,0.06488990173500259,KNeighborsClassifier,5602.517950773239,3.543881416320801
122,375,class_non_simple_,MNAR_,0.3_,1/,0,0.0,1.0,1.0,1.0,3.8826860158663084e-05,1.0,0.9989710313703577,0.9618665328650275,0.9568316217151259,0.12309852634710257,0.9583429667311731,0.9895539881225682,0.8725539387857502,0.8642114506833763,0.4719248734292783,0.865467280719542,HistGradientBoostingClassifier,1684.6779127120972,0.09857368469238281,1.0,1.0,1.0,1.50089147535801e-05,1.0,0.998850916090722,0.9668840943301555,0.9629646731988564,0.12458411150431074,0.9639576430822192,0.9835587877485246,0.8911189162067236,0.8824924912178278,0.8108836726805985,0.8836748306509872,IterativeImputer,0.09566105186741122,0.09830672326018638,HistGradientBoostingClassifier,13191.135074138641,12.023379564285278
123,375,class_non_simple_,MNAR_,0.5_,1/,0,0.0,0.9999999815357827,0.9998744979919679,0.9998556998556999,0.0029219051796434384,0.9998684805100796,0.9970889155891993,0.9382839939789263,0.9334529821404113,0.1855457901185311,0.9341459019439579,0.9543582480134225,0.7205218263923733,0.7094239018672567,0.9708970534968292,0.7148879150015467,HistGradientBoostingClassifier,2243.562301635742,0.14670944213867188,0.9492786850192767,0.7390813253012049,0.7378766809885007,0.83860224753125,0.7380008690826024,0.9960848206177398,0.9332664325137983,0.9316298901670658,0.3683426600832681,0.9315470082064556,0.9335356119739606,0.7295534370296036,0.7299626374179133,0.9338171243383926,0.7295676593362952,IterativeImputer,0.12971376938364448,0.13174619716333286,MLPClassifier,4629.375385284424,22.372613191604614
124,375,class_non_simple_,MNAR_,0.01_,2/,0,0.0,1.0,1.0,1.0,3.092370547579172e-06,1.0,0.999529728708244,0.9879578524836929,0.9866438063484395,0.055525631821120885,0.9869782157298784,0.999346754898515,0.9814350225790266,0.9797764149250295,0.08906476768973039,0.9798451277225494,HistGradientBoostingClassifier,1791.6756155490875,0.09442949295043945,1.0,1.0,1.0,2.2204460492503136e-16,1.0,0.9973985309942304,0.9924736578023081,0.9920208753408998,0.17638098938859423,0.9920834303256858,0.9970860296073533,0.9919719016557953,0.991470820335399,0.19487132113153985,0.9916309304239815,IterativeImputer,0.05795523619746105,0.05280161212078352,KNeighborsClassifier,10430.433258533478,1.4578580856323242
125,375,class_non_simple_,MNAR_,0.1_,2/,0,0.0,1.0,1.0,1.0,7.282609608150507e-06,1.0,0.9997058132041298,0.9819367787255394,0.9800889482959414,0.057591562436967156,0.9805207234790154,0.9982655072798823,0.9503261414952333,0.9473479574215218,0.17431879129098746,0.9479546070069544,HistGradientBoostingClassifier,1612.3785243034363,0.09885382652282715,1.0,1.0,1.0,2.2204460492503136e-16,1.0,0.9930529000856221,0.9889613647767185,0.9874864469772119,0.3978727418768579,0.9879024684396804,0.985687752097119,0.9769192172604114,0.974255990912723,0.8319157330152481,0.9747810377254678,KNNImputer,0.060915231660594225,0.07405483032603125,KNeighborsClassifier,7024.377344369888,3.0568666458129883
126,375,class_non_simple_,MNAR_,0.3_,2/,0,0.0,1.0,1.0,1.0,0.0014743828231607962,1.0,0.9990834887210133,0.9688911189162067,0.9670980378764605,0.09494831979362445,0.9676909217470021,0.9882020390565448,0.8610135474159558,0.8530824300423124,0.4228738223562082,0.8541557882817444,HistGradientBoostingClassifier,1843.349059343338,0.1328892707824707,0.9999519902940652,0.9927208835341366,0.9930542327471622,0.07023315609651141,0.992817840192316,0.9987749508885094,0.9643753135975915,0.9610418544924778,0.14902203897439445,0.9620890286435413,0.9832146572643408,0.8896136477671851,0.884677709588826,0.4154355347349669,0.8842705859081451,IterativeImputer,0.0953575990486758,0.09465667646390387,LGBMClassifier,9447.293949127197,15.916744947433472
127,375,class_non_simple_,MNAR_,0.5_,2/,0,0.0,1.0,1.0,1.0,0.00014665436092045405,1.0,0.9979738167836294,0.9503261414952333,0.9460760661072583,0.17375948983113798,0.946964361113618,0.9458474741467238,0.6808830908178625,0.6699178792131875,1.5068478032170898,0.6724434219872308,HistGradientBoostingClassifier,1510.146162033081,0.11379504203796387,0.9998744040715744,0.9846887550200804,0.9849771737261876,0.1892867045193971,0.984918414849482,0.9966118325776132,0.9287506271951831,0.9213915358512913,0.3307511041673876,0.9248754851021732,0.9184509737514888,0.7044656297039639,0.6913389098526911,1.0498013989063995,0.6937533401858096,IterativeImputer,0.12566639024994178,0.13827123527852306,HistGradientBoostingClassifier,12223.627950429916,22.15081477165222
128,375,class_non_simple_,MNAR_,0.01_,3/,0,0.0,1.0,1.0,1.0,3.069994494423227e-06,1.0,0.9996403465369288,0.9894631209232313,0.988458208765446,0.05144505584043167,0.9883608772166966,0.9995326155461114,0.9849473156046161,0.9839020693885351,0.06237658207001666,0.9835568776777224,HistGradientBoostingClassifier,1347.0503101348877,0.1656935214996338,1.0,1.0,1.0,2.2204460492503136e-16,1.0,0.9957675119969688,0.9929754139488208,0.9924132712683904,0.25319174483072787,0.9925331545250198,0.9949049627191102,0.9914701455092825,0.9908732241828265,0.3074471187230266,0.9908654696139645,KNNImputer,0.049435904792634704,0.07304440740376779,KNeighborsClassifier,6585.340095758438,0.8290181159973145
129,375,class_non_simple_,MNAR_,0.1_,3/,0,0.0,1.0,1.0,1.0,0.00015282240606913518,1.0,0.9995339161513201,0.982940291018565,0.981692144246546,0.05791345452058483,0.9819270048504731,0.9983333846842641,0.9538384345208228,0.9497477606253564,0.1437244615604187,0.9508347627533456,HistGradientBoostingClassifier,1052.592666387558,0.08526873588562012,1.0,1.0,1.0,1.3742987355564937e-05,1.0,0.9995687265583675,0.9824385348720521,0.980254126496113,0.060342431116006935,0.9809482579027188,0.9988972478334485,0.9719016557952835,0.9692425037785041,0.12922925179388842,0.97040147400756,IterativeImputer,0.06925744723973347,0.06879885868576957,HistGradientBoostingClassifier,8137.466820001602,6.143524646759033
130,375,class_non_simple_,MNAR_,0.3_,3/,0,0.0,1.0,1.0,1.0,0.0034426840753375865,1.0,0.9989780266294832,0.9673858504766684,0.9639158245871994,0.10270296893261238,0.965762656095381,0.988118136492253,0.8590065228299046,0.8526580947610229,0.4348828653406189,0.8540041980854316,HistGradientBoostingClassifier,1322.8400468826294,0.130507230758667,1.0,1.0,1.0,0.0035109613335127686,1.0,0.9990806774002784,0.9673858504766684,0.9644263357668117,0.0962408937476848,0.9658395357861911,0.9827369739640497,0.9006522829904666,0.8963656251092584,0.49473678714731606,0.896983745113245,IterativeImputer,0.09453684624444185,0.0996733946126267,HistGradientBoostingClassifier,6740.600281715393,15.698746919631958
131,375,class_non_simple_,MNAR_,0.5_,3/,0,0.0,1.0,1.0,1.0,0.018409890099475797,1.0,0.997703435200335,0.9377822378324134,0.932395473426888,0.166234610610555,0.9338758279487992,0.94894173616381,0.6999498243853487,0.6870434395320927,0.9912950550507558,0.6914310662911434,HistGradientBoostingClassifier,2157.579514503479,0.13225817680358887,0.9263776279417935,0.6429467871485943,0.6271316140247362,1.03148993197339,0.6266774516608847,0.9586669679024425,0.7220270948319117,0.741504557056643,0.9937878728629436,0.7222040840857767,0.91672922445005,0.6226793778223784,0.6062213082580882,1.0866205813796244,0.6068093975635642,IterativeImputer,0.1404430008285904,0.14258875594390025,LinearDiscriminantAnalysis,894.0675854682922,0.11923909187316895
132,725,class_non_simple_,MNAR_,0.01_,1/,0,0.0,0.9963071243515796,0.967495803448802,0.9656003002904227,0.08732489975567369,0.9661980522533603,0.9911622916196384,0.9487492373398414,0.9465400588149802,0.1201622988778171,0.9467575619761841,0.9899949595994891,0.9463087248322147,0.9442494596257734,0.12744108145605806,0.9442494596257734,XGBClassifier,448.1604504585266,0.03947043418884277,0.9878164706974981,0.9415534869525408,0.9393291450042858,0.13744739705553866,0.939302305137238,0.9922492246132343,0.9530201342281879,0.9518270678784243,0.11429997077255268,0.9512771304070193,0.9901866803551163,0.9517998779743746,0.9500729775779484,0.1270971155197127,0.9499633848264402,IterativeImputer,0.2622090185821924,0.2531506686632358,MLPClassifier,9808.498080015182,0.03131532669067383
133,725,class_non_simple_,MNAR_,0.1_,1/,0,0.0,0.9953525606917515,0.9551350526476423,0.9500440180870804,0.1267122624047007,0.9530750659819547,0.990528376217968,0.9499694935936547,0.945615470009617,0.13021853109953285,0.9477882720768767,0.9736878724252985,0.9158023184868822,0.9094073045607893,0.19995322819901049,0.9119928094504366,RandomForestClassifier,769.4770357608795,0.08291339874267578,0.965241964038674,0.9075232717839158,0.8987014664311296,0.2255234207336261,0.9028652885541677,0.9915132642932462,0.9487492373398414,0.9465400588149802,0.13607791993887616,0.9467575619761841,0.9728885205651433,0.9182428309945089,0.9131590014440902,0.20430057339712157,0.914766606125522,IterativeImputer,0.26495354483358197,0.2621802046497128,SVC,12154.413969755173,0.4409306049346924
134,725,class_non_simple_,MNAR_,0.3_,1/,0,0.0,0.9347166783080803,0.8519761941095682,0.8358184365162442,0.31834294915338246,0.8425297524259655,0.9870959562381915,0.9414276998169616,0.9360155170121248,0.1700855663272835,0.9387776065742168,0.9184970329666932,0.8425869432580841,0.8260783519436465,0.34383261348665145,0.8325643827805759,XGBClassifier,638.3227865695953,0.026712417602539062,0.9168253575139359,0.8405310544788647,0.8260394556849118,0.3462068538867302,0.8312602031323195,0.9900707202206644,0.9463087248322147,0.9405967153905384,0.1706643040633029,0.9438194894550531,0.909688701153726,0.8425869432580841,0.8277829659200895,0.35838641062388155,0.8332925956179885,KNNImputer,0.2724013048163966,0.2635422186336427,LogisticRegression,7752.985238790512,2.5039517879486084
135,725,class_non_simple_,MNAR_,0.5_,1/,0,0.0,0.8532455357920257,0.7656035403631924,0.754483266354896,0.5081349110459882,0.7555174309370203,0.9827861045743953,0.9383770591824283,0.9371094076137878,0.30919316890957427,0.9361515185994442,0.8391230940019233,0.7541183648566199,0.7440790755348854,0.5173172415812748,0.7443741507577051,LGBMClassifier,433.8682436943054,0.01141667366027832,0.8882593120021359,0.8144361361208606,0.8001901968334065,0.5170069877182225,0.8042476654505548,0.9852235866005746,0.9206833435021354,0.9285994798801436,0.4708502641614989,0.919159872762261,0.8329269574843763,0.7498474679682733,0.732947675695065,0.5465755410069262,0.7360289681093108,KNNImputer,0.2730995859284294,0.2650166568815772,ExtraTreesClassifier,4469.981486797333,4.038524866104126
136,725,class_non_simple_,MNAR_,0.01_,2/,0,0.0,0.996407737122049,0.9676484053105447,0.9662780820884116,0.08100734808587141,0.9663920426779999,0.989990321194111,0.949359365466748,0.9465647969769966,0.12735761701558826,0.9473263180230129,0.9892651838200052,0.9469188529591214,0.9440306815054409,0.13272191870815075,0.9447878273253267,XGBClassifier,381.96479868888855,0.031059980392456055,0.9963951605257403,0.9679536090340302,0.968427857741282,0.0933182866909754,0.9668282191907621,0.9906134136498994,0.951189749847468,0.95053527198063,0.1263333636266421,0.9494388608165053,0.9898666303840291,0.9505796217205613,0.9497799849715666,0.13019559508127085,0.9487947822431186,IterativeImputer,0.27138416049858993,0.26964491502267485,LGBMClassifier,8134.181707620621,0.27148008346557617
137,725,class_non_simple_,MNAR_,0.1_,2/,0,0.0,0.9837177579605018,0.9275141156722112,0.9229153324187891,0.16698400523817733,0.9244388611240073,0.9911437379981262,0.9487492373398414,0.9445919285561881,0.12822324062473955,0.946542560626722,0.9759483219795476,0.9121415497254424,0.9070672290475499,0.19567787164630193,0.9084528020852728,XGBClassifier,375.35811400413513,0.03256726264953613,0.971807334283995,0.9108805127422555,0.906403664239706,0.27013955771905546,0.907246992215145,0.9903861317863737,0.951189749847468,0.9493176905688849,0.22944411704179418,0.9493176905688849,0.9719531088138978,0.9170225747406956,0.9135965576847555,0.2745974279546902,0.9137979574852504,KNNImputer,0.26506381444318744,0.2605988644685552,LogisticRegression,6003.013964653015,1.2505192756652832
138,725,class_non_simple_,MNAR_,0.3_,2/,0,0.0,0.9297360559407004,0.8605218983671601,0.8377903017028712,0.3181203884089227,0.8487103872243291,0.9877213678966685,0.9450884685784015,0.9417648204782505,0.15827370516325817,0.9428410010322796,0.9116731655879797,0.839536302623551,0.8145093958631608,0.34689155501092656,0.8251588673901942,XGBClassifier,673.3357844352722,0.024376869201660156,0.9514816197882101,0.8660155653898978,0.8431293570650481,0.32382746159135173,0.8545072519620607,0.989195607739334,0.9395973154362416,0.9327755908555384,0.24319149370227522,0.9366765830854229,0.912171794166123,0.8413666870042709,0.8155576754786061,0.37599826941597636,0.8266872513006387,IterativeImputer,0.2612955970174946,0.2582184121894777,ExtraTreesClassifier,12468.929345369339,0.12729930877685547
139,725,class_non_simple_,MNAR_,0.5_,2/,0,0.0,0.9209962889366584,0.837173813520525,0.8306780913757442,0.4505735285696311,0.8308193666568842,0.9777696691580058,0.9255643685173887,0.9229529943998986,0.3948077759226053,0.9227469834087481,0.8261401973486876,0.7321537522879805,0.7215155525732326,0.5233487395848231,0.7216765298737389,RandomForestClassifier,716.4968144893646,0.14188337326049805,0.8673466574309303,0.7767434762704105,0.7731092538595639,0.5106044626461173,0.770270227202468,0.9836867282853052,0.9316656497864552,0.930262348208184,0.4249916368605092,0.9292144051431075,0.832231969745228,0.738255033557047,0.7363739111343375,0.5357707457354269,0.7321218964979272,KNNImputer,0.270898042005915,0.26188387437376565,ExtraTreesClassifier,6953.581053972244,4.18578028678894
140,725,class_non_simple_,MNAR_,0.01_,3/,0,0.0,0.9979681057517613,0.976041507706394,0.9749644469296659,0.07429637936853611,0.9751095617806993,0.9909396481614906,0.951189749847468,0.9485871417218379,0.12118285647398615,0.9492428230776377,0.989872814924533,0.9487492373398414,0.9462965425326312,0.12775003110945019,0.9467313585291113,LGBMClassifier,403.14654636383057,0.03428816795349121,0.9901775815398786,0.9450633297726232,0.9405612160988173,0.12705996046000692,0.9426621849249291,0.991868875372232,0.947528981086028,0.9430813545380612,0.11632782033287074,0.9452413585196512,0.9912071295382932,0.9463087248322147,0.9423013293669813,0.12077107623253992,0.9440258308884025,KNNImputer,0.2457167676463722,0.2906421550939186,MLPClassifier,5871.91037774086,0.14046621322631836
141,725,class_non_simple_,MNAR_,0.1_,3/,0,0.0,0.9826206917901914,0.9252250877460705,0.919346674844679,0.17270264627577445,0.9218542221796484,0.9906551592983021,0.9469188529591214,0.9428131000936958,0.1300455787252913,0.9446476588420389,0.9742506656111718,0.9145820622330689,0.9088707956720585,0.2007309135291563,0.9108580254971066,XGBClassifier,416.2901403903961,0.04160499572753906,0.9681072029069351,0.906912864336945,0.8977009498232504,0.21856039387322812,0.9021413533098315,0.991197852727537,0.9481391092129348,0.9440801578294737,0.13443249709336771,0.9459201264548656,0.9685825342391624,0.9176327028676022,0.9111861330232817,0.21379865658129804,0.913883123287266,IterativeImputer,0.2581537719322359,0.25228243899318487,MLPClassifier,10476.204579114914,0.0284423828125
142,725,class_non_simple_,MNAR_,0.3_,3/,0,0.0,0.921027682055906,0.839768045170151,0.8195347917025422,0.3416874325049934,0.8278679051001324,0.987623188316166,0.9426479560707749,0.9372825747479027,0.1678675572397967,0.9400530731039205,0.907625383828045,0.8261134838316047,0.8022763747460473,0.36166525456605686,0.8115244403109283,XGBClassifier,411.9132740497589,0.02365398406982422,0.8154051695615412,0.8290859148481612,0.8154051695615412,6.160368044530934,0.8197017971255111,0.935966040688092,0.9402074435631482,0.935966040688092,2.15514217945911,0.9376651298529937,0.8123803677946237,0.8230628431970713,0.8123803677946237,6.377461551460632,0.8147598202900177,IterativeImputer,0.26150374147066197,0.26127284577751414,LinearSVC,10669.9282913208,0.049720048904418945
143,725,class_non_simple_,MNAR_,0.5_,3/,0,0.0,0.8598843340111797,0.7845261712192889,0.750370670990436,0.42915236967319537,0.7596286874127265,0.9841969528768936,0.938987187309335,0.9359165643640591,0.18328719668676385,0.9365535288470472,0.838675487882939,0.7809640024405126,0.7456545872283054,0.45219476572266204,0.7547332770604724,LGBMClassifier,396.65745210647583,0.024036645889282227,0.8466403557822352,0.7758278650999543,0.7455827607757244,0.4686284571983359,0.753555223202819,0.9792315399196628,0.9310555216595485,0.9273154146579794,0.25314267221805087,0.9282517447299761,0.831693914721371,0.773032336790726,0.742654312016253,0.48161603084815596,0.7504543088121175,KNNImputer,0.27345671918355063,0.26459262338474016,LGBMClassifier,1626.4401407241821,4.0536041259765625
144,728,class_non_simple_,MNAR_,0.01_,1/,0,0.0,0.9996939193367764,0.9932119716136995,0.9867241429741429,0.056257233642412995,0.9906145222570428,0.9945153636652241,0.9926017262638718,0.9880699761065348,0.10039520763945915,0.989800794808592,0.9942313154772846,0.9913686806411838,0.9854926565189059,0.10550807836982212,0.9880796648783714,BaggingClassifier,248.02325415611267,0.02170872688293457,0.9994541735613163,0.9907435976550447,0.9815761378261378,0.034520582055785023,0.9871553897955431,0.9993567143979014,0.9926017262638718,0.9880699761065348,0.03327410280271394,0.989800794808592,0.9988053267389597,0.9913686806411838,0.9854926565189059,0.038896833025805905,0.9880796648783714,KNNImputer,0.30816738181446535,0.24326071957786702,RandomForestClassifier,2579.7361133098602,0.08438992500305176
145,728,class_non_simple_,MNAR_,0.1_,1/,0,0.0,0.9949533253104682,0.9697624190064795,0.9382586726336726,0.08470270847972533,0.9567233119505562,0.994882955437852,0.9913686806411838,0.9872596033350598,0.04022938884112741,0.9881220642542552,0.9929698073484938,0.9654747225647349,0.9313689451786997,0.09013728304211878,0.9504096857038034,BaggingClassifier,245.4023313522339,0.03701472282409668,0.9942437509401796,0.9688367787719839,0.9372093278343279,0.07405550100516656,0.9554201212426273,0.999640762585841,0.9938347718865598,0.9888803488780096,0.02198672214030613,0.9914854749131224,0.9934794232150913,0.9642416769420469,0.9305585724072248,0.07861619344835205,0.9487385708525409,IterativeImputer,0.3653195685914578,0.4007742344285253,HistGradientBoostingClassifier,2082.115181207657,0.38942432403564453
146,728,class_non_simple_,MNAR_,0.3_,1/,0,0.0,0.9614649145899146,0.923788954026535,0.8459017052767053,0.18119538375598146,0.8831063658228268,0.9989557051913982,0.9950678175092479,0.9896907216494846,0.02611425864086533,0.9931761577813678,0.9543350766094671,0.9247842170160296,0.8445504519707931,0.18499113556381008,0.883706279075781,XGBClassifier,250.13682556152344,0.02213263511657715,0.9574910891875178,0.9213205800678803,0.836788493038493,0.21757684011764247,0.8775302349339538,0.9984043175324567,0.9950678175092479,0.9896907216494846,0.073733322026671,0.9931761577813678,0.9076133268726294,0.9186189889025894,0.8369646944811109,0.25471218282146485,0.8744582043343654,KNNImputer,0.36820961967046767,0.3525513977928722,RandomForestClassifier,2245.1265733242035,0.5320889949798584
147,728,class_non_simple_,MNAR_,0.5_,1/,0,0.0,0.9348716759431046,0.8870718913915459,0.7887105855855856,0.247100447164607,0.8237129415625178,0.9993901318317766,0.9901356350184957,0.986449230563585,0.031356969136324866,0.986449230563585,0.8331885244532072,0.8458692971639951,0.7131739878694715,0.35912670047046596,0.7463449908296365,LGBMClassifier,255.49616622924805,0.02910900115966797,0.9388125950625951,0.8876889848812095,0.7873541154791155,0.2441400498086254,0.8236552209070667,0.9996491169443098,0.9938347718865598,0.9888803488780096,0.041368232202184614,0.9914854749131224,0.8158866480642951,0.840937114673243,0.7170002840481879,0.38394120864710374,0.7458884395380188,KNNImputer,0.3463349442872003,0.3595246815559704,HistGradientBoostingClassifier,2427.2793638706207,0.6618106365203857
148,728,class_non_simple_,MNAR_,0.01_,2/,0,0.0,0.9997033211318925,0.9929034248688676,0.9865212208962209,0.027826789045751074,0.9901923106020487,0.9992188674831659,0.9913686806411838,0.9872596033350598,0.02956794654925762,0.9881220642542552,0.9980241942221257,0.9913686806411838,0.9854926565189059,0.03665876117448486,0.9880796648783714,RandomForestClassifier,251.0574848651886,0.04448676109313965,0.9955268348125491,0.9938290651033631,0.9891299578799579,0.09202057282383865,0.9902272844966317,0.9995822820765594,0.9901356350184957,0.986449230563585,0.02130851607468781,0.986449230563585,0.9967250914802251,0.9889025893958077,0.9838719109759562,0.06746440073853183,0.9814005174746736,IterativeImputer,0.4769335122581007,0.5081109255983779,ExtraTreesClassifier,3179.3409481048584,0.32008957862854004
149,728,class_non_simple_,MNAR_,0.1_,2/,0,0.0,0.9957966141001855,0.9685282320271521,0.9352440914940915,0.21706540905292193,0.9548252930913098,0.9972597704222292,0.9950678175092479,0.9896907216494846,0.18611987243419895,0.9931761577813678,0.9896614813948438,0.9654747225647349,0.9296019983625458,0.22994281116567952,0.9502148557397176,BaggingClassifier,232.52693462371826,0.055296897888183594,0.9662804618161762,0.9669854983029929,0.9324671668421669,0.26540678129189854,0.9525413304827869,0.9954719377099033,0.9950678175092479,0.9896907216494846,0.234222697493938,0.9931761577813678,0.9556300021721332,0.9654747225647349,0.9313689451786997,0.2762340669810517,0.9504096857038034,IterativeImputer,0.3696733036112481,0.3626587914457391,AdaBoostClassifier,3503.974802494049,1.3913600444793701
150,728,class_non_simple_,MNAR_,0.3_,2/,0,0.0,0.9463463057213057,0.9157667386609071,0.82873010998011,0.1907309333443461,0.868734441948579,0.9921343715016124,0.9950678175092479,0.9896907216494846,0.030023574701746464,0.9931761577813678,0.948478671322829,0.9173859432799013,0.8361543217096359,0.1848333727667929,0.8728426639458393,DecisionTreeClassifier,237.7333686351776,0.00822901725769043,0.9463071315749888,0.9154581919160752,0.8272054522054522,0.620820717441568,0.867872846171792,0.994051696770205,0.9963008631319359,0.9922680412371134,0.5985995784455892,0.9948912849478735,0.9310765426322913,0.9223181257706535,0.8411627596116894,0.6223032564568235,0.8798933701930196,KNNImputer,0.3650127956592737,0.3633709154690042,AdaBoostClassifier,1754.6047642230988,0.5400590896606445
151,728,class_non_simple_,MNAR_,0.5_,2/,0,0.0,0.8932697771983485,0.8707189139154582,0.7330167017667018,0.29615130090025843,0.7780806292279522,0.9994110177279487,0.9926017262638718,0.9898369229226888,0.03765658545009593,0.9898369229226888,0.8845385887817675,0.8840937114673243,0.7665666928436565,0.2865291846418415,0.8097346457950643,LGBMClassifier,240.817152261734,0.012918710708618164,0.9055939636296779,0.8704103671706264,0.731492043992044,0.30612579484741753,0.7767862413664182,0.9963992714999415,0.9926017262638718,0.9898369229226888,0.08348857596897795,0.9898369229226888,0.8588739995655733,0.8877928483353884,0.7672308643419272,0.31780494958792005,0.8134345525649873,KNNImputer,0.35122859427001274,0.3469414145646752,XGBClassifier,3698.4630625247955,0.7245564460754395
152,728,class_non_simple_,MNAR_,0.01_,3/,0,0.0,0.9992251353858497,0.9898179574205492,0.9792050573300574,0.029378107596002866,0.9858388357744271,0.9993901318317767,0.9950678175092479,0.9896907216494846,0.023939674331167865,0.9931761577813678,0.9993567143979014,0.9950678175092479,0.9896907216494846,0.023974028869934084,0.9931761577813678,HistGradientBoostingClassifier,229.95927834510803,0.011584281921386719,0.9989498717177289,0.9898179574205492,0.9792050573300574,0.03558012595108992,0.9858388357744271,0.9993567143979014,0.9950678175092479,0.9896907216494846,0.026140100517197496,0.9931761577813678,0.9993567143979014,0.9950678175092479,0.9896907216494846,0.026078008873963165,0.9931761577813678,KNNImputer,0.3447029006239893,0.4465696161192513,ExtraTreesClassifier,3155.287556409836,0.07210135459899902
153,728,class_non_simple_,MNAR_,0.1_,3/,0,0.0,0.992746776228919,0.9663684048133292,0.9302990084240084,0.07779848488388284,0.9515116369243903,0.9982121672876739,0.9950678175092479,0.9896907216494846,0.0248374028013701,0.9931761577813678,0.9936214473090611,0.9852034525277436,0.9690721649484536,0.0634658987714254,0.979227143881698,HistGradientBoostingClassifier,241.00946497917175,0.009777545928955078,0.9837348944491799,0.9654427645788337,0.9301308207558208,0.1093079566154477,0.9502993060918237,0.9944276429013016,0.9950678175092479,0.9896907216494846,0.04027322346562452,0.9931761577813678,0.9882788350682552,0.9827373612823674,0.9674514194055038,0.07357505246623018,0.9758544718351791,IterativeImputer,0.36788403611702114,0.3722548788149652,XGBClassifier,3237.1985669136047,1.2452046871185303
154,728,class_non_simple_,MNAR_,0.3_,3/,0,0.0,0.9745950437914723,0.9324282628818266,0.8687660875160875,0.15698953465985635,0.899136667890193,0.9991144380023057,0.9950678175092479,0.9896907216494846,0.02443434082522136,0.9931761577813678,0.9323338735818477,0.9112207151664612,0.8250346705876456,0.2376288732179512,0.8624231914652996,XGBClassifier,228.76527380943298,0.023998260498046875,0.9816435173578031,0.9361308238198087,0.8712011524511525,0.15267311617696935,0.9040521552214216,0.997368377082324,0.9926017262638718,0.9880699761065348,0.04952807983608735,0.989800794808592,0.9189627228525121,0.906288532675709,0.8182592858694381,0.24711666410159724,0.8547800354355939,KNNImputer,0.34221554718701563,0.339272058353769,LGBMClassifier,1983.760868549347,0.47568273544311523
155,728,class_non_simple_,MNAR_,0.5_,3/,0,0.0,0.9148730130872988,0.8839864239432274,0.7589249151749151,0.2741016258784586,0.8054758484180953,0.9992815251716822,0.9950678175092479,0.9896907216494846,0.07122085517867222,0.9931761577813678,0.8984861902454512,0.8865598027127004,0.7646535447542984,0.28772241955673655,0.810894381475699,RandomForestClassifier,256.805472612381,0.05823349952697754,0.9050690300690301,0.8818265967294046,0.757063882063882,0.6746229415269989,0.8025027187034868,0.9984962154756136,0.9938347718865598,0.9906472956941637,0.6583435494372668,0.9915157601816109,0.8752193019098062,0.8865598027127004,0.7664204915704522,0.6738703830385626,0.8118709026727181,KNNImputer,0.3504450689756487,0.3507916940086266,AdaBoostClassifier,1595.1509952545166,0.8302018642425537
156,737,class_non_simple_,MNAR_,0.01_,1/,0,0.0,0.9894089975099047,0.9460764587525151,0.9459625345594656,0.16511847848209144,0.9460500307831892,0.9250661758623543,0.8472668810289389,0.8470200181983621,0.35257811711183296,0.8470925854524471,0.9223984614112002,0.8440514469453376,0.8438042848870875,0.35774293743199165,0.843873481988288,XGBClassifier,352.76914143562317,0.02471613883972168,0.9189624257311578,0.8507042253521127,0.8500708679575777,0.37770806630717735,0.8495031212347621,0.9312598229795682,0.837620578778135,0.8366593597485317,0.35774643311806653,0.8357143791106055,0.931280502936554,0.8360128617363344,0.8350670030606336,0.3567755274814082,0.8341454743182198,IterativeImputer,0.10921621007727562,0.045387771992716416,MLPClassifier,5551.243286848068,0.8963520526885986
157,737,class_non_simple_,MNAR_,0.1_,1/,0,0.0,0.9725775336914303,0.903420523138833,0.9033041051592392,0.2500757897493306,0.9033731894624283,0.9185830093473406,0.8392282958199357,0.8389341550169576,0.36218601468177875,0.8389885790612672,0.9049238977582926,0.8167202572347267,0.8165170816444702,0.389898975159404,0.8165666390728477,HistGradientBoostingClassifier,320.8061966896057,0.016065359115600586,0.923054499661855,0.8603621730382294,0.8600924651943751,0.3527873400100058,0.8601171661387166,0.9323041608073455,0.8681672025723473,0.8676896352055588,0.33010861644341116,0.867724099297696,0.920816444701795,0.8504823151125402,0.8500496318967656,0.3567422762701105,0.8500602651667336,IterativeImputer,0.06564529807729819,0.06996488034753802,SVC,5857.926655054092,0.14645910263061523
158,737,class_non_simple_,MNAR_,0.3_,1/,0,0.0,0.9978101541993475,0.9730382293762575,0.973002806215651,0.2785083803812302,0.9730342992958745,0.8948682686740013,0.8231511254019293,0.8227314087186699,0.44323496455812383,0.822681801689732,0.8222609396972455,0.747588424437299,0.7476114649681529,0.5300545479526888,0.7475825525040387,BaggingClassifier,316.2724461555481,0.05857443809509277,0.8523679225971615,0.786317907444668,0.7861177185440845,0.48643066498863163,0.7860962176751651,0.9028972619736951,0.8440514469453376,0.8435251054677806,0.4020104278237993,0.8434359292407418,0.8431218463065597,0.77491961414791,0.7744954090495493,0.4898402961541464,0.7743222930596589,IterativeImputer,0.08846085586236489,0.08752527978058902,LogisticRegression,3957.9661712646484,0.26004838943481445
159,737,class_non_simple_,MNAR_,0.5_,1/,0,0.0,0.9200766203109898,0.8354124748490945,0.8355967030205038,0.4089417793616893,0.8353608586929917,0.8699437505169989,0.7877813504823151,0.7879787410042187,0.45709736691042324,0.7877462385605708,0.7806683762097775,0.6929260450160771,0.6933472578377037,0.563722493646731,0.6925055971839371,RandomForestClassifier,358.96680998802185,0.06327962875366211,0.7929696913162783,0.723943661971831,0.7240690645170484,0.559619171344542,0.7239110690168071,0.9069815534783687,0.837620578778135,0.8369385391678386,0.39718633666390774,0.8366065599779444,0.8007279344858963,0.7202572347266881,0.7198279427578791,0.5442540711026966,0.7195148499455761,IterativeImputer,0.0865661926185191,0.08639734708045373,LogisticRegression,3614.3081777095795,0.03682279586791992
160,737,class_non_simple_,MNAR_,0.01_,2/,0,0.0,0.9790816445511998,0.9207243460764587,0.9206181706997919,0.20969844136115715,0.9206896177428963,0.9265447927868309,0.8520900321543409,0.8518591281330135,0.34531697191467564,0.8519369495244304,0.9240890478947803,0.8504823151125402,0.8502047315741583,0.3517730266244822,0.8502775944403462,XGBClassifier,278.0273759365082,0.023724079132080078,0.9679886067126336,0.9030181086519115,0.902892436173493,0.249951493532747,0.9029652482452213,0.9218452725618331,0.8520900321543409,0.8517970882620565,0.35444481407448636,0.8518694927363658,0.9202684258416742,0.8504823151125402,0.8501737116386798,0.35728084832012624,0.8502403827483631,IterativeImputer,0.06710385636039232,0.09835618408855158,HistGradientBoostingClassifier,5487.23636174202,0.030829668045043945
161,737,class_non_simple_,MNAR_,0.1_,2/,0,0.0,0.9957910004171752,0.9670020120724346,0.9669570050449694,0.2797757569926135,0.9669961918558321,0.9162410042187112,0.8488745980707395,0.848426255273389,0.4292424443419512,0.8484216857474698,0.8962641657705352,0.8231511254019293,0.8226383489122342,0.46320723160898747,0.8224885844748859,BaggingClassifier,333.09605836868286,0.07311868667602539,0.9234049527244649,0.8434607645875252,0.8436823871748431,0.3593482938974215,0.8433812279764599,0.9315286624203822,0.8729903536977492,0.8730560840433452,0.3334259589505815,0.8729900254081984,0.9233600794110348,0.8520900321543409,0.8522003474232773,0.36030792646806303,0.8520885028949545,IterativeImputer,0.09895459699465815,0.0671865447465685,MLPClassifier,7166.774662494659,0.042391300201416016
162,737,class_non_simple_,MNAR_,0.3_,2/,0,0.0,1.0,1.0,1.0,0.16419960222655244,1.0,0.8841250310199354,0.8167202572347267,0.8165481015799487,0.4507047760423456,0.8165989012694372,0.8215888410952105,0.7604501607717041,0.7605674580196873,0.5320079942738075,0.7604445880452343,BaggingClassifier,340.4205915927887,0.07141661643981934,0.789576580148162,0.7899396378269617,0.789576580148162,7.571342884957406,0.789336189021063,0.8434010257258665,0.8440514469453376,0.8434010257258665,5.620955592836597,0.8431559108338207,0.7903879559930516,0.7909967845659164,0.7903879559930516,7.53323945431709,0.7899456549975581,IterativeImputer,0.08821785837057013,0.09377636673998017,LinearSVC,4524.177848577499,2.303617238998413
163,737,class_non_simple_,MNAR_,0.5_,2/,0,0.0,0.9101016637775342,0.8217303822937626,0.8216799592671191,0.40498535057370955,0.821700816024616,0.8887935313094549,0.8135048231511254,0.8134564480105881,0.42158286501772574,0.8134739672198956,0.7825450823062288,0.7057877813504824,0.7057448920506245,0.56307343413014,0.7057505137849471,HistGradientBoostingClassifier,317.5494043827057,0.013896942138671875,0.8213884548712328,0.7440643863179075,0.7440063457268047,0.5212342326243518,0.7440192441501127,0.8941599801472413,0.815112540192926,0.8148626850856151,0.4178208365712999,0.814901550810857,0.8026615104640582,0.7218649517684887,0.7219166184134337,0.5407727299686534,0.7218642328559279,IterativeImputer,0.09386068625258769,0.10771325098314785,LogisticRegression,4145.622291564941,0.037058353424072266
164,737,class_non_simple_,MNAR_,0.01_,3/,0,0.0,0.9860252792612113,0.9364185110663984,0.9363286381691969,0.1845787478743642,0.9363957585724709,0.9231015799487137,0.842443729903537,0.8422429481346678,0.3556556722089274,0.8423116721854305,0.9211266440565804,0.842443729903537,0.8422739680701464,0.36036529077437046,0.8423394063544285,HistGradientBoostingClassifier,282.3792953491211,0.013938665390014648,0.922974821793646,0.8651911468812877,0.8649832611698007,0.34827837106129345,0.8650369339750581,0.9308358838613615,0.8553054662379421,0.8549818016378525,0.33490264380904505,0.8550521998508576,0.9298535859045413,0.8536977491961415,0.8533894449499545,0.3384907955354592,0.8534610196785059,IterativeImputer,0.09065255028724223,0.06686838268440584,MLPClassifier,5523.429434537888,0.028631925582885742
165,737,class_non_simple_,MNAR_,0.1_,3/,0,0.0,0.9981052214267392,0.9786720321931589,0.9786246304372048,0.21908644238576636,0.9786680388573565,0.9117637935313094,0.837620578778135,0.837372818264538,0.40280382598836456,0.8374352750599701,0.9012221854578543,0.8167202572347267,0.816393001902556,0.4241903693142473,0.8163994531444196,BaggingClassifier,328.18295669555664,0.05552053451538086,0.8946872352168405,0.83420523138833,0.8338693775279908,0.41586582588853405,0.8337846613416455,0.909297708660766,0.8360128617363344,0.8353772024154189,0.38294056279414346,0.8351110279441117,0.9068471337579618,0.837620578778135,0.8370315989742741,0.38374465183656736,0.8368408066799122,IterativeImputer,0.08107738451234835,0.08833120456596978,LinearDiscriminantAnalysis,5800.247953891754,0.029645681381225586
166,737,class_non_simple_,MNAR_,0.3_,3/,0,0.0,0.9799846603909009,0.9187122736418512,0.9186890593865711,0.32051724267912,0.9187040456061931,0.8991024898668211,0.8295819935691319,0.8294730746960046,0.4206412105093304,0.8295185395873197,0.8631452146579535,0.7893890675241158,0.7894470179502027,0.48199657026957543,0.7893885231452402,RandomForestClassifier,436.032190322876,0.0661916732788086,0.8595531820619853,0.7939637826961771,0.7937178859323866,0.4724586157187996,0.7936622230871526,0.9064335346182479,0.837620578778135,0.836969559103317,0.39129965439335884,0.836688113342432,0.861413268260402,0.7958199356913184,0.7951960459922244,0.458877526342796,0.7947456081318093,IterativeImputer,0.08694752144309408,0.07649555969847464,LogisticRegression,4580.979670524597,1.8186016082763672
167,737,class_non_simple_,MNAR_,0.5_,3/,0,0.0,0.8986672419020079,0.8173038229376257,0.8173669897830949,0.42137495498953437,0.8173030833009457,0.8757806683762098,0.8118971061093248,0.8114608321614691,0.45039928070396834,0.8113661400484713,0.7690514103730663,0.7009646302250804,0.700719662503102,0.5704731419248955,0.7006551370820008,HistGradientBoostingClassifier,299.3652255535126,0.013516426086425781,0.7970222502066443,0.7251509054325955,0.7248302148840848,0.5506470867410286,0.7245297705792981,0.9037761601455869,0.819935691318328,0.8192985358590454,0.40858914464640395,0.8189454424484365,0.7984634791959635,0.7234726688102894,0.7225783770369758,0.540786911460648,0.7206975772765246,IterativeImputer,0.11279331474977844,0.10661134264470326,LogisticRegression,4187.899254560471,2.046403408050537
168,803,class_non_simple_,MNAR_,0.01_,1/,0,0.0,0.994957782150018,0.9586182710853937,0.9582903838504842,0.10591106801577273,0.9584480669065194,0.982580124123033,0.9481065918653576,0.9473869198887118,0.1632555783260985,0.9478501351140315,0.9823510711189832,0.9453015427769986,0.9446580297887381,0.16572515261738188,0.9450419789393796,HistGradientBoostingClassifier,302.6938633918762,0.01836562156677246,0.9926525213805097,0.9594950026301946,0.9591811818430285,0.1176379735638029,0.9593293198170779,0.9811584158220338,0.9453015427769986,0.9444842654408381,0.16731306822614533,0.9450202464371016,0.9802244324520716,0.9431977559607293,0.9424158773223703,0.1723433250982066,0.9429113689439153,IterativeImputer,0.09802621272538699,0.08009586459493753,LGBMClassifier,135.09468936920166,0.04082536697387695
169,803,class_non_simple_,MNAR_,0.1_,1/,0,0.0,0.9976304230228815,0.9673855865334035,0.9672199053848096,0.08837159557851702,0.9672601513598933,0.9794079374764281,0.9424964936886395,0.9414947288190145,0.1928955754659929,0.9421769918506211,0.9740350648555683,0.9284712482468443,0.927328985275446,0.2209289635333182,0.9280585929849066,RandomForestClassifier,340.16390681266785,0.09213972091674805,0.9872519351030948,0.940206908644573,0.9393682099182259,0.19173653099518898,0.9399023275265562,0.978980437688697,0.9424964936886395,0.9414947288190145,0.21069587133555123,0.9421769918506211,0.9689593687615143,0.9319775596072931,0.9307183773569258,0.23471884510035967,0.9315628934940665,IterativeImputer,0.10668876608425305,0.1152240911555687,ExtraTreesClassifier,5588.555810451508,1.9400279521942139
170,803,class_non_simple_,MNAR_,0.3_,1/,0,0.0,0.984894455992283,0.9316149395055234,0.9310132135858544,0.1723237733816498,0.9313083571820888,0.9799223194381094,0.94109396914446,0.9399999605081027,0.17202311435430148,0.9407541353993348,0.9567988263008137,0.8927068723702665,0.8930352090009932,0.26762662177429375,0.8924402310155366,LGBMClassifier,276.14943766593933,0.04513263702392578,0.9767792566527773,0.8984744871120462,0.89709116680464,0.23971678306776792,0.8978609659578003,0.9809688547152338,0.94109396914446,0.9399130783341527,0.21363547248877401,0.9407413563829787,0.9304527943479197,0.8821879382889201,0.8818244466691547,0.32726474697689967,0.8817578772802653,IterativeImputer,0.12254608410507113,0.1272173407732646,RandomForestClassifier,5604.921430826187,2.957212448120117
171,803,class_non_simple_,MNAR_,0.5_,1/,0,0.0,0.9489424366238459,0.864281956864808,0.8625008363575941,0.29220643311546507,0.8633657647529323,0.9761765129839486,0.9417952314165497,0.9407473446635586,0.18912459266289236,0.9414656678669473,0.9279322240059397,0.8520336605890603,0.8507295140719502,0.34129478948142,0.8512270507418969,RandomForestClassifier,332.75328397750854,0.10765314102172852,0.9463765162144739,0.8662107662633701,0.8652016232867632,0.3007587718758115,0.865562574038632,0.9728167398254063,0.9453015427769986,0.9442236189189883,0.18712430132646538,0.9449859828708109,0.9252615844544095,0.8401122019635343,0.8389796873426495,0.34290783798844415,0.8393220379189079,KNNImputer,0.12179052213387752,0.12462415904458386,LGBMClassifier,3321.7606830596924,2.1348719596862793
172,803,class_non_simple_,MNAR_,0.01_,2/,0,0.0,0.9985597366714226,0.9756268630545327,0.9757183478462466,0.07782715184078412,0.9755439820188724,0.9817695529319772,0.9453015427769986,0.9443105010929382,0.16870708695537823,0.9449976263944933,0.9806262625065904,0.9431977559607293,0.9423289951484204,0.17463887682949847,0.9428998545134208,RandomForestClassifier,333.61132764816284,0.0985097885131836,0.9967740669150268,0.9605470804839558,0.9600433399888058,0.09087672152930412,0.960369272183502,0.9809826768792713,0.9495091164095372,0.9486210416777738,0.16573005103743654,0.9492391207617692,0.9785598489829849,0.9460028050490884,0.945231649596294,0.17542677260642808,0.9457305606010058,IterativeImputer,0.10642758734973662,0.09494642547212237,RandomForestClassifier,7112.50470161438,0.19150829315185547
173,803,class_non_simple_,MNAR_,0.1_,2/,0,0.0,0.9937991028321106,0.9502016482553042,0.9501221637601749,0.12400517441914888,0.9500250668882328,0.9818218796958333,0.9446002805049089,0.9435631169374823,0.16533066818398348,0.9442865995360101,0.9770946995950106,0.9368863955119214,0.9366451238367168,0.1895370104489252,0.9366451238367168,RandomForestClassifier,330.2749652862549,0.08958792686462402,0.9842554911351034,0.9347711730668069,0.9339443537653127,0.2215581768704482,0.9344438195650427,0.9802540513750091,0.9431977559607293,0.9421552308005205,0.22236562301258195,0.9428761337014787,0.971917311865538,0.9340813464235624,0.9331342941711934,0.23978774679686668,0.933728852105643,IterativeImputer,0.10809731641015037,0.10082359348554788,ExtraTreesClassifier,6435.898635864258,1.9120268821716309
174,803,class_non_simple_,MNAR_,0.3_,2/,0,0.0,0.9726637600514134,0.9167105032439067,0.9156326900148903,0.2206106323050236,0.9162563065708715,0.9806667417012715,0.9424964936886395,0.9412340822971647,0.17709077024675193,0.9421395672887558,0.9599354702398935,0.8962131837307152,0.8944263110816237,0.2587324195872185,0.8954729787288839,XGBClassifier,303.47870779037476,0.04279136657714844,0.9450695145866935,0.8984744871120462,0.8972204164579374,0.28777483683116906,0.8978940149896215,0.9789606917400722,0.94109396914446,0.9398261961602028,0.19285979269717396,0.940728337222628,0.945192157699044,0.8948106591865358,0.8928446605967622,0.28927649088115914,0.8940092165898618,IterativeImputer,0.11503195199543848,0.11960578885595376,XGBClassifier,6238.079039335251,2.834627866744995
175,803,class_non_simple_,MNAR_,0.5_,2/,0,0.0,0.9351040206641432,0.8409608977731019,0.8434758305617286,0.3254066559542376,0.8409432922981239,0.9802856448928091,0.9417952314165497,0.9405735803156587,0.17344126117182312,0.941440414020696,0.910996123870285,0.8295932678821879,0.8299409793595599,0.3790194900180396,0.8292384727172735,LGBMClassifier,288.31602025032043,0.03236556053161621,0.923721841907552,0.833070313869893,0.8344677346202172,0.37625577313904685,0.832937168874865,0.9763897692290985,0.9403927068723703,0.9391656941786969,0.2320159671447941,0.940029339659749,0.9013393676952332,0.8197755960729313,0.8187825437915776,0.4080191709282546,0.8189721559079474,KNNImputer,0.12211435801839292,0.123869880227282,ExtraTreesClassifier,2925.4632189273834,2.118375778198242
176,803,class_non_simple_,MNAR_,0.01_,3/,0,0.0,0.9938545925352215,0.9612484657197966,0.9607689033481709,0.10721327238146287,0.9610756505697733,0.981551360199671,0.9431977559607293,0.9423289951484204,0.16625209776309785,0.9428998545134208,0.9805956562862215,0.9389901823281908,0.938018454563585,0.1730394786593386,0.9386575991210664,LGBMClassifier,302.8692786693573,0.03478837013244629,0.9947325519757667,0.9633526214273189,0.9629886766440321,0.10396485688138675,0.9631977142651771,0.9806667417012714,0.9481065918653576,0.947039391192912,0.167311383024562,0.9478072145184616,0.9789034284890599,0.9474053295932678,0.9464657713853559,0.1744341820944523,0.9471186199319539,KNNImputer,0.09681218476934657,0.10236853608116882,LGBMClassifier,5471.776944875717,0.10694456100463867
177,803,class_non_simple_,MNAR_,0.1_,3/,0,0.0,0.9914616839587971,0.9521304576538664,0.9518535782896136,0.14927352772445618,0.9519410779926993,0.9811307714939588,0.9431977559607293,0.9422421129744705,0.1786395052851361,0.9428881095265101,0.9749127722719491,0.9284712482468443,0.9275027496233461,0.20696746365028612,0.9280887544125063,LGBMClassifier,299.65674567222595,0.026188135147094727,0.9831472401680764,0.942837103278976,0.9421483119402732,0.16708285413857923,0.9425643563622343,0.9796251429113032,0.9467040673211781,0.9456315050559502,0.1716109891980787,0.9463965986946363,0.9763334932755172,0.9333800841514727,0.9323869100157376,0.18999731977331746,0.9330169185804749,KNNImputer,0.1082954636772285,0.1058656628424277,LGBMClassifier,4298.05437207222,0.5178585052490234
178,803,class_non_simple_,MNAR_,0.3_,3/,0,0.0,0.9748134768255496,0.9082938804138173,0.9075937195778783,0.21236492207422292,0.9078805748976513,0.9809649055255089,0.9417952314165497,0.9407473446635586,0.1698404205559224,0.9414656678669473,0.9523500640756033,0.8751753155680224,0.8722654329397965,0.2803363171453827,0.8738893249997516,HistGradientBoostingClassifier,322.0580427646637,0.018213748931884766,0.9816221066039289,0.9095213045765387,0.9088365284456636,0.20848917071124437,0.9091156725793792,0.9797900215823219,0.9431977559607293,0.9423289951484204,0.20383853966871604,0.9428998545134208,0.9301289607904697,0.8737727910238429,0.8717263685423343,0.3306668753833422,0.8728110599078341,IterativeImputer,0.12227884143141463,0.1274314219846978,ExtraTreesClassifier,6503.2793526649475,2.9298744201660156
179,803,class_non_simple_,MNAR_,0.5_,3/,0,0.0,0.9667069805429275,0.8921620199894792,0.8929306735474721,0.2379960104691669,0.8919707013442641,0.9793654836868845,0.94109396914446,0.9401737248560027,0.18189314174764842,0.940778974222064,0.9036990085559196,0.8071528751753155,0.8086311516034698,0.4056387773128137,0.8070229569604357,HistGradientBoostingClassifier,315.1565275192261,0.020198583602905273,0.9321545485138019,0.838330703138699,0.8373136959450668,0.35250035240945893,0.8375827967989562,0.9712735939403633,0.9375876577840112,0.936610568426623,0.235081578722432,0.9372474289859185,0.8625681975700635,0.8057503506311361,0.8044430359001091,0.46282582579686077,0.8047709777464753,IterativeImputer,0.13340103678446444,0.14195349484488756,RandomForestClassifier,4795.879902839661,3.248105764389038
180,847,class_non_simple_,MNAR_,0.01_,1/,0,0.0,0.9619464918521194,0.8969385814793687,0.8962492036872801,0.25435464214916287,0.896445206506651,0.9430662020905922,0.864638783269962,0.8639721254355401,0.3050951684668335,0.8640436881699944,0.9424274099883855,0.8623574144486692,0.8617305458768874,0.3064225387679995,0.8617661800329766,XGBClassifier,676.809378862381,0.028856277465820312,0.9716393569772972,0.9144324015972618,0.9142661330124746,0.22892297596263972,0.9141002924412177,0.942253193960511,0.8653992395437262,0.8647851335656214,0.3072787593654303,0.8648210710819716,0.9423437862950057,0.8669201520912547,0.866411149825784,0.3071124908158481,0.8663749028115126,KNNImputer,0.14916435377074805,0.1336742259950502,XGBClassifier,7533.921045303345,0.21211767196655273
181,847,class_non_simple_,MNAR_,0.1_,1/,0,0.0,0.9843152901628472,0.9343981745579008,0.9341303771261513,0.19732311187417625,0.93411956092997,0.938336817653891,0.8577946768060837,0.8570499419279907,0.3162998752712359,0.8571549729564254,0.9310452961672473,0.844106463878327,0.8435017421602787,0.3346690237079902,0.8434677432934863,HistGradientBoostingClassifier,444.2822196483612,0.015287160873413086,0.9889139325749348,0.9429549343981746,0.9429105146395176,0.20988221610320054,0.9427335282941451,0.9363855981416958,0.8608365019011407,0.8600058072009291,0.33195900778633236,0.8601815672888372,0.9299233449477352,0.847148288973384,0.8466550522648084,0.34476753915504965,0.8465516130324453,KNNImputer,0.15314271167480933,0.15643250880085405,XGBClassifier,5390.499774217606,1.0289807319641113
182,847,class_non_simple_,MNAR_,0.3_,1/,0,0.0,0.9737791251468078,0.9129111998478798,0.9125640645021291,0.22974727767065695,0.9125434990995178,0.9392473867595819,0.8524714828897338,0.8525435540069686,0.3138749519940528,0.8520401534870988,0.9208130081300814,0.8395437262357415,0.8393147502903601,0.35914706108642713,0.8390059700054948,HistGradientBoostingClassifier,391.58266615867615,0.016591310501098633,0.9829678404405726,0.932686822589846,0.9323494398867777,0.19753659661789674,0.932392483739502,0.9354889663182347,0.8555133079847909,0.8543147502903601,0.324832270419071,0.8547228308144592,0.916178861788618,0.8311787072243346,0.8304703832752613,0.3744735039166798,0.8304703832752613,IterativeImputer,0.15460644306333507,0.15506904813988712,XGBClassifier,6773.312755584717,0.11362576484680176
183,847,class_non_simple_,MNAR_,0.5_,1/,0,0.0,0.9974777983801555,0.9724282182924511,0.9720986983319047,0.17186853349686096,0.9722984097237231,0.9230615563298491,0.8418250950570342,0.8401742160278746,0.3586199196156037,0.8408101501571412,0.8955667828106852,0.8121673003802281,0.8114285714285714,0.4330928800675986,0.8113977199682494,RandomForestClassifier,547.0290582180023,0.1224374771118164,0.9259031195705125,0.8568168853394181,0.8555201864729818,0.37523561324796983,0.8559920900921888,0.9219837398373982,0.8372623574144487,0.8362833914053427,0.38514697126157993,0.8364792811387238,0.8985017421602788,0.8250950570342205,0.8237688734030197,0.41618311604086317,0.8241381636175032,IterativeImputer,0.1659833428597487,0.16625736593655271,XGBClassifier,922.5834364891052,0.11170840263366699
184,847,class_non_simple_,MNAR_,0.01_,2/,0,0.0,0.9899396617911365,0.9459973378969386,0.9456669985059968,0.1708101201003674,0.9457557017027749,0.9403995354239256,0.8555133079847909,0.8549070847851337,0.312595741925931,0.8549070847851337,0.9385203252032519,0.8532319391634982,0.8525667828106853,0.31704482529666467,0.8526015068859916,HistGradientBoostingClassifier,598.1499967575073,0.015066862106323242,0.9557465092235744,0.8851492679216582,0.8850322693656136,0.26914650554638303,0.8847409887517421,0.9449361207897793,0.8600760456273764,0.8595876887340301,0.30233121578927474,0.8595163777567212,0.9429547038327527,0.8615969581749049,0.8614111498257839,0.30798643826715555,0.8611207825005106,KNNImputer,0.14928123726128664,0.15701894185848764,MLPClassifier,11177.937384605408,0.15797162055969238
185,847,class_non_simple_,MNAR_,0.1_,2/,0,0.0,0.9682459681811882,0.9111998478798251,0.9106585785792531,0.23757360369086827,0.9107910561963535,0.9399860627177701,0.8577946768060837,0.8568524970963995,0.31316714050648153,0.8570952038080826,0.9340511033681766,0.8517110266159695,0.851335656213705,0.32781358199741845,0.8511601584606678,XGBClassifier,310.81371212005615,0.07194232940673828,0.9986826162572997,0.9798440768206883,0.9799074287370924,0.1347130927948664,0.9797639134121692,0.9350104529616725,0.8524714828897338,0.8523461091753775,0.3236541035621381,0.8519900208865165,0.9300394889663184,0.8456273764258555,0.8453252032520325,0.33536964563402005,0.8450823235010948,KNNImputer,0.1504380086825055,0.1517029927013267,RandomForestClassifier,6684.2406578063965,1.1812744140625
186,847,class_non_simple_,MNAR_,0.3_,2/,0,0.0,0.9669280034533754,0.9049248906636242,0.9042198110694513,0.246425161257837,0.9044596123767149,0.9390871080139374,0.8661596958174905,0.8652032520325204,0.31384752632240487,0.865486906710311,0.9234169570267131,0.8456273764258555,0.845917537746806,0.3526945245889476,0.845237522385758,XGBClassifier,385.0281057357788,0.08312225341796875,0.9700815906442806,0.9113899980984979,0.9104634402045765,0.24951530328991306,0.9109075434197278,0.935581881533101,0.8547528517110267,0.85369918699187,0.327548127518995,0.8540068554263018,0.914225319396051,0.8319391634980988,0.831184668989547,0.37225718825737153,0.8312172695430267,IterativeImputer,0.1667216666318231,0.1664952098424764,XGBClassifier,10304.165158987045,2.387627124786377
187,847,class_non_simple_,MNAR_,0.5_,2/,0,0.0,0.9587363312358802,0.8887621220764403,0.8876018938952699,0.2814492224306711,0.888121344892338,0.9270290360046458,0.8494296577946768,0.848205574912892,0.3506751034780214,0.8486058973750681,0.8990754936120788,0.8212927756653993,0.8198025551684088,0.4010370609860775,0.8202533118120083,XGBClassifier,578.1670346260071,0.12660908699035645,0.923573078776643,0.8328579577866515,0.8319072811668737,0.6672689681891167,0.8320622398349606,0.9247491289198606,0.8425855513307985,0.8422706155632985,0.6656700115356577,0.8420297584469292,0.8978222996515679,0.8190114068441064,0.8190418118466899,0.669458506215726,0.8185117230629344,IterativeImputer,0.1678319350190609,0.17003448560727294,AdaBoostClassifier,10549.866863489151,0.22974276542663574
188,847,class_non_simple_,MNAR_,0.01_,3/,0,0.0,0.976720798017911,0.9180452557520441,0.9177325080633472,0.2153492797158628,0.9177012666820641,0.941602787456446,0.8600760456273764,0.8595876887340301,0.30827587669404155,0.8595163777567212,0.9408966318234611,0.8593155893536122,0.8588734030197445,0.31003014946809476,0.858766410004987,HistGradientBoostingClassifier,367.0396683216095,0.01671457290649414,0.9620725656215423,0.8946567788552957,0.8942814797342226,0.2546595006217597,0.8942224215996857,0.9408060394889662,0.8638783269961977,0.8634552845528456,0.31089582871605337,0.86334695886969,0.9401045296167246,0.8638783269961977,0.8634552845528456,0.31283438038326383,0.86334695886969,KNNImputer,0.15346340865746125,0.15552439766224402,HistGradientBoostingClassifier,7817.269180774689,0.18767642974853516
189,847,class_non_simple_,MNAR_,0.1_,3/,0,0.0,0.9652661681620739,0.9026430880395513,0.9019531702759882,0.24585746446757945,0.902171846851691,0.9402334494773521,0.8577946768060837,0.8570499419279907,0.31354406143769376,0.8571549729564254,0.9340789779326365,0.8509505703422053,0.8504239256678281,0.3288987609597089,0.850354402393029,XGBClassifier,506.79197883605957,0.06194162368774414,0.9563713587121188,0.8889522722951131,0.8880793184115054,0.27193446777847513,0.8883847541994507,0.9394401858304298,0.8631178707224335,0.8628397212543554,0.3131872147777533,0.8626220556894317,0.9374239256678281,0.8562737642585552,0.856411149825784,0.3189778471522983,0.8558653386107606,IterativeImputer,0.14228405162611038,0.14254011552394696,XGBClassifier,8355.294715166092,0.08073616027832031
190,847,class_non_simple_,MNAR_,0.3_,3/,0,0.0,0.9562233527546973,0.8889522722951131,0.8890009786694222,0.2821884485233023,0.8885872987773558,0.9341974448315913,0.8486692015209125,0.8487746806039489,0.32784648288972473,0.8482391660504836,0.9154912891986063,0.8372623574144487,0.839047619047619,0.37392575193951433,0.8371469907407407,LGBMClassifier,441.6511993408203,0.032800912857055664,0.9674418847854233,0.9032135386955695,0.9024886933034784,0.2511906932405664,0.9027372879474517,0.9333101045296166,0.8555133079847909,0.8540185830429733,0.3301296020930171,0.8546213930278783,0.9185574912891986,0.8418250950570342,0.8409639953542393,0.3631170024091714,0.8410972146698085,KNNImputer,0.15912303492880087,0.1550958017123766,XGBClassifier,6130.282700538635,2.3316874504089355
191,847,class_non_simple_,MNAR_,0.5_,3/,0,0.0,0.9725960942113838,0.9032135386955695,0.9026381517236812,0.25022643239916825,0.9027679820212933,0.924706155632985,0.8365019011406845,0.8383333333333334,0.35697344710642676,0.8363925283076081,0.891131242740999,0.8152091254752851,0.8151742160278745,0.418072455731042,0.8146840067852638,HistGradientBoostingClassifier,597.6996116638184,0.019654512405395508,0.828947307264725,0.8307663053812512,0.828947307264725,6.0998006305978825,0.8296219475438384,0.8426132404181184,0.844106463878327,0.8426132404181185,5.618972581573396,0.8431628424367634,0.8146051103368177,0.8159695817490494,0.8146051103368177,6.63312860849152,0.8149627634584165,IterativeImputer,0.15365815451417558,0.15373018658237278,LinearSVC,10256.302312612534,0.08899188041687012
192,871,class_non_simple_,MNAR_,0.01_,1/,0,0.0,0.9623731434089038,0.9090318388564003,0.9090318388564003,0.3469598841418418,0.9090164733981076,0.5053398549502446,0.5012987012987012,0.5012987012987012,1.2351120445842998,0.501083281025371,0.5070163602631135,0.5025974025974026,0.5025974025974026,1.2338263737385005,0.5024555827179614,BaggingClassifier,321.0874991416931,0.014231681823730469,0.7001371319908077,0.6341780376868096,0.6345029239766082,0.6921755966421234,0.6341519334963721,0.4866925282509698,0.4844155844155844,0.4844155844155844,0.6928814981044885,0.4844147148165202,0.4852454039467027,0.4844155844155844,0.4805194805194805,0.6928783965690364,0.4857142857142857,IterativeImputer,0.11425895702541204,0.11817725882072247,AdaBoostClassifier,5782.041588783264,0.34797215461730957
193,,,,,,,,,,,,,,,,,,,,,,,,,,,,,,,,,,,,,,,,,,,,,,
194,871,class_non_simple_,MNAR_,0.3_,1/,0,0.0,0.809416298187772,0.7225471085120208,0.7225471085120208,0.5700124795999302,0.72250914936553,0.5176522179119581,0.5142857142857142,0.5142857142857142,0.747026641889509,0.513445383830397,0.5043818519143195,0.4896103896103896,0.4896103896103896,0.7409175360092968,0.4895888678051866,LGBMClassifier,348.89904618263245,0.026967525482177734,0.9345277073751932,0.8544509421702404,0.8544509421702404,0.5606754983490292,0.8544331805329883,0.5031202563670096,0.509090909090909,0.509090909090909,0.7025602579672883,0.5090875971502591,0.47331421824928316,0.4818181818181818,0.4818181818181818,0.7094546054590655,0.48097692498720307,KNNImputer,0.1414199077808846,0.13651427576851138,RandomForestClassifier,2632.116408586502,0.42615842819213867
195,871,class_non_simple_,MNAR_,0.5_,1/,0,0.0,0.7547486384963444,0.6669915529564653,0.6669915529564652,0.5644862396643299,0.6573237483836666,0.47289593523359763,0.4831168831168831,0.4831168831168831,6.199913274313381,0.47775793434398517,0.5078225670433463,0.4974025974025974,0.4974025974025974,3.57662338610707,0.47501757340751455,DecisionTreeClassifier,306.33847165107727,0.008085489273071289,0.5187997066523793,0.5237166991552956,0.5237166991552957,0.6928574798386682,0.5236585773691091,0.5019463653229886,0.4935064935064935,0.4935064935064935,0.6943343446137659,0.49041235363991176,0.49783100016866255,0.4987012987012987,0.49870129870129865,0.6935794913346197,0.4985355253212396,KNNImputer,0.135515993195823,0.12782646018014623,LinearDiscriminantAnalysis,3121.702971935272,0.8193390369415283
196,,,,,,,,,,,,,,,,,,,,,,,,,,,,,,,,,,,,,,,,,,,,,,
197,871,class_non_simple_,MNAR_,0.1_,2/,0,0.0,0.723137983577093,0.6526965562053282,0.6526965562053282,0.626904948653399,0.6525509985887183,0.5083454208129532,0.5012987012987012,0.5012987012987012,0.7190749218359975,0.5012953367875648,0.49122617642098165,0.5077922077922078,0.5077922077922078,0.7286141605158001,0.50775152610015,LGBMClassifier,349.9677987098694,0.021021366119384766,0.7729519814263838,0.6988304093567251,0.6988304093567251,0.6224137388267507,0.698566936159563,0.49021420138303257,0.5064935064935064,0.5064935064935064,0.7166773055807901,0.5063303099017384,0.4763299038623714,0.4935064935064935,0.4935064935064935,0.7217758940546251,0.49350307642487046,IterativeImputer,0.1234101018619057,0.12004108252194388,LGBMClassifier,4618.698792219162,1.2737810611724854
198,,,,,,,,,,,,,,,,,,,,,,,,,,,,,,,,,,,,,,,,,,,,,,
199,871,class_non_simple_,MNAR_,0.5_,2/,0,0.0,0.889336425558397,0.7966211825860948,0.7966211825860948,0.5279979088520979,0.7966211825860948,0.48991060887164783,0.4792207792207792,0.4792207792207792,0.7674780370668879,0.4791496223973928,0.4860954629785799,0.4805194805194805,0.4805194805194805,0.7420303911757415,0.4803476946334089,LGBMClassifier,391.64626002311707,0.03284096717834473,0.9971513868781403,0.9730344379467186,0.9730344379467186,0.5948645650555497,0.9730317024280166,0.4777399224152471,0.487012987012987,0.487012987012987,0.6972042310515055,0.4860690321741232,0.4967717996289425,0.5038961038961038,0.5038961038961038,0.696712157593675,0.5038659793814433,KNNImputer,0.13016305945798431,0.12766576053830186,HistGradientBoostingClassifier,2290.098072528839,0.5651977062225342
200,871,class_non_simple_,MNAR_,0.01_,3/,0,0.0,0.6982486116863647,0.6397011046133854,0.6397011046133854,0.6675628794079019,0.6394261285606979,0.4992342722212852,0.5012987012987012,0.5012987012987012,0.6965915816802583,0.5012448636722466,0.5031033901163772,0.5064935064935064,0.5064935064935064,0.6960144091716745,0.5064102564102564,LGBMClassifier,291.5673916339874,0.010352611541748047,0.6472260537271994,0.5981156595191683,0.5981156595191683,0.6744652020018693,0.5979251488580029,0.4917490301905887,0.4883116883116883,0.48831168831168825,0.6974647593057514,0.4866353957263049,0.48423342890875365,0.4818181818181818,0.4818181818181818,0.6982781311894563,0.4801971403482948,KNNImputer,0.08624707492902696,0.07485891568719708,LGBMClassifier,5322.906543493271,0.041861534118652344
201,871,class_non_simple_,MNAR_,0.1_,3/,0,0.0,0.6605791124503435,0.6205328135152697,0.6205328135152697,0.6797778571640377,0.6204621465491031,0.48006409175240344,0.4857142857142857,0.48571428571428565,0.6960756025675543,0.48543309212657954,0.4886388935739584,0.4844155844155844,0.4844155844155844,0.6951748612995906,0.48357854441082615,HistGradientBoostingClassifier,316.65298199653625,0.010750532150268555,0.6470041853122688,0.605912930474334,0.605912930474334,0.677054447260048,0.6058779448600653,0.4895294316073536,0.4844155844155844,0.4844155844155844,0.6967729468136402,0.48421985067701523,0.49687299713273736,0.487012987012987,0.487012987012987,0.6959506264647032,0.48690827441592904,KNNImputer,0.12006912357054839,0.11006626080832675,HistGradientBoostingClassifier,361.45398020744324,0.15579676628112793
202,,,,,,,,,,,,,,,,,,,,,,,,,,,,,,,,,,,,,,,,,,,,,,
203,871,class_non_simple_,MNAR_,0.5_,3/,0,0.0,0.6768534034530409,0.6169590643274854,0.6169590643274854,0.6642668254431698,0.6165938321145172,0.46738067127677513,0.4584415584415584,0.4584415584415584,0.7111875202484391,0.4567473872813006,0.4698330241187384,0.4766233766233766,0.4766233766233766,0.7040739040239785,0.4756603037118269,LGBMClassifier,311.7978847026825,0.014180421829223633,0.9979675079933849,0.9736842105263158,0.9736842105263157,0.270932004722586,0.9736818743064017,0.48246247259234276,0.4818181818181818,0.4818181818181818,0.7774812194243594,0.48156547887231255,0.47171529768932363,0.4818181818181818,0.4818181818181818,0.782867634767352,0.4818173078382659,IterativeImputer,0.1379637170807499,0.14078966410316077,BaggingClassifier,3405.305316209793,0.3963308334350586
204,881,class_non_simple_,MNAR_,0.01_,1/,0,0.0,0.9999999941405278,0.9999386766419329,0.9999362997234771,0.03884791199462957,0.9999362997234771,0.9999419467885139,0.9973019376992887,0.9971975108982563,0.07434510939100142,0.9971975108982563,0.999856522956327,0.9948491537895512,0.9947481527955526,0.079530707200333,0.994650844473945,BaggingClassifier,1892.717805147171,0.18332839012145996,0.9999455811275991,0.9974244189611823,0.997693735140891,0.013519552089425664,0.9973265527757762,0.9999824403095505,0.9982830512631837,0.9982657774756039,0.014012029478350733,0.9982167731297908,0.9990286554151336,0.9959529065489331,0.9961159339505679,0.03227659693110264,0.9957989411405709,KNNImputer,0.2895443127319226,0.2959615248296787,ExtraTreesClassifier,6349.689219236374,5.146207571029663
205,881,class_non_simple_,MNAR_,0.1_,1/,0,0.0,0.999885916074333,0.9898509842398969,0.9912725757801548,0.03346872578460858,0.9894948445527163,0.9999696298592224,0.9969340201128281,0.9967415838465845,0.01282340468988364,0.9968148829169866,0.9973559855423132,0.9753495217071376,0.9766822933330668,0.060936914361132966,0.9745085863292353,RandomForestClassifier,2275.1770770549774,0.2987174987792969,0.9999870779104226,0.9958606733304716,0.9964569821821534,0.026047919000213013,0.995706665870633,0.9999403220484723,0.9968113809173412,0.996884685950248,0.02230604244778679,0.9966892666801592,0.99466054181331,0.9748589649251901,0.9768120850663894,0.0909495690155405,0.9740321258940656,IterativeImputer,0.30757164827694167,0.30620378442643537,RandomForestClassifier,12386.231854915619,0.3687117099761963
206,881,class_non_simple_,MNAR_,0.3_,1/,0,0.0,0.9802399355467424,0.917244128288465,0.9200843311659835,0.17042918851757172,0.9149845732409454,0.9997762857942729,0.9935001226391955,0.9932731387977923,0.025892999091964505,0.9932488808942417,0.9783293110602304,0.9135393671817513,0.9157256713925772,0.1682873249160389,0.9111063036437776,XGBClassifier,1127.023278951645,0.10099649429321289,0.9820270218627734,0.9181026553014043,0.9232771498092338,0.17930367672085057,0.9161771917871036,0.9999385723284274,0.9963208241353937,0.9960308850583907,0.061220660832310515,0.9961772938065534,0.9709581779415293,0.9163600686779495,0.9198112676971684,0.19714266614101,0.9141717487354094,IterativeImputer,0.3164218904285906,0.31199469689384174,ExtraTreesClassifier,12705.961032390594,0.5111901760101318
207,881,class_non_simple_,MNAR_,0.5_,1/,0,0.0,0.9531975861052288,0.867572208254124,0.8679826066174248,0.26381170881425153,0.8638408640953492,0.9995842540193569,0.9921510914888398,0.992142382218845,0.030489038510274177,0.9918520946332143,0.9050756253999359,0.7951925435369144,0.7831345109782435,0.3521294007262838,0.7853978948122231,XGBClassifier,1606.0189790725708,0.21482276916503906,0.9619936110735964,0.8687986754154657,0.8807862957911852,0.2597378391092223,0.8672478906013834,0.9994187804951208,0.9857738533235222,0.9874363226883698,0.056349748429158304,0.9852865017999404,0.9033631806410974,0.8003433897473633,0.8026484512478004,0.3536555809237094,0.7961755406570675,IterativeImputer,0.34049974287714924,0.33251196555521745,LGBMClassifier,13768.603218317032,0.3112943172454834
208,881,class_non_simple_,MNAR_,0.01_,2/,0,0.0,1.0,0.9996627215306311,0.9997173253841805,0.003270378023109887,0.9996496958527308,0.9999697548392257,0.9971792985038018,0.9970947148456247,0.007239890598236746,0.9970702690673123,0.9998518986962086,0.9938680402256561,0.9939257843745001,0.014964979459356032,0.9936344489321987,LGBMClassifier,1388.816487312317,0.2067866325378418,0.9999653666123964,0.9980069908628196,0.9982312108628022,0.00851356938673379,0.9979309836537402,0.9999643806990881,0.9974245768947756,0.9973986662134059,0.009054723851994696,0.9973252910140515,0.9993957216845305,0.9944812362030905,0.994685662793953,0.021634934713134112,0.9942723986511688,IterativeImputer,0.30867147875619483,0.3122145260377763,LGBMClassifier,10983.433286190033,0.2100050449371338
209,881,class_non_simple_,MNAR_,0.1_,2/,0,0.0,0.9998175243136557,0.9840559269025572,0.9862926630082439,0.03660047913830844,0.9835285083994091,0.9999386348184292,0.9963208241353937,0.9962276035834267,0.011777195409870295,0.9961787995638377,0.9968268514537674,0.9716703458425313,0.9743852858542633,0.06665017680624,0.970785596181912,RandomForestClassifier,2658.522136926651,0.24767827987670898,0.9999613860775477,0.9946342061691298,0.9951952815435228,0.029456016034208794,0.9944347009334829,0.9999630684090546,0.9969340201128281,0.9966924042153256,0.021963809276902085,0.9968145687576935,0.9949635558310671,0.9731420161883738,0.9756188384858423,0.07964072522363114,0.972288528134447,IterativeImputer,0.30862342646691376,0.3063725934356521,RandomForestClassifier,12568.110568761826,0.37421631813049316
210,881,class_non_simple_,MNAR_,0.3_,2/,0,0.0,0.9835463088099952,0.9201569877966518,0.9254295664104953,0.16679465085651687,0.9182821544376546,0.9998649591065429,0.9943585970076037,0.9945336871100624,0.03205420446413491,0.9941448339216119,0.9763921210106383,0.9048319843021829,0.9068042238241881,0.1815229781343322,0.9021742578776148,LGBMClassifier,1762.4562208652496,0.14548420906066895,0.998209530815295,0.9572882811062734,0.9628987960264919,0.11388571614021359,0.9562094778490382,0.9997880964045752,0.9927642874662742,0.9926563624820028,0.05078737303410369,0.9924868144910843,0.9695883971064629,0.9045867059112093,0.9102871040633499,0.20458083068255328,0.9025031670504053,IterativeImputer,0.31655522235202127,0.31618632452739004,RandomForestClassifier,13638.150469779968,0.5837709903717041
211,881,class_non_simple_,MNAR_,0.5_,2/,0,0.0,0.9556387555482415,0.8724474152204574,0.8749847990639876,0.26607454196971225,0.869270717978007,0.999528950367941,0.9906794211429973,0.9909088295872661,0.05063302615535223,0.9903300006041955,0.9204291688329869,0.8173902379200393,0.8160518692009278,0.3289154331447467,0.8123139273051311,XGBClassifier,769.0856354236603,0.2603576183319092,0.9686233539760849,0.8910897160728521,0.8971551984638619,0.26346716675860843,0.8888516043333181,0.9992728038513837,0.9847927397596272,0.9838107152855543,0.12558135519389568,0.9841916499311065,0.9063158332166854,0.8105224429727741,0.8144755589105743,0.3563067905920578,0.8069119736101551,IterativeImputer,0.36247868182878745,0.3634352930358721,ExtraTreesClassifier,15055.811555862427,0.7645370960235596
212,881,class_non_simple_,MNAR_,0.01_,3/,0,0.0,0.9999915076714808,0.9982522842950879,0.998535231536208,0.00787500023462685,0.9981858087981511,0.9999782534794432,0.9977924944812362,0.9977562340025596,0.007929519319361474,0.9977072797383026,0.9998910799272117,0.9948491537895512,0.9948465120580707,0.01432121342343904,0.994651892329488,LGBMClassifier,932.4702959060669,0.1265568733215332,0.9999966796323638,0.9978230207886184,0.9981139393842045,0.006117733548895016,0.9977403280782602,0.9999806905895057,0.9971792985038018,0.9969471759518477,0.009529947106632469,0.997069403257078,0.9988920522716365,0.9941133186166299,0.9940330172172452,0.03640913326829457,0.993887278613915,KNNImputer,0.29040314670814527,0.3005607827677652,RandomForestClassifier,9673.258833408356,5.156567335128784
213,881,class_non_simple_,MNAR_,0.1_,3/,0,0.0,0.9996509512351317,0.9878886367817502,0.9894187403088479,0.04302299885959311,0.9874680192158589,0.9999445088785794,0.9966887417218543,0.9962900935850263,0.01865196949776969,0.996558713398542,0.9970904655255158,0.9732646553838606,0.9750331197008479,0.06736613286982188,0.9723791286596599,RandomForestClassifier,2313.640779733658,0.3231480121612549,0.9998325480006309,0.9873367265591464,0.9887100840100278,0.03561755821741394,0.9868935835237568,0.9999601313789794,0.9963208241353937,0.9960308850583907,0.022409957506917846,0.9961772938065534,0.9953764585166374,0.9730193769928869,0.9748767072268437,0.07783203742077154,0.9721307772304715,IterativeImputer,0.306793645497495,0.3105429159649372,RandomForestClassifier,12242.246798992157,0.37589025497436523
214,881,class_non_simple_,MNAR_,0.3_,3/,0,0.0,0.9865884667483287,0.9308579137793586,0.9373266252948599,0.14248707142377615,0.9293185942908637,0.9998813314869621,0.9946038753985774,0.9942474829027356,0.02177737807225293,0.9943933642496117,0.97762929806231,0.9053225410841305,0.9134120415733482,0.17348439827094028,0.903580556470327,LGBMClassifier,1229.3129675388336,0.18238520622253418,0.9977036259301322,0.9627460599742442,0.96647628902619,0.1063045369161812,0.961672239961276,0.9999468210086385,0.9963208241353937,0.9959817054271316,0.03798784938391717,0.9961769159867989,0.9733634493481045,0.9123129752268825,0.9184845424732042,0.19016131634797614,0.9104210620785538,IterativeImputer,0.31413054527676587,0.3162570324289705,ExtraTreesClassifier,12000.693184375763,0.4795048236846924
215,881,class_non_simple_,MNAR_,0.5_,3/,0,0.0,0.9202533183470949,0.8178389648617158,0.8218834934637919,0.32173603014495805,0.8143117188213149,0.9995678816389377,0.9790286975717439,0.9819792583186691,0.05718242715943479,0.9783718476356079,0.9039638032914733,0.8100318861908266,0.8203593675011998,0.33892580572157366,0.8079199879446488,LGBMClassifier,1421.6970071792603,0.1811811923980713,0.974757737090392,0.9163856012755258,0.9212843589055066,0.2629234557616971,0.9143919849792791,0.9963198388257879,0.9574441991660535,0.9631002789553671,0.10565106972412992,0.9563741991283067,0.8941025060990241,0.7958057395143487,0.8015498770196768,0.35607084519653126,0.7925661757858424,KNNImputer,0.3538154901983144,0.3434411447877517,ExtraTreesClassifier,14842.857865571976,124.96745228767395
216,901,class_non_simple_,MNAR_,0.01_,1/,0,0.0,0.9942205746059357,0.9593426136015208,0.9593393682293301,0.1185538365512355,0.9593420992585653,0.9853397769008596,0.9314446897228355,0.9314451678297142,0.16005009108654272,0.9314444577251381,0.9833493243350558,0.9260485651214128,0.926046309652212,0.1693744623604504,0.9260478699541841,XGBClassifier,1424.2254207134247,0.22113537788391113,0.9840405558284289,0.9338627583246458,0.9338482144884157,0.16370931328755903,0.9338574925957136,0.9883050308244906,0.9403973509933775,0.9403829826864016,0.14281596859898624,0.940392958084086,0.9852101282601069,0.9358597007603631,0.9358461225250044,0.15744180781568076,0.935855369956696,KNNImputer,0.2883201484715494,0.28377230188139313,MLPClassifier,12780.149794101715,5.3452582359313965
217,901,class_non_simple_,MNAR_,0.1_,1/,0,0.0,0.9828228360634194,0.9276997608389035,0.9276907520946763,0.18466768214847415,0.9276969319953685,0.9849473415952306,0.931812607309296,0.9318046946404516,0.16616249687160875,0.9318104371472921,0.9615994864108972,0.8882756929114545,0.8882710875469442,0.2514033877803276,0.8882738629529213,XGBClassifier,1493.0154185295105,0.2184741497039795,0.9534082150935669,0.8874103145888269,0.8873887283357147,0.2762459123631638,0.8873935450431507,0.9866924544130111,0.9358597007603631,0.9358515370854071,0.18110563797140988,0.9358575696805621,0.9561308706468739,0.8910963944076526,0.8910866589563327,0.2686826413228879,0.8910919652086398,IterativeImputer,0.28877085885832876,0.2881019549827185,MLPClassifier,14647.283893346786,0.1481945514678955
218,901,class_non_simple_,MNAR_,0.3_,1/,0,0.0,0.9238286197721032,0.8376770711964188,0.8376472135997666,0.3554587305744159,0.8376351584197389,0.9808431048100067,0.9210203581064508,0.9210102270216886,0.20964323468621904,0.9210168940870695,0.8868305738327049,0.7950699043414275,0.7950161137317584,0.41616316464521214,0.7949299713930936,LGBMClassifier,1795.9695522785187,0.24723458290100098,0.9254825130778636,0.8395474336174649,0.8395147073151856,0.3535700508654926,0.8394985801630825,0.9774460096133715,0.9125582536178563,0.9125499763925167,0.22748427081816175,0.9125553483408045,0.8818936679002238,0.7942114299730194,0.7941465353310895,0.42550036059909496,0.7940115501812619,IterativeImputer,0.2886736312755246,0.28814004080668415,LGBMClassifier,12140.176511764526,0.2826120853424072
219,901,class_non_simple_,MNAR_,0.5_,1/,0,0.0,0.835882383461525,0.7468878395780953,0.7468467831814031,0.4951959691134359,0.746773507663893,0.9708185575996122,0.9034829531518274,0.9034719244214,0.26954464341103607,0.9034782365029714,0.8177911685872714,0.7342408633799362,0.7341954396406465,0.5150944613780933,0.7341098492956619,XGBClassifier,1276.3955931663513,0.16808605194091797,0.8387606489816732,0.7523149567670325,0.7522728371583094,0.49391478776124126,0.7521975172607005,0.9658263629892416,0.8944076526857984,0.8944095746754512,0.28888721486523355,0.8944075240456364,0.8133346845669627,0.7292126563649742,0.7291653130265661,0.5206437802762428,0.7290686327946276,IterativeImputer,0.2892962428818122,0.2883721558003093,XGBClassifier,14352.09936618805,0.27489256858825684
220,901,class_non_simple_,MNAR_,0.01_,2/,0,0.0,0.9901302376978075,0.9456061813944932,0.9455987848062102,0.1353430699267907,0.9456045244816887,0.9856502116972794,0.9304635761589404,0.9304629665726699,0.15572308552528996,0.9304631986037044,0.9837320735937424,0.9262938435123865,0.9262921306944931,0.16466499451149763,0.9262932570752316,XGBClassifier,1145.8913502693176,0.05484819412231445,0.9851931631939131,0.9346906236585515,0.9346923854947526,0.15601247213013522,0.934690544084232,0.9882666476074141,0.9391709590385087,0.9391728284364049,0.14048206276557546,0.939170867549229,0.9854166636585776,0.9358597007603631,0.9358618247501722,0.1550190719290801,0.9358596226200556,KNNImputer,0.2869596617783494,0.28938556456950165,MLPClassifier,13934.571478843689,4.9949562549591064
221,901,class_non_simple_,MNAR_,0.1_,2/,0,0.0,0.9836014847680362,0.9279757159502054,0.9279596122089075,0.18232506164905746,0.9279689965201295,0.9841442419639501,0.9293598233995585,0.9293459427615991,0.16884508003110615,0.9293549102680122,0.9606812070474956,0.88177581555065,0.8817627859429349,0.25347140809540863,0.8817685318579223,XGBClassifier,1141.8272898197174,0.21013522148132324,0.9509431986758369,0.883700251425768,0.8837022391035239,0.2842349815471113,0.8837001594725398,0.9863217375107751,0.9334069168506255,0.9334323114974941,0.1882788925580335,0.9334009779249767,0.9518351389087423,0.88373804267844,0.8837418077701108,0.28226240830873434,0.8837380356839472,KNNImputer,0.29180944445624957,0.2891662998487701,MLPClassifier,12331.13538146019,41.67637300491333
222,901,class_non_simple_,MNAR_,0.3_,2/,0,0.0,0.9187510653931524,0.8302569448703011,0.8302314022363353,0.3654340366619858,0.8302237555411554,0.9811880724694391,0.9206524405199902,0.9206393296341057,0.21555497392251793,0.9206473980134406,0.9022852031855905,0.8118714741231298,0.8118499820236594,0.39437602255947346,0.8118464691342574,LGBMClassifier,1242.6254286766052,0.2423701286315918,0.930063316764673,0.8421843380143497,0.8421471480962677,0.3448718275231868,0.8421237327385112,0.9752241748330268,0.9148883983321069,0.9148582034921748,0.2316888271399298,0.9148674198374722,0.8969074317127674,0.8078243806720627,0.8077879788095764,0.40292008272142316,0.8077601896261543,IterativeImputer,0.2878536266837113,0.28710426747002177,LGBMClassifier,12363.653760910034,0.3358762264251709
223,901,class_non_simple_,MNAR_,0.5_,2/,0,0.0,0.8446613696999162,0.7544919359784141,0.7544528305294012,0.48412275166738755,0.7543904364097838,0.9726697657203941,0.9063036546480255,0.9063216075613253,0.27936503126101536,0.9063001314457638,0.8151350860626327,0.7254108413048811,0.7253805353050997,0.5184024467341015,0.7253462960868795,LGBMClassifier,911.4616453647614,0.2356104850769043,0.8502448562041103,0.7581100141043724,0.7580526404897183,0.477364991112556,0.757905034784047,0.9644194195494988,0.8925680647534953,0.8925805361714293,0.2894220051038835,0.8925666104991401,0.8056846627402682,0.7195241599215109,0.7194727084497464,0.5275711675601313,0.7193502135484714,KNNImputer,0.29772266503641065,0.2907823338792398,LGBMClassifier,15082.548300743103,125.15750169754028
224,901,class_non_simple_,MNAR_,0.01_,3/,0,0.0,0.9944322157583154,0.9606304041209297,0.9606256300342453,0.11605942406067311,0.9606296786552073,0.9863144579351225,0.9347559480009812,0.9347567129719871,0.15461049093322582,0.9347557556666273,0.9836369578160022,0.9303409369634535,0.9303422218756903,0.16656279456742573,0.9303407860945803,LGBMClassifier,1664.6271724700928,0.2915940284729004,0.9849733841667713,0.9331268780278408,0.933153501719425,0.1594565083527844,0.9331190429420491,0.9884032750149081,0.9379445670836399,0.9379745862192941,0.14249056351858203,0.9379363190234252,0.9843729168982895,0.9326710816777042,0.9327008043870935,0.16315891316459896,0.932662322111109,KNNImputer,0.28673484072816313,0.2934910293283793,MLPClassifier,13745.301908493042,5.418781518936157
225,901,class_non_simple_,MNAR_,0.1_,3/,0,0.0,0.9813404341781067,0.9232231557000061,0.9232083738219867,0.188363110804847,0.9232169161671242,0.9844761244357426,0.9291145450085847,0.9291131166642843,0.16702035938390716,0.9291140289913107,0.9602891928743422,0.8850870738287957,0.8850667507006441,0.25398228716029,0.8850727597188514,XGBClassifier,1534.7892241477966,0.14724445343017578,0.952716777781562,0.8837615747838352,0.8837432330835536,0.27772220696842126,0.883748414971417,0.9848232278384448,0.9297277409860192,0.9297292936381081,0.1880617181993122,0.9297276130983532,0.9532861207730933,0.8866813833701251,0.8866629631073513,0.276971996946446,0.8866693561706518,IterativeImputer,0.28810832400058334,0.28724021598012883,MLPClassifier,13040.828728199005,0.09930896759033203
226,901,class_non_simple_,MNAR_,0.3_,3/,0,0.0,0.9280741855131517,0.838596921567425,0.8385817718005815,0.3459663508475201,0.838583804594146,0.9803575390654518,0.9191807701741477,0.9191660277485392,0.20151390897998345,0.9191746421154082,0.8893833585772172,0.7980132450331126,0.7979692149753745,0.41131206914912954,0.7979180240418426,LGBMClassifier,1568.1336386203766,0.28725695610046387,0.9234123584526398,0.8341816397865948,0.834153812744937,0.3561333704643979,0.8341438952990696,0.9770364281998007,0.9140299239636988,0.9139999956683517,0.22388740258735076,0.9140090637523066,0.8852563204765198,0.7966642138827569,0.7966063701220225,0.4198030747864007,0.79650510962986,IterativeImputer,0.28863700716110885,0.28692456982565173,LGBMClassifier,12724.070573568344,0.3027942180633545
227,901,class_non_simple_,MNAR_,0.5_,3/,0,0.0,0.8560423097735955,0.7661127123321273,0.7660916216469018,0.46962387751606005,0.7660806212180746,0.9752968502659873,0.9065489330389993,0.9064900003898484,0.26203183595453905,0.9064719079204058,0.8030158559986831,0.7122884473877852,0.7122561823450677,0.5319940110684922,0.712213028942313,LGBMClassifier,1501.0301384925842,0.2566239833831787,0.8580044720931121,0.7721224014227019,0.7720996746907127,0.4712166396536057,0.772086733172975,0.9554861769882627,0.8818984547461368,0.8819041059694446,0.3335851554492359,0.88189841033884,0.7961021241440783,0.7176845719892078,0.7176301335447177,0.5426811534775575,0.7174899822280874,KNNImputer,0.2972487475109587,0.28959155235084244,XGBClassifier,15177.25667834282,122.43393778800964
228,923,class_non_simple_,MNAR_,0.01_,1/,0,0.0,1.0,1.0,1.0,2.0723665331383284e-05,1.0,1.0,1.0,1.0,3.746684946534529e-06,1.0,0.9999520191166651,0.995373048004627,0.9954431676573705,0.017346699731090525,0.9953273427471117,HistGradientBoostingClassifier,279.85377836227417,0.017360687255859375,0.9996409911182302,0.9979745370370371,0.9980125538936184,0.06060644555291911,0.997954268705182,0.9999999999999999,1.0,1.0,0.05955282813801449,1.0,0.9984619085849289,0.9976865240023135,0.9976631282454675,0.06579168666874975,0.9976631282454675,IterativeImputer,0.1540525705730942,0.1365644576929459,ExtraTreesClassifier,6047.996608018875,0.7824695110321045
229,923,class_non_simple_,MNAR_,0.1_,1/,0,0.0,0.9999826627041783,0.9976851851851852,0.9978665823200177,0.010414352573045316,0.9976626963445393,1.0,1.0,1.0,0.00023563803997730698,1.0,0.9982713366257681,0.9751301330248698,0.9758723735534778,0.061424035604899854,0.974926014424447,LGBMClassifier,309.90836930274963,0.044808149337768555,0.9994306601196526,0.9855324074074074,0.9855907620122089,0.04013988109177124,0.9853918521533703,1.0,1.0,1.0,0.015259674205821883,1.0,0.9946883134787087,0.978021978021978,0.9782673629976835,0.07686583082648986,0.9778199834178196,IterativeImputer,0.16212906492412765,0.1910546346014485,ExtraTreesClassifier,6044.031755924225,1.6355578899383545
230,923,class_non_simple_,MNAR_,0.3_,1/,0,0.0,0.9819445595565712,0.9131944444444444,0.9177290341350212,0.17230464924485867,0.91300564733305,1.0,0.9988432620011567,0.9987146529562982,0.0026520841469511417,0.9988312892724658,0.9837743519877601,0.9097744360902256,0.9129538923984765,0.15205481435371238,0.9094531010812291,LGBMClassifier,314.37244415283203,0.0379178524017334,0.9804555395620177,0.9020543981481481,0.9035353706206414,0.20711338740804894,0.9014904041843101,1.0,0.9994216310005783,0.9993573264781491,0.08494421020746563,0.9994157135543305,0.9756507153882127,0.91844997108155,0.9186190155674314,0.21590061931343874,0.917780651949931,IterativeImputer,0.26638334585385826,0.2588815039643423,RandomForestClassifier,5177.028339385986,2.6566994190216064
231,923,class_non_simple_,MNAR_,0.5_,1/,0,0.0,0.9460416416473985,0.8518518518518519,0.8485376625265768,0.28359363488715783,0.8497579106959456,1.0,0.9884326200115674,0.987146529562982,0.032948999454310283,0.9882866697016996,0.9146102465541616,0.8201272411798728,0.8187174101676222,0.3452907977131344,0.8184537887190084,RandomForestClassifier,328.7831609249115,0.0904543399810791,0.9525771255947537,0.8600983796296297,0.8591647482878364,0.29146180050597464,0.8588150095826148,1.0,0.9919028340080972,0.9910025706940875,0.09659119079822058,0.9918069963093237,0.9065731107020346,0.8264893001735107,0.8263713747401599,0.37749530290037875,0.8252603408686653,KNNImputer,0.27264978484944635,0.27273701598015115,RandomForestClassifier,1361.5053555965424,2.570157051086426
232,923,class_non_simple_,MNAR_,0.01_,2/,0,0.0,0.9999999577139127,0.9998553240740741,0.99983922829582,0.0002990835700630124,0.999853855002469,1.0,1.0,1.0,2.2043066604356323e-05,1.0,0.9999810779615017,0.9965297860034702,0.9963777812017657,0.012197865522391412,0.9964938678173972,HistGradientBoostingClassifier,239.82198524475098,0.014157533645629883,0.9998191001182319,0.9979745370370371,0.9980125538936184,0.017427194776166836,0.997954268705182,1.0,1.0,1.0,0.013025159907311798,1.0,0.9994134168065546,0.9988432620011567,0.9989484752891693,0.01885552227449526,0.9988318356867779,IterativeImputer,0.17656701659639784,0.1153478722921696,ExtraTreesClassifier,6560.932937145233,0.688382625579834
233,923,class_non_simple_,MNAR_,0.1_,2/,0,0.0,0.9991815527789571,0.9817708333333334,0.9819374132078056,0.053608962896784,0.9815989682549073,1.0,1.0,1.0,0.012217624328768939,1.0,0.9982449809292884,0.973395026026605,0.9733597971557473,0.06071168485052715,0.9731383912890762,LGBMClassifier,264.98062109947205,0.02350592613220215,0.9996517740705095,0.9862557870370371,0.9864824064504889,0.03675176558779612,0.9861265975440334,1.0,1.0,1.0,0.022949791576282418,1.0,0.9935969173296137,0.9820705610179294,0.982181521818462,0.11299615136843143,0.9818996716552688,IterativeImputer,0.17075634830680722,0.19291354880494244,ExtraTreesClassifier,4911.350762844086,1.6246469020843506
234,923,class_non_simple_,MNAR_,0.3_,2/,0,0.0,0.9818571965000651,0.9182581018518519,0.9180011028211585,0.18184014357788827,0.9175219673095725,0.9999999999999999,1.0,1.0,0.01845510211913697,1.0,0.9622512089831026,0.8825910931174089,0.8781887013804979,0.24178684794184926,0.8805133147480968,LGBMClassifier,274.78959250450134,0.013209342956542969,0.9977908479375385,0.9758391203703703,0.9752872493915032,0.08567845646326797,0.9755792658255298,1.0,1.0,1.0,0.007145932661721573,1.0,0.9668844052668142,0.8849045691150954,0.8822792406315636,0.23957866723979757,0.8833751322351391,IterativeImputer,0.30649339450574514,0.3097024965734445,XGBClassifier,3468.2846553325653,0.06255626678466797
235,923,class_non_simple_,MNAR_,0.5_,2/,0,0.0,0.9497692448212228,0.8478009259259259,0.8576721339758564,0.27465284088864883,0.8477762518841065,1.0,1.0,1.0,0.0031011461023736204,1.0,0.9207355807308772,0.7975708502024291,0.8072148381219606,0.33486988486293173,0.7975214741333391,LGBMClassifier,266.14581847190857,0.05477786064147949,0.9571627980534868,0.8506944444444444,0.8599511849407402,0.2886334108964069,0.850688393941718,0.9999797263873232,0.9907460960092539,0.9897172236503856,0.07043936238763839,0.9906341833349133,0.9023541719040167,0.7952573742047426,0.805696344532477,0.39378747502335454,0.7951421800947868,KNNImputer,0.27987215190577575,0.29896452376281124,RandomForestClassifier,1973.3507285118103,2.503605604171753
236,923,class_non_simple_,MNAR_,0.01_,3/,0,0.0,1.0,1.0,1.0,0.0012783453014914349,1.0,0.9999999999999999,1.0,1.0,0.00020321016072637733,1.0,0.9999553980521112,0.9971081550028918,0.9972542770564877,0.009140773343074293,0.9970799255946802,LGBMClassifier,316.2457129955292,0.03586840629577637,1.0,0.9998553240740741,0.99983922829582,0.00217535423326703,0.999853855002469,1.0,1.0,1.0,0.0011866612232116559,1.0,0.9988511619483212,0.9982648930017352,0.9983058017673184,0.014495716355618395,0.9982475504728776,IterativeImputer,0.15220721694886843,0.14482620872370908,LGBMClassifier,6850.339163541794,0.754244327545166
237,923,class_non_simple_,MNAR_,0.1_,3/,0,0.0,0.9991110618713116,0.9819155092592593,0.9819518750496861,0.04494583584566008,0.981740338097506,1.0,1.0,1.0,0.002622365885291026,1.0,0.9976002800461697,0.9687680740312319,0.9691536983124245,0.06215144249125986,0.9684948979591836,XGBClassifier,298.32384157180786,0.026321887969970703,0.9951566361248353,0.9717881944444444,0.9722487402974573,0.09157802719347384,0.9715434625029951,1.0,1.0,1.0,0.03359641281842322,1.0,0.9941274101946537,0.9762868710237131,0.9768069870978728,0.09181795038213766,0.9760820502854235,IterativeImputer,0.1893599299956767,0.22113837270720224,ExtraTreesClassifier,5608.968936443329,1.7693767547607422
238,923,class_non_simple_,MNAR_,0.3_,3/,0,0.0,0.9951680110823377,0.9584780092592593,0.9594182956677058,0.09366859296223969,0.9581638149890852,1.0,1.0,1.0,0.0018000680509071252,1.0,0.9662342980869819,0.8831694621168306,0.884443110891255,0.22763940615106826,0.882494919724925,LGBMClassifier,289.1237795352936,0.036512136459350586,0.9996464883095884,0.9965277777777778,0.9965218847416574,0.05361675703771908,0.9964928277261452,1.0,0.9994216310005783,0.9993573264781491,0.027891618266591298,0.9994157135543305,0.9649354353014957,0.8877964141122036,0.8908705218968532,0.23206730343326676,0.887412225936816,KNNImputer,0.3258531997555887,0.29238940810785485,RandomForestClassifier,1490.0529370307922,1.8005845546722412
239,923,class_non_simple_,MNAR_,0.5_,3/,0,0.0,0.9592663194696985,0.8648726851851852,0.8584129862265756,0.24131288974679782,0.8617426630628457,1.0,1.0,1.0,0.00211701199015245,1.0,0.9505763112296891,0.8519375361480624,0.8466990503839822,0.2585095242708309,0.849102299411715,LGBMClassifier,299.7604253292084,0.044014930725097656,0.9705685026158174,0.8855613425925926,0.8793257398796708,0.23362047970187508,0.8829157553063767,0.999963507497182,0.989010989010989,0.987789203084833,0.08109118573789069,0.9888737872035174,0.9432075288088037,0.8478889531521111,0.8419665133981549,0.29052527162887803,0.8446937212105314,KNNImputer,0.27749923477489463,0.2596049430888511,RandomForestClassifier,1453.6634566783905,3.7980475425720215
240,1046,class_non_simple_,MNAR_,0.01_,1/,0,0.0,1.0,1.0,1.0,0.07736419347726149,1.0,0.9885046935788316,0.9623673206818912,0.9475028060203083,0.21270495028733363,0.9564740111605099,0.9865111767281757,0.959472499195883,0.9430996749048485,0.21876476225928096,0.9530096184573043,BaggingClassifier,612.5317339897156,0.1435098648071289,0.9999994724207972,0.9991958829205533,0.9989012870001552,0.10902275205405153,0.9990884114518392,0.9894156538894677,0.9604374396912191,0.945066702173646,0.2265671558307301,0.9542168184264355,0.9875360656829109,0.9552910903827597,0.9374885719724284,0.23248444747566796,0.9480605282441783,KNNImputer,0.2509854683744789,0.2536261260112912,BaggingClassifier,4871.114536046982,0.4902982711791992
241,1046,class_non_simple_,MNAR_,0.1_,1/,0,0.0,0.9999986224320815,0.9994371180443873,0.9993933718466151,0.09918087811856416,0.9993621672865689,0.9872135022790419,0.9585075587005468,0.9423809398784948,0.22228085813207607,0.9519306381909205,0.9797108556650668,0.9414602766162753,0.9199466082551851,0.2570122275398353,0.9317054295003075,BaggingClassifier,467.97448992729187,0.1130673885345459,1.0,1.0,1.0,0.0258421485583235,1.0,0.9833164862718328,0.9562560308780959,0.9409535499321585,0.19934641463487923,0.9494471544715447,0.9725134252951595,0.9372788678031522,0.9148348222197425,0.23380090550263624,0.9267648498821663,KNNImputer,0.2937918375975991,0.2931542680191743,BaggingClassifier,6675.363911628723,2.7270517349243164
242,1046,class_non_simple_,MNAR_,0.3_,1/,0,0.0,0.9996859145145832,0.9904310067545835,0.9862504359855913,0.15652027394045956,0.9890920841558307,0.9816370936662236,0.9501447410743005,0.9291614664257444,0.22613817783910392,0.9417542628066711,0.9433566004067675,0.8954647796719203,0.856476866859142,0.3290832788512685,0.8746856832803659,BaggingClassifier,471.42333030700684,0.15757417678833008,0.9767003731157362,0.9133161788356384,0.8793966252516991,0.20929070853571932,0.8967606744131488,0.9728781844931395,0.944033451270505,0.9246094779255047,0.16470939447138308,0.9349641017749544,0.9175637179933182,0.8790607912512062,0.838016910198911,0.29894473687023304,0.855066469484937,KNNImputer,0.35843849636009806,0.3617595234296924,LGBMClassifier,4644.659993171692,8.019147634506226
243,1046,class_non_simple_,MNAR_,0.5_,1/,0,0.0,0.99420109853714,0.9628497909295594,0.9467773996793492,0.21948417209412632,0.9569016195191083,0.9761816463298566,0.949501447410743,0.9321775280203515,0.26032865682156997,0.9414969782633682,0.8984537116827026,0.8526857510453522,0.8046402714783625,0.3972377150023996,0.8218768701451282,BaggingClassifier,453.3690092563629,0.15347528457641602,0.9803251060287648,0.9222418784174976,0.9020404711868479,0.2572854797742866,0.9100464140621753,0.96169817442241,0.9115471212608556,0.9006617238200884,0.244009470781331,0.899962171724458,0.8724674318795789,0.8263107108394983,0.7819989460428316,0.3885546839694049,0.7937684628855464,KNNImputer,0.3179366727318679,0.31430612282779186,RandomForestClassifier,5718.0532920360565,9.965469598770142
244,1046,class_non_simple_,MNAR_,0.01_,2/,0,0.0,1.0,1.0,1.0,0.04247294732100331,1.0,0.9850662052009597,0.9607590865229978,0.9485518403461181,0.2088068093988492,0.9548950915897274,0.9828066204263276,0.9559343840463171,0.9414629469355069,0.2159335208256307,0.9491722181284439,BaggingClassifier,699.3748073577881,0.11081695556640625,0.9999999853450221,0.9999195882920553,0.9998776309348997,0.07308318508667176,0.9999088696523932,0.9861082068944178,0.96268896751367,0.9489906766048701,0.2307795280521545,0.956951681950178,0.9832445190007661,0.957220971373432,0.9409233096130458,0.23641615271934133,0.9504401153441273,KNNImputer,0.2707051733944925,0.2455783721492094,BaggingClassifier,6628.701748371124,0.5095784664154053
245,1046,class_non_simple_,MNAR_,0.1_,2/,0,0.0,1.0,1.0,1.0,0.06419534737307897,1.0,0.9876284275877977,0.9556127372145384,0.9389764425569901,0.19452193245973348,0.9485627760433901,0.9754542377236025,0.9347056931489225,0.9104216109979117,0.24006423767129353,0.9234977267881415,BaggingClassifier,544.8918602466583,0.1762371063232422,1.0,1.0,1.0,0.048627132939844164,1.0,0.9862692541752739,0.9565776777098746,0.9419421036197427,0.2152883336126375,0.9498870798178233,0.9714139904374954,0.9311675779993567,0.9055393231982162,0.26088771356439383,0.9191886090635427,IterativeImputer,0.27701870160056297,0.27096204391714385,BaggingClassifier,6939.1019151210785,0.20191335678100586
246,1046,class_non_simple_,MNAR_,0.3_,2/,0,0.0,0.9999319862477688,0.9960598263107109,0.994441337589139,0.09701863843614632,0.9955250646981761,0.9843835710206787,0.9520746220649726,0.9328458625148506,0.21298913259806332,0.9441989713619823,0.9534261578291484,0.901254422643937,0.8640348368476178,0.30155581127377823,0.8819218645019118,BaggingClassifier,556.9385974407196,0.19671344757080078,0.9994734613006,0.9872949501447411,0.9812280871443604,0.15069743138497918,0.9854731312280569,0.9791707495004487,0.9514313284014152,0.9326163642791037,0.2584830265487995,0.9435134343281812,0.929306104231113,0.8893534898681248,0.8454337586981941,0.32408797623335106,0.8659524119882485,IterativeImputer,0.29505058459904016,0.29775859149940004,BaggingClassifier,8384.098727941513,0.21332073211669922
247,1046,class_non_simple_,MNAR_,0.5_,2/,0,0.0,0.9946751137959031,0.9643776133805082,0.9468528141953978,0.1679700073610502,0.9585208138041372,0.9736208304694891,0.9482148600836282,0.9314688731003689,0.23050165208496626,0.9401052632208726,0.8795764855029315,0.81344483756835,0.7479492844062161,0.40877962049147576,0.7667546242400725,BaggingClassifier,478.181031703949,0.26285576820373535,0.9745133081853913,0.909456416854294,0.8801467256382975,0.2760357690268697,0.8934815880451763,0.965525567369336,0.9125120617561917,0.9056246524707513,0.2692958170824693,0.9017961824387724,0.8604338946624196,0.8079768414281119,0.7501179138024319,0.4184272525354046,0.7654372193271624,IterativeImputer,0.2953995536600899,0.30999279927439277,RandomForestClassifier,7056.446068286896,1.746352195739746
248,1046,class_non_simple_,MNAR_,0.01_,3/,0,0.0,1.0,1.0,1.0,0.1001627261141179,1.0,0.9856074834709698,0.9559343840463171,0.939216020899108,0.23787883092668483,0.9489214065803655,0.9851602080533955,0.9546477967192023,0.9372590737366814,0.24056783173290114,0.9473717952181062,BaggingClassifier,717.8367235660553,0.1657116413116455,0.9999999706900443,0.9999195882920553,0.9998776309348997,0.028557302373385232,0.9999088696523932,0.9831988068904794,0.9533612093920875,0.9353021265742547,0.13594228778772763,0.9458185366575961,0.981795796736296,0.9511096815696365,0.9321271274884969,0.14108260025821487,0.9431234124989649,KNNImputer,0.27439731002337486,0.2991354765376692,RandomForestClassifier,10327.001781463623,0.4590268135070801
249,1046,class_non_simple_,MNAR_,0.1_,3/,0,0.0,0.9999965853901595,0.999517529752332,0.9993282744349773,0.07762803935356505,0.9994531153252952,0.9872814843917757,0.9575426182052107,0.9409132295066749,0.18856561636464708,0.9507719812409854,0.9787405868215971,0.9395303956256031,0.9147642614751462,0.22457433960751413,0.9289654703048511,BaggingClassifier,500.1639573574066,0.17893171310424805,0.999633918653149,0.9807816018012222,0.9716286369991295,0.13636640686223134,0.9779229164683896,0.9809591479075106,0.95271791572853,0.9330753607505975,0.20857303931515872,0.9448858380253384,0.9667492453985487,0.9321325184946928,0.902513181497238,0.2427384983815871,0.9195387552111307,KNNImputer,0.33012683991450636,0.3317113495076269,BaggingClassifier,1532.534315109253,3.1659440994262695
250,1046,class_non_simple_,MNAR_,0.3_,3/,0,0.0,0.9996372746430779,0.9872949501447411,0.9821029307024717,0.1458086566843425,0.9854994866599481,0.9834116612296605,0.9575426182052107,0.9389159619187646,0.19836393096725138,0.9505516114573243,0.955380291938634,0.8957864265036989,0.8537205438193944,0.2988626509124479,0.8740729072907291,BaggingClassifier,477.3403401374817,0.15406084060668945,0.9994990195819814,0.9934866516564812,0.9930875693546828,0.11955279986524613,0.9926258030786874,0.9796663156601718,0.9517529752331939,0.9311083334818,0.23478783736367206,0.943649224731266,0.931621012380246,0.8864586683821164,0.8410306275827342,0.32482898751170375,0.8620396411472157,KNNImputer,0.3455730510678058,0.3306970329154243,BaggingClassifier,6731.019012451172,8.340022087097168
251,1046,class_non_simple_,MNAR_,0.5_,3/,0,0.0,0.9256563085283179,0.8306529430685108,0.8311498588725632,0.34252763442165507,0.815849005023294,0.9758037595514869,0.9395303956256031,0.9269975254510965,0.16928498832937058,0.9308594600221443,0.8801212800891175,0.7915728530073979,0.7835869144278673,0.40241213184378194,0.77218374458569,LGBMClassifier,604.853919506073,0.08464384078979492,0.9221635143809298,0.8369250562881956,0.8264471937182902,0.35532755035798114,0.8190970016543666,0.9678107040415131,0.9263428755226761,0.9119319860059993,0.21904399313908407,0.9157589850862755,0.8610858196814313,0.7912512061756192,0.7713637305582879,0.42361586456011535,0.7670549928150676,IterativeImputer,0.30535928396016465,0.3443931446792309,LGBMClassifier,6384.825113773346,0.11403083801269531
252,1120,class_non_simple_,MNAR_,0.01_,1/,0,0.0,0.9623314091063238,0.900105152471083,0.8752265782040085,0.25813610574912016,0.8867339692389231,0.9069340034938541,0.8462145110410094,0.8095943395197103,0.35970667980330195,0.82279117869022,0.9047451923135205,0.8462145110410094,0.8102780778225117,0.36244788062294103,0.8231019895322585,XGBClassifier,1263.1279950141907,0.08841133117675781,0.9940000303127327,0.9629994742376445,0.9591473596662567,0.18285619513887152,0.9594028125465976,0.9067961041464363,0.8422712933753943,0.8202277430453268,0.36445813108408326,0.8245812515294573,0.9059784064775718,0.8412197686645636,0.8195876476129169,0.3657237564341072,0.8236078274095682,KNNImputer,0.140794622614275,0.11058115259499611,LGBMClassifier,9425.019315719604,0.9957242012023926
253,1120,class_non_simple_,MNAR_,0.1_,1/,0,0.0,0.9483317008663759,0.8713853838065194,0.8365243989079838,0.3027469506574532,0.8515252621080891,0.904381804802413,0.843322818086225,0.8022359697263957,0.36525710734287675,0.8174539476989631,0.8879169257962097,0.8307045215562566,0.7870337032066599,0.39136496706735063,0.8020176968722077,HistGradientBoostingClassifier,3026.5356364250183,0.030086994171142578,0.9999927059987004,0.9975026288117771,0.998074194202311,0.11462081034549877,0.9972658221354804,0.9019840230725307,0.8393796004206099,0.8075704014053005,0.3736711152727831,0.8174293467225371,0.8871781792921853,0.8283385909568874,0.7947812219276329,0.40368953637772864,0.804554503262012,KNNImputer,0.1472956683538095,0.11845673431238814,RandomForestClassifier,9545.372156620026,9.421947479248047
254,1120,class_non_simple_,MNAR_,0.3_,1/,0,0.0,0.9671444837457444,0.8932702418506835,0.862683548332705,0.2790924762896061,0.877470038383239,0.8966351953079065,0.8278128286014721,0.782752155775952,0.3830619556950241,0.7980187088168309,0.8512390332134365,0.7931125131440588,0.7441936797849862,0.44523698181928434,0.7569679713811786,HistGradientBoostingClassifier,1709.9564073085785,0.056215763092041016,0.9687126940251708,0.9047712933753943,0.8941823992906821,0.3342047914682552,0.8952794275150892,0.8844361038069917,0.8280757097791798,0.7952622027284069,0.40912317027587963,0.8046211458906307,0.8439597661227066,0.788906414300736,0.7441973166908521,0.4582368390053188,0.7551186895269759,IterativeImputer,0.15357469173652763,0.12562402734294853,ExtraTreesClassifier,9639.247786998749,0.3504066467285156
255,1120,class_non_simple_,MNAR_,0.5_,1/,0,0.0,0.8825763075681421,0.8109884332281808,0.7864424408570168,0.44595052486437814,0.7900038425925597,0.8840427118224898,0.8209779179810726,0.7973088715044788,0.410005161521014,0.8010840187059916,0.7860908353609084,0.7426393270241851,0.7064607814255943,0.5306787943185314,0.7108671812252747,LGBMClassifier,1875.3148415088654,0.13932204246520996,0.9857201452737713,0.9459779179810726,0.9417435883834031,0.32691599371000785,0.9408754293326499,0.8797063077283037,0.8188748685594112,0.7902169050658462,0.4306395896800018,0.7965938797865946,0.7889458064656911,0.7478969505783386,0.6975249037129172,0.5178042974599396,0.7062046027974554,KNNImputer,0.15328647622944627,0.14020698121731948,RandomForestClassifier,7228.1706376075745,27.880468606948853
256,1120,class_non_simple_,MNAR_,0.01_,2/,0,0.0,0.951500518158274,0.882229232386961,0.8509610462439683,0.2907240651151676,0.8649260550497073,0.90479974590151,0.8443743427970557,0.8044144763401089,0.3647092230973438,0.8191773641530571,0.9024342417111885,0.8427970557308097,0.803026996752243,0.3680365008307896,0.8175109262789042,HistGradientBoostingClassifier,2122.8235177993774,0.026684045791625977,0.9621702400957882,0.8997765509989485,0.8739892692926334,0.2652958831573143,0.8861213639023462,0.9063420970641682,0.8435856992639327,0.8043190075611273,0.36125792334723744,0.8186320840707096,0.9056422957604586,0.843322818086225,0.8042871846348001,0.36232446230449616,0.8184502951324605,KNNImputer,0.14117053375855815,0.11743652559029696,XGBClassifier,3388.055923938751,1.1494901180267334
257,1120,class_non_simple_,MNAR_,0.1_,2/,0,0.0,0.9547722850685162,0.8817034700315457,0.8497000365647338,0.2885977283710577,0.864087691307561,0.9050497831797952,0.8409568874868559,0.8050263857520576,0.36390885143652707,0.8172933145605579,0.8878235785456499,0.823080967402734,0.7773931749824519,0.3943502808558686,0.7923696479015855,HistGradientBoostingClassifier,1740.2354710102081,0.02879619598388672,0.9755094338907719,0.9127891692954785,0.8849648656482851,0.24401677672617092,0.9000996483598889,0.9002145168309942,0.8356992639327024,0.7949885255619928,0.3702983492911563,0.809141231875943,0.8851331774313018,0.814931650893796,0.7692274120868929,0.39772313600287534,0.7832671592628861,IterativeImputer,0.14052245238857128,0.12608220091365016,LGBMClassifier,9389.433526992798,0.19260454177856445
258,1120,class_non_simple_,MNAR_,0.3_,2/,0,0.0,0.9581928496052713,0.8811119873817035,0.8468910882460485,0.2993285477909685,0.862646957857059,0.8975944292300548,0.8346477392218717,0.7955449721594856,0.3781052375936294,0.8087848726326528,0.8407268598833522,0.7941640378548895,0.7431244294603923,0.4552102727572314,0.7566830567207078,HistGradientBoostingClassifier,1058.8819460868835,0.03459620475769043,0.9897188494044497,0.954521556256572,0.950043025134939,0.2635890592012422,0.9501200438154621,0.8885582335305748,0.8270241850683491,0.7941093035688958,0.3977069281995682,0.803426168189656,0.834004342465604,0.7836487907465826,0.7406549703774017,0.46601275628567257,0.750475804412127,KNNImputer,0.15151912180745883,0.13851655491925824,RandomForestClassifier,8483.643544435501,18.035773992538452
259,1120,class_non_simple_,MNAR_,0.5_,2/,0,0.0,0.894307903476681,0.8226866456361724,0.7958055513980801,0.44351883107862206,0.8014912845414757,0.8858999584180429,0.8257097791798107,0.7985654224811699,0.40094292774358287,0.8046498117992333,0.7684773002520375,0.7371188222923238,0.6847675471615768,0.5421132478660433,0.6928612029764365,LGBMClassifier,2970.159990787506,0.1475210189819336,0.7853023505629644,0.7398790746582544,0.6975556949099238,0.5448747931047115,0.7036528552969583,0.8724655312246554,0.814143007360673,0.788447550362054,0.44053937680734157,0.7928732472791503,0.7559131543248265,0.7276550998948476,0.6701180903334679,0.5588476806533978,0.6779848313257146,KNNImputer,0.1523454082942494,0.13660662896037915,LGBMClassifier,5343.586566448212,31.459861040115356
260,1120,class_non_simple_,MNAR_,0.01_,3/,0,0.0,0.9744993378562458,0.9097660357518401,0.8862270499459107,0.23664972173642942,0.8977872502711994,0.9061966208295296,0.8435856992639327,0.8050027458639288,0.36225604506816617,0.8189586679962665,0.9050276586691107,0.8393796004206099,0.8010748875286862,0.3638726485085116,0.8144225934817908,HistGradientBoostingClassifier,1176.324411869049,0.029639244079589844,0.960683220576283,0.8968848580441641,0.8706471389516721,0.262907863731552,0.8827871535912324,0.9024239371445683,0.8422712933753943,0.8041598929294913,0.3676405725771215,0.8177229746997189,0.9013922681805895,0.8412197686645636,0.8028360591942798,0.3686566707456721,0.8164258711161352,KNNImputer,0.1374728238682699,0.11367659677059495,XGBClassifier,10869.616722106934,1.132486343383789
261,1120,class_non_simple_,MNAR_,0.1_,3/,0,0.0,0.9738516684317519,0.9080573080967402,0.8825565569282592,0.24846157445387265,0.8954002280576677,0.9010949511260467,0.8349106203995794,0.7964314679643147,0.3719365187076658,0.8093864779259974,0.8877638726743504,0.8201892744479495,0.7773849919442535,0.394524730552689,0.7907896958576628,HistGradientBoostingClassifier,1854.9861402511597,0.030963659286499023,0.9838663890525564,0.9353312302839116,0.9279295456310827,0.25604242776186176,0.9289193924114456,0.8968788680009262,0.8356992639327024,0.8057574038311166,0.38257831413483634,0.8142370157534042,0.8831740974715018,0.8204521556256572,0.7883566277154048,0.40452095339443334,0.7966685227482163,IterativeImputer,0.14147635132984523,0.1246933473810285,RandomForestClassifier,9567.654944896698,0.33908605575561523
262,1120,class_non_simple_,MNAR_,0.3_,3/,0,0.0,0.9610844759023248,0.8866982124079916,0.8550916865436096,0.28963319520312064,0.8697978857177697,0.8974480437689497,0.8359621451104101,0.7922853952771141,0.37863819162738893,0.8078958911648308,0.8392830082545639,0.7896950578338591,0.7360879258362156,0.46021153263050724,0.7498621578728815,HistGradientBoostingClassifier,1713.5944330692291,0.03247213363647461,0.9901987567990513,0.9530099894847529,0.9484068385524912,0.26062383820188556,0.9484643907202801,0.8903321343666997,0.8333333333333334,0.7962405304063515,0.3921766361290601,0.8083267766285662,0.8431432807557975,0.7875920084121977,0.7378845573340025,0.45765777029746596,0.7503043986457306,IterativeImputer,0.14726448863760486,0.12853873921187076,RandomForestClassifier,10227.052486419678,0.36125993728637695
263,1120,class_non_simple_,MNAR_,0.5_,3/,0,0.0,0.8746683408136317,0.8046792849631966,0.7774276993962083,0.46361699685479824,0.7819979456820565,0.8784446044683025,0.8215036803364879,0.7917316763590208,0.4054688208501168,0.7989133493880904,0.7950326230456177,0.7473711882229233,0.707546397826585,0.534163331190157,0.7134386904064338,LGBMClassifier,1632.7211105823517,0.09994292259216309,0.960216110838507,0.898593585699264,0.8886057658606638,0.39365332372966366,0.8887553977407483,0.8877002268216958,0.8154574132492114,0.7790343287544688,0.4183604129505385,0.789045636597755,0.7918068390802506,0.7471083070452156,0.6964038274797333,0.5244501093805942,0.705081106870229,KNNImputer,0.1533230981806288,0.1383145498318478,RandomForestClassifier,8321.752538442612,27.918837308883667
264,1220,class_non_simple_,MNAR_,0.01_,1/,0,0.0,0.9348547428872437,0.8728643845046624,0.8503596103563711,0.41797963947454514,0.8021362868344157,0.6890243506972741,0.7540675844806007,0.6133728003592601,0.5213262765487425,0.6013831948678596,0.6879178769480424,0.755694618272841,0.6099078993391797,0.5200049133813582,0.5996792193502477,RandomForestClassifier,4887.1359169483185,0.6266841888427734,0.9335094812887789,0.8674823205457163,0.8514207293090823,0.4675547387076418,0.7971366205186322,0.6868319783549358,0.7458072590738423,0.6113680644950633,0.5473733625053431,0.5966293397507978,0.6856035073484618,0.7449311639549436,0.6087677673182431,0.5479230968185579,0.59455301987862,KNNImputer,0.24815036226816262,0.2600642371093962,RandomForestClassifier,9477.57879948616,4.610723972320557
265,1220,class_non_simple_,MNAR_,0.1_,1/,0,0.0,0.9276922179222065,0.8671068277113712,0.8382295093171857,0.465082844300716,0.7925709440969391,0.6883416245248704,0.7541927409261577,0.6167064229375419,0.5379551111267376,0.6036714757398055,0.677539108451648,0.7545682102628285,0.6000479266951916,0.5453066279637108,0.5922707619067025,RandomForestClassifier,4850.444725751877,0.6778914928436279,0.9413408249698921,0.8829088178233933,0.8590660726962196,0.44243761926836267,0.8150697186276661,0.6833318535621411,0.7575719649561953,0.6027427130400866,0.5297603899906771,0.5953464540225111,0.6735866656886014,0.7538172715894869,0.5945607338353075,0.5370949431481268,0.5879881943112368,IterativeImputer,0.20979938669234383,0.20787677605437316,RandomForestClassifier,11540.80628323555,2.3359079360961914
266,1220,class_non_simple_,MNAR_,0.3_,1/,0,0.0,0.9451158045492916,0.8984291883096565,0.8650638271013307,0.44284858265583826,0.8336584169084766,0.6743740008748914,0.7799749687108886,0.5774093284179583,0.5043453370929948,0.5818285744906981,0.6327940145081687,0.7568210262828535,0.5617097015439418,0.5464955803499849,0.5622340145499115,RandomForestClassifier,4089.3902208805084,0.817981481552124,0.9384341438986198,0.888197008573753,0.8520214478949723,0.45182948417666297,0.8185318904879613,0.669948720896218,0.7514392991239048,0.5955005935485256,0.5312400464779968,0.587829214224681,0.6261991178625455,0.7519399249061327,0.5611444438580028,0.5534666343726774,0.5606688942575672,IterativeImputer,0.2224311751418754,0.22067969391145512,RandomForestClassifier,12787.59931921959,0.7604343891143799
267,1220,class_non_simple_,MNAR_,0.5_,1/,0,0.0,0.9317713251812014,0.8827836535452782,0.8452103931516544,0.47475304803454155,0.8106612186291822,0.663561644509609,0.7918648310387985,0.5602689933291766,0.5155669760211246,0.5668200505450558,0.6057905757733799,0.7583229036295369,0.5457285081312122,0.5640242387588806,0.5476106344981428,RandomForestClassifier,3380.811952114105,0.9116580486297607,0.8947792267958551,0.8407284560986295,0.7988833438372741,0.5278414799851058,0.7543871384109483,0.6328490306865036,0.7275344180225282,0.5784607859888554,0.5841848215420316,0.5674236999984507,0.5942320345340577,0.7148936170212766,0.5462740852330316,0.595864256796763,0.5400785109164903,KNNImputer,0.2633635995475269,0.2519144058044931,ExtraTreesClassifier,14668.96862411499,107.01826977729797
268,1220,class_non_simple_,MNAR_,0.01_,2/,0,0.0,0.9285440341083877,0.8646348332185995,0.8408180623484396,0.4121816589363587,0.7910139051555038,0.6821005311073995,0.7485607008760952,0.6065069602174883,0.5222490515153665,0.5944897589269531,0.6807576667057296,0.7494367959949937,0.6052564603753803,0.5224937185942985,0.5939793736390448,RandomForestClassifier,1681.177262544632,0.5843977928161621,0.9343150875462637,0.8699230239689593,0.8478502144191029,0.422732646713557,0.7984255256180339,0.6876663344822619,0.753566958698373,0.6130717768794287,0.5231298198721961,0.6009723785851382,0.6864303155244921,0.7528160200250313,0.6111391658831706,0.5239640843247694,0.5993546106178232,KNNImputer,0.20091079166580644,0.20996378477035657,RandomForestClassifier,7572.806704282761,4.618834972381592
269,1220,class_non_simple_,MNAR_,0.1_,2/,0,0.0,0.959433083492794,0.9111959446773891,0.8810378153615268,0.41970163096900104,0.8528265426437835,0.6924245629792111,0.7747183979974969,0.6086095398947804,0.5156051266040895,0.6062856757410217,0.6803231842648363,0.7807259073842303,0.5953375578005338,0.5219230154825827,0.5978552556085461,RandomForestClassifier,4770.633715391159,0.675523042678833,0.927398545942492,0.8651041992615307,0.8377662983911184,0.433499689484369,0.7904734251674591,0.686714509868471,0.7526908635794743,0.6128412009450259,0.5222158597747213,0.600454262527421,0.6740714118940505,0.7499374217772216,0.6055574838552117,0.5319681286566692,0.594383225963425,IterativeImputer,0.2174392896688436,0.2162757831854401,RandomForestClassifier,10769.893142461777,15.080711603164673
270,1220,class_non_simple_,MNAR_,0.3_,2/,0,0.0,0.9024062001720008,0.8485199324112899,0.8120140878652973,0.5124978478858527,0.7661211957923473,0.6858428053599176,0.762828535669587,0.6026450928699928,0.5452884045023781,0.5972586333422095,0.646141532026125,0.7361702127659574,0.5851345167924584,0.574429553792654,0.5750353865523532,RandomForestClassifier,4121.319146633148,0.7319800853729248,0.9458787210685784,0.8998059953689217,0.867892025752665,0.4446611662762892,0.83601804877253,0.6813331001482306,0.7655819774718398,0.596302912815907,0.5184475578761791,0.5934510423235502,0.6393572097583492,0.7566958698372966,0.5714095457989556,0.5419637637291231,0.5705975533900063,KNNImputer,0.25454990974714253,0.2405134819852106,RandomForestClassifier,12929.74876999855,80.34004640579224
271,1220,class_non_simple_,MNAR_,0.5_,2/,0,0.0,0.8748544067387647,0.8285562300519431,0.7819332315715126,0.5225472163950695,0.737546999721744,0.6687645312040134,0.753566958698373,0.5843389068151179,0.5322938373737625,0.580156850971562,0.6104558806032635,0.7111389236545682,0.5585309517441023,0.5856432960661001,0.5482303271472394,RandomForestClassifier,2194.0403571128845,0.8821015357971191,0.971109495948432,0.8838162588397271,0.9045091871448767,0.5057350558901507,0.8282916546099346,0.6546959886496704,0.7078848560700877,0.5885655358978328,0.570578398202106,0.5671453802482114,0.6006647900036945,0.6884856070087609,0.5493528666112628,0.5996930352704415,0.53534280550878,KNNImputer,0.25418192679933793,0.24009306017550036,RandomForestClassifier,12580.793518781662,95.9406054019928
272,1220,class_non_simple_,MNAR_,0.01_,3/,0,0.0,0.9339838715288615,0.8738969897991113,0.8475724095145345,0.43623021481554997,0.8022995808357662,0.6910089027805981,0.7583229036295369,0.6162277150931295,0.5289124806830245,0.6050970203896019,0.6894050469963404,0.7598247809762203,0.6144648491349042,0.5286017035634489,0.6045192202610206,RandomForestClassifier,4790.103794574738,0.6500163078308105,0.9290829029122651,0.8710495024719945,0.8456627253956652,0.41264276609341954,0.8006871565577716,0.6859304734164511,0.7561952440550689,0.611689998595522,0.5174418663090843,0.6011120104841197,0.6828204938395299,0.7545682102628285,0.6082618868491654,0.5201639641986732,0.5995735569641122,IterativeImputer,0.28958611179309135,0.2703272177881466,RandomForestClassifier,12776.981723308563,1.0071308612823486
273,1220,class_non_simple_,MNAR_,0.1_,3/,0,0.0,0.9912118426731154,0.9369484948995557,0.9595708533316509,0.37222707242584346,0.9010621306045966,0.6863273279223654,0.7625782227784731,0.6001248598876596,0.5177510211672738,0.5952872809780779,0.6649838462660117,0.7551939924906133,0.5882793846775918,0.5328078260370099,0.5837268745587144,RandomForestClassifier,4400.805444955826,0.7705905437469482,0.9287626599613714,0.8666374616684398,0.8409108317778775,0.4226626347247913,0.7929870286356833,0.6813585954503857,0.7546933667083855,0.6057512705158907,0.5195186058988883,0.5963823171104475,0.6609334478683692,0.7380475594493117,0.5883368609289414,0.5335133586008162,0.5779545349179644,IterativeImputer,0.22656814359329253,0.21239903759640466,RandomForestClassifier,10895.787255525589,12.159589290618896
274,1220,class_non_simple_,MNAR_,0.3_,3/,0,0.0,0.9574082048977672,0.9099130108267101,0.875302526639627,0.425832425039406,0.8497857790908145,0.6755830708509974,0.7892365456821027,0.5823858324842354,0.5003791303726774,0.5888543231171188,0.6531915980902677,0.767459324155194,0.5716610323539857,0.5311746000781042,0.5735245804341773,RandomForestClassifier,4322.552956342697,0.8512661457061768,0.9201399970322731,0.8628512422554603,0.8275951851121013,0.46211299490734015,0.784893475958031,0.6710639726332532,0.7413016270337922,0.6054004864682565,0.5338197996220732,0.5908611377251813,0.6447916787806625,0.7319148936170212,0.5802060959714739,0.5529620305725863,0.5700988000752365,IterativeImputer,0.22309727274304458,0.2192421753328984,RandomForestClassifier,11354.039363622665,0.6993613243103027
275,1220,class_non_simple_,MNAR_,0.5_,3/,0,0.0,0.8741530323780901,0.808655109831654,0.778784055867989,0.5322340423912734,0.7205408864995708,0.6696077212298934,0.7909887359198998,0.5757378206257888,0.5404717998013493,0.5828310723617214,0.6001451554900332,0.7120150187734668,0.5563918064360878,0.5938448638440816,0.5469308323803104,RandomForestClassifier,3249.2082369327545,0.8295416831970215,0.8922022620779099,0.8335002190374867,0.7975008493202418,0.506769948153179,0.7476935094698737,0.6667023749992171,0.7246558197747184,0.5939103799873507,0.5721174232226294,0.5768702824575012,0.5780287077102266,0.7050062578222779,0.5462531746124043,0.5928028164802343,0.5376599099336307,IterativeImputer,0.24811825881433283,0.2504781191078895,RandomForestClassifier,14882.229521512985,0.713721752166748
276,1558,class_non_simple_,MNAR_,0.01_,1/,0,0.0,0.9840725106691764,0.9375,0.9469498486862277,0.19044902417561888,0.8716553621314718,0.9197997695188707,0.9060773480662984,0.7963363103812542,0.24251791295029365,0.7809459263203757,0.9182512244309997,0.9082872928176795,0.7975847498319408,0.24378349755758028,0.7844180593463804,RandomForestClassifier,353.6174178123474,0.05657386779785156,0.994809529056967,0.9369469026548672,0.9643638637074086,0.16816397704299554,0.8741788680420112,0.9089479496782868,0.8806629834254144,0.7945296744454048,0.262029661180196,0.7493846153846153,0.905658791894747,0.8773480662983425,0.7926570152693748,0.26709599252228866,0.7449869390055366,KNNImputer,0.25077565825473047,0.2776203534293677,LGBMClassifier,11056.447314023972,0.13656878471374512
277,1558,class_non_simple_,MNAR_,0.1_,1/,0,0.0,0.9727522764532982,0.9112278761061947,0.9237595231723343,0.274927449065321,0.8285556032308594,0.9135575722654374,0.8784530386740331,0.7890977624123692,0.28991505102113513,0.7447435897435898,0.8931023720349562,0.8662983425414365,0.7654974551041966,0.3246006869773877,0.7220127893663958,RandomForestClassifier,343.7661786079407,0.0616459846496582,0.9490413296121466,0.9056969026548672,0.8539003120729425,0.2704275025991432,0.8024574739125417,0.9170508018822625,0.901657458563536,0.8063898492269279,0.27621138843714943,0.7791769134391047,0.8734394506866419,0.8784530386740331,0.7734262460386057,0.3171066780743427,0.7358014861995754,IterativeImputer,0.3421174410614768,0.3503997091843194,RandomForestClassifier,8651.765038728714,0.6967477798461914
278,1558,class_non_simple_,MNAR_,0.3_,1/,0,0.0,0.9857831771469352,0.9477323008849557,0.9402200028036339,0.25978545391860247,0.8869935536997398,0.9092360510899837,0.9138121546961326,0.7379537597234227,0.2716447132050247,0.7640582384084711,0.8589143378469221,0.8883977900552487,0.6692115624699895,0.32692047759275955,0.6899938612645795,RandomForestClassifier,399.8719735145569,0.0740513801574707,0.9818693341669273,0.9446902654867256,0.9343297478303696,0.241336826760342,0.880729974773862,0.9038461538461539,0.9093922651933701,0.7521907711514453,0.2697300322472284,0.7654136003843917,0.8528762124267742,0.8883977900552487,0.7026793431287813,0.32019663431682716,0.7123467008223161,KNNImputer,0.25788740196520427,0.24569481476150884,RandomForestClassifier,5289.477998971939,1.2535085678100586
279,1558,class_non_simple_,MNAR_,0.5_,1/,0,0.0,0.98146153286811,0.9430309734513275,0.922964535530063,0.2993756050723724,0.875627044091944,0.9092960722174206,0.9049723756906077,0.7245930567559781,0.3000594685451454,0.744766114856888,0.8243901853452416,0.8939226519337017,0.684883078843753,0.37446046593392507,0.7067797067797068,RandomForestClassifier,360.9965054988861,0.08537507057189941,0.9597532352361312,0.9034845132743363,0.8745452528255607,0.32511702587874414,0.8051199137698734,0.8901013156631133,0.8883977900552487,0.7612479592816672,0.32369391253377433,0.7436943568173853,0.7970685681359837,0.8662983425414365,0.7069288389513109,0.3923356743022102,0.6929407641079566,IterativeImputer,0.27898075241931886,0.2819598625047617,RandomForestClassifier,7073.278610944748,5.093847274780273
280,1558,class_non_simple_,MNAR_,0.01_,2/,0,0.0,0.996553929098047,0.9430309734513275,0.9678024382619569,0.16692781083660704,0.8843271715364739,0.9246014597138192,0.8972375690607735,0.8248103332372996,0.2462437252147602,0.7804916215687553,0.9224166906751177,0.8950276243093923,0.8235618937866129,0.24777958045591283,0.7773020325803435,LGBMClassifier,363.18633127212524,0.0406489372253418,0.9927472838859266,0.9333517699115044,0.9623319787433573,0.19154465716518876,0.8683357569943079,0.9136656102948238,0.8883977900552487,0.803082685105157,0.2665008350586587,0.7616091804133794,0.9080476327667337,0.887292817679558,0.7982749927974647,0.27032932842095486,0.7584165567489479,KNNImputer,0.25456438707282797,0.27300922120986254,LGBMClassifier,8971.230667829514,0.13193011283874512
281,1558,class_non_simple_,MNAR_,0.1_,2/,0,0.0,0.9764322333942786,0.9242256637168141,0.9279773430396039,0.23251596669370753,0.8476035783282267,0.9263300681840008,0.9027624309392265,0.8070140689522712,0.25028198264296597,0.7808475509080903,0.9146619610102756,0.9027624309392265,0.7777297608758282,0.27029078831648257,0.7686927831218923,RandomForestClassifier,387.9846706390381,0.0651082992553711,0.9999767613230454,0.9845132743362832,0.9912472647702407,0.08228135338074541,0.964124314805169,0.9168227215980025,0.9027624309392265,0.7609958705464324,0.22653731880790767,0.7609958705464324,0.8969797368673773,0.9027624309392265,0.7526289253817344,0.23945902980467965,0.7569164652162235,KNNImputer,0.24768016760748235,0.2498896439689038,LGBMClassifier,6971.972401857376,1.162722110748291
282,1558,class_non_simple_,MNAR_,0.3_,2/,0,0.0,0.9681255308351006,0.9195243362831859,0.9096791338420355,0.2807985891015345,0.8364672337220747,0.9083597426294056,0.8950276243093923,0.798461058292519,0.2817602717469003,0.7677136102668017,0.8477143954672045,0.856353591160221,0.7054943340055699,0.36019006792680985,0.6832802101953352,RandomForestClassifier,362.9158399105072,0.06961941719055176,0.9793100811629534,0.9375,0.9271377521302745,0.24466833382761077,0.8675301568858331,0.8989484298473063,0.9038674033149171,0.7699870354364736,0.2813474970847761,0.7666343597449827,0.8636680111399213,0.8685082872928177,0.6998103332372996,0.33308239782787,0.6909126393038467,IterativeImputer,0.24991733322627152,0.25109116051163594,ExtraTreesClassifier,11139.047747612,0.11665558815002441
283,1558,class_non_simple_,MNAR_,0.5_,2/,0,0.0,0.974696079335344,0.9264380530973452,0.9208857983947322,0.28960632291279803,0.8491847860173053,0.9176870258330931,0.9005524861878453,0.7513804859310478,0.27860628546279664,0.7534985352153596,0.7980889273024104,0.8685082872928177,0.6496086622491116,0.36573827804979503,0.658029689608637,RandomForestClassifier,364.1538360118866,0.08313226699829102,0.9723770842656915,0.8821902654867256,0.9188183057805084,0.3515835488378048,0.7916103896103897,0.8494309997118986,0.8662983425414365,0.7947817631806395,0.37599741807548337,0.7341989072311588,0.7383739076154806,0.8110497237569061,0.7050021607605876,0.4498519908146841,0.6479392313834688,IterativeImputer,0.3139851595200813,0.3291607960868136,LGBMClassifier,10513.274320602417,6.407134771347046
284,1558,class_non_simple_,MNAR_,0.01_,3/,0,0.0,0.9820469976004191,0.9004424778761062,0.9406041906081262,0.25034488076472067,0.8187032468964964,0.9157543455296264,0.8685082872928177,0.8294979832901181,0.2991294771784674,0.7493419046710221,0.9111327187169884,0.8629834254143647,0.8221934120810526,0.30699510435902044,0.7410610451701032,LGBMClassifier,283.85870027542114,0.028461217880249023,0.9965629247149327,0.9480088495575221,0.9695730755189533,0.15162365261362293,0.892711134679242,0.9176029962546817,0.8917127071823204,0.804955344281187,0.2503460482126025,0.7662706611570248,0.9126332469029098,0.8883977900552487,0.798899212522808,0.2589691337641422,0.7599538842536786,IterativeImputer,0.24265000599454092,0.26325450511059856,LGBMClassifier,9371.404638290405,0.3909790515899658
285,1558,class_non_simple_,MNAR_,0.1_,3/,0,0.0,0.9802366297021776,0.9286504424778761,0.9315208664578184,0.21662875098486328,0.8548959369593173,0.9180711610486891,0.8895027624309392,0.7911564870834533,0.25500730111132924,0.7581093506104732,0.8835950254489581,0.8850828729281768,0.7468248823585902,0.2812126717986331,0.7330201738262192,RandomForestClassifier,388.3775243759155,0.06171917915344238,0.9983298137982269,0.9516039823008849,0.9726477024070022,0.18554476432546038,0.8992197333113341,0.9178670892154037,0.8961325966850828,0.7907183328531644,0.2684768468606387,0.7659053384700055,0.8811941803514838,0.8883977900552487,0.7403305963699223,0.29214185178440655,0.7334548370634979,IterativeImputer,0.2584635850495583,0.2643947709625688,ExtraTreesClassifier,10840.420320510864,2.7789227962493896
286,1558,class_non_simple_,MNAR_,0.3_,3/,0,0.0,0.9757748037268841,0.9261615044247787,0.9113448222353658,0.2834088763143996,0.8464929498391827,0.9115168539325843,0.8906077348066298,0.8043311245558437,0.2964821874446708,0.7647072726842988,0.8780730817247672,0.8972375690607735,0.7202235186785748,0.3371992892889276,0.7327458918790188,RandomForestClassifier,400.7949311733246,0.07413482666015625,0.9553105249467198,0.8935287610619469,0.8720467202355653,0.3231108958393458,0.7918958426853593,0.9090439834821857,0.8674033149171271,0.7912225103236339,0.3302974623107312,0.7339174409032105,0.8685897435897436,0.8751381215469614,0.7495738499951983,0.3607607780646393,0.7237014522120905,IterativeImputer,0.2506487987419519,0.25175708889997234,RandomForestClassifier,9361.848827838898,0.1329357624053955
287,1558,class_non_simple_,MNAR_,0.5_,3/,0,0.0,0.9997773584820796,0.9775995575221239,0.9873397936855267,0.19161313399621374,0.9493264337450076,0.9077115144530876,0.907182320441989,0.6965571881302218,0.2622499630205465,0.7301729278473464,0.7986651301258043,0.8685082872928177,0.6286912993373668,0.34936742397159043,0.6417629937629938,RandomForestClassifier,389.98851919174194,0.09607362747192383,0.9679418703236847,0.9217367256637168,0.8984166215011735,0.28953978158353766,0.8367526910023411,0.8994406030922886,0.8950276243093923,0.764993277633727,0.2996056244985181,0.7532495859988693,0.7797104580812445,0.8662983425414365,0.673461058292519,0.3713081074458595,0.6727374338406917,IterativeImputer,0.27726996309002905,0.28192024757098316,RandomForestClassifier,12074.172091960907,0.10366296768188477
288,1526,class_non_simple_,MNAR_,0.01_,1/,0,0.0,1.0,1.0,1.0,0.02505944754961314,1.0,1.0,1.0,1.0,0.054279436735039904,1.0,0.9999903313539957,0.9981684981684982,0.9988378684807256,0.06350196030382965,0.9988378684807256,BaggingClassifier,312.79958176612854,0.06767106056213379,0.9999977437613756,0.998166819431714,0.997795189441256,0.004099329402117035,0.9983152372346649,1.0,1.0,1.0,0.0013445717183558693,1.0,1.0,1.0,1.0,0.0014074965283815573,1.0,KNNImputer,0.14469724830574054,0.09253035020137167,RandomForestClassifier,3056.1513092517853,0.07464766502380371
289,1526,class_non_simple_,MNAR_,0.1_,1/,0,0.0,0.9999965914885325,0.9979376718606783,0.9960285158507001,0.15205124440797635,0.9973577314777977,0.9999508974060778,0.9954212454212454,0.9962172747887033,0.192073635459394,0.9966332169226257,0.9971569067622361,0.9725274725274725,0.959995361781076,0.26301469951703466,0.9668007482305337,BaggingClassifier,326.24607396125793,0.08118772506713867,0.9998968979828914,0.9878551787351054,0.9854182037346909,0.031235647922179637,0.9855839300159639,1.0,0.9990842490842491,0.9984848484848485,0.021444764581260482,0.9989428564200239,0.9869145678659819,0.9725274725274725,0.9741161616161617,0.5051812893900464,0.9689400799882102,IterativeImputer,0.10011313830944353,0.10260371522932403,RandomForestClassifier,4177.892897367477,1.3548991680145264
290,1526,class_non_simple_,MNAR_,0.3_,1/,0,0.0,0.9995393163938151,0.9862511457378552,0.9842190582704634,0.14604049502301447,0.9874562811648185,1.0,1.0,1.0,0.0812344392613301,1.0,0.983878171409448,0.8910256410256411,0.8670403009688724,0.31857904449491137,0.8822436175152407,BaggingClassifier,318.9912896156311,0.06171536445617676,0.9932746544831961,0.923006416131989,0.930043448410552,0.22499526653886995,0.9300768626232998,0.9999257314460295,0.9917582417582418,0.9888321995464853,0.12191252498606335,0.9912682786171373,0.9489843225123451,0.8782051282051282,0.8797850958565244,0.4132117831224346,0.8804793880815401,IterativeImputer,0.13328682353821297,0.14414826159543231,LGBMClassifier,2525.640761613846,0.3059723377227783
291,1526,class_non_simple_,MNAR_,0.5_,1/,0,0.0,0.9770758468562033,0.8567827681026581,0.8233921369711178,0.37911587546274317,0.8469366749425866,0.9999084511535354,0.9926739926739927,0.9880746237889095,0.05805910024389857,0.9916300193404253,0.9375147670316488,0.7426739926739927,0.7054061018346733,0.5479478767170732,0.735623321632496,XGBClassifier,306.74067783355713,0.10859966278076172,0.9535164764192826,0.8132447296058661,0.7732238583794142,0.5749943083858193,0.795280617566569,0.9997891336956966,0.9862637362637363,0.9831581117295403,0.32063832372038126,0.987090728281729,0.880654258348731,0.7206959706959707,0.6787930323644609,0.7456127789690079,0.7025329752020593,IterativeImputer,0.14211346675744616,0.16117179101547757,XGBClassifier,3784.5061163902283,2.109636068344116
292,1526,class_non_simple_,MNAR_,0.01_,2/,0,0.0,1.0,1.0,1.0,0.00039107401809607915,1.0,1.0,1.0,1.0,0.00012937217491711833,1.0,0.9999431009714637,0.9935897435897436,0.9912904555761699,0.023573126242606785,0.9935407693649452,LGBMClassifier,265.88367080688477,0.08684825897216797,0.9999935925920934,0.9995417048579285,0.9997165532879819,0.0026019045817398416,0.9993074901319046,1.0,1.0,1.0,0.0009105097983614325,1.0,0.9975524669296423,0.9963369963369964,0.9966991341991343,0.132928334476861,0.9967413335100597,IterativeImputer,0.06308004122928204,0.1413142994476646,RandomForestClassifier,4828.244966030121,0.6658475399017334
293,1526,class_non_simple_,MNAR_,0.1_,2/,0,0.0,0.9999975362735603,0.9988542621448213,0.9990328346265565,0.06839709555276875,0.99904016969939,1.0,1.0,1.0,0.06888828211087866,1.0,0.9983649182172114,0.9716117216117216,0.9727994227994229,0.13974047940917567,0.9718850011240067,BaggingClassifier,303.48891711235046,0.08180665969848633,0.9998656658669136,0.9814390467461045,0.9833515299459137,0.033579605956670894,0.982592111978827,1.0,1.0,1.0,0.024216888361449276,1.0,0.9899179943430407,0.9688644688644689,0.9782622139764997,0.4239932029582297,0.9664870823723072,IterativeImputer,0.10567171352886838,0.09538567449488594,RandomForestClassifier,3985.0458483695984,0.1834869384765625
294,1526,class_non_simple_,MNAR_,0.3_,2/,0,0.0,0.9987661788448563,0.9711274060494959,0.9557190977925558,0.2079377966425387,0.9652846719394014,0.9999947751758154,0.9963369963369964,0.9912904555761699,0.1340460147983295,0.9944262350777451,0.9787388766006184,0.8836996336996337,0.8373350855493713,0.4006120384868455,0.8568283003160851,BaggingClassifier,312.6279058456421,0.06381654739379883,0.9929083022778291,0.903987167736022,0.8881188599591495,0.31228550087687224,0.8970528555611281,0.9999037924821746,0.9862637362637363,0.9780406101834673,0.20668767823190828,0.9844800019882468,0.9596548211654781,0.88003663003663,0.8476396619253761,0.43391785364635826,0.8520483123020725,IterativeImputer,0.12443801298021115,0.139212364830513,HistGradientBoostingClassifier,3313.145503282547,0.24035000801086426
295,1526,class_non_simple_,MNAR_,0.5_,2/,0,0.0,0.9866151107672281,0.8934463794683777,0.8632818968843864,0.26956273825238375,0.8851315489982521,1.0,0.9972527472527473,0.9886363636363636,0.006497374555270144,0.9933385888845092,0.9530758666648615,0.7985347985347986,0.756096681096681,0.4533815598905254,0.7832931861210168,XGBClassifier,382.3684175014496,0.11734628677368164,0.9814070129819984,0.8684692942254812,0.8522647875013232,0.3368810866035035,0.8718442795327568,0.999623172905294,0.9716117216117216,0.967617501546073,0.11837585636822658,0.9707935354374309,0.9372229445317238,0.7710622710622711,0.7191506905792621,0.5408556397219625,0.7476884249058559,KNNImputer,0.12550200376917442,0.1225402124113915,LGBMClassifier,2751.413227558136,1.1462550163269043
296,1526,class_non_simple_,MNAR_,0.01_,3/,0,0.0,0.9999905755496689,0.9965627864344638,0.9966402256885694,0.008077468353419959,0.9970075909922183,1.0,1.0,1.0,0.0010690472292820882,1.0,0.9999838683181016,0.9972527472527473,0.9964028035456607,0.009116928041559913,0.9973289674721315,RandomForestClassifier,312.22896242141724,0.03866267204284668,0.9999921513537195,0.998166819431714,0.9985856074351432,0.0071239084889928445,0.9986039113828915,1.0,1.0,1.0,0.0029083923825027206,1.0,0.9996370274365186,0.9990842490842491,0.9994331065759637,0.03587922881542425,0.9989609445459876,IterativeImputer,0.11220216414501534,0.07207744468813414,RandomForestClassifier,4530.254091024399,0.6600141525268555
297,1526,class_non_simple_,MNAR_,0.1_,3/,0,0.0,0.9999999216768038,0.9997708524289642,0.9996217851739788,0.01778129530947742,0.9997399078340619,1.0,1.0,1.0,0.07229520391068495,1.0,0.9976051506831137,0.9761904761904762,0.9751185322613894,0.1480105654441868,0.9778511722502112,BaggingClassifier,313.95454239845276,0.03867149353027344,0.999633429925035,0.9759395050412466,0.9745108655914174,0.053460447026981654,0.9742581443771328,0.9999982284580499,0.9990842490842491,0.9984848484848485,0.026439914503003353,0.9989428564200239,0.9920543886511098,0.9789377289377289,0.9808183879612451,0.23622775761613546,0.9814333999184073,IterativeImputer,0.09948794092790897,0.10608421203089471,RandomForestClassifier,4268.59273648262,1.2905104160308838
298,1526,class_non_simple_,MNAR_,0.3_,3/,0,0.0,0.9992738089985025,0.9816681943171403,0.9673065457240055,0.22685638832085075,0.9764961629221399,0.9999959138308653,0.9981684981684982,0.996969696969697,0.16092898465466068,0.9979099988963691,0.9791930443964457,0.8882783882783882,0.849690785405071,0.40472472154587075,0.8759208660444218,BaggingClassifier,315.44562673568726,0.05249762535095215,0.9914339229154885,0.9207149404216315,0.9077581818146029,0.21948013204075684,0.9181506116409763,0.9998799623255743,0.9954212454212454,0.9920480313337456,0.09067065523033897,0.9940990740954818,0.9406458540284799,0.8846153846153846,0.8711580086580086,0.45054700533649583,0.8786893681160248,IterativeImputer,0.1204355801518773,0.13681919839493997,LGBMClassifier,3413.029237270355,0.2801549434661865
299,1526,class_non_simple_,MNAR_,0.5_,3/,0,0.0,0.9857473001261147,0.8884051329055912,0.8738561934742932,0.2729467273222812,0.886866671756471,0.9999621352666139,0.9963369963369964,0.9967841682127396,0.014896566800456285,0.9972020451365052,0.9467807609486374,0.7793040293040293,0.7465574108431252,0.5260103282593181,0.7564551491143441,HistGradientBoostingClassifier,612.316388130188,0.041834115982055664,0.9854210283163285,0.8845096241979835,0.8614240091373053,0.6635000046111164,0.877236279424241,0.9992496732540742,0.9688644688644689,0.9644248608534323,0.5215105882929642,0.9699611319903341,0.9257797076654632,0.7646520146520146,0.7186894454751598,0.7923903263837274,0.7395497030467824,IterativeImputer,0.13557087396665507,0.12419763285988782,XGBClassifier,2199.555031776428,0.14716506004333496
300,1507,class_non_simple_,MNAR_,0.01_,1/,0,0.0,0.9994921016673217,0.9923986486486487,0.9923992158506281,0.11369370891823113,0.9923986484317547,0.9960116800797664,0.9675675675675676,0.9675693344947671,0.16043899326612496,0.9675675675675676,0.9959002846973789,0.9662162162162162,0.9662161545218307,0.16321301457485526,0.9662161545218307,XGBClassifier,644.6928777694702,0.05726933479309082,0.9979079154071928,0.9787162162162162,0.978715065154796,0.059636632937271644,0.9782093543810746,0.9976807846617689,0.9777027027027027,0.9776999227536939,0.06146962195917195,0.9777024482109228,0.9978360077355876,0.9777027027027027,0.9776999227536939,0.06353470983683962,0.9763510814358272,IterativeImputer,0.18184320476670474,0.18577229249474408,GaussianNB,8412.585658311844,0.7696716785430908
301,1507,class_non_simple_,MNAR_,0.1_,1/,0,0.0,1.0,1.0,1.0,5.329535890219995e-06,1.0,0.9967859692950498,0.9668918918918918,0.9668963968159182,0.12468359720110432,0.9668917558554615,0.9945306693401559,0.9628378378378378,0.9628405092047283,0.15351511166643214,0.9628378208719051,HistGradientBoostingClassifier,1302.2897419929504,0.017019987106323242,0.9966825678791855,0.9726351351351351,0.9726342095663849,0.07299561188494195,0.972635022696861,0.9975036477422348,0.9763513513513513,0.976354047395996,0.06319968321631533,0.9763513405548487,0.9963476923807385,0.9668918918918918,0.9668963968159182,0.07696748270590102,0.9668917558554615,IterativeImputer,0.1267443762418273,0.12710929149469347,LogisticRegression,10947.475191831589,0.062043190002441406
302,1507,class_non_simple_,MNAR_,0.3_,1/,0,0.0,0.9999876734786676,0.9989864864864865,0.9989867142926928,0.0285100881020426,0.9989864863708098,0.996948496984107,0.9695945945945946,0.9695899736851236,0.07694111024887426,0.9695939144000207,0.9845251726171889,0.9263513513513514,0.9263576083959248,0.16155696797027272,0.9263505107572905,HistGradientBoostingClassifier,814.6026680469513,0.017671585083007812,0.9906018264252311,0.9527027027027027,0.952702909378611,0.610927715487463,0.9527026973044532,0.9975474754336658,0.9756756756756757,0.9756719789480989,0.60714347024662,0.9756752758902174,0.988303484849315,0.9405405405405406,0.940545910419851,0.6140389390076931,0.9405401062096874,IterativeImputer,0.12866263462791103,0.13089820038895184,QuadraticDiscriminantAnalysis,12359.617184877396,0.11876511573791504
303,1507,class_non_simple_,MNAR_,0.5_,1/,0,0.0,1.0,1.0,1.0,0.023017468947416426,1.0,0.9957012339321292,0.9641891891891892,0.964197341485284,0.09050747468736199,0.9641883880711357,0.9594849515795317,0.8966216216216216,0.8966223459137069,0.26537781165571944,0.8966215744254814,HistGradientBoostingClassifier,732.0941836833954,0.019916296005249023,0.9754421454721264,0.9201013513513514,0.9201009724712256,0.20036294856870712,0.9201012396411825,0.9976022600479548,0.975,0.9750008674230596,0.08254292710719165,0.9749999885865543,0.9709312836582974,0.9060810810810811,0.9060708657247365,0.22025742747728375,0.9060738342211392,IterativeImputer,0.13223721449074818,0.1348460275669427,LogisticRegression,13617.853329181671,0.1317291259765625
304,1507,class_non_simple_,MNAR_,0.01_,2/,0,0.0,0.9997844000111394,0.9934121621621622,0.9934125015579354,0.1929019444723185,0.9934121619741874,0.9963787369955022,0.9702702702702702,0.9702683898254014,0.26002427276759443,0.9702700531048437,0.9957578447002278,0.9675675675675676,0.9675675083409576,0.26337419241789856,0.9675675083409576,RandomForestClassifier,769.2713003158569,0.09185194969177246,0.9982205296843177,0.981081081081081,0.9810803876371383,0.05286275284382586,0.9810810270984383,0.9976323915858136,0.9756756756756757,0.9756738051019085,0.06498866637816986,0.9756754979948721,0.9970434569822078,0.9722972972972973,0.9722963336309964,0.07228703136939618,0.9722971834708962,KNNImputer,0.13137888381985185,0.13205798220348328,SVC,10749.63856101036,0.4918239116668701
305,1507,class_non_simple_,MNAR_,0.1_,2/,0,0.0,1.0,0.9998310810810811,0.99983119513842,0.10216639637382477,0.9998310810377022,0.9966252677598023,0.9736486486486486,0.9736549920653617,0.22566185334000513,0.973648347885636,0.99361941858915,0.9581081081081081,0.9581062054532605,0.25398927734512877,0.9581078021022797,RandomForestClassifier,1516.0372443199158,0.10914301872253418,0.9966329193904855,0.9734797297297297,0.9734793752188529,0.08042328334195985,0.9734796926504559,0.9976844369693881,0.9763513513513513,0.9763485689345671,0.07058919173829738,0.9763510814358272,0.996780490833621,0.9702702702702702,0.9702665636715918,0.07966659333449853,0.970269781643599,IterativeImputer,0.12712464030991402,0.12565461643730796,LogisticRegression,9581.755845785141,0.0637810230255127
306,1507,class_non_simple_,MNAR_,0.3_,2/,0,0.0,1.0,1.0,1.0,0.0059357014969554376,1.0,0.9967877954488594,0.9689189189189189,0.9689152098524649,0.0765201409836044,0.9689184080819444,0.9835828772514194,0.9412162162162162,0.9412097173296519,0.1766357621661715,0.9412140423381252,HistGradientBoostingClassifier,1198.4426984786987,0.02541637420654297,0.9907422118070724,0.9527027027027027,0.9527063334123144,0.6170458629708679,0.9527016446222546,0.9975986077403355,0.977027027027027,0.9770251589210353,0.5973694192931149,0.9770268592173792,0.9884075756164638,0.9452702702702702,0.9452601264794129,0.6186261311289758,0.9452660472799445,IterativeImputer,0.1338161809518724,0.1342963076191389,QuadraticDiscriminantAnalysis,8161.0311369895935,0.11364293098449707
307,1507,class_non_simple_,MNAR_,0.5_,2/,0,0.0,0.9983294139560874,0.981081081081081,0.9810801593682247,0.10140436983064996,0.981081003345978,0.9953780047078246,0.9655405405405405,0.9655596522272685,0.11891067447851067,0.9655348603381035,0.9657632683770423,0.8972972972972973,0.8972916312849366,0.24078545887943018,0.897294296400187,HistGradientBoostingClassifier,548.5587933063507,0.019199371337890625,0.9735384968674656,0.9162162162162162,0.9162161779657496,0.2082558620126674,0.9162161779657496,0.9970215431364922,0.9756756756756757,0.9756738051019085,0.08960908921114819,0.9756754979948721,0.9707139713549513,0.9067567567567567,0.9067401510959663,0.21982893743450427,0.9067397260273973,IterativeImputer,0.13245088574473735,0.13438626503108933,LogisticRegression,12812.6834192276,0.13489151000976562
308,1507,class_non_simple_,MNAR_,0.01_,3/,0,0.0,1.0,1.0,1.0,0.0002605506681402318,1.0,0.9961413370002502,0.9655405405405405,0.9655432168429818,0.10384253335698321,0.9655405248084938,0.9959057631588079,0.9641891891891892,0.9641918630238551,0.10758281806765209,0.9641891728401994,HistGradientBoostingClassifier,936.9855115413666,0.01666998863220215,0.9807416365694104,0.9807432432432432,0.9807416365694104,0.6940838659390807,0.9807430652150615,0.9756738051019086,0.9756756756756757,0.9756738051019085,0.8767375148704174,0.9756754979948721,0.9756719789480989,0.9756756756756757,0.9756719789480989,0.8767375148704174,0.9756752758902174,KNNImputer,0.12916763038559537,0.12953789516677414,LinearSVC,7263.855231046677,0.327070951461792
309,1507,class_non_simple_,MNAR_,0.1_,3/,0,0.0,1.0,1.0,1.0,0.00010925580628862218,1.0,0.9955131400897372,0.9641891891891892,0.9642009937929032,0.11443392988909967,0.9641872108530466,0.9926570355314748,0.95,0.9499999086923094,0.1486287132675767,0.9499999086923094,HistGradientBoostingClassifier,755.3413579463959,0.018116474151611328,0.9967109873589242,0.9726351351351351,0.9726337530285578,0.07433481425263658,0.9726349352442312,0.9975419969722369,0.9777027027027027,0.9777017489075035,0.06363466617890402,0.9777026110863312,0.9959769831573834,0.9682432432432433,0.9682367937121872,0.08302225434171956,0.968242068849332,KNNImputer,0.12721447530977015,0.12765258979496127,GaussianNB,8750.204487800598,2.40004301071167
310,1507,class_non_simple_,MNAR_,0.3_,3/,0,0.0,0.9999449871918312,0.9971283783783784,0.9971284912018312,0.04008299374302527,0.9971283776409388,0.9956957554707002,0.9635135135135136,0.963509794575958,0.09471199792231198,0.963512913835326,0.9820196895903754,0.9297297297297298,0.9297551675587428,0.17666670244975427,0.929708036263931,LGBMClassifier,792.8342969417572,0.06498265266418457,0.9894038711668514,0.9510135135135135,0.9510125780736751,0.1524521729255284,0.9510133122351214,0.9975986077403355,0.975,0.974993562807821,0.06440564297809025,0.9749990754771337,0.9906446140332617,0.9527027027027027,0.9527117470996113,0.14081486221346062,0.9527013207106125,KNNImputer,0.1299275599028994,0.12886747143366478,GaussianNB,9915.633031606674,4.347055196762085
311,1507,class_non_simple_,MNAR_,0.5_,3/,0,0.0,0.9941183090386727,0.9638513513513514,0.9638522479237801,0.12852601724531582,0.9638513348481259,0.9957852370073721,0.9621621621621622,0.9621383530649252,0.11405693476416504,0.9621486141862318,0.9677629067985879,0.9,0.9000034696922383,0.23491596405593193,0.899999817384619,HistGradientBoostingClassifier,876.7426278591156,0.018311023712158203,0.9729355245322885,0.9118243243243244,0.91182474060662,0.21087012391459908,0.9118243243243244,0.997260769285554,0.9722972972972973,0.9722926813233772,0.08767036630305453,0.9722966775644635,0.974123400517532,0.9155405405405406,0.9155467778429106,0.20719342200372245,0.9155395765565257,IterativeImputer,0.1332037495810722,0.13441307143877887,LogisticRegression,11785.486192703247,0.12718749046325684
312,1489,class_non_simple_,MNAR_,0.01_,1/,0,0.0,1.0,1.0,1.0,0.0002859959831893953,1.0,0.9676945183080911,0.9176688251618872,0.9002262705006028,0.3235542801352958,0.9005958524864728,0.9642715576329132,0.9084181313598519,0.8899904206649379,0.3475272167925873,0.8896307411475334,HistGradientBoostingClassifier,469.5260772705078,0.018082141876220703,1.0,1.0,1.0,0.00023750135464258653,1.0,0.9678060019488991,0.9158186864014801,0.9007630435859746,0.31495520996677046,0.8989197459507171,0.9662906502386577,0.9111933395004626,0.8947222818636762,0.3278739879994069,0.8932688272900057,KNNImputer,0.11309850732349949,0.09303361994534115,HistGradientBoostingClassifier,5049.012023925781,0.06795430183410645
313,1489,class_non_simple_,MNAR_,0.1_,1/,0,0.0,0.994988422216752,0.963913948646773,0.9569575845962587,0.16545146369992356,0.956536993708837,0.957619700398038,0.8982423681776133,0.8837143045898228,0.24784256537738014,0.8787958478072966,0.9373420648421886,0.8741905642923219,0.851010372107619,0.292842717808589,0.8490719448094612,LGBMClassifier,321.16165924072266,0.04159188270568848,0.9999610375469032,0.9965301873698821,0.9945504171562776,0.07439738745149796,0.995806363346458,0.9600558244008786,0.8954671600370028,0.8743682593687548,0.24153875901681915,0.8740229671683967,0.9296207904603035,0.8603145235892692,0.8273510661139281,0.36115989154523287,0.8300783344176967,IterativeImputer,0.11196762787506466,0.12914868628760015,RandomForestClassifier,6016.0505249500275,0.28182244300842285
314,1489,class_non_simple_,MNAR_,0.3_,1/,0,0.0,0.9961567797506712,0.9696969696969697,0.9596688294698578,0.12458241928189596,0.9631862801022284,0.9426643764348358,0.8769657724329325,0.8520508860884932,0.28890350911748974,0.8517261471982014,0.897067567344377,0.8223866790009251,0.7866760533139545,0.392374126929948,0.7861470362768614,HistGradientBoostingClassifier,408.9316964149475,0.018285036087036133,0.9937574925313364,0.9588248901226001,0.9411503109513393,0.17404851066500707,0.9494090244221867,0.947429269823443,0.8871415356151712,0.8555584917502106,0.28403795687963307,0.8615173636195628,0.8896022924339768,0.8353376503237743,0.7967611937833419,0.4075974629734364,0.7995044346637324,IterativeImputer,0.12814811357699699,0.1268438813546272,RandomForestClassifier,5870.974397182465,2.39939284324646
315,1489,class_non_simple_,MNAR_,0.5_,1/,0,0.0,0.9078018054839524,0.7938931297709924,0.8278725262067652,0.4015237574001917,0.7790065604498594,0.9227913852048821,0.8408880666049954,0.8431383883594563,0.3347383082989414,0.8196445892988786,0.8382909144961764,0.7298797409805735,0.7646043569458438,0.5063598594425465,0.714486775932559,LGBMClassifier,381.3365650177002,0.030475139617919922,0.9450185600612666,0.823502197547999,0.8559676802581121,0.36856485009013673,0.8090842238967042,0.9156110129321022,0.816836262719704,0.8362738864022989,0.40771963598670957,0.798880319328868,0.7969965481361587,0.7039777983348752,0.7195174822864882,0.530318077281835,0.6825256975036711,IterativeImputer,0.1548934641160581,0.1513227479356397,RandomForestClassifier,4069.3208351135254,2.7596983909606934
316,1489,class_non_simple_,MNAR_,0.01_,2/,0,0.0,1.0,1.0,1.0,0.045824638967489485,1.0,0.9652088460204469,0.9158186864014801,0.891534675541315,0.28672005625240027,0.8970063353494913,0.9647897501114836,0.9121184088806661,0.8870712008852626,0.26001349458555234,0.8924791412989195,BaggingClassifier,459.5996720790863,0.05402374267578125,1.0,1.0,1.0,0.026564137174985156,1.0,0.9726658628833799,0.9250693802035153,0.9045390357903778,0.21127879382794065,0.9086761848441327,0.9711628982443392,0.9250693802035153,0.9054618725948437,0.2146694129563812,0.9088499674690956,KNNImputer,0.08047804956178226,0.10850395630776988,RandomForestClassifier,8815.116561412811,0.12793564796447754
317,1489,class_non_simple_,MNAR_,0.1_,2/,0,0.0,1.0,1.0,1.0,0.012238389113870533,1.0,0.9618354336300725,0.9037927844588344,0.8830268221381736,0.2563609568468018,0.8837345908827666,0.9440806315754704,0.8732654949121184,0.8475874114324409,0.3216613530416263,0.8472667832041623,HistGradientBoostingClassifier,321.1219074726105,0.0179901123046875,1.0,1.0,1.0,8.735301396995015e-06,1.0,0.9603531141097,0.906567992599445,0.8877586833369118,0.4934857504123652,0.8874010591505139,0.9426106991262987,0.8825161887141536,0.8596689348770377,0.6453904110880981,0.8586746274802481,IterativeImputer,0.10607061706682812,0.10318879975560907,HistGradientBoostingClassifier,7443.933135032654,1.5635387897491455
318,1489,class_non_simple_,MNAR_,0.3_,2/,0,0.0,0.9827333115556444,0.9072403423548462,0.9262881993308779,0.23371727231538017,0.895408427537404,0.9420904421358614,0.8695652173913043,0.8763460617371628,0.3004245921032431,0.8518292771839776,0.8947656366128791,0.7974098057354302,0.8049965316200638,0.3959750083010294,0.7751683110770484,LGBMClassifier,420.92428493499756,0.045325279235839844,0.9995392883443435,0.9939856581077955,0.9948221222099916,0.15793126542593464,0.9927792810502865,0.9517151964589493,0.8880666049953746,0.8663641468611162,0.3027699575270039,0.8653514167331497,0.8983104034881993,0.8390379278445883,0.8178357309197813,0.369991783219639,0.8102590485413388,IterativeImputer,0.12151713518165402,0.13139962522663837,RandomForestClassifier,6056.551575660706,2.401693344116211
319,1489,class_non_simple_,MNAR_,0.5_,2/,0,0.0,0.8933441550901735,0.7957436965070552,0.8038502386514759,0.426397585134161,0.7736720205096352,0.9284295671131517,0.8353376503237743,0.8595140964870266,0.3630846209905619,0.819413995044673,0.8641819578178935,0.7613320999074931,0.7693217665615142,0.456971571936971,0.7379349615497373,LGBMClassifier,287.8673803806305,0.03144121170043945,0.9374616503669437,0.8359935230164238,0.8436217432162757,0.3591946489231209,0.8159691352424425,0.9296868548400417,0.8371877890841813,0.8645143442284506,0.3909514032740286,0.8220802441889172,0.8367714337622013,0.755781683626272,0.7635493913819017,0.5036152540511794,0.7321645769201892,IterativeImputer,0.14741827454011222,0.1435573060180412,RandomForestClassifier,4485.359817504883,2.790416717529297
320,1489,class_non_simple_,MNAR_,0.01_,3/,0,0.0,1.0,1.0,1.0,0.040968309509167036,1.0,0.9623949163459793,0.9019426456984274,0.8743352271788858,0.2819605516320932,0.879913057330181,0.9602395659570251,0.8973172987974098,0.8682944654565874,0.2612136490227073,0.874126292269201,RandomForestClassifier,498.61273550987244,0.07479453086853027,0.9999925171447694,0.9928290538977562,0.9949246889325475,0.0821793914653317,0.9914159233139674,0.9692883214692717,0.9130434782608695,0.9107965712586916,0.25652465283938014,0.8981815485494873,0.9683118073562687,0.910268270120259,0.9079103836688853,0.2314375522176279,0.8950188072489755,KNNImputer,0.09428101680932598,0.10243434976596302,ExtraTreesClassifier,6896.350027084351,0.11841797828674316
321,1489,class_non_simple_,MNAR_,0.1_,3/,0,0.0,0.9999460718364424,0.9946796206338191,0.9909377462568951,0.11709067367127363,0.9935517218009834,0.9565110575255587,0.9010175763182239,0.8773721241349695,0.2790800504002635,0.8798196260565538,0.9464940459477762,0.8871415356151712,0.8546356549457446,0.3081541316052195,0.8612457810435237,RandomForestClassifier,462.0901110172272,0.07537245750427246,0.993465919206838,0.9590562109646079,0.9507559748018721,0.16765505818323614,0.9506521903305971,0.9575329908996316,0.8963922294172063,0.8694856888037392,0.25165924110630633,0.8736042092955276,0.9357730358234099,0.8695652173913043,0.8292813847093994,0.2944016384801979,0.8381916909504928,IterativeImputer,0.1209976272874794,0.12225798114976448,LGBMClassifier,7314.863260984421,1.52187180519104
322,1489,class_non_simple_,MNAR_,0.3_,3/,0,0.0,0.9984915595973295,0.9794124450613,0.9817442845177661,0.1619322569598246,0.9754974814271371,0.9449043718103292,0.8862164662349676,0.8622867359241582,0.31856588798250374,0.8626212343352375,0.8996853683914975,0.8307123034227567,0.8045629841280328,0.3658199996157915,0.7992413056119638,RandomForestClassifier,479.69896936416626,0.09304952621459961,0.9973104296036203,0.9773305574832293,0.9710591542928624,0.13446871092844545,0.9725824505524489,0.9423464416073465,0.8908418131359852,0.8710960080598543,0.2782206540344156,0.8690477168199737,0.8959733760549655,0.8418131359851989,0.8087250400515302,0.37827253095722657,0.8090100087099643,IterativeImputer,0.12746415776661701,0.132506399044742,HistGradientBoostingClassifier,5599.216201305389,0.3938426971435547
323,1489,class_non_simple_,MNAR_,0.5_,3/,0,0.0,0.9531267497624838,0.8547305112190609,0.8727731409878298,0.33482524011315573,0.8385383088833179,0.9251944770178538,0.8334875115633672,0.8351342758518177,0.3498183782430716,0.8115265401007361,0.8594707417378236,0.7687326549491211,0.7524092853485722,0.43825002434316634,0.7363208835811575,RandomForestClassifier,427.6956539154053,0.09916448593139648,0.9509591730258034,0.8445523941707148,0.8655694736662842,0.3361021468910393,0.8284351985365126,0.9225023535435282,0.8371877890841813,0.8285237088542785,0.3625162626476202,0.8123915307185006,0.8394903958907955,0.7613320999074931,0.7527107040811271,0.4641423327819897,0.7317463065558634,KNNImputer,0.14292040743883588,0.1483184410587382,RandomForestClassifier,3888.997095108032,1.1780140399932861
324,1496,class_non_simple_,MNAR_,0.01_,1/,0,0.0,1.0,1.0,1.0,0.11658859020329425,1.0,0.9960515093571193,0.972972972972973,0.9729194175519723,0.24942151425871403,0.972966999647475,0.9957739096449463,0.9716216216216216,0.9715935136635674,0.2529462431863858,0.9716174233222956,BaggingClassifier,1647.1900734901428,0.11497950553894043,0.9976510026129014,0.9788851351351351,0.9788020079082189,0.05673901675148345,0.9788782350516203,0.9974431605457756,0.9824324324324324,0.9823413709407891,0.05279932908821945,0.9824261423007504,0.9971838239725614,0.9824324324324324,0.982328586743518,0.05581828855959109,0.9824252112354419,IterativeImputer,0.11938691331197547,0.14185279062579575,GaussianNB,9932.599863290787,0.6278076171875
325,1496,class_non_simple_,MNAR_,0.1_,1/,0,0.0,1.0,1.0,1.0,0.004875973480053454,1.0,0.996506261517192,0.9777027027027027,0.9776431784436519,0.07233961886663813,0.9776973164172684,0.9939348115518006,0.9682432432432433,0.9681445198712083,0.0962022046844625,0.9682310456123813,HistGradientBoostingClassifier,1626.8960890769958,0.019334793090820312,0.995954117674051,0.9771959459459459,0.9771093463477308,0.07103136096252065,0.9771882125740046,0.9974906447070683,0.9790540540540541,0.9790330033184124,0.05541930811269447,0.979051290094429,0.9948991052888224,0.9682432432432433,0.9680805988848528,0.08628384360656544,0.9682211762276489,KNNImputer,0.12234877774492882,0.12185648046591366,GaussianNB,11073.847293376923,1.9556009769439697
326,1496,class_non_simple_,MNAR_,0.3_,1/,0,0.0,1.0,1.0,1.0,0.004932008271149835,1.0,0.9959802831151802,0.9716216216216216,0.9715679452690251,0.07943214070278308,0.9716153496298487,0.9844635476877954,0.9418918918918919,0.9417844182551032,0.1787271761129833,0.9418680063941539,HistGradientBoostingClassifier,1401.4543521404266,0.01971435546875,0.9839489934604981,0.9456081081081081,0.9453546205300248,0.17335377447171693,0.9455408795371935,0.9973591501065654,0.9547297297297297,0.9550900281434971,0.12193350453494671,0.9546914830862977,0.9864597087759862,0.9486486486486486,0.9484139376971277,0.15816272405212997,0.9485899721193838,KNNImputer,0.12034616723913853,0.12034683230831786,GaussianNB,11096.102922201157,4.0341105461120605
327,1496,class_non_simple_,MNAR_,0.5_,1/,0,0.0,0.9999844762308837,0.9981418918918918,0.998130127766327,0.05057206181598513,0.9981416678616553,0.9953483785072075,0.9675675675675676,0.9676925071819794,0.09133656410341325,0.9675670345202898,0.9610374193454126,0.897972972972973,0.8978423927634138,0.25384705049298767,0.8979222230190229,HistGradientBoostingClassifier,1340.9194557666779,0.023577451705932617,0.951346338827492,0.8951013513513514,0.8945070284435401,0.3538962817990712,0.8945932990168239,0.9974267237207128,0.925,0.9256644586531666,0.2001385289305053,0.9247153798670008,0.9581281013092844,0.897972972972973,0.8973054564780267,0.33268328534253244,0.897331340724607,IterativeImputer,0.12320963655729923,0.12205340477715113,GaussianNB,7108.717257261276,7.087595462799072
328,1496,class_non_simple_,MNAR_,0.01_,2/,0,0.0,0.999999200982472,0.9989864864864865,0.9989764585465711,0.1567270322777759,0.9989863680196371,0.9954250836908343,0.9675675675675676,0.9675390968147259,0.2520249958750861,0.967562769511195,0.9952789785791644,0.9682432432432433,0.968221225054835,0.2555849731606713,0.9682390527238117,BaggingClassifier,1296.7096440792084,0.1122438907623291,0.9974603798597815,0.9783783783783784,0.9782968576124511,0.05855985125343704,0.9783714441867605,0.9974413342318799,0.9817567567567568,0.9816720268979511,0.05275845002844413,0.9817506830934876,0.9973883711288994,0.9817567567567568,0.9816720268979511,0.05420738659532616,0.9817506830934876,IterativeImputer,0.11817083293090172,0.1226092444244606,GaussianNB,11088.69685459137,1.794532060623169
329,1496,class_non_simple_,MNAR_,0.1_,2/,0,0.0,1.0,1.0,1.0,0.007118462922056615,1.0,0.9955547519774414,0.9756756756756757,0.9755967937233244,0.07963726742809187,0.975668166399053,0.9913450984474506,0.9635135135135136,0.9634718957686134,0.11479274059647533,0.9635068493150685,HistGradientBoostingClassifier,1205.214688539505,0.020707368850708008,0.9951051044778197,0.9744932432432433,0.9743699718255006,0.0813157790659674,0.9744807473550882,0.9974194184651293,0.9783783783783784,0.9783764434728455,0.05779860446267016,0.9783764434728455,0.9939110694711544,0.9722972972972973,0.9721477999309653,0.09125824673221111,0.9722799722799723,IterativeImputer,0.11983575712409159,0.12092226644921793,GaussianNB,10317.600576400757,1.1210944652557373
330,1496,class_non_simple_,MNAR_,0.3_,2/,0,0.0,1.0,1.0,1.0,0.0467616744081336,1.0,0.9952926759333833,0.9655405405405405,0.9654927120943986,0.27573211107884144,0.9655336013139972,0.9868368425954842,0.9398648648648649,0.9398403071129446,0.33052768410757977,0.9398569296259414,BaggingClassifier,1149.9350345134735,0.1460113525390625,0.9842459996902095,0.9425675675675675,0.9422707553078449,0.17596262899573803,0.9424776955321105,0.9974066342678581,0.9533783783783784,0.9537641242550923,0.12130891108824991,0.9533313133999728,0.9868085347300982,0.9459459459459459,0.9456470721448779,0.16458920315863698,0.945856959941467,IterativeImputer,0.11911513351364936,0.11928539991666234,GaussianNB,9504.037022829056,1.8576245307922363
331,1496,class_non_simple_,MNAR_,0.5_,2/,0,0.0,1.0,1.0,1.0,2.461665520366371e-05,1.0,0.9967162876152176,0.9695945945945946,0.9696621867186801,0.0885312926210883,0.9695944696631789,0.9602119254644772,0.8959459459459459,0.895757655451273,0.48358026690736755,0.89586208030938,HistGradientBoostingClassifier,1101.3212008476257,0.030198335647583008,0.9571888691379365,0.9018581081081081,0.9014167037353727,0.35585208628508014,0.9015723127086819,0.9974157658373375,0.8716216216216216,0.8727990634662341,0.43374059435222806,0.8698639773122746,0.9566104344618128,0.9067567567567567,0.906326533966699,0.3654831370825113,0.9064835164835165,IterativeImputer,0.11645191360635543,0.11747695394356063,GaussianNB,8698.219071149826,30.13714623451233
332,1496,class_non_simple_,MNAR_,0.01_,3/,0,0.0,1.0,1.0,1.0,0.00015759310256732514,1.0,0.996097167204516,0.972972972972973,0.9729066333547012,0.08705053880362927,0.9729658639233107,0.9961830039576223,0.972972972972973,0.9729066333547012,0.08637369495564008,0.9729658639233107,HistGradientBoostingClassifier,560.8869183063507,0.020096302032470703,0.9977015690078908,0.9790540540540541,0.9789692879349837,0.056127554087823966,0.9790470805888191,0.9974358552901922,0.9817567567567568,0.9816720268979511,0.0529184531281996,0.9817506830934876,0.9972386133894376,0.9817567567567568,0.98165924270068,0.05423569060461673,0.9817497496071126,KNNImputer,0.10963193467590487,0.11519049842925208,GaussianNB,6672.186644792557,0.33683109283447266
333,1496,class_non_simple_,MNAR_,0.1_,3/,0,0.0,1.0,0.9998310810810811,0.9998294097577618,0.12193806154682732,0.9998310643014642,0.9952415391442988,0.9675675675675676,0.9675902336038105,0.23742896037970632,0.9675660868374196,0.9930180019760718,0.9608108108108108,0.9608712247808879,0.2654500441263056,0.960810524547294,BaggingClassifier,1468.6483187675476,0.12624073028564453,0.9951297598758282,0.9704391891891891,0.9703188388129385,0.08389717726606766,0.9704251462306663,0.9974340289762963,0.9797297297297297,0.9797279157557925,0.056693588430573864,0.9797279157557925,0.9951894891982664,0.970945945945946,0.970770759253476,0.08449530242407023,0.970923631585416,IterativeImputer,0.118752613690594,0.11914739670639136,GaussianNB,10013.156156778336,1.050229549407959
334,1496,class_non_simple_,MNAR_,0.3_,3/,0,0.0,0.9997305028023257,0.9935810810810811,0.9935308116568439,0.05706121157454691,0.9935796624162754,0.9957446886226123,0.975,0.9749402338777575,0.08228022682730685,0.9749939608314828,0.9811889668724922,0.9405405405405406,0.9403818091830716,0.16739503580935827,0.9405013166093791,HistGradientBoostingClassifier,619.0888361930847,0.018799781799316406,0.9838800496623638,0.9449324324324324,0.9447020515003324,0.1781035305939345,0.9448732323140572,0.9974322026624004,0.9371621621621622,0.9377126514242509,0.16746371154038653,0.9370089118385627,0.9784275802619299,0.9412162162162162,0.9409360954504694,0.20366792180185622,0.9411288932497116,KNNImputer,0.11465951405130205,0.11482754982890842,GaussianNB,6833.285000085831,3.5662448406219482
335,1496,class_non_simple_,MNAR_,0.5_,3/,0,0.0,0.9999990868371108,0.9989864864864865,0.9989797687620445,0.03939016118579981,0.9989863753089243,0.9961081250878913,0.975,0.974991370666842,0.07927201019420707,0.9749974317120778,0.9566286976007714,0.897972972972973,0.897765687579787,0.2671976002053467,0.8978785628605701,HistGradientBoostingClassifier,1046.9721279144287,0.022112131118774414,0.984280585734638,0.9376689189189189,0.9373501200067254,0.659993148727295,0.9375602233515126,0.9940772640356788,0.918918918918919,0.9196275780703532,0.6322110202240172,0.9185618462249564,0.9489271319018685,0.893918918918919,0.8936089971527766,0.661329708495814,0.8937384042193665,KNNImputer,0.11032459813968463,0.10924789930811782,AdaBoostClassifier,7194.791441917419,5.435500144958496
336,1481,class_non_simple_,MNAR_,0.01_,1/,0,0.0,0.9999047639239388,0.986143289966138,0.9943697789535092,0.13774168276233625,0.9934963124178816,0.996595521775787,0.8937990021382751,0.877376806002615,0.3324725537974467,0.8692913159275398,0.9937318099591275,0.872416250890948,0.851711941967385,0.4123298822728171,0.844559004018163,LGBMClassifier,1292.5655481815338,6.02445125579834,0.9999035660158524,0.9930048119764748,0.9926162155652045,0.029646731134133495,0.9934415614816905,0.9971925211119006,0.904312188168211,0.8654696327780769,0.27737533831252326,0.8767996169516175,0.9932025151053492,0.8832858161083392,0.8302529297691595,0.3927567803754819,0.8479617084182948,IterativeImputer,0.3135336955130537,0.3046163146904469,HistGradientBoostingClassifier,13525.3672580719,0.4982600212097168
337,1481,class_non_simple_,MNAR_,0.1_,1/,0,0.0,0.9995261886424173,0.9533951167349849,0.9643773612407556,0.23677595635217277,0.9601793562826404,0.9927124982483502,0.8474697077690663,0.8058514149960999,0.45525959645826486,0.8137814002528121,0.9655599082343963,0.6514611546685674,0.5841589081816234,1.0530965223859934,0.5996287320307085,HistGradientBoostingClassifier,4720.911346912384,1.17142915725708,0.9997161604942701,0.9574050971306363,0.9634090856710567,0.18027353395649223,0.9604242938794254,0.9913671529828546,0.8282252316464719,0.7902010461068625,0.49626967192629307,0.8116996251681196,0.9578490763151751,0.6429080541696365,0.5964574274053878,1.250339067334375,0.6155346714197321,KNNImputer,0.3115694668026872,0.3204714890737109,HistGradientBoostingClassifier,9282.57437133789,12.984455108642578
338,1481,class_non_simple_,MNAR_,0.3_,1/,0,0.0,0.9756741756851187,0.6774639101764391,0.6058076963674099,0.9959013172494331,0.6541548300469189,0.9761404230962873,0.7020669992872416,0.6365485869567592,0.8601900686173677,0.6475821345659553,0.8962834876598555,0.3971846044191019,0.32693030893929903,1.6612921794623763,0.34764427030238076,XGBClassifier,1568.5834693908691,3.0318052768707275,0.950914493896096,0.5992692924612368,0.6515424371849078,1.1718417850674219,0.6636081425658836,0.9372167124682195,0.645224518888097,0.5649040205902739,1.1069196448347711,0.5758537349774587,0.8697939034664324,0.3909479686386315,0.30817709834837687,1.7797245874051562,0.32064733075696406,IterativeImputer,0.310299411598374,0.31585043797178786,LGBMClassifier,13321.611422538757,4.390794277191162
339,1481,class_non_simple_,MNAR_,0.5_,1/,0,0.0,0.9010471536650265,0.40282480841204776,0.3548744523282453,1.663488309587513,0.39811869950989415,0.9459778370604894,0.550784034212402,0.4788232578630703,1.2392414976948398,0.48505979269994765,0.7996974004838746,0.2712045616535994,0.1945103784783323,2.0686965676863065,0.1962167835058954,XGBClassifier,1107.5427820682526,1.162499189376831,0.9114271294729228,0.4014435929424345,0.3834725603346474,1.6916012512285115,0.4146222969860867,0.9366116835035024,0.4896650035637919,0.4157780897673855,1.4800063543877993,0.4220185248132123,0.7547741020656026,0.25249465431218815,0.16681340205560236,2.1629272087071305,0.17391995203090116,IterativeImputer,0.3651802836255917,0.3849721958167688,HistGradientBoostingClassifier,10701.930285692215,11.522935390472412
340,1481,class_non_simple_,MNAR_,0.01_,2/,0,0.0,0.9999832861298417,0.9940741400819818,0.9972160265280547,0.08695234515134494,0.9958351682465312,0.9969334644266757,0.904312188168211,0.8886370210796868,0.2983015889012235,0.8787492235369228,0.9928575113335472,0.8765146115466856,0.8486159762861976,0.3839932377247073,0.8417896110777362,LGBMClassifier,2033.095030784607,7.620356321334839,0.9995690114840247,0.9623061842808769,0.974694884874396,0.30917497702524765,0.9526777490626621,0.9913504551629146,0.8280470420527442,0.8644690058858278,0.6160690896661515,0.8236899573474957,0.9782460232448594,0.8095153243050606,0.8301345287075541,0.7877562911018792,0.7972903599642787,IterativeImputer,0.31086624955189196,0.313421411288341,RandomForestClassifier,12066.58116364479,0.6417176723480225
341,1481,class_non_simple_,MNAR_,0.1_,2/,0,0.0,0.9985296737407978,0.9258599180181786,0.9639566087419319,0.31333349048779074,0.9440421012817107,0.9918192453892196,0.836600142551675,0.8388364891047807,0.48670019378917356,0.8196945022517422,0.9631712829190173,0.6350677120456165,0.6110159431607075,1.0776419975726101,0.5975167401214798,LGBMClassifier,1862.1874423027039,7.221351385116577,0.9927255605386,0.8506505079308501,0.8885570723857413,0.5381355604682799,0.8873573990278322,0.988478263185454,0.7943692088382038,0.7679413255833418,0.6162647664887748,0.7871441077160266,0.9565921478298988,0.6222380612972203,0.5614609464317944,1.1074809058020771,0.5823203627224374,IterativeImputer,0.30754682530358296,0.3091514091359866,HistGradientBoostingClassifier,10800.675342798233,0.40821361541748047
342,1481,class_non_simple_,MNAR_,0.3_,2/,0,0.0,0.9609875982787857,0.5740509713063625,0.5524128534985057,1.3703508837208305,0.5778556486853917,0.9651499803905109,0.6316821097647898,0.5473252476713661,1.2216030329867011,0.5624821293008005,0.8901568599048696,0.3930862437633642,0.31742529145935167,1.7464607200969136,0.3372144359302245,HistGradientBoostingClassifier,3553.9974749088287,0.4891059398651123,0.9752500385450446,0.6498841561219034,0.677829784833772,1.0570537131401625,0.6744890681980246,0.9657908580956887,0.6609052031361369,0.5811976709673278,1.0335203471731313,0.5969538076590963,0.8755172088953367,0.39005702066999287,0.3129924111757154,1.7410323946011317,0.325391909918426,IterativeImputer,0.31674957151833644,0.3190438512288815,HistGradientBoostingClassifier,12153.688943624496,0.5199389457702637
343,1481,class_non_simple_,MNAR_,0.5_,2/,0,0.0,0.9186040686525053,0.4394047406879344,0.3892209061025095,1.5756405355217424,0.43377891327111423,0.9483346115834999,0.5420527441197434,0.4425452783079234,1.240927413916479,0.44705101075453424,0.8200624541701004,0.2794012829650748,0.18786489446726964,2.061153776602028,0.19838442045699295,HistGradientBoostingClassifier,2050.746604204178,0.47399353981018066,0.9180179468185697,0.4283995722687578,0.34831366441273365,1.599692642463491,0.394242823327559,0.9427848438783377,0.5171062009978618,0.39208129363490046,1.3210879602219054,0.39085868475812613,0.7915818399838555,0.26817533856022807,0.18025574231717106,2.0799331845103697,0.18897602082590884,IterativeImputer,0.3169050520500567,0.3318978800109471,HistGradientBoostingClassifier,10775.166889667511,3.35823655128479
344,1481,class_non_simple_,MNAR_,0.01_,3/,0,0.0,0.9999987686783943,0.997772233113527,0.9987105874788552,0.06690895421982049,0.9986563536162545,0.996884203459683,0.9002138275124733,0.8584572772929581,0.2974253329055306,0.8729495511168703,0.9936704573103563,0.8758018531717747,0.8386245442294391,0.3888543898994909,0.8558369292279281,HistGradientBoostingClassifier,2552.1677253246307,0.46897006034851074,0.9993723566890201,0.9629299590090893,0.9797361493529875,0.23014126867751744,0.9797956677713443,0.9948693252374036,0.8670705630791162,0.8487877989761708,0.41142768472372343,0.854208622954578,0.9903381885658253,0.8446186742694227,0.8272212307565786,0.5180243250723124,0.8353192343498973,KNNImputer,0.33528552191649125,0.33448239308398886,HistGradientBoostingClassifier,8921.660115718842,1.804215908050537
345,1481,class_non_simple_,MNAR_,0.1_,3/,0,0.0,0.9997362328132611,0.9607913027980752,0.9649971839043153,0.20658999793950458,0.9632589071304722,0.9934959979355956,0.849607982893799,0.8006795249536508,0.4381569328703212,0.8137047171237095,0.965078579204364,0.6498574483250178,0.5940380169470663,1.0332948015207357,0.6025015156404832,HistGradientBoostingClassifier,3401.9367525577545,0.4357318878173828,0.9997685788255856,0.9612814115130993,0.9572238920690022,0.20323607869482188,0.9612598977030926,0.992100882320737,0.8341054882394868,0.7841715304770316,0.49535042588717926,0.8012209416233557,0.952108930843543,0.6427298645759087,0.5802449837769796,1.1059433055414558,0.6035929231403442,KNNImputer,0.31382055914533413,0.3040856389321517,XGBClassifier,11185.605691671371,14.557271242141724
346,1481,class_non_simple_,MNAR_,0.3_,3/,0,0.0,0.9585557313410066,0.6186954197112814,0.6439301105964517,1.1024029409053882,0.6672257460606811,0.9501162088000004,0.67712045616536,0.5939156706301287,0.9449430674890026,0.6035385560549118,0.8541465147417353,0.402352102637206,0.2960124103837733,1.7021951137909415,0.3041703385234129,LGBMClassifier,1529.141310453415,3.4527547359466553,0.9893073112081634,0.7605150597041526,0.6873062272731484,0.79202522946786,0.7244390745154553,0.9563666210382888,0.5844618674269423,0.5090093084690603,1.2102866926648619,0.5225175334458597,0.8289357551724483,0.3569137562366358,0.27178203524073913,2.87517136966114,0.2787784016106065,IterativeImputer,0.3157062764956725,0.3118611687875309,ExtraTreesClassifier,12905.007953643799,0.6146602630615234
347,1481,class_non_simple_,MNAR_,0.5_,3/,0,0.0,0.9002761305486415,0.3948494029584744,0.3433112147266224,1.6892840024610456,0.3773883605638964,0.9457026287187603,0.5345687811831789,0.4230513438676249,1.286403830994112,0.44345211038443577,0.8081281903310188,0.2683535281539558,0.18130299381080411,2.0635712194089884,0.1883826591217894,HistGradientBoostingClassifier,3592.03334236145,0.38134145736694336,0.9115564849628852,0.4139636428444128,0.34330407858789364,1.6639843371261342,0.38164771969346556,0.934246951280152,0.4992872416250891,0.3799814956353544,1.462219780746642,0.39252327214893334,0.7751303605923103,0.24910905203136136,0.14954541565307863,2.1560967783355443,0.15580350339066815,IterativeImputer,0.3693132010946433,0.3777179481136723,HistGradientBoostingClassifier,14072.574525117874,11.364748477935791
348,,,,,,,,,,,,,,,,,,,,,,,,,,,,,,,,,,,,,,,,,,,,,,
349,1471,class_non_simple_,MNAR_,0.1_,1/,0,0.0,1.0,1.0,1.0,0.025309301379864434,1.0,0.9764981908002135,0.9198931909212283,0.9163616057858366,0.31765662854251214,0.918555234375708,0.9621851350651515,0.8921895861148198,0.8872979989597383,0.3700555341229694,0.8900805346242318,BaggingClassifier,1246.903068780899,0.2708590030670166,1.0,1.0,1.0,0.0014223675425834637,1.0,0.9870007813221232,0.9412550066755674,0.9398089250853938,0.15209194963594455,0.9405335398792573,0.9725735669944318,0.9108811748998665,0.9078402410164843,0.23924111818188132,0.909523536455557,IterativeImputer,0.015879818566212657,0.02192709069462597,HistGradientBoostingClassifier,10844.753328323364,7.0019309520721436
350,1471,class_non_simple_,MNAR_,0.3_,1/,0,0.0,1.0,1.0,1.0,0.03916226329757352,1.0,0.9629166957504632,0.8975300400534045,0.8955196692778287,0.24806686587928706,0.8962482996577488,0.895719390523711,0.8097463284379173,0.8065005099984464,0.41979980406895995,0.8072344535284363,XGBClassifier,1649.0456376075745,0.14406418800354004,0.9996125489443709,0.990737650200267,0.9902850694011676,0.1345896068131298,0.9906326142305572,0.970453414512777,0.9092122830440588,0.9069461112899921,0.23391727277928032,0.9079993858436972,0.8972806837806985,0.8130841121495327,0.8102868825697618,0.4003246854568353,0.8107885359794549,IterativeImputer,0.012217620424062272,0.03346533879346345,HistGradientBoostingClassifier,10307.263766765594,17.08923578262329
351,,,,,,,,,,,,,,,,,,,,,,,,,,,,,,,,,,,,,,,,,,,,,,
352,1471,class_non_simple_,MNAR_,0.01_,2/,0,0.0,1.0,1.0,1.0,1.1528816030516497e-05,1.0,0.9902246920307396,0.9526034712950601,0.9515526244092236,0.16450222327714645,0.9520495851597979,0.988627822723189,0.9465954606141522,0.945343477761591,0.17789519084213823,0.9459555747970064,HistGradientBoostingClassifier,686.2097799777985,0.029810190200805664,1.0,1.0,1.0,0.00010895293753607289,1.0,0.9895460450915183,0.9512683578104139,0.9499278346569275,0.15722251088146516,0.9506698683089293,0.9885021807218336,0.94826435246996,0.9466510102022205,0.16701608449277666,0.9476013791676272,KNNImputer,0.05272208792912776,0.038985594461208625,HistGradientBoostingClassifier,8245.47736954689,0.967449426651001
353,,,,,,,,,,,,,,,,,,,,,,,,,,,,,,,,,,,,,,,,,,,,,,
354,,,,,,,,,,,,,,,,,,,,,,,,,,,,,,,,,,,,,,,,,,,,,,
355,1471,class_non_simple_,MNAR_,0.5_,2/,0,0.0,0.9999998592622391,0.9999165554072096,0.9999070286351803,0.09399320438555361,0.9999156684756356,0.936506206669834,0.8568090787716955,0.8513378171165836,0.32161678636231145,0.8539246656494797,0.8104318887505375,0.7269692923898531,0.7184412285896348,0.5306819077305883,0.7200804649532913,HistGradientBoostingClassifier,1276.8699460029602,0.04270672798156738,1.0,1.0,1.0,0.12872099954230348,1.0,0.9197881648837362,0.8377837116154874,0.835453560869947,0.35970668829931246,0.8358641151432076,0.7918008461696077,0.7232977303070761,0.7137319051875736,0.5514210288521021,0.7154028038223836,KNNImputer,0.012226785714744082,0.010699185838818319,HistGradientBoostingClassifier,8232.49863409996,17.805899381637573
356,1471,class_non_simple_,MNAR_,0.01_,3/,0,0.0,1.0,1.0,1.0,2.140010002211638e-05,1.0,0.989680243358199,0.9506008010680908,0.9496666433996295,0.1712649953615343,0.9500379272221002,0.9888093056140359,0.94826435246996,0.9471333133687143,0.17575873501742817,0.9476559531462281,HistGradientBoostingClassifier,788.6777927875519,0.029558420181274414,1.0,1.0,1.0,7.906719287450171e-05,1.0,0.9857898446137183,0.9385847797062751,0.9371105491996514,0.21418860028905423,0.9378305189646781,0.9849738470995386,0.9369158878504673,0.9355274149495969,0.22052174924826698,0.9361553224136825,KNNImputer,0.044500812831280864,0.16375324072328162,HistGradientBoostingClassifier,5345.249358892441,0.9550621509552002
357,1471,class_non_simple_,MNAR_,0.1_,3/,0,0.0,0.9999885157987144,0.9993324432576769,0.9992735116784757,0.05989295271329083,0.9993252893341356,0.9787070582433988,0.9289052069425902,0.9275011877447261,0.18613219894420868,0.92805863912876,0.9543302583316634,0.8815086782376502,0.8798117171298683,0.27110148212487156,0.8801499393470213,XGBClassifier,1228.6507411003113,0.14106297492980957,1.0,0.9999165554072096,0.9999070286351803,0.07707020917547988,0.9999156684756356,0.979778167563198,0.9265687583444593,0.9239343509284674,0.2671283750989112,0.9254929906077218,0.965430886766835,0.9015353805073432,0.8981203236069613,0.30141647557627776,0.8999682074058748,IterativeImputer,0.016738703415673156,0.023948818064614647,RandomForestClassifier,10826.020141124725,5.628446102142334
358,1471,class_non_simple_,MNAR_,0.3_,3/,0,0.0,1.0,1.0,1.0,0.02003580961484428,1.0,0.9687052344078952,0.9082109479305741,0.9054863673925232,0.2252538399715408,0.9068888781652442,0.9033948108502451,0.8240987983978638,0.8192473188492273,0.4065380367119599,0.8210191001213276,HistGradientBoostingClassifier,1056.1023530960083,0.04053497314453125,0.9997752136483653,0.9933244325767691,0.9928560949639864,0.2064000139826729,0.9932481264241001,0.9644923995595774,0.8988651535380507,0.895490848173575,0.3389361029863662,0.8972728744862303,0.8877242360718637,0.8020694259012016,0.7947120028640973,0.44415288164624905,0.7973120251536308,IterativeImputer,0.013249257808479822,0.03286780070825762,ExtraTreesClassifier,10690.114633083344,12.573887825012207
359,,,,,,,,,,,,,,,,,,,,,,,,,,,,,,,,,,,,,,,,,,,,,,
360,4552,class_non_simple_,MNAR_,0.01_,1/,0,0.0,0.6205559354835587,0.12180052956751986,0.1822183666260989,31.612493826577644,0.07273666678447245,0.5578665043971346,0.09796999117387467,0.1201853820887524,4.585610960850258,0.042189821023034,0.5561110665970821,0.09885260370697264,0.11666516939662207,4.431530753038341,0.041359586389794756,LGBMClassifier,989.9055280685425,2.1643903255462646,1.0,1.0,1.0,2.2204460492503136e-16,1.0,0.7202041686834629,0.7166813768755517,0.4403440863925997,0.3993820311940799,0.3964456515090422,0.7181272695770121,0.7131509267431597,0.4362377587712203,0.4024483039863569,0.39362959947026677,IterativeImputer,0.22674436921641564,0.20751246715858934,KNeighborsClassifier,9830.51817369461,3.6902148723602295
361,4552,class_non_simple_,MNAR_,0.1_,1/,0,0.0,0.9985522029310296,0.8009708737864077,0.9337151109339062,1.1605302420273895,0.7755214462697769,0.7599001800700654,0.6884377758164166,0.5003800514971594,0.6078885810689162,0.3856040003285169,0.7320530650820297,0.6531332744924978,0.45132533277977166,0.6385513089916864,0.3471273129874382,RandomForestClassifier,1198.0724549293518,0.5430886745452881,0.9999999479737005,0.999558693733451,0.9999298245614036,0.007528935489146143,0.9998076521108317,0.7300531011167756,0.7087378640776699,0.4464199681610597,0.5289320566677835,0.403442513413639,0.6966069844163966,0.6813768755516328,0.39118384770598125,0.43004475911685,0.3774334038043124,IterativeImputer,0.2811751947589368,0.2706165935329129,LGBMClassifier,11365.040009498596,9.556350946426392
362,4552,class_non_simple_,MNAR_,0.3_,1/,0,0.0,0.9977571324305063,0.7703000882612533,0.9474558780561833,0.9676070635284483,0.8488261297357628,0.7327868497368463,0.6866725507502206,0.43655649503948424,0.6094217174650545,0.3802946209103545,0.6326148300667055,0.4836716681376876,0.2441786095228223,1.000371498480373,0.20089596884068608,LGBMClassifier,1116.6501550674438,2.307302713394165,0.9971736184145761,0.7586054721977052,0.9305116596616504,1.723575179265056,0.7455153839417585,0.7433741409072308,0.6548984995586937,0.4528251583556924,1.0356336355915585,0.3310117996155874,0.6442691856881108,0.5710503089143866,0.28551950725474956,0.8018303351804367,0.2323789366701368,KNNImputer,0.3298004488982188,0.3335357169177321,RandomForestClassifier,8435.568207502365,2.796633005142212
363,4552,class_non_simple_,MNAR_,0.5_,1/,0,0.0,0.9945388767413086,0.6467343336275375,0.920166614974478,1.2696671122511978,0.7278245946050095,0.681175373902753,0.6293027360988526,0.3485819695178046,0.6899113782623263,0.3002169463946203,0.5870903599089147,0.3283318623124448,0.18764989721843814,1.8098675156415025,0.13763847665691184,LGBMClassifier,1434.4174644947052,3.04007625579834,0.9654415671488199,0.5366284201235657,0.39835782254835117,2.2722782967239885,0.3385798939810497,0.719124021210171,0.6478375992939099,0.4085551197641872,0.8577898136394919,0.30637008501930346,0.5873890970055916,0.4624889673433363,0.17742445031852888,0.6814791280835643,0.16365936631722242,KNNImputer,0.3735644175282496,0.37260610041671804,LinearDiscriminantAnalysis,3694.6617567539215,3.57413649559021
364,4552,class_non_simple_,MNAR_,0.01_,2/,0,0.0,0.5263424806821717,0.01831421006178288,0.04126365243266876,35.38344033482725,0.0026764277259696836,0.4977514306527749,0.01500441306266549,0.01782430307637717,9.441053927420894,0.0026065525901167556,0.5031179145099085,0.01500441306266549,0.01782430307637717,9.533042111189207,0.002604461753275887,LGBMClassifier,787.7837800979614,2.1788737773895264,0.5984769524600999,0.028905560458958517,0.11952980955758913,34.9771204002427,0.03297914416175325,0.5327961253260927,0.03618711385701677,0.0969137343346146,6.26439531462192,0.026614236820074366,0.5329357489881615,0.03618711385701677,0.09582316516136992,6.26439531462192,0.026323067466284007,KNNImputer,0.25637845021544736,0.25648647615058623,LGBMClassifier,4814.195203542709,2.463132858276367
365,4552,class_non_simple_,MNAR_,0.1_,2/,0,0.0,0.9999676859788028,0.96954986760812,0.9943132388265166,0.40263965019620385,0.9617864382983877,0.756562111084205,0.7316857899382171,0.5020951238524334,0.3250249159813626,0.46548734990230717,0.7090141947305049,0.6937334510150044,0.41243323600730786,0.35798734849834024,0.3941159699931188,RandomForestClassifier,1147.0789737701416,0.7065224647521973,0.9972667887116657,0.7727272727272727,0.9346766118154964,0.8847992576397005,0.8128736569654417,0.7638428715211274,0.6699029126213593,0.5303919261242345,0.5933237853056004,0.41902174774444195,0.7547752570372459,0.6504854368932039,0.49990104003904196,0.6408510135858942,0.3961765105197506,IterativeImputer,0.2719458984222113,0.30157693581938677,LGBMClassifier,9527.795471668243,6.275422811508179
366,4552,class_non_simple_,MNAR_,0.3_,2/,0,0.0,0.9964131484338242,0.7316857899382171,0.9342409561234544,1.0288882387031877,0.819204259483215,0.7251473048464102,0.6734333627537511,0.44316139416531525,0.4982693287450133,0.36246257948785376,0.65436823383746,0.49249779346866723,0.28515082303872213,0.8087294489630601,0.2295418482738598,LGBMClassifier,1273.8045327663422,2.577749490737915,0.9774337426167254,0.6237864077669902,0.5582551306054094,2.330998713367285,0.4618555219562414,0.7462636345223514,0.6531332744924978,0.4463091902863052,0.7612022206827666,0.32697924040540177,0.6803503120329807,0.5445719329214475,0.34362639716323456,0.7635019252769745,0.26923892495669605,IterativeImputer,0.3393776557221555,0.34577181536477236,LinearDiscriminantAnalysis,11945.273340940475,0.5245816707611084
367,4552,class_non_simple_,MNAR_,0.5_,2/,0,0.0,0.9972813808888945,0.76522506619594,0.9533613009633158,0.8474540608735456,0.8806951633327155,0.6750703423916351,0.5869373345101501,0.31585617913471015,1.2173102985339714,0.2610483136538135,0.57516256727952,0.383053839364519,0.16567315443410996,1.0264348172147273,0.14203409204055706,LGBMClassifier,1796.3167357444763,3.451721668243408,0.9641086087621825,0.543468667255075,0.4040156022244741,2.12101997670547,0.3557264188896918,0.7177222091418662,0.646072374227714,0.40822138456217294,0.64468385457624,0.32522597608842707,0.6060580543308323,0.46866725507502205,0.19126676668526854,0.5841249669287693,0.1778747607416541,IterativeImputer,0.3568472761161904,0.3832280888611997,LinearDiscriminantAnalysis,7171.774361610413,0.48509907722473145
368,4552,class_non_simple_,MNAR_,0.01_,3/,0,0.0,0.9997485133909292,0.9077669902912622,0.9752819955677119,0.4371041964273193,0.8944989664413096,0.7809371804827334,0.7255075022065314,0.540600631285046,0.575692716750008,0.45148297343708144,0.7625301767136026,0.7219770520741394,0.504965073751283,0.5480962616195146,0.4262256970284368,RandomForestClassifier,924.5636787414551,0.6653919219970703,0.9993628784327047,0.8473080317740512,0.9509449234505796,0.5699065241233832,0.7934713145036092,0.785213442167175,0.70432480141218,0.5534435429484689,0.9007176327313705,0.4286971759000012,0.7651331547239121,0.7016769638128861,0.5144503443240273,0.8723546094028077,0.39788335981835493,KNNImputer,0.22775384977852167,0.2461155299342782,RandomForestClassifier,8823.132187604904,0.9202089309692383
369,,,,,,,,,,,,,,,,,,,,,,,,,,,,,,,,,,,,,,,,,,,,,,
370,,,,,,,,,,,,,,,,,,,,,,,,,,,,,,,,,,,,,,,,,,,,,,
371,,,,,,,,,,,,,,,,,,,,,,,,,,,,,,,,,,,,,,,,,,,,,,
372,1459,class_non_simple_,MNAR_,0.01_,1/,0,0.0,0.9993158354595082,0.9782236359187668,0.9756839407840687,0.7398452715691789,0.97589979893331,0.9932385941421934,0.8962818003913894,0.8859379498833191,0.8794995387795363,0.8879805533323621,0.9927721185940422,0.8943248532289628,0.883698873052577,0.8915355514777547,0.8859607534028123,BaggingClassifier,421.0479691028595,0.15689301490783691,0.9998832378379248,0.9919256178125765,0.9920988694319725,0.5043531596489877,0.9915083606469576,0.9937202800794654,0.9119373776908023,0.9078120297311736,0.7305759871965626,0.9081380777940964,0.9933244133933444,0.9085127201565558,0.903816980226223,0.7360360533423088,0.9044171639203858,IterativeImputer,0.05046789058459266,0.0402469720256073,BaggingClassifier,10684.222020626068,1.2990119457244873
373,1459,class_non_simple_,MNAR_,0.1_,1/,0,0.0,0.9985762428477919,0.9689258624908246,0.9653527688848682,0.7554339683652238,0.966732083452771,0.9919082582051966,0.8957925636007827,0.8869847841381262,0.8481007820727517,0.8885097367698762,0.9877494879787649,0.8737769080234834,0.8647233972035842,0.9693416601719833,0.868276803653995,BaggingClassifier,520.1783339977264,0.14618420600891113,0.9999378623687004,0.9866650354783459,0.9855264988986138,0.024493649926189746,0.9851654152681716,0.9940202401603088,0.9026418786692759,0.8991151176776488,0.4179620928489487,0.8994502799478656,0.9896599987174401,0.87279843444227,0.8699510820392303,0.5999411397650953,0.870374654175707,IterativeImputer,0.07438826701891714,0.07013404939379694,HistGradientBoostingClassifier,10603.022286891937,2.530285120010376
374,1459,class_non_simple_,MNAR_,0.3_,1/,0,0.0,0.9975123365168045,0.9606068020552972,0.9566367012353127,0.7469744641785445,0.9576499468329327,0.9895862742011652,0.8723091976516634,0.8612548523526172,0.8329432337212105,0.8635702005954415,0.9615805957392928,0.7367906066536204,0.720030351433568,1.213154193148423,0.7243014104561725,BaggingClassifier,623.724990606308,0.20790553092956543,0.9980650674075271,0.9659897235135796,0.9626206552559843,0.711644524756997,0.9635294353080198,0.9870425869033742,0.87279843444227,0.8588428469106356,0.9764671460789175,0.8638776736842821,0.9488062316232844,0.699119373776908,0.6782056225157199,1.2297230563724093,0.6832149372470454,IterativeImputer,0.20343702045488388,0.20004568197582867,BaggingClassifier,11166.70985174179,0.863471508026123
375,1459,class_non_simple_,MNAR_,0.5_,1/,0,0.0,0.9611729971249303,0.76339613408368,0.7356215262335927,1.3417637587458515,0.7541422648077181,0.9742390061821645,0.7813111545988258,0.7589562602726735,1.0908754713242368,0.7629225755863862,0.9049615839812398,0.5596868884540117,0.5330648643971153,1.615848792892995,0.5429585797608183,BaggingClassifier,697.7037072181702,0.10247135162353516,0.979833519133401,0.8484218252997309,0.8362849335355553,0.92198979203762,0.8383818960027913,0.9654397260379906,0.7583170254403131,0.737420016801126,1.2504010885619068,0.7450451624918635,0.8531167504148509,0.4735812133072407,0.45621162978423363,1.6414744777734764,0.4578916639601619,IterativeImputer,0.1785797216929631,0.19460908245500452,BaggingClassifier,8818.64994931221,2.038261651992798
376,1459,class_non_simple_,MNAR_,0.01_,2/,0,0.0,0.9996239993408494,0.9867873746023978,0.9860729193109641,0.6610545640056942,0.9857703547707022,0.9946699475870577,0.9217221135029354,0.9126172917663528,0.812183318623948,0.9160246926687762,0.9945016974677869,0.9197651663405088,0.9109894023892599,0.8255304308158399,0.9140332376899059,BaggingClassifier,723.0361909866333,0.1757829189300537,0.9997456705882893,0.9887448005872278,0.988227762994546,0.6796727613110276,0.9878158599556184,0.9949863982954703,0.9187866927592955,0.9104300084193163,0.8219547126690299,0.9122921515204258,0.9948321360009386,0.9173189823874756,0.909295410521788,0.8231801292648034,0.9108636766525251,KNNImputer,0.033719066639707626,0.04813666284762204,BaggingClassifier,4953.863568067551,0.3320901393890381
377,1459,class_non_simple_,MNAR_,0.1_,2/,0,0.0,0.9986671959063467,0.9694152189870321,0.9654534968488477,0.7975189194202188,0.9667122065893643,0.9918049289480304,0.8913894324853229,0.8799184038946166,0.8966564916952934,0.8829517268373379,0.9859473841455442,0.8610567514677103,0.8466654704489682,1.0173012381955826,0.8511089951985648,BaggingClassifier,802.8870210647583,0.14317965507507324,0.9994971027413013,0.9804257401517005,0.9788646533113832,0.6397578788035877,0.9785902946353836,0.9919638824319612,0.8918786692759295,0.8828023679189405,0.896347961818843,0.885735522980083,0.9835261619541644,0.8468688845401174,0.8371022215458183,0.9642544182883146,0.83936168716035,IterativeImputer,0.07989212524480761,0.07665901328880421,BaggingClassifier,9790.49627661705,2.5266764163970947
378,1459,class_non_simple_,MNAR_,0.3_,2/,0,0.0,0.9918309725432242,0.9068999265965255,0.9016487004664062,1.0329301130924924,0.9087746707181914,0.986415823037067,0.8522504892367906,0.8401983674460857,1.0005743463400991,0.8427993740911456,0.9524616549777175,0.6868884540117417,0.667163911334067,1.3435086346838516,0.6778897200906738,BaggingClassifier,1003.6191425323486,0.11815905570983887,0.9996279284389601,0.9837288965011011,0.9825425372668128,0.3256205476403277,0.9828169847260405,0.9875768057165801,0.8737769080234834,0.8670985316225011,0.8312396858726628,0.8681235576680362,0.9471286336979482,0.7035225048923679,0.6957718576866954,1.1614788343923592,0.7011513686455378,IterativeImputer,0.12630893821467976,0.1357476240493892,BaggingClassifier,10791.734874725342,4.768685817718506
379,1459,class_non_simple_,MNAR_,0.5_,2/,0,0.0,0.9820190032471471,0.8613897724492293,0.8469129022091965,1.0247712358687975,0.8543469341757592,0.9725143295694118,0.7857142857142857,0.7741880525830862,1.0277397489344908,0.7784088026110976,0.8996630606580748,0.5626223091976517,0.5510437753474983,1.535260492546237,0.5569231101659149,BaggingClassifier,501.5591022968292,0.19112157821655273,0.996850689092226,0.9089796917054074,0.9028500616865409,0.22154021488144252,0.9004564471158272,0.9570925146630647,0.7123287671232876,0.7008204477466516,1.0497855886201288,0.7017464187376468,0.8227188808679526,0.42367906066536204,0.41648474906967436,2.850764332077006,0.4151784211374129,IterativeImputer,0.16200221046988145,0.17854459278960472,HistGradientBoostingClassifier,10138.465786218643,5.4165260791778564
380,1459,class_non_simple_,MNAR_,0.01_,3/,0,0.0,0.9996743123734948,0.9865426963542941,0.9855570152696114,0.6784190122425003,0.985452352190358,0.9942291179613635,0.913894324853229,0.9059801403553521,0.8184287440088791,0.9085411340886338,0.9936101338500363,0.9090019569471625,0.9012159656496748,0.8364366914939703,0.9038510570274081,BaggingClassifier,761.9681272506714,0.1726062297821045,0.9999732736497154,0.9910692439442134,0.9900530013509939,0.014956470334429607,0.989924341663148,0.9955665294413245,0.9197651663405088,0.9148804454688657,0.3154851106967497,0.9157229756122061,0.99522816125497,0.9168297455968689,0.9123733188449856,0.33282949745368684,0.913177825727271,KNNImputer,0.04340390964119865,0.08382684092744795,HistGradientBoostingClassifier,8258.031014204025,0.6667766571044922
381,1459,class_non_simple_,MNAR_,0.1_,3/,0,0.0,0.9975330894997873,0.9606068020552972,0.9556102322827094,0.8632385595021542,0.9572828887295829,0.9906489729699667,0.8698630136986302,0.8566720968475,0.9418176709109263,0.8587631507218731,0.9848967933809704,0.8317025440313112,0.8159211997812591,1.0572537250399259,0.8194972351034748,BaggingClassifier,438.5422959327698,0.16385126113891602,0.9993061940661443,0.9749204795693663,0.9723104284020737,0.5852340129847815,0.9721262127171245,0.9906578880685586,0.8830724070450098,0.8740868853637623,0.8374790545161858,0.8770150895991067,0.9834182260510363,0.8370841487279843,0.8283707201509032,0.9171828228288533,0.8308537939124812,IterativeImputer,0.09273631036672245,0.07733450070557688,BaggingClassifier,11015.618210554123,0.6737589836120605
382,1459,class_non_simple_,MNAR_,0.3_,3/,0,0.0,0.9940471287952324,0.9221923171030095,0.9143806896663937,0.9460607363522381,0.9198347699809322,0.987638035432504,0.8649706457925636,0.852489683082777,0.9232233134002285,0.8550929782888008,0.9595364891633332,0.7289628180039139,0.7096818404133771,1.264890501639731,0.7174463384834853,BaggingClassifier,765.9522609710693,0.12995433807373047,0.9988043857179735,0.9677024712503058,0.9655291474931044,0.571109941771492,0.965135803573121,0.9829998687744859,0.8454011741682974,0.8377748965382315,0.9952330223639251,0.8399231663897112,0.9413259680720429,0.6873776908023483,0.677477568172556,1.2240857905243678,0.6815482268631973,IterativeImputer,0.1319336030694603,0.1371814694498923,BaggingClassifier,9931.13150882721,1.484792709350586
383,1459,class_non_simple_,MNAR_,0.5_,3/,0,0.0,0.981616013050836,0.8513579642769757,0.8383872170612913,1.104959570505021,0.8506473811526218,0.9752432511460765,0.799412915851272,0.7861837387553665,1.0530533219014462,0.7866170369159629,0.9031256982902226,0.5489236790606654,0.5273206705457774,1.5520171634918432,0.5382035810872278,BaggingClassifier,819.7239739894867,0.16746091842651367,0.9909226366640753,0.8976021531685833,0.8940842366308963,0.8094559690273776,0.8934983042558484,0.9704539936586407,0.7862035225048923,0.7682575695045737,1.2368471418850675,0.7737471422380275,0.8458811800173297,0.4623287671232877,0.4499795857077748,1.6619285968082131,0.45371680967103867,IterativeImputer,0.1881990220107488,0.18673921787314846,BaggingClassifier,8276.157878398895,2.1174309253692627
384,4135,class_non_simple_,MNAR_,0.01_,1/,0,0.0,0.9853439096873874,0.9728399771123403,0.8192704538159276,0.07056766680066072,0.8596118386644052,0.8203322188157627,0.9446139761977418,0.6536051616762629,0.21256168419022242,0.6874492816568183,0.8081982203326461,0.9440036618858713,0.6470898272675804,0.22223656818462442,0.681014095191111,XGBClassifier,850.5562114715576,0.09341216087341309,0.9875738616058247,0.9733740225061988,0.8554135943178091,0.06257518770105097,0.8721939420523488,0.8096862615235063,0.9417149832163564,0.6694027538910194,0.5211773693451289,0.6935025620333299,0.8104220567656202,0.9420201403722918,0.6670881181032549,0.5071637268534718,0.6924410635118614,KNNImputer,0.19103463704548793,0.23973915035782664,RandomForestClassifier,5888.971930027008,3.496727705001831
385,4135,class_non_simple_,MNAR_,0.1_,1/,0,0.0,0.979509347627901,0.9511729925615106,0.9227694465885692,0.2124726891336016,0.8261468447376593,0.8176086654631302,0.9096734818431492,0.6982154187986711,0.2741178151203266,0.6607802817295452,0.7867392349353188,0.9223375038144644,0.6442598784356873,0.2698482596180427,0.6440814258909018,RandomForestClassifier,660.5611894130707,0.4282948970794678,0.9819978481754863,0.9796681289338165,0.9168715343800858,0.0930703202254438,0.9086574790803188,0.6922540672769808,0.9328654256942325,0.6201279736788694,1.3562563693336187,0.6396728697071611,0.6613354982748123,0.9333231614281355,0.6017965453516072,1.4396550076420367,0.6237337082204671,KNNImputer,0.21028516770814687,0.2511978173988595,KNeighborsClassifier,6215.484755754471,25.605090856552124
386,4135,class_non_simple_,MNAR_,0.3_,1/,0,0.0,0.9965932290400498,0.9523173755483502,0.9746932825849293,0.234216439101068,0.8411945005704615,0.7862668646448677,0.9246261824839792,0.6504276115496779,0.2660370157443701,0.651552265072357,0.7348443058122269,0.9113518462007935,0.6012812323074787,0.30710710438208005,0.5996695482371578,RandomForestClassifier,1176.2989802360535,0.6089978218078613,0.9960330536804357,0.9561319855044822,0.9764086845879036,0.263136919672292,0.8506536152473513,0.7824885432578809,0.88556606652426,0.6705624218858491,0.344381444794895,0.6196762803342113,0.7246196575261984,0.905401281660055,0.5795489942636173,0.33607055080673365,0.5774180934790928,KNNImputer,0.29041165194571666,0.304515738638466,RandomForestClassifier,11035.994445323944,57.7079918384552
387,4135,class_non_simple_,MNAR_,0.5_,1/,0,0.0,0.9953392428486217,0.9447644478352089,0.9669750738636064,0.1938812486065021,0.8225753951226991,0.7266909510431244,0.932255111382362,0.5727490839947443,0.23254958485067886,0.5928201425561032,0.6476899575913602,0.8959414098260604,0.5472863811650092,0.31305960372298175,0.5449806482086614,RandomForestClassifier,988.9206683635712,0.7577757835388184,0.9011085369167058,0.9748235742895289,0.8537098354053767,0.416089301873303,0.8769848973381773,0.626311943853952,0.9307293256026854,0.5583181823037399,1.4842431349472247,0.5751023147553157,0.5834661852520484,0.9270674397314617,0.5452302564814716,1.6775857600643067,0.5571882010783037,IterativeImputer,0.30732454840834345,0.339399991302334,KNeighborsClassifier,13356.73915052414,29.670604705810547
388,4135,class_non_simple_,MNAR_,0.01_,2/,0,0.0,0.9902274192995122,0.9753957657829487,0.8444303189171867,0.0558668097502957,0.8766171002879264,0.804767713885892,0.9450717119316447,0.636512022902802,0.3127621972517371,0.6742157921334817,0.8004550650016558,0.9436985047299359,0.6308301197483256,0.3190734042479344,0.6666213141987274,HistGradientBoostingClassifier,736.9631268978119,0.05626201629638672,0.9866889333771424,0.9729544154110242,0.8536452182533998,0.06575834287418192,0.8702220917537664,0.8139890827128712,0.9443088190418065,0.6559197974640274,0.5111968735857627,0.6886438519391997,0.8114071763537117,0.9438510833079036,0.654438592930469,0.5174112595010218,0.6865692744655281,KNNImputer,0.2037682496888699,0.27168358213966093,ExtraTreesClassifier,6378.858904838562,3.1132760047912598
389,4135,class_non_simple_,MNAR_,0.1_,2/,0,0.0,0.9794782327020884,0.9510585542628266,0.9261091997593174,0.2198040689306304,0.8267366497085982,0.8175821734160853,0.9142508391821789,0.6932148312734342,0.26817298397522116,0.6640684823312886,0.7688528302693003,0.9200488251449497,0.6343772766602929,0.27945565310300435,0.6340451468808075,RandomForestClassifier,837.1608328819275,0.4328327178955078,0.9763681138187987,0.942284951363723,0.9331999085837345,0.16587034529415515,0.8089585965644063,0.825599863266854,0.9165395178516936,0.6981442748336235,0.27360312376083373,0.6699677823846779,0.7863373676732932,0.9131827891364053,0.657975922147565,0.292332195449504,0.641692442782116,IterativeImputer,0.21674194061541943,0.2705278775620708,RandomForestClassifier,7685.139448165894,8.190232515335083
390,4135,class_non_simple_,MNAR_,0.3_,2/,0,0.0,0.9970640073367741,0.9554835018119398,0.9763736486212901,0.19345721555307782,0.8490715607712143,0.7795962099281082,0.9176075678974672,0.6578475211776142,0.25794724190564067,0.6471521410386478,0.7064035977909051,0.907995117485505,0.6143593304348756,0.2996074392958442,0.6064368082565712,RandomForestClassifier,1252.3326833248138,0.617527961730957,0.974674664309561,0.9400343314896051,0.9177852035711026,0.22475122926867722,0.8001162498457096,0.8046275624112036,0.9169972535855966,0.6897191629367716,0.2813449768809182,0.6658439077350337,0.7477046991336674,0.9105889533109551,0.641739929283326,0.2886506649259407,0.6281318345944393,IterativeImputer,0.2319161242848892,0.26794928648121197,RandomForestClassifier,12701.19725227356,5.5227038860321045
391,4135,class_non_simple_,MNAR_,0.5_,2/,0,0.0,0.9968318390433557,0.9521647911501049,0.9730666241380446,0.18379673737445798,0.8404828660436137,0.7457299734011302,0.9316447970704913,0.576140066016472,0.2338247731252901,0.5959131545338442,0.6473335968295001,0.8959414098260604,0.551001249826413,0.30292989925099134,0.5481560823968583,RandomForestClassifier,1193.430551290512,0.8087117671966553,0.9648602058263678,0.9366011825290864,0.9063799228200466,0.21832749709245589,0.7899232487227408,0.7534974843237585,0.9328654256942325,0.6003153408180488,0.25504105058061116,0.6217414458444499,0.6065377671904544,0.8985352456515106,0.5560926367064404,0.3834352619801546,0.553706585075767,IterativeImputer,0.3177045872536193,0.35698389450530027,RandomForestClassifier,12077.52891087532,30.979217767715454
392,4135,class_non_simple_,MNAR_,0.01_,3/,0,0.0,0.9883038020278769,0.9740987983978638,0.8425054346425715,0.06305774038842955,0.8712583942038744,0.8152040849027378,0.9440036618858713,0.6644258810207984,0.4702566647824426,0.6944846981202941,0.8146601433561579,0.9435459261519683,0.6579915182720348,0.44725650910233283,0.6887066727462434,RandomForestClassifier,983.7006454467773,0.46566247940063477,0.8480899036506916,0.7722296395193592,0.7625708301344842,0.5769856638926101,0.5706723414252133,0.7608909019046499,0.7584681110772048,0.6935081666007926,0.5845852885070814,0.5428700715525239,0.7583683890058006,0.7590784253890753,0.6901171845790648,0.5843154314036842,0.5422073853186761,KNNImputer,0.21710768594363603,0.25480699087044517,ExtraTreesClassifier,314.4138514995575,3.0240118503570557
393,4135,class_non_simple_,MNAR_,0.1_,3/,0,0.0,0.9868730755891844,0.9660881174899867,0.9523248651121954,0.16402352454456295,0.8717989961168661,0.828336021706387,0.93042416844675,0.7067509854400564,0.2491704427391848,0.6964754631134221,0.8038545928450109,0.9333231614281355,0.6451366797346523,0.2480160153661456,0.6606233864906425,RandomForestClassifier,930.1952745914459,0.4505331516265869,0.9788383828603464,0.94739652870494,0.9318940286176229,0.1894664786415049,0.8197725999447858,0.8367064403448239,0.911504424778761,0.7090933951481098,0.2601954469866802,0.6689557683411456,0.8216273380833858,0.9180653036313702,0.677903069018192,0.2556016394651998,0.6603533890130845,KNNImputer,0.21233072167869896,0.26234953460889676,RandomForestClassifier,8552.151505231857,26.164313316345215
394,4135,class_non_simple_,MNAR_,0.3_,3/,0,0.0,0.9965679289910714,0.9510585542628266,0.9737160498549402,0.2638719638264179,0.8380682414118901,0.781363913131723,0.9200488251449497,0.6529516199673122,0.3051991705778454,0.6470847437423057,0.7279138581179964,0.9153188892279523,0.5786207043893477,0.3271410019519746,0.5840093594377476,RandomForestClassifier,1108.122339963913,0.638026237487793,0.9958734913262043,0.9560938394049209,0.9766975746042029,0.24039896915060643,0.8506215605287897,0.7727933086216657,0.8963991455599634,0.6837411470629079,0.34269798870359663,0.6374431489291326,0.7208627006932797,0.9133353677143728,0.584997810133208,0.32444357960472137,0.5880149713256175,IterativeImputer,0.2787857012993843,0.30933204893949434,RandomForestClassifier,10551.049808263779,0.6206943988800049
395,4135,class_non_simple_,MNAR_,0.5_,3/,0,0.0,0.963971423241252,0.926530612244898,0.873831229761628,0.33186599544445305,0.7609877010142397,0.7253738262848108,0.9377479401891974,0.5608045891062139,0.3064791557713954,0.5838069534846801,0.6740969737109161,0.8906011595971925,0.5469289521754457,0.3772907240131281,0.5424693649303994,RandomForestClassifier,1130.016230583191,0.6704659461975098,0.9877615914368308,0.9251573526606904,0.9587328993941484,0.392590201118355,0.7826501068100307,0.7209705916913249,0.8657308513884651,0.6166959717133305,0.4492384018514209,0.5752466617117806,0.6577872731351415,0.8854134879462924,0.5565588112762117,0.43844766383738176,0.5478275520293473,KNNImputer,0.2912878728465852,0.31435916422549964,RandomForestClassifier,11009.134465932846,76.45819973945618
396,40498,class_non_simple_,MNAR_,0.01_,1/,0,0.0,1.0,1.0,1.0,0.03992358849830513,1.0,0.8035609834147588,0.6663265306122449,0.35969403693998686,0.8942254924665864,0.4018656916780356,0.8009731818913018,0.6632653061224489,0.3547039668725972,0.9053267547241912,0.39603085614085887,BaggingClassifier,427.67396545410156,0.0990288257598877,1.0,1.0,1.0,0.031146232711989696,1.0,0.8627962302734205,0.6816326530612244,0.3724649184884825,1.1767030906597469,0.4058927361570698,0.8627233498788864,0.6857142857142857,0.37490388845322575,1.1800298368103699,0.4080620062612979,KNNImputer,0.0710434684730307,0.07459565964545106,HistGradientBoostingClassifier,7290.849837064743,0.1537611484527588
397,40498,class_non_simple_,MNAR_,0.1_,1/,0,0.0,1.0,1.0,1.0,0.04245959103193274,1.0,0.8450372479120271,0.6683673469387755,0.34983742325421263,0.9868336652071867,0.3908131473878777,0.8355075623374963,0.6459183673469387,0.3259776919202545,1.0137137096365179,0.3623114414666345,BaggingClassifier,447.27856278419495,0.0936739444732666,0.9965449463820208,0.9293006636038795,0.9763354360881568,0.30707143727424896,0.9658008217564563,0.8559211786883701,0.6153061224489796,0.38553282137597306,0.9614282465371549,0.39745326106667683,0.8443610707623076,0.6173469387755102,0.38244864487500724,0.9866810044626642,0.3848892510237466,KNNImputer,0.0795792647274605,0.08798587297859543,LGBMClassifier,2160.1218960285187,0.8748908042907715
398,40498,class_non_simple_,MNAR_,0.3_,1/,0,0.0,0.9583413608506596,0.7279224093925473,0.8879515150724029,0.9446124764851475,0.7291236265069072,0.8124716633297496,0.5071428571428571,0.31333392307250924,1.1780967418568926,0.2925838066488829,0.795372459220763,0.47653061224489796,0.28467761987644163,1.2259149596466785,0.2696228473810647,RandomForestClassifier,364.88425040245056,0.09819340705871582,0.992360624784956,0.9081163859111792,0.9663091462517134,0.6745931906346515,0.8562686105820629,0.8261635372934647,0.5489795918367347,0.31950697804895156,1.1166090785658387,0.31224290286464623,0.788320648700118,0.539795918367347,0.32348405154001625,1.184959450275959,0.3233309276933102,KNNImputer,0.11853819899668766,0.10768184346944291,ExtraTreesClassifier,10848.935684204102,0.9625732898712158
399,40498,class_non_simple_,MNAR_,0.5_,1/,0,0.0,0.9689756268846814,0.7891781521184278,0.9159549931790579,0.9517875503640474,0.8412708159961108,0.7660125859520831,0.4959183673469388,0.2914818551600584,1.2660158189383635,0.2755440316613825,0.7159311901513895,0.45714285714285713,0.24333188289373858,1.2851188957193285,0.23072584455770667,RandomForestClassifier,612.7303736209869,0.11963701248168945,0.9844715874169234,0.8274629913221031,0.936642275595806,0.6746742052570504,0.8873973944070032,0.7296949132535812,0.5081632653061224,0.30396081581648593,1.1580955035453167,0.28917748648304376,0.6249059658419455,0.4663265306122449,0.2563691830996691,1.2594931131811782,0.24295727574902629,IterativeImputer,0.10729249734528347,0.11687599845240274,LGBMClassifier,13449.188655376434,5.637379169464111
400,40498,class_non_simple_,MNAR_,0.01_,2/,0,0.0,0.9999976745389113,0.9987238386932108,0.9995936941329432,0.22981917795631124,0.9984370880213647,0.8826389090568887,0.686734693877551,0.3785876862460073,0.8519698031159552,0.41036412796386185,0.8799139305628608,0.6846938775510204,0.377926620507622,0.8628052709303391,0.4096457239223235,RandomForestClassifier,489.3235330581665,0.11012673377990723,0.9998462424591877,0.9938744257274119,0.9975588631269133,0.3593304668332681,0.991010851049556,0.8668271305766406,0.6826530612244898,0.3814632225898794,0.9099167114498483,0.41651036291031457,0.8668248529382753,0.6846938775510204,0.38227881593124596,0.9092542058868645,0.4172986818304819,KNNImputer,0.06787642093476134,0.12414868063668118,ExtraTreesClassifier,7276.0022184848785,0.1697995662689209
401,40498,class_non_simple_,MNAR_,0.1_,2/,0,0.0,0.999999955480018,0.9997447677386422,0.9999187388265887,0.2780359406359338,0.9994120124791631,0.8763603291928973,0.6622448979591836,0.3680162130456681,0.9200402370087125,0.3995840062664832,0.7598507725582041,0.6275510204081632,0.32050060886585185,1.0561618711161127,0.3476049437488361,RandomForestClassifier,587.178141117096,0.11360526084899902,0.9999980172980154,0.9989790709545686,0.9996336974893225,0.2636581403831132,0.9985635835868143,0.8570533136836841,0.6836734693877551,0.38406476930040995,0.928118262313948,0.4155986503314929,0.8505731395743493,0.6775510204081633,0.37483439486384995,0.9390604577614883,0.40879609942753253,KNNImputer,0.07764332930042636,0.07911784506201366,RandomForestClassifier,5402.410093784332,0.6574356555938721
402,40498,class_non_simple_,MNAR_,0.3_,2/,0,0.0,0.9995586353297169,0.9903011740684022,0.9961694347037897,0.4397632021535658,0.981280202551518,0.7449467254553322,0.576530612244898,0.34240782536069725,1.1208447121200875,0.34582659415102945,0.7548796519304898,0.5183673469387755,0.27520011284738827,1.20214193098488,0.2775245506028811,RandomForestClassifier,711.4294033050537,0.12719154357910156,0.9971053980817184,0.9532924961715161,0.982540525525626,0.5687773424258579,0.9324480122383384,0.7525775163363396,0.6040816326530613,0.37320296909766715,1.1064658082146501,0.3662293943329174,0.7125205795397663,0.5489795918367347,0.3118810129487596,1.1776417087869002,0.31403353926471234,KNNImputer,0.11516708243946366,0.11381530026854839,RandomForestClassifier,4319.372295379639,1.154142141342163
403,40498,class_non_simple_,MNAR_,0.5_,2/,0,0.0,0.995593729624882,0.9344053088310362,0.9740348400874674,0.5907887413262735,0.8065117686258415,0.7760542753092075,0.5081632653061224,0.315849957602535,1.2111681879735232,0.29832804616927067,0.7310844162004766,0.4377551020408163,0.24280502266511106,1.3079810794096092,0.238820265121277,RandomForestClassifier,577.4216723442078,0.1527116298675537,0.9878957912600006,0.8723838693210821,0.9542703443550247,0.5158817513011962,0.926374001784133,0.6802030718215563,0.5010204081632653,0.3075985501979611,1.1750299975807628,0.2932196664089243,0.5998309245185363,0.4030612244897959,0.20242502343017807,1.354998634470191,0.19663531571383328,KNNImputer,0.13363491107383796,0.13331746199146144,LGBMClassifier,1052.3769299983978,1.5259037017822266
404,40498,class_non_simple_,MNAR_,0.01_,3/,0,0.0,0.9760728733264203,0.8203164880040837,0.9286225565545708,0.8036621510040519,0.8580330025959212,0.8489968884302753,0.6071428571428571,0.40118673054976445,1.075759894972837,0.3880979571994656,0.8485787649972225,0.6040816326530613,0.3963746182634254,1.0792146455961682,0.38551494654513613,RandomForestClassifier,498.1866865158081,0.08269357681274414,0.9998680013308878,0.9910668708524758,0.9968257963943455,0.33910097455656424,0.9753432941618433,0.8663527593525978,0.6744897959183673,0.3908285994810295,0.9207128301018087,0.4113549649069314,0.8665641152562534,0.6724489795918367,0.38666193281436284,0.9201173703121249,0.4070817060299667,KNNImputer,0.07225542842929014,0.05925583268340337,RandomForestClassifier,9098.966688632965,0.18887901306152344
405,40498,class_non_simple_,MNAR_,0.1_,3/,0,0.0,0.9996780118523585,0.989025012761613,0.9960519335559582,0.47420273092056775,0.9926990920414953,0.882900994608572,0.6336734693877552,0.3658403145700642,0.9513281076699335,0.3834953088263217,0.8501521432848383,0.6265306122448979,0.3391354104903442,1.0449512681387776,0.360468685864104,RandomForestClassifier,574.9306952953339,0.10169267654418945,1.0,0.9997447677386422,0.9642857142857143,0.06700495588304979,0.9795512177006145,0.8759757429841573,0.6663265306122449,0.36639283642229153,0.897263857187118,0.39854675032519743,0.8658595960099646,0.6622448979591836,0.35567042187071646,0.9050732575621712,0.3868381946866174,KNNImputer,0.07831285398545931,0.08396182782015223,XGBClassifier,4194.629544496536,0.6768321990966797
406,40498,class_non_simple_,MNAR_,0.3_,3/,0,0.0,0.9999644775725648,0.9974476773864216,0.9990223569977579,0.3580327275893155,0.997282408067771,0.8234500700869123,0.5867346938775511,0.293544587469477,1.0616760945789083,0.31272561013728595,0.7880446628011619,0.5295918367346939,0.265204352593896,1.1729127933176697,0.2765125480539389,RandomForestClassifier,659.3821368217468,0.13709521293640137,0.9999083592518202,0.9910668708524758,0.9970320854795064,0.21153240706482698,0.9950863723223149,0.8389972638361767,0.5979591836734693,0.4995089225943423,0.9907803673241677,0.5167242876071102,0.7438933571832712,0.5581632653061225,0.30865330668349816,1.0723208693734683,0.3295771942361268,KNNImputer,0.11347411422924386,0.11788194007824068,LGBMClassifier,4158.329702615738,1.3225200176239014
407,40498,class_non_simple_,MNAR_,0.5_,3/,0,0.0,0.9731841934724169,0.8141909137314957,0.9265771082680173,0.9095049351319738,0.8192856606226618,0.7351945110009472,0.5285714285714286,0.28189173982620225,1.2263597474216357,0.28555115502503153,0.6296919006588294,0.4561224489795918,0.2338271203514208,1.3411760952633482,0.23058912780676163,RandomForestClassifier,425.19303011894226,0.11597108840942383,0.9894182839567139,0.8657478305257784,0.9509906528045977,0.5332827877970817,0.9203689269773222,0.7483970290144896,0.5306122448979592,0.3308437573717397,1.0866682422611753,0.3171961453059406,0.70928421912336,0.44693877551020406,0.23535725442941935,1.2309535931283317,0.22673031287698292,IterativeImputer,0.10755157964390198,0.1181171483116661,LGBMClassifier,12950.819136619568,5.793749570846558
408,40497,class_non_simple_,MNAR_,0.01_,1/,0,0.0,0.9999793042283188,0.9980112694729865,0.9992831541218639,0.0068769370756730135,0.9887047592560029,0.9945308851631592,0.9947019867549669,0.9897954054189917,0.14731471154193135,0.9630916487197894,0.9945308851631592,0.9947019867549669,0.9897954054189917,0.14731471154193135,0.9630916487197894,DecisionTreeClassifier,238.3419222831726,0.008878946304321289,0.9999731577114833,0.9986741796486576,0.9930778976319773,0.0032892138200444564,0.9930778976319773,0.9994619652641633,0.9973509933774835,0.9907505152566229,0.05012471877418342,0.9865309920897314,0.9994619652641633,0.9973509933774835,0.9907505152566229,0.05012471877418342,0.9865309920897314,IterativeImputer,0.1774357355946283,0.16871059612306055,DecisionTreeClassifier,11803.340344667435,2.811169147491455
409,40497,class_non_simple_,MNAR_,0.1_,1/,0,0.0,0.9994410343561181,0.9910507126284388,0.9480797685731271,0.03553891593521716,0.9579619950993049,0.9993164669536382,0.9920529801324504,0.9717739908510531,0.03597186408369353,0.9560684987820666,0.9969781880869029,0.9841059602649007,0.9440255366209219,0.056680002345419436,0.9289917229615723,RandomForestClassifier,272.011376619339,0.04231119155883789,0.9999680013276858,0.9990056347364932,0.9934640522875817,0.009166597442720097,0.9965205547959416,0.9997731978403298,0.9947019867549669,0.9468908661338159,0.016881654331357826,0.9579181390205012,0.9957875864385469,0.9841059602649007,0.9347760518775449,0.04999767995186087,0.9197986364615041,IterativeImputer,0.18892391295789138,0.19443487593690179,LGBMClassifier,7815.878099679947,3.630068778991699
410,40497,class_non_simple_,MNAR_,0.3_,1/,0,0.0,0.9993595509734132,0.9890619821014253,0.9378670891004856,0.037544571803706676,0.9565104201471026,0.9992435160651478,0.9947019867549669,0.9810234755944301,0.024794184727335376,0.9729526516508318,0.9717078562642318,0.9629139072847682,0.7266375106821495,0.12229578143591668,0.7798276482476195,HistGradientBoostingClassifier,386.32817482948303,0.03401017189025879,0.9975797946591398,0.9830957905203845,0.9812850801465602,0.08106941419060211,0.9367894823788078,0.9990783002903383,0.990728476821192,0.9634796159453075,0.07560294180771822,0.9415270484287738,0.9196069152470567,0.9483443708609272,0.7886945156587745,0.2174880064292581,0.7668465227817746,IterativeImputer,0.20373928136629574,0.2219862929847546,RandomForestClassifier,13485.685489177704,4.555200099945068
411,40497,class_non_simple_,MNAR_,0.5_,1/,0,0.0,0.9806257225620856,0.9695061319191249,0.7790906656181799,0.10152480436621401,0.8438419990441591,0.9982877144618683,0.9867549668874173,0.9698637711757905,0.03994392886800284,0.9441517348238012,0.9474158260511882,0.9496688741721855,0.628713617855527,0.16594314276307925,0.6879338419889631,LGBMClassifier,282.0290729999542,0.03076624870300293,0.9925927344327773,0.967848856479947,0.9626341711730705,0.14821720318505252,0.8725543538536011,0.9980151627973347,0.9854304635761589,0.9527974664454834,0.1216421958670443,0.9230048375250108,0.8894769135044095,0.9324503311258279,0.733197607198512,0.24693862699211508,0.7146332862429391,IterativeImputer,0.20044125559648823,0.21200281519146907,RandomForestClassifier,9329.602489471436,5.272904396057129
412,40497,class_non_simple_,MNAR_,0.01_,2/,0,0.0,0.999998712979891,0.9993370898243288,0.9977018764495046,0.0018080409081564068,0.9977018764495046,0.9998150886226821,0.9960264900662251,0.9644347257829388,0.010021231487302523,0.9722571533595156,0.9994176708771955,0.9920529801324504,0.929347006484693,0.022523393172493782,0.9525253825253825,RandomForestClassifier,265.5016734600067,0.031316280364990234,1.0,1.0,1.0,7.01986492702201e-05,1.0,0.999766117387443,0.9947019867549669,0.9556627959583773,0.021864239344487453,0.9597520166438525,0.9927866923869821,0.990728476821192,0.9459357562961846,0.0693513707802261,0.9459357562961846,IterativeImputer,0.1693019443169509,0.18947287782359493,LGBMClassifier,9806.198498249054,0.5504024028778076
413,40497,class_non_simple_,MNAR_,0.1_,2/,0,0.0,1.0,1.0,1.0,0.00013774355471247418,1.0,0.9999033552331058,0.9960264900662251,0.9644347257829388,0.013804008311180518,0.9722571533595156,0.9956028840579009,0.9788079470198675,0.8835771376866234,0.08921845800353737,0.8895238095238095,LGBMClassifier,273.989102602005,0.0762782096862793,1.0,1.0,1.0,0.010556165848849724,1.0,0.9999271919989333,0.9947019867549669,0.9556627959583773,0.018463126365461005,0.9675747850855148,0.9757477831766819,0.9801324503311258,0.8923490675111848,0.14747328555832603,0.9097002088416142,IterativeImputer,0.17543484956767788,0.18627304925488752,BaggingClassifier,15197.960123300552,3.768617630004883
414,40497,class_non_simple_,MNAR_,0.3_,2/,0,0.0,0.9998243238414609,0.9923765329797812,0.9498910675381264,0.02539955674671122,0.9715409904714094,0.9991996642005319,0.9947019867549669,0.9810234755944301,0.020823695618177755,0.9650940907222315,0.9737020617379568,0.9695364238410596,0.8046297692655707,0.11347531037537657,0.8461900933296814,LGBMClassifier,279.4586863517761,0.049907684326171875,0.9980223978913848,0.9821014252568777,0.8884561981336175,0.050469331707485666,0.9180642186577931,0.9983093414260562,0.9867549668874173,0.9283918966470618,0.051361355941613514,0.9391141722127637,0.9378284212664522,0.9615894039735099,0.8271251193887297,0.24845661692433482,0.8271251193887297,IterativeImputer,0.19211414699892543,0.19427404024473632,RandomForestClassifier,12039.943710565567,4.820407867431641
415,40497,class_non_simple_,MNAR_,0.5_,2/,0,0.0,0.9682451131303682,0.9632084852502486,0.7304520839625205,0.11982464240536678,0.8032037393193857,0.9989221651065754,0.9880794701986755,0.9620469511888604,0.030535155325905016,0.9472070982052833,0.963065769575372,0.9536423841059603,0.7232946262504397,0.13910537449818428,0.7624313497447824,LGBMClassifier,281.91598749160767,0.03147244453430176,0.9982806098998198,0.9698375870069605,0.9767727879682339,0.1317361841217925,0.8796979586567927,0.9966978555353306,0.9801324503311258,0.9596591765947822,0.13437585710218491,0.9084482600332745,0.8927459170410158,0.937748344370861,0.8277786155934247,0.24479754079867047,0.776768300102216,IterativeImputer,0.24839262816035762,0.25921266494856937,RandomForestClassifier,8697.583772659302,5.016026973724365
416,40497,class_non_simple_,MNAR_,0.01_,3/,0,0.0,1.0,1.0,1.0,9.213384029801968e-05,1.0,0.9997802782932165,0.9960264900662251,0.9644347257829388,0.021188110616704926,0.9722571533595156,0.999647525493273,0.9947019867549669,0.9639571708641231,0.023356618746889688,0.9676888588063374,LGBMClassifier,241.10306525230408,0.05331778526306152,0.999998712979891,0.9993370898243288,0.9997610513739547,0.0070657337314772245,0.9965575700538883,0.9998054127626279,0.9960264900662251,0.9644347257829388,0.017895500071999283,0.9722571533595156,0.9998054127626279,0.9960264900662251,0.9644347257829388,0.018096527475794023,0.9722571533595156,KNNImputer,0.1859515723011923,0.16688498709269464,RandomForestClassifier,10596.804574012756,0.14310884475708008
417,40497,class_non_simple_,MNAR_,0.1_,3/,0,0.0,0.9998229238025272,0.9953596287703016,0.9736172605242813,0.017194825572920975,0.9833994101435962,0.9992872647650438,0.9973509933774835,0.9990448901623686,0.015717378238260922,0.9828550932568149,0.9969791789635584,0.9894039735099338,0.962524506107676,0.037764369781044936,0.9472098467114702,LGBMClassifier,250.80850410461426,0.018827199935913086,0.9999266073085726,0.9943652635067949,0.9771105070915317,0.01243563798732366,0.9737052477589851,0.9997802782932165,0.9947019867549669,0.9556627959583773,0.015625313721446394,0.9675747850855148,0.9871677025501935,0.9880794701986755,0.9454582013773689,0.08619022344114391,0.9451844884915751,IterativeImputer,0.18744846339654958,0.1994742630786109,RandomForestClassifier,15203.358500957489,3.7894182205200195
418,40497,class_non_simple_,MNAR_,0.3_,3/,0,0.0,0.9973319387751398,0.9897248922770965,0.9463427374243314,0.03865961005595606,0.9520902868672367,0.9939629758581402,0.9894039735099338,0.9459357562961846,0.057750735096956066,0.9456617015672135,0.9484590075055387,0.952317880794702,0.6886844618710098,0.169878798245212,0.7418211445937186,HistGradientBoostingClassifier,285.5291883945465,0.016686677932739258,0.9954684058779358,0.9741465031488233,0.8791446095051408,0.07713821338767413,0.8850531644726433,0.9984885414977832,0.9867549668874173,0.9025536620921932,0.05682756536048979,0.9288581650202019,0.9491031521093737,0.9549668874172186,0.7657216106167999,0.13233040488600983,0.7913250204216243,IterativeImputer,0.19583371809311056,0.19723733214759187,HistGradientBoostingClassifier,14184.604150533676,4.571664333343506
419,40497,class_non_simple_,MNAR_,0.5_,3/,0,0.0,0.9961603642947114,0.979449784554193,0.9905334176681425,0.12906774758172834,0.910412521299401,0.9966196874459609,0.9854304635761589,0.953275021364299,0.05908750677994458,0.9332185557149689,0.9502644229704535,0.9536423841059603,0.7398833760619313,0.1812082195541555,0.7569368896224882,RandomForestClassifier,304.28002762794495,0.055707454681396484,0.9997937973650058,0.9860788863109049,0.9949820788530466,0.08670039091150629,0.9437485047228836,0.9924445784568446,0.9721854304635762,0.9314331674458353,0.09890345356138433,0.8610493552690085,0.9189957904503787,0.9258278145695364,0.7127884180364953,0.2199308226391745,0.6837050925572691,KNNImputer,0.1958883690791084,0.18728308527918497,LGBMClassifier,6188.867760419846,1.2307653427124023
420,40677,class_non_simple_,MNAR_,0.01_,1/,0,0.0,0.9751494605058026,0.777734375,0.7774350151711473,0.6654784964260211,0.7767237477596108,0.9538295752885111,0.7359375,0.7351937461074715,0.843418763535331,0.7354267221921701,0.9542607731542676,0.728125,0.7276610968537401,0.8520113051847918,0.727579662776279,XGBClassifier,351.54029154777527,0.08522701263427734,0.9611980375285357,0.7359375,0.7352077083603104,1.4284720993794782,0.7369997753098462,0.9555193367179639,0.734375,0.7330082131106194,1.4381809731903417,0.7352767730153392,0.9539158572304407,0.7265625,0.7254762596784794,1.4479619842600981,0.728284619063561,KNNImputer,0.4877301793337666,0.47978369396197096,HistGradientBoostingClassifier,8304.997373342514,0.18719267845153809
421,40677,class_non_simple_,MNAR_,0.1_,1/,0,0.0,0.941588691253747,0.67421875,0.6735716895716471,1.0741856369288558,0.6690855550151861,0.9575648432356998,0.7359375,0.7346602863778777,0.9339354224735608,0.7336012517609778,0.9484088764915748,0.684375,0.6831429790920348,1.0568098508156474,0.6776558818069214,LGBMClassifier,477.39214396476746,0.028688907623291016,0.9412178749646856,0.679296875,0.6788561838932826,1.000235485361716,0.6766219205655769,0.9591747646646434,0.7359375,0.7354056144202723,0.7948218844060717,0.7331863575086878,0.9482022760065382,0.68125,0.6809545276227491,0.9460322695411831,0.6780742970081393,IterativeImputer,0.4950443412906355,0.49144549825718636,LinearDiscriminantAnalysis,12805.541157484055,4.449677467346191
422,40677,class_non_simple_,MNAR_,0.3_,1/,0,0.0,0.9680420536238593,0.743359375,0.7431465113485791,0.8278688623593725,0.7419892907489734,0.9507551078976337,0.7453125,0.7442757113092917,0.8559102500436246,0.7444600006322314,0.9103476103248976,0.565625,0.5656296135152321,1.220309722168254,0.5642928700167202,XGBClassifier,480.0070080757141,0.1359696388244629,0.9193124172092919,0.6,0.6005621745599496,1.1564430998716833,0.5990683073175995,0.9544021962537025,0.73125,0.7307781734067907,0.8507025480295877,0.7278043115468863,0.9116143836582491,0.5640625,0.5643972579552905,1.2220380867323684,0.5635365994269416,KNNImputer,0.499613070755019,0.49760719285015215,LogisticRegression,5573.546413660049,0.8239169120788574
423,40677,class_non_simple_,MNAR_,0.5_,1/,0,0.0,0.9411558691219166,0.655078125,0.6551646936869461,1.0959121743672662,0.6518174960823541,0.9530971791710157,0.7359375,0.7358026873496064,0.9248205989088134,0.7360497278633978,0.8480685166847417,0.4234375,0.42240112327735513,1.5749259556944242,0.41276077008161316,HistGradientBoostingClassifier,759.1187288761139,0.0851278305053711,0.8560019200715816,0.455859375,0.45494845266337824,2.196585253941641,0.4471716823756834,0.9471127793804717,0.7328125,0.7318625754771085,2.1148027350454823,0.7341132353447662,0.8381701740375418,0.4296875,0.4287694018515401,2.2019397304006163,0.41826096714459615,KNNImputer,0.5011733545887816,0.49375142405375944,AdaBoostClassifier,8509.442224502563,1.3011300563812256
424,40677,class_non_simple_,MNAR_,0.01_,2/,0,0.0,0.9751710352993751,0.7828125,0.7826472243373489,0.6709514867613204,0.7814769044220607,0.9555636125450094,0.7359375,0.7351620865930302,0.8352133998610535,0.7343283468194122,0.953148954568611,0.7328125,0.7323276457497967,0.8536197577770277,0.7317308785783097,HistGradientBoostingClassifier,791.8705739974976,0.03256106376647949,0.9562732879820246,0.733203125,0.7326395139706883,1.0354878635141762,0.7289924110211123,0.9586436970705703,0.7375,0.736985669744713,1.026056741454731,0.7337915788944768,0.957546089609331,0.728125,0.7276302292054737,1.0368771550703335,0.7238696073250355,IterativeImputer,0.47780206402956277,0.4837602864669795,LogisticRegression,9986.837341308594,0.11427116394042969
425,40677,class_non_simple_,MNAR_,0.1_,2/,0,0.0,0.948127360531012,0.69140625,0.690998355038632,0.949106000824035,0.6917174969901316,0.9553009550678728,0.7453125,0.7443454512079353,0.8433833925713126,0.746758092830033,0.9464551825228881,0.6828125,0.6820087034322437,0.9651286939116279,0.6821742414786625,XGBClassifier,364.5467166900635,0.060400962829589844,0.940251351424017,0.69296875,0.6919832932642948,1.646265204569464,0.6901032566603404,0.952125681028361,0.734375,0.7328806425706929,1.6192929690619677,0.7323077110315359,0.9382572502373883,0.6859375,0.6846683361847081,1.66568240713601,0.682883696703936,IterativeImputer,0.48422261118799403,0.4856484296694242,QuadraticDiscriminantAnalysis,15078.338493824005,4.232399940490723
426,40677,class_non_simple_,MNAR_,0.3_,2/,0,0.0,0.970548576349584,0.75234375,0.7518271581733446,0.9219202643955843,0.7506623971174281,0.952416482710932,0.7390625,0.7383088852860507,0.9334549300881878,0.7362137284588061,0.9037131865930224,0.528125,0.5269589798770403,1.3396029180574367,0.5239159939191314,HistGradientBoostingClassifier,580.911602973938,0.07416582107543945,0.9873580372633827,0.816796875,0.8169930736512596,0.6978590306701088,0.8160735623470735,0.9545164799654419,0.7265625,0.7257445261749031,0.8644538602046345,0.7238657314094803,0.9024182176958593,0.546875,0.5464927867413902,1.2826732004737345,0.5465788086338745,KNNImputer,0.4859044922528319,0.4823038707525638,ExtraTreesClassifier,5621.220003128052,0.8793454170227051
427,40677,class_non_simple_,MNAR_,0.5_,2/,0,0.0,0.9234095830617743,0.596484375,0.5967279223080263,1.1880276999102024,0.5931774386908428,0.9530367076516606,0.7171875,0.7156505648399935,0.9284044896155198,0.7123031071341985,0.8535323895242332,0.409375,0.4106924479763657,1.5759879476461383,0.40782024391501404,HistGradientBoostingClassifier,889.6695077419281,12.789700031280518,0.8573553962148741,0.469140625,0.46970931428622775,1.7226127572465386,0.471818676019777,0.941293250014769,0.671875,0.6720655486150442,1.1906956699962943,0.6598494174951196,0.8337379185541727,0.4,0.40127038661336456,1.8969851668352127,0.4068597879987202,KNNImputer,0.4919197736860818,0.48705565648838345,GaussianNB,5657.557430744171,1.0444118976593018
428,40677,class_non_simple_,MNAR_,0.01_,3/,0,0.0,0.9651408063401037,0.753515625,0.7536561526185668,0.7475961862658576,0.7534877664243977,0.9579584590313717,0.740625,0.7400017119149045,0.8098613102922784,0.739807666658911,0.9548908722446768,0.7296875,0.7287156555684067,0.8397623287499807,0.7287836476254004,LGBMClassifier,333.31510829925537,0.05112099647521973,0.9679559857052485,0.74453125,0.744134089770672,0.9241613368876435,0.7452416693821952,0.9534532522730886,0.734375,0.7332454174211229,0.9790023498521178,0.734963340048132,0.9513802491010525,0.73125,0.730045975733778,0.9923375793318933,0.7315814797900644,KNNImputer,0.4782789195708063,0.4814390902658926,XGBClassifier,8104.046228647232,0.20387721061706543
429,40677,class_non_simple_,MNAR_,0.1_,3/,0,0.0,0.9606049544052567,0.729296875,0.7293183048928047,0.8442224376328558,0.7301954820579548,0.952443080976247,0.7359375,0.7349993242302535,0.8511978721878576,0.7365806042420076,0.9404229913818846,0.6734375,0.6730997638303122,0.985273333292561,0.674169507359632,XGBClassifier,668.5079991817474,0.08462953567504883,0.9529227125816557,0.69609375,0.6960562722544215,0.9246319117129957,0.6948958267959716,0.9581958849250027,0.7359375,0.7355851950443049,0.862522899890602,0.7348452056933263,0.9416948226612473,0.6765625,0.6764301139408916,1.0008772118530231,0.6734566922391517,IterativeImputer,0.4897674231553569,0.48843066665498414,LGBMClassifier,13792.717329740524,4.334064483642578
430,40677,class_non_simple_,MNAR_,0.3_,3/,0,0.0,0.9441787153527521,0.67109375,0.6708473981359636,1.0145802663042545,0.6694792202353764,0.9556809177571631,0.7375,0.7372069403265757,0.8533760378113563,0.7376368938330318,0.90745567881713,0.553125,0.5531623473852946,1.2668416227767068,0.5531339714153074,XGBClassifier,479.11271381378174,0.06838536262512207,0.9186938958020046,0.5828125,0.5832152910039373,1.2720459598164626,0.5840147119906176,0.9573861717802439,0.7328125,0.7327474255915309,0.8784131733815519,0.7278256311959362,0.9052108538687815,0.54375,0.5449221145936429,1.4432601323056733,0.5465759078051219,IterativeImputer,0.4873392067566651,0.49468795483366845,LinearDiscriminantAnalysis,9292.393928527832,3.483705520629883
431,40677,class_non_simple_,MNAR_,0.5_,3/,0,0.0,0.9077832472774053,0.563671875,0.5630249515184367,1.2888845632520014,0.5620032059285262,0.9448439584525836,0.6953125,0.6957819740552463,1.0636182529760545,0.6970948554383495,0.835628568432244,0.3890625,0.3880472890995263,1.6534449813435308,0.38560044163299595,XGBClassifier,397.00599551200867,0.06558680534362793,0.9233895721851859,0.60546875,0.6037296482096333,1.3907519314815793,0.603961761657074,0.9561267570804064,0.7203125,0.7196693148817384,1.0939388382114243,0.7155684714966173,0.8446953254666271,0.403125,0.40122076405555596,1.6608023261209113,0.4037896790724645,KNNImputer,0.506855669283038,0.4995370156284028,ExtraTreesClassifier,5463.3950278759,0.949244499206543
432,40685,class_non_simple_,MNAR_,0.01_,1/,0,0.0,1.0,1.0,1.0,1.105923675336533e-05,1.0,1.0,1.0,1.0,7.436241106901632e-06,1.0,1.0,1.0,1.0,6.331329571516234e-05,1.0,LGBMClassifier,779.7579503059387,0.7676615715026855,0.9999999536725214,0.9999568965517242,0.9999414319972139,0.00019344921866656874,0.997687561794199,1.0,1.0,1.0,0.0002240186632075023,1.0,1.0,0.9999137931034483,0.9857142857142858,0.0004216194251212395,0.9924411083842077,IterativeImputer,0.01601677360578503,0.010916237508392709,RandomForestClassifier,13341.031193494797,0.3240647315979004
433,40685,class_non_simple_,MNAR_,0.1_,1/,0,0.0,0.9999996759641837,0.9999137931034483,0.9999843311148803,0.0007024149773305207,0.9916422547665107,0.9999999855203263,0.9998275862068966,0.9995624589805294,0.000779380232540037,0.999732965101621,0.9999923033248725,0.9987931034482759,0.985113856094391,0.004477249434594953,0.9858330292206618,LGBMClassifier,938.0436456203461,2.0274391174316406,0.9999995234084766,0.9998922413793103,0.9999642725438529,0.0007475720567771444,0.9832288634323039,1.0,0.9999137931034483,0.9999843306852192,0.0001555915342308508,0.9979217715381719,0.9999346519753919,0.9993965517241379,0.9854911849370745,0.0036033947727271034,0.9861360808894881,IterativeImputer,0.01842180500629716,0.010217322249189748,LGBMClassifier,13158.122413158417,2.5646491050720215
434,40685,class_non_simple_,MNAR_,0.3_,1/,0,0.0,0.999964413936335,0.9953879310344828,0.9987535618804438,0.03462592721947426,0.9711025904142724,0.9999828463916545,0.9994827586206897,0.9999059841113149,0.008676608474980354,0.9387284867864195,0.9981024660242092,0.991551724137931,0.8552058893390838,0.053559632976689836,0.848380109281876,RandomForestClassifier,1301.7346513271332,0.7320349216461182,0.9999999507437405,0.9999137931034483,0.9978743771228045,0.0034819449829284325,0.998921684431152,0.9999890745059875,0.9998275862068966,0.9285557592566478,0.002328201413989205,0.9482914846408041,0.9693624450929393,0.9933620689655173,0.7657228296802624,0.03543919549803821,0.8349464593420483,IterativeImputer,0.022250391376043042,0.02264699885328486,BaggingClassifier,14251.371259689331,0.5968875885009766
435,40685,class_non_simple_,MNAR_,0.5_,1/,0,0.0,0.9996329418435658,0.9792241379310345,0.9927290926858543,0.061368952320836945,0.8729897421156291,0.9999822331295783,0.9992241379310345,0.9956729648094841,0.006489951772529521,0.932726241687796,0.9645968970707884,0.9428448275862069,0.823324993095171,0.15896081677815485,0.7724362009288216,RandomForestClassifier,1498.910697221756,0.8847641944885254,0.9995683056412794,0.97875,0.9921033207430777,0.07166674668165214,0.868673942106516,0.999970978180903,0.9986206896551724,0.9520168277707135,0.01237059893115436,0.8983538949244864,0.958074855275829,0.9389655172413793,0.7803518983166879,0.2371992052465058,0.768544527422524,IterativeImputer,0.03875944231635096,0.04934885276572799,RandomForestClassifier,14418.508610010147,0.8800804615020752
436,40685,class_non_simple_,MNAR_,0.01_,2/,0,0.0,0.9999951260878513,0.9997413793103448,0.9609679198358813,0.3982850947881841,0.9794078294938787,0.9999999584193761,0.9999137931034483,0.9999197882409562,0.39797475830348333,0.9999520486302043,0.9999995950577754,0.9993965517241379,0.99916140018531,0.39944297917147253,0.9994929956656401,XGBClassifier,806.3306946754456,0.31127357482910156,0.9999999541317675,0.9999568965517242,0.9979144942648592,0.0011530583532987108,0.9989456627180623,1.0,1.0,1.0,0.0023159184953504674,1.0,0.9999996241000902,0.9999137931034483,0.9999843306852192,0.0024208062326008233,0.9979217715381719,KNNImputer,0.023859803848148436,0.01291703467347894,BaggingClassifier,11025.722393989563,8.780323505401611
437,40685,class_non_simple_,MNAR_,0.1_,2/,0,0.0,0.9999999885329418,0.999978448275862,0.9989572471324296,0.02299508664313914,0.9994747551786408,0.9999999873787235,0.9996551724137931,0.8807179411278648,0.024308501424267902,0.9215983261672415,0.9999552708169296,0.9987931034482759,0.8160201969130482,0.027565808781811144,0.8695436780769147,HistGradientBoostingClassifier,1001.7653744220734,0.20033764839172363,0.9999987128049257,0.9996120689655172,0.9999294900169616,0.004348655366102789,0.983328797884657,0.9999954927052893,0.9996551724137931,0.9957513113833885,0.0020684451958815973,0.9600526915461227,0.9999724363159997,0.9980172413793104,0.945918905228982,0.008900914490422468,0.9448975891778373,KNNImputer,0.04304723951682552,0.02844669994715677,ExtraTreesClassifier,11990.348960638046,73.43595433235168
438,40685,class_non_simple_,MNAR_,0.3_,2/,0,0.0,0.9999853871013321,0.9950646551724138,0.9990545322776575,0.012931318859172694,0.9932182931461834,0.9999776337744459,0.9994827586206897,0.994907567974009,0.003804963708365171,0.9340791803622089,0.9967706715264113,0.9855172413793103,0.7477864065310927,0.04435851797113928,0.7727265840474188,LGBMClassifier,915.2246689796448,2.33793044090271,0.9999751091895365,0.9950646551724138,0.998664830372734,0.019910670748165084,0.9431125490422103,0.999974264497887,0.9993965517241379,0.9956397609947828,0.0058115496930015295,0.9392799157674815,0.9715876796979466,0.9881896551724138,0.752338555620427,0.05404580521256747,0.7208536260664656,IterativeImputer,0.03625975990150412,0.022139274243782377,RandomForestClassifier,14357.057069778442,0.7536087036132812
439,40685,class_non_simple_,MNAR_,0.5_,2/,0,0.0,0.9998330658766029,0.9823275862068965,0.9945476292627763,0.046282580591668815,0.9015110927982892,0.9999864116534278,0.9994827586206897,0.8861786287300968,0.007109131570143251,0.9166623653586939,0.9159998616339842,0.9520689655172414,0.5315515741375315,0.15969458965777927,0.5221681150669316,RandomForestClassifier,1297.4593427181244,0.9119277000427246,0.9681445994183357,0.9883620689655173,0.9409010932556453,0.41947355237334644,0.9557726846770424,0.9519518268670711,0.9938793103448276,0.9053450666696774,0.2206120164333897,0.88492025868347,0.758592421573846,0.953103448275862,0.5335251942005586,1.6903230554896322,0.5269433118710416,IterativeImputer,0.03655242175062106,0.03204803479015966,KNeighborsClassifier,14397.008387804031,37.71235466003418
440,40685,class_non_simple_,MNAR_,0.01_,3/,0,0.0,1.0,1.0,1.0,0.00015697828901465696,1.0,1.0,1.0,1.0,6.605351596436294e-05,1.0,1.0,0.9999137931034483,0.9857142857142858,0.0007792930369587666,0.9924411083842077,LGBMClassifier,675.5670778751373,0.44267845153808594,1.0,1.0,1.0,7.709211166476406e-05,1.0,1.0,1.0,1.0,0.00011440104110613944,1.0,1.0,1.0,1.0,0.00027846723497287825,1.0,IterativeImputer,0.011950289274436489,0.012733794597230452,LGBMClassifier,10029.440786600113,2.0467946529388428
441,40685,class_non_simple_,MNAR_,0.1_,3/,0,0.0,1.0,1.0,1.0,5.4874422829457086e-05,1.0,1.0,0.9998275862068966,0.9997655601754838,0.0002836537846428442,0.9977722078398744,0.999840186649088,0.9990517241379311,0.8384166920928819,0.0035453534935944793,0.8186206892464385,LGBMClassifier,908.3932135105133,3.835350751876831,0.999999607358917,0.9999353448275862,0.9978598434833531,0.0011402374926634067,0.9989083035181132,0.9999987368257174,0.9997413793103448,0.9955638795032149,0.0015257435231217083,0.9956330863146529,0.9999398693528947,0.9981896551724138,0.9933437839183743,0.008070409285843417,0.9678459498095698,IterativeImputer,0.014351126248650287,0.022377751485446743,BaggingClassifier,11390.856672763824,10.324387073516846
442,40685,class_non_simple_,MNAR_,0.3_,3/,0,0.0,0.9999964030765466,0.9990086206896551,0.9961854215610016,0.004935951242456774,0.9817645809696306,0.9999953732918014,0.9993965517241379,0.8764849218260341,0.0013260579350515638,0.9192618979363436,0.9186018078897368,0.9840517241379311,0.8025675572714258,0.07541021804226163,0.8027391646271972,RandomForestClassifier,1339.6745119094849,0.582533597946167,0.9999997088780693,0.9998060344827586,0.9824857342564376,0.005305785858569224,0.989070258988202,0.9999936507206826,0.9996551724137931,0.9100683642986646,0.0018489823252565724,0.940527670469967,0.9388177414878235,0.9872413793103448,0.668516627310306,0.10155904623861121,0.7170303867223125,IterativeImputer,0.022602285000516278,0.028041193827885395,BaggingClassifier,14651.02514886856,0.6381285190582275
443,40685,class_non_simple_,MNAR_,0.5_,3/,0,0.0,0.9993762158446506,0.9823922413793104,0.7870410014483687,0.048197504814837235,0.8520369740263856,0.9999890256265618,0.9994827586206897,0.9953137703639179,0.0025580561411295147,0.9597856575073724,0.9319908734995188,0.9554310344827586,0.7895663922408394,0.13796485802715994,0.819504447243336,XGBClassifier,1130.7906363010406,1.7684805393218994,0.9994744679675185,0.9835129310344828,0.8679791323573152,0.0425300094823958,0.9186613116809805,0.9998631691193671,0.993103448275862,0.9457212848526134,0.02783347559648299,0.8698227247539408,0.911578283894835,0.9499137931034483,0.7535615930728577,0.7361092312918424,0.7364103986682554,IterativeImputer,0.03284093100525306,0.032875552754392176,RandomForestClassifier,14797.74731183052,42.18749403953552
444,23395,class_non_simple_,MNAR_,0.01_,1/,0,0.0,1.0,1.0,1.0,0.0006573203031677394,1.0,0.9989356887640373,0.9955377063810799,0.9626537636644286,0.014500599331381285,0.950665220122195,0.9987959935002859,0.9950356983489513,0.9575606071221137,0.015780346919382883,0.9451795391120834,HistGradientBoostingClassifier,723.2786872386932,0.0732426643371582,0.9998859750502929,0.9981871932173138,0.9927289772785172,0.006424193372703403,0.9799695261157066,0.9986233872188862,0.9944221329763498,0.9536194774464892,0.013700739815151151,0.938763631991562,0.9984335485591472,0.9941990182954038,0.94745989093317,0.014784195873080743,0.9358647861588534,IterativeImputer,0.22759173713989145,0.21994608656383555,LGBMClassifier,9722.976603507996,0.31444358825683594
445,23395,class_non_simple_,MNAR_,0.1_,1/,0,0.0,0.9987474459853781,0.9941850736278447,0.9511090898238952,0.014612856514491858,0.9362169407705014,0.9982535973296027,0.9934181169120928,0.954314987536188,0.01581685531402894,0.9293890520694259,0.9962882587048936,0.9899598393574297,0.9041823264727751,0.023087998395579422,0.8900313251786909,LGBMClassifier,478.5771691799164,0.20401668548583984,0.9997783995154911,0.9949520303435966,0.9974177901419502,0.013763095189641287,0.9483718484202887,0.9982537385786057,0.9923583221775993,0.9707001543569103,0.01961848272120209,0.9221819751687435,0.9920872308641502,0.9890116019634092,0.9182063749629927,0.03154641814587853,0.8851247055476046,IterativeImputer,0.23321952359269535,0.23592830111077304,RandomForestClassifier,12634.298604011536,0.41492176055908203
446,23395,class_non_simple_,MNAR_,0.3_,1/,0,0.0,0.9939548381265235,0.9911172467648371,0.8404883989274561,0.026193247844368068,0.885783579137204,0.9979184134460011,0.9927487728692548,0.9176998560390164,0.017325776539082304,0.9176998560390164,0.9920339093655999,0.9873940205265507,0.8569243651139823,0.03182368290304325,0.8569243651139823,LGBMClassifier,821.2350559234619,0.37697482109069824,0.9834346998725954,0.9871151271753681,0.7737957537352236,0.03918657718183115,0.8258588964278386,0.9970135723341794,0.9922467648371263,0.9138157909605158,0.02160831941630128,0.9123201647203991,0.981094739096142,0.9862226684515841,0.8369797234231526,0.040310990901204304,0.8415212814047144,IterativeImputer,0.23947790771784977,0.2427722895470514,XGBClassifier,13454.03007221222,0.24428725242614746
447,23395,class_non_simple_,MNAR_,0.5_,1/,0,0.0,0.9789545533729448,0.988649040606872,0.7709554261172983,0.03789397898979195,0.8387447244405016,0.9961248336086748,0.9906291834002677,0.9202429030851043,0.024551979228262442,0.8990087249585963,0.9429285522994209,0.9804216867469879,0.6478122789453107,0.06497601366812007,0.699070329581728,XGBClassifier,437.99060225486755,0.5533971786499023,0.9827963974856457,0.9893881079875055,0.7924791837634613,0.03570021625982533,0.8540903276882839,0.9958652179415615,0.9890673806336457,0.8880076206661981,0.024484556447085665,0.8788447502867271,0.9313883675231253,0.979194556001785,0.6411391110578759,0.07197147819450925,0.6864449071370345,IterativeImputer,0.2362960990187097,0.23698671029329998,HistGradientBoostingClassifier,13200.30766415596,0.8960874080657959
448,23395,class_non_simple_,MNAR_,0.01_,2/,0,0.0,1.0,1.0,1.0,0.001679437525159933,1.0,0.9986375121191645,0.9944221329763498,0.9463649286636037,0.015352350158043912,0.9378931218503139,0.9984510634354921,0.9941990182954038,0.9438326165417272,0.01672010464708451,0.9354088467243263,XGBClassifier,620.8756260871887,0.24773144721984863,0.9999918169188444,0.9996095493083444,0.9985919453866017,0.002976261483308828,0.9955977242315164,0.9987708511777906,0.9951472556894244,0.9539903973277949,0.013668548372381607,0.9459029065426561,0.998185515310262,0.9949241410084784,0.9490399022782899,0.015819010344279707,0.9431458172788766,KNNImputer,0.23818858766415854,0.2403309983535424,HistGradientBoostingClassifier,6937.7837681770325,10.044002532958984
449,23395,class_non_simple_,MNAR_,0.1_,2/,0,0.0,0.9982676880387131,0.9936133422579205,0.9326917444798279,0.016737248513074083,0.9282926669261665,0.9981715316589864,0.9938643462739848,0.9557523373884981,0.01616872902034984,0.9337229584172125,0.9966372849907681,0.9907965194109772,0.9058194024150189,0.021937962651163156,0.8976449430504411,XGBClassifier,393.52132773399353,0.16646313667297363,0.9991421263562132,0.9954122043730478,0.9469035066509922,0.01297875547205136,0.9478505122409331,0.9984417410013086,0.9940874609549308,0.9498210092636746,0.015041375711536877,0.9350894499110556,0.9958121083165152,0.9909638554216867,0.8889777188173051,0.023338395573201845,0.8956746932781325,IterativeImputer,0.22992063628013704,0.23110368618138616,LGBMClassifier,13077.241309642792,0.32471156120300293
450,23395,class_non_simple_,MNAR_,0.3_,2/,0,0.0,0.9968178136898139,0.9931392235609103,0.891064062144127,0.020735987114400653,0.9170060696027839,0.9980420063234353,0.9922467648371263,0.9331612543815441,0.01659292402522711,0.9155713693734295,0.9935528305170166,0.9879518072289156,0.8705096942015589,0.02843750675000412,0.8652101392574606,HistGradientBoostingClassifier,689.3628544807434,0.08734297752380371,0.9925944218384071,0.9911311914323963,0.8522767074263513,0.027041825674187493,0.8889071182337478,0.9976395879145094,0.9925814368585453,0.9297051737814731,0.01879105349717125,0.9180772887854729,0.9857859009765391,0.9870593485051317,0.8446622566844677,0.034678117777679304,0.8505958570402886,IterativeImputer,0.23543981958989177,0.2350173037988375,XGBClassifier,15179.442343473434,0.3609890937805176
451,23395,class_non_simple_,MNAR_,0.5_,2/,0,0.0,0.9769410036904153,0.9876031905399375,0.7667954608647343,0.0400154879495997,0.8272513481654116,0.9960959481876058,0.9897367246764837,0.8919772826403846,0.02396347599924386,0.8854518384434891,0.8893964514860526,0.980310129406515,0.6937006899731288,0.12033964439901296,0.7319434193586508,RandomForestClassifier,966.3000166416168,0.8743960857391357,0.9736461334853312,0.9821368808567604,0.8830193346135995,0.18666962015438313,0.8269043596206564,0.9962201766855526,0.9802543507362784,0.981435926062362,0.12579989281692544,0.8407191264984646,0.8593777190433034,0.9741186970102633,0.7848427390102626,0.21252450551504085,0.7460211075085326,IterativeImputer,0.2909269738399918,0.2954467141642003,RandomForestClassifier,15194.986572742462,13.826323509216309
452,23395,class_non_simple_,MNAR_,0.01_,3/,0,0.0,0.9997429674357925,0.9972807898259706,0.9835049596750554,0.008126942449934156,0.9700159691877966,0.9985708425898514,0.9945894689870594,0.9585414401974321,0.014100388257971478,0.9409454381959286,0.9985007830844714,0.9943663543061133,0.9572182195393701,0.014459212834638116,0.938652577746161,HistGradientBoostingClassifier,500.49105763435364,0.06301355361938477,0.9999537336090789,0.9985636992414101,0.9953382243896138,0.005472107543888474,0.9840782263023182,0.9985783287869988,0.9944221329763498,0.9548285689103035,0.013985610460918237,0.9389062917659394,0.9985079867836132,0.9941432396251674,0.9522677244898652,0.01444864906699132,0.935926234773146,IterativeImputer,0.23419822635109472,0.22462139833793013,LGBMClassifier,7106.41354227066,0.29213976860046387
453,23395,class_non_simple_,MNAR_,0.1_,3/,0,0.0,0.9999893730229091,0.999553770638108,0.9973550870068861,0.003787601768201926,0.9949627792271364,0.9986209859858388,0.9947010263275323,0.9561803218669276,0.014484236024472479,0.9417574433953828,0.9974083632969551,0.9916331994645248,0.9159201186039627,0.020950060695627434,0.9070599465418434,HistGradientBoostingClassifier,514.4705781936646,0.07787823677062988,0.9999185309203347,0.9985218652387327,0.9874627079787424,0.006373746633541557,0.9833741653292825,0.9984906131562712,0.9944221329763498,0.9451558371997894,0.014638164744947247,0.9377455643714615,0.9949343163887263,0.9920236501561803,0.9040289300557538,0.025709763140597315,0.9084736058133539,IterativeImputer,0.2315904971206917,0.22707737303966033,HistGradientBoostingClassifier,13438.04278087616,0.09814739227294922
454,23395,class_non_simple_,MNAR_,0.3_,3/,0,0.0,0.9966272427432281,0.9929718875502008,0.8810097772159464,0.020113765785328405,0.913471402684665,0.9976788551372826,0.9923025435073628,0.9186806891143349,0.018921445040190707,0.9136786312757745,0.9878109173049239,0.9852744310575636,0.7905491987226569,0.03978091299354074,0.8173794551887088,HistGradientBoostingClassifier,535.953373670578,0.08465147018432617,0.9961434792775932,0.9922467648371263,0.8640243740240683,0.021190349451880065,0.9026853881524078,0.9971515726098973,0.9905734047300312,0.8996598159016997,0.02225995585817882,0.8944136606607709,0.9860130999975141,0.9844377510040161,0.779239391069899,0.043101235353338194,0.806232099058125,IterativeImputer,0.23499756389347193,0.23203391449155086,HistGradientBoostingClassifier,14121.812152147293,0.1517179012298584
455,23395,class_non_simple_,MNAR_,0.5_,3/,0,0.0,0.980455427506878,0.9878402498884427,0.7805103886972371,0.038555759414560103,0.8350607403932755,0.9978582413708159,0.9928045515394913,0.9261920285842782,0.017501140143934,0.9195962554932452,0.952326766573028,0.9815372601517179,0.6568465651632499,0.05801384838657161,0.7133654154685456,XGBClassifier,555.108784198761,0.2784090042114258,0.9795550680115506,0.9867107318161535,0.7769117872233032,0.044976958888873694,0.8236543577173011,0.9966670885303551,0.9902387327086122,0.9067431708932134,0.024697975958235755,0.8929613325116595,0.9492577788650812,0.9800312360553325,0.6427761870001197,0.0625838470454804,0.6925591369500173,IterativeImputer,0.2438832014691004,0.2369366488133907,LGBMClassifier,13352.068936109543,0.39041805267333984
456,40983,class_non_simple_,MNAR_,0.01_,1/,0,0.0,0.9993310320137766,0.9950917075691036,0.9680802970635964,0.017345275507473338,0.9755897779021261,0.9856189116560297,0.9834710743801653,0.8824319785018475,0.04835669749918275,0.9123188405797102,0.9852830030231777,0.9834710743801653,0.8824319785018475,0.04904557348457923,0.9123188405797102,XGBClassifier,266.89528465270996,0.020917892456054688,0.9999895473752153,0.999483337638853,0.9974711180911416,0.012503286433674486,0.9974711180911416,0.9847581457843467,0.9855371900826446,0.883523681558616,0.07303330394081363,0.921731697738351,0.9847686429291234,0.9855371900826446,0.883523681558616,0.07305550123409749,0.921731697738351,IterativeImputer,0.0644992755422572,0.04888047589919475,RandomForestClassifier,7825.613756656647,1.0440387725830078
457,40983,class_non_simple_,MNAR_,0.1_,1/,0,0.0,0.9999477368760763,0.9966416946525446,0.9688995215311005,0.018953501930411037,0.9830646966079251,0.9826797111185758,0.9824380165289256,0.8728165938864629,0.057889939030795694,0.9059092598416192,0.9595440040309035,0.9669421487603306,0.7467248908296944,0.09804888320662633,0.8008845006685179,LGBMClassifier,281.36941289901733,0.019738197326660156,1.0,0.9997416688194265,0.9976076555023923,0.010184946681607287,0.9987326998469483,0.9775571044675848,0.9803719008264463,0.8535858246556937,0.05952743249156246,0.8926948231903337,0.8953224722875376,0.9679752066115702,0.7382012092710782,0.13908686853639182,0.800286180160394,IterativeImputer,0.056465781969648264,0.06009478115417607,LGBMClassifier,7304.417765140533,1.5286929607391357
458,40983,class_non_simple_,MNAR_,0.3_,1/,0,0.0,0.9919841433682015,0.9795918367346939,0.8200280130344231,0.05500206336225542,0.8808257000504665,0.9671649311387303,0.9783057851239669,0.8343550554249244,0.07054959002503633,0.8789243277048155,0.9036781995297278,0.9669421487603306,0.7013772253946926,0.12974274389086132,0.7751908729352338,XGBClassifier,330.8208518028259,0.025516271591186523,0.9968903441265394,0.9891500904159132,0.9829863932956864,0.09682788106629556,0.9504534649844578,0.9726654350016796,0.9772727272727273,0.8428787369835404,0.10693537020539584,0.8770069535888373,0.8893495969096407,0.9597107438016529,0.6703476654350017,0.1500477126429986,0.7295217624932832,IterativeImputer,0.067212819266039,0.06395983839140551,RandomForestClassifier,5400.027032613754,0.08327436447143555
459,40983,class_non_simple_,MNAR_,0.5_,1/,0,0.0,0.9960064440431797,0.9925083957633687,0.932877816655735,0.04713484519969129,0.960943080277541,0.9337420221699698,0.9659090909090909,0.7099009069533087,0.2238440951696642,0.7768385460693152,0.7303703392677191,0.9504132231404959,0.5475310715485389,0.5514026938639977,0.5734273438360692,RandomForestClassifier,352.014541387558,0.07975912094116211,0.9874215726496619,0.9465254456212865,0.9378996495757541,0.17487445718466973,0.8115688194964568,0.9265829694323144,0.9659090909090909,0.7371095062143097,0.1699539181033626,0.7923003400542267,0.7154643936849178,0.8925619834710744,0.5985891837420222,0.26589301926888664,0.5772357723577236,IterativeImputer,0.0730644200770436,0.0731367871465956,RandomForestClassifier,4193.353118181229,2.689420461654663
460,40983,class_non_simple_,MNAR_,0.01_,2/,0,0.0,0.9998771816587794,0.9969000258331181,0.9825709014604931,0.011862709105098394,0.9847579222579222,0.9810316593886461,0.9824380165289256,0.8909556600604636,0.05203884693090894,0.9095143047238856,0.9813885623110514,0.9824380165289256,0.8909556600604636,0.05198204175032291,0.9095143047238856,LGBMClassifier,302.45123386383057,0.016255617141723633,0.999998693421902,0.999483337638853,0.9974711180911416,0.005742154124550131,0.9974711180911416,0.9808322136378904,0.9824380165289256,0.8909556600604636,0.055732531681973896,0.9095143047238856,0.980874202216997,0.9824380165289256,0.8909556600604636,0.055699339358012516,0.9095143047238856,IterativeImputer,0.0676559723288269,0.05956637145732084,LGBMClassifier,8037.450924873352,0.03504490852355957
461,40983,class_non_simple_,MNAR_,0.1_,2/,0,0.0,0.9999999999999999,0.9997416688194265,0.9976076555023923,0.009721678864653874,0.9987326998469483,0.9776410816257979,0.9772727272727273,0.8338092038965401,0.06695065921390932,0.8744694897670471,0.9627981189116561,0.9731404958677686,0.7772085992610009,0.08322849036105832,0.8382186567931709,LGBMClassifier,263.97355794906616,0.032895803451538086,0.9747216335362013,0.9821751485404289,0.902602442255781,0.06937158849647773,0.91094316245315,0.9871724890829694,0.9855371900826446,0.937940880080618,0.05147964967462161,0.9301371275389215,0.9782499160228418,0.9783057851239669,0.8797027208599262,0.07009525230099077,0.8903175331157094,IterativeImputer,0.051150828305213884,0.0534574134141092,MLPClassifier,7671.873050451279,1.606579065322876
462,40983,class_non_simple_,MNAR_,0.3_,2/,0,0.0,0.995896038193891,0.9783001808318263,0.8035546763736708,0.0662210728288103,0.87006703557009,0.9693063486731608,0.9741735537190083,0.7868239838763855,0.08079103327724763,0.8461880700416309,0.9186261336916358,0.9597107438016529,0.6703476654350017,0.1257499904664354,0.7295217624932832,LGBMClassifier,282.5359752178192,0.033326148986816406,0.9854845706192396,0.970808576595195,0.7341766859430489,0.08035517093072342,0.8095508658362058,0.9596489754786699,0.9710743801652892,0.7579778300302318,0.08305460717807649,0.8217170521219775,0.8429417198522002,0.9597107438016529,0.6340695330870003,0.15009206057871996,0.6985218370427158,IterativeImputer,0.057579855365891754,0.06136008677615744,LGBMClassifier,4679.964549779892,2.1057240962982178
463,40983,class_non_simple_,MNAR_,0.5_,2/,0,0.0,0.9990997676904142,0.9938000516662361,0.9493511533164872,0.013945319980760198,0.9683655679651321,0.9625776788713469,0.9648760330578512,0.6821464561639234,0.20336589522963897,0.7547687172150692,0.7554165267047364,0.9318181818181818,0.5014276116896205,0.4385170693527966,0.49703992946214887,HistGradientBoostingClassifier,392.0078282356262,0.018037080764770508,0.9812205529961142,0.9436838026349781,0.9251187026202117,0.19902705419239805,0.8018608054066949,0.9285984212294256,0.9576446280991735,0.7418122270742358,0.16121302905782905,0.7684467237265095,0.7298979677527713,0.9008264462809917,0.5757473967080954,0.27298312622385656,0.5668176987190244,IterativeImputer,0.07297323397547034,0.07707002821523315,RandomForestClassifier,3262.0917439460754,0.0837399959564209
464,40983,class_non_simple_,MNAR_,0.01_,3/,0,0.0,0.9999999999999999,1.0,1.0,0.003869916206605823,1.0,0.9798244877393347,0.9824380165289256,0.8818861269734632,0.06030538683599213,0.9077490568047404,0.9794255962378233,0.9793388429752066,0.8530399731273094,0.06584007230233434,0.8881881396262157,LGBMClassifier,273.45537066459656,0.02990412712097168,0.9967479271138473,0.978041849651253,0.8011623318760632,0.059604028685787944,0.8681478750623626,0.9875083977158212,0.9721074380165289,0.7494541484716157,0.08790681166272322,0.8218441340667879,0.9839603627813234,0.9700413223140496,0.7302233792408466,0.10803893795567245,0.8038884192730347,IterativeImputer,0.06470962394460272,0.056359596470714035,MLPClassifier,6752.044229269028,0.029622554779052734
465,40983,class_non_simple_,MNAR_,0.1_,3/,0,0.0,0.9999503500322725,0.998450012916559,0.9879017401007111,0.013718203471922813,0.9923442345421176,0.9836034598589183,0.9793388429752066,0.8530399731273094,0.05648608790301895,0.8881881396262157,0.9568987235471952,0.9721074380165289,0.785732280819617,0.08839623870988601,0.8375263422912664,LGBMClassifier,277.7467751502991,0.03100109100341797,0.9794031028616674,0.9806251614569879,0.8566670760611375,0.06148632626735651,0.8949097325912855,0.9858708431306684,0.9824380165289256,0.8728165938864629,0.0487232396295116,0.9059092598416192,0.9693903258313739,0.9752066115702479,0.8055089015787706,0.07657503847142713,0.8571428571428572,IterativeImputer,0.05547630399296459,0.07335709801049795,MLPClassifier,7919.084530830383,1.5226712226867676
466,40983,class_non_simple_,MNAR_,0.3_,3/,0,0.0,0.9980721440162643,0.9863084474296048,0.8732057416267942,0.04046025876756476,0.9238050141034426,0.9878862949277796,0.9772727272727273,0.8338092038965401,0.06636075623599888,0.8744694897670471,0.8958788209606986,0.9514462809917356,0.5934245885119248,0.15501445859056234,0.6366801625899395,XGBClassifier,318.78638648986816,0.029489994049072266,0.9994035470982207,0.9950917075691036,0.9545454545454546,0.028504409111399908,0.9748967270416269,0.984338259993282,0.9793388429752066,0.843970440040309,0.06398136967599176,0.8858813543336792,0.8771099261001009,0.9535123966942148,0.639863957003695,0.17552633107058022,0.6879097259537883,IterativeImputer,0.0632132309797073,0.06343363002738878,HistGradientBoostingClassifier,3759.91051363945,0.04119253158569336
467,40983,class_non_simple_,MNAR_,0.5_,3/,0,0.0,0.9786400612523812,0.9656419529837251,0.6863297959908957,0.0915356395766711,0.7609736122608253,0.958011420893517,0.9700413223140496,0.7574319785018475,0.0884309670169253,0.8174760564112901,0.812363537117904,0.9483471074380165,0.5736479677527713,0.1751004440077696,0.607843137254902,LGBMClassifier,268.24715065956116,0.034723520278930664,0.9883949733327411,0.968741927150607,0.7127821228758306,0.08067506185256208,0.7895304200440629,0.9363873026536782,0.96900826446281,0.7659556600604636,0.10649234317729163,0.8174732872407291,0.8031575411488076,0.9462809917355371,0.5725562646960027,0.1801169179437211,0.6037284292732082,IterativeImputer,0.06857612269575106,0.07017132351725847,LGBMClassifier,3392.833662033081,0.05558586120605469
468,41027,class_non_simple_,MNAR_,0.01_,1/,0,0.0,0.9892755756894881,0.9040580114349464,0.9301820063153993,0.20553802814522615,0.877408253048286,0.9754190336309936,0.856314145470772,0.8793927930952794,0.27771140609511136,0.8234678024655991,0.9725533810150652,0.8509593931280678,0.8700236002307746,0.295586323378852,0.8164257219570904,LGBMClassifier,812.4284784793854,1.0630755424499512,0.9922175894875881,0.9461163017710221,0.9279261653994112,0.14980382252401364,0.9259377596624808,0.9876828547384601,0.9206827309236948,0.892027877044374,0.19770189918180742,0.8896674040003019,0.9798798443975117,0.9096385542168675,0.8791373455637785,0.2779135769860403,0.876719165747679,KNNImputer,0.4678677136022865,0.4694697681203912,MLPClassifier,13510.458375453949,3.68508243560791
469,41027,class_non_simple_,MNAR_,0.1_,1/,0,0.0,0.9673054488523246,0.8585971273183657,0.7973790596801354,0.3226265898239786,0.8112506937620797,0.9733090298271877,0.8595493083444891,0.8111868971718965,0.2780307383916888,0.8151818906814644,0.9433047217373031,0.8027666220437305,0.7305805264215768,0.40074981161602585,0.7428858961219041,HistGradientBoostingClassifier,1380.317620754242,0.10942721366882324,0.9770344559800835,0.8671315018825826,0.899032735074703,0.31865615837458255,0.8349428950889699,0.9688663659297655,0.8435966086568496,0.8662379125758785,0.3300703880801878,0.8089540612651621,0.9336947425619568,0.7807898259705489,0.7897610700882778,0.4734792192504333,0.7380774708740341,KNNImputer,0.3773425051198771,0.3719960901872764,LGBMClassifier,9361.419003009796,33.42254304885864
470,41027,class_non_simple_,MNAR_,0.3_,1/,0,0.0,0.9020110305146091,0.761372193557384,0.6484944994549283,0.5290445303658893,0.672535249881287,0.9652460741207731,0.8524096385542169,0.7930514935265324,0.3270710066210997,0.8024187153701184,0.8631082722330407,0.7182061579651942,0.5937750506693182,0.6120024619007827,0.6107197082541377,XGBClassifier,1186.1789455413818,0.47539377212524414,0.9053667302341625,0.7618184353646632,0.6471938512457759,0.5275278542874419,0.6723801085466561,0.9639954918146701,0.8515171798304328,0.7839267226969451,0.3459678873319998,0.7974479627960865,0.8608840065102313,0.715975011155734,0.5853910367696261,0.6155300501018398,0.600490108522426,IterativeImputer,0.3618082042309749,0.36472825419878374,HistGradientBoostingClassifier,12189.870724201202,0.1347200870513916
471,41027,class_non_simple_,MNAR_,0.5_,1/,0,0.0,0.8515489036918193,0.6562543578301492,0.6830212605992059,0.7531906734840317,0.6138469463662989,0.9197852976002401,0.7923917893797412,0.765977206867162,0.6034852973461745,0.739210370972855,0.7596790780818955,0.5857875948237394,0.5594703245753773,0.85714205790591,0.5250494894052151,RandomForestClassifier,654.5423092842102,0.8693604469299316,0.8424594932294176,0.6440105982429228,0.6759991082493335,0.7867529028406709,0.6035238621746428,0.9086652959084344,0.7544622936189201,0.7688988474160073,0.6749034394483342,0.7058480782158401,0.7508909334815854,0.5799866131191432,0.5592485799080835,0.8786112879633946,0.5214856796252145,KNNImputer,0.3664327774761122,0.36764320844981757,RandomForestClassifier,14130.002293348312,108.41144227981567
472,41027,class_non_simple_,MNAR_,0.01_,2/,0,0.0,0.9863446310117384,0.8936828894157022,0.9222793150969273,0.23311946586580545,0.866863500174173,0.9723017559910053,0.8499553770638107,0.8774594414470288,0.30308734777872465,0.8190642697500653,0.9692497612083514,0.8438197233377956,0.8692703521253851,0.31881951589814417,0.8119397732010021,LGBMClassifier,1074.3588984012604,1.0869474411010742,0.9730848290654045,0.8980616371496305,0.8415532108481996,0.3696403727537702,0.8609650617003114,0.9728259819067113,0.8888888888888888,0.831689816777159,0.3415750852447338,0.8514242784086195,0.9651268528896036,0.8801874163319946,0.8181479221972303,0.4356310281700732,0.8394586309482248,IterativeImputer,0.5232068062396971,0.5165064662203276,KNeighborsClassifier,10077.033924341202,2.153848171234131
473,41027,class_non_simple_,MNAR_,0.1_,2/,0,0.0,0.9681788552486976,0.8611351275972667,0.8021220463476456,0.31864027074134177,0.8160036956207156,0.9727685650855818,0.8591030789825971,0.8043336907731612,0.2779476419909625,0.8120872790041642,0.9407873709364177,0.7999776885319054,0.7317400067816068,0.4085037106558183,0.7414079104187344,HistGradientBoostingClassifier,1050.032663345337,0.12721729278564453,0.9704809289312956,0.8667131501882582,0.8012428810611905,0.31937794648394074,0.8183387754592687,0.9717999104000293,0.8606648817492191,0.800872948431548,0.2922791710085999,0.8110749890109186,0.9384243799566114,0.8026550647032574,0.7301960589090815,0.4236758496222308,0.7418542708572219,IterativeImputer,0.3621491323118653,0.3647961300075356,XGBClassifier,1732.1171321868896,0.28302001953125
474,41027,class_non_simple_,MNAR_,0.3_,2/,0,0.0,0.903906369834036,0.7183935294937944,0.7554259438367238,0.6136727601278437,0.6735783387018199,0.9599986665785295,0.8362338241856314,0.8564031941913565,0.3847258860428853,0.7984360536207222,0.8523295114593731,0.6612003569834896,0.6646557753914314,0.7136096446417973,0.6073633003586081,LGBMClassifier,904.5815260410309,1.0013470649719238,0.9278659692871516,0.7918839771301074,0.6914831069778575,0.47661841398776944,0.715630467479427,0.9608414448927193,0.8417001338688086,0.7700436232624792,0.36104528073262077,0.7866470770204889,0.85006028864558,0.7034805890227577,0.5827381960969658,0.6419140263957607,0.5955274231312716,IterativeImputer,0.3628766983779656,0.36023252510025605,HistGradientBoostingClassifier,14823.691705226898,0.14519762992858887
475,41027,class_non_simple_,MNAR_,0.5_,2/,0,0.0,0.8466507250035519,0.6444847301631572,0.6655839727911107,0.7667378162026054,0.5976138699999473,0.9157805799212548,0.7791164658634538,0.7512278494525505,0.6194520162275453,0.7174451646667478,0.7465233803526717,0.5755243195002231,0.5477880494710733,0.8780643974250572,0.5137154557051256,RandomForestClassifier,759.1315131187439,0.8309211730957031,0.8250040909897409,0.6078371217403431,0.6400772689164832,0.8083143683451489,0.5644749575362461,0.9428741909774341,0.8058902275769746,0.8247598118798781,0.48826514255452474,0.7648882451383615,0.7631033287986893,0.570615796519411,0.570420399349249,0.8773925964896069,0.5194965149089068,IterativeImputer,0.36309116627731,0.3630146519829244,LGBMClassifier,13548.560551404953,0.5002157688140869
476,41027,class_non_simple_,MNAR_,0.01_,3/,0,0.0,0.9837859390790958,0.8934039882861525,0.8484243924967911,0.22257699760419272,0.8548119637247762,0.9759779772667011,0.8643462739848282,0.8147623763435979,0.2586543300343227,0.8189125844623039,0.972232354270372,0.857318161535029,0.8058469140025589,0.27816394352558804,0.8093060344733943,XGBClassifier,630.2459559440613,0.47687458992004395,0.9728502418633171,0.8717054804071956,0.818181901269579,0.29203421947052705,0.8267148657101085,0.9714987200018976,0.8616688978134761,0.8071118106431573,0.296500651981921,0.815244875916879,0.9644959869876885,0.8529674252565819,0.7954889685328125,0.3245625390162648,0.8037995748227468,KNNImputer,0.3598847519329564,0.37135788779635215,XGBClassifier,8368.000754833221,4.540130138397217
477,41027,class_non_simple_,MNAR_,0.1_,3/,0,0.0,0.9638688723456995,0.8480825547343467,0.7749403787367157,0.34306823201496556,0.7936348589836874,0.9730713956097667,0.8605533244087461,0.801362670774825,0.2863733731479616,0.8107975521592016,0.9408817092564652,0.8090138331102187,0.7231144231903506,0.40928908547870985,0.7392062356955861,HistGradientBoostingClassifier,1270.110693693161,0.09091901779174805,0.9527473387416766,0.8332171245293544,0.7577818593215939,0.3915588486342956,0.7760659889312342,0.9682186178968845,0.8536367692994199,0.7910052474034028,0.327850577478716,0.8045462026340031,0.9319644945451836,0.8000892458723784,0.7167482482413255,0.44616484713838395,0.7303357415079855,IterativeImputer,0.3621994332591025,0.3600393539281403,LGBMClassifier,8465.814858436584,0.8315439224243164
478,41027,class_non_simple_,MNAR_,0.3_,3/,0,0.0,0.9323237899102194,0.7718588760284479,0.8059483350589945,0.5635273299112528,0.7315617348476074,0.9413940100330694,0.8184962070504239,0.7895984456822333,0.504885018677957,0.7735470875303251,0.8343676144881327,0.6721329763498438,0.6350137652767341,0.7189030523922193,0.6044736050092782,RandomForestClassifier,1108.6283731460571,0.8395860195159912,0.9221114697854212,0.7371077952865709,0.7832671261249414,0.5680149353863332,0.6941649059516468,0.9598770402187579,0.8337795626952254,0.849701077091058,0.38060771455548464,0.7933742798390947,0.8529378010056704,0.6635430611334225,0.6570723508895876,0.6965728251211826,0.6051712595233786,IterativeImputer,0.3603276122992849,0.3608221918991762,LGBMClassifier,11074.296456813812,0.9279773235321045
479,41027,class_non_simple_,MNAR_,0.5_,3/,0,0.0,0.8468513240285991,0.6305117835727234,0.6772275015688085,0.7525730684287388,0.5905287296337027,0.923243190101537,0.7881526104417671,0.7688979819169298,0.5557770669501152,0.737747013419113,0.7456685601308378,0.5436189201249442,0.5501471310252423,0.8867507584540621,0.4971058162705435,RandomForestClassifier,818.2299897670746,0.8426718711853027,0.8591506680121656,0.634165388369823,0.6926514832537588,0.7396913319514624,0.5967939228771213,0.9365968315057103,0.8022088353413654,0.8106127836688453,0.4740968506595107,0.7582013132659166,0.7536648543325342,0.5446229361892012,0.5620681704606257,0.8943181896069412,0.5017406776903781,KNNImputer,0.36730937907324446,0.3668182256680616,LGBMClassifier,13734.876166343689,104.7716736793518
480,23517,class_non_simple_,MNAR_,0.01_,1/,0,0.0,0.5473772769083299,0.5336119186046512,0.5329727521750773,0.6900838031084222,0.5314848569512626,0.5319429036404771,0.5206602990033222,0.5199036227118414,0.6914669737952773,0.5177048556925908,0.5310737651562936,0.520296926910299,0.5195978837977391,0.691528619929745,0.5177462293698419,LGBMClassifier,5326.015839576721,0.11806964874267578,0.531192874874487,0.5218672134551495,0.5220813197047249,0.6915561981056281,0.5218600117307645,0.5347899126726354,0.5251245847176079,0.5249310993285602,0.6912722065780629,0.5248489240910423,0.5342085753847252,0.5251764950166113,0.5243702653695627,0.6912844471752555,0.5246505953618632,IterativeImputer,0.21486712689395865,0.21472251429764935,LogisticRegression,13439.135382413864,1.0880329608917236
481,23517,class_non_simple_,MNAR_,0.1_,1/,0,0.0,0.5540887189649484,0.5370899086378738,0.5365259270149919,0.6896125708762747,0.5354096764614198,0.5290817891372976,0.520141196013289,0.5202964414844911,0.6918520192258736,0.5200974139930854,0.5289893570690736,0.5225290697674418,0.5219375270682749,0.6918285744639918,0.5206628745880383,LGBMClassifier,4314.236333847046,0.21970152854919434,0.5306807496734476,0.5218672134551495,0.5217138865935633,0.6915936164954474,0.5216714166314342,0.5343623826912062,0.523515365448505,0.5233491952777578,0.6913009128014117,0.5232962587148962,0.5330931921358976,0.5214389534883721,0.5212488437502318,0.6914167070910829,0.5211694767464738,IterativeImputer,0.1522018779744948,0.15176234111397918,LogisticRegression,14660.96150302887,0.5867407321929932
482,23517,class_non_simple_,MNAR_,0.3_,1/,0,0.0,0.6380320475741399,0.5925560631229236,0.5919894202613177,0.677008125772308,0.5910358715546669,0.5240525715702006,0.5177014119601329,0.5170182588719694,0.6930260805200422,0.5152461193034636,0.5253737588694685,0.5212832225913622,0.520622554368964,0.6924240010982161,0.5189904337658657,LGBMClassifier,13849.482760429382,0.36612868309020996,0.8199865173509571,0.7463273463455149,0.7461341551203176,0.66594847329241,0.7461502977183019,0.5267919542953848,0.5206602990033222,0.5204339927341894,0.6919246121349626,0.5203053757233289,0.5206667949903403,0.5134447674418605,0.5131438411794463,0.6923798822666488,0.5128712405973834,IterativeImputer,0.18672745777469013,0.18641788186527028,ExtraTreesClassifier,15199.786401987076,1.7835400104522705
483,23517,class_non_simple_,MNAR_,0.5_,1/,0,0.0,0.6101053938829295,0.5730377906976745,0.5722317527474747,0.684600127378983,0.5700081767062142,0.526932114275681,0.5213870431893688,0.5208438868343879,0.6925316885727029,0.5197869303459008,0.5214322148735071,0.5151058970099668,0.5143125093677144,0.6924125231031436,0.5118428159523197,LGBMClassifier,11450.00191617012,0.19838356971740723,0.5257011740851623,0.516468542358804,0.5162548420635635,0.6920610777618892,0.5161409492924547,0.5331808648877625,0.5251245847176079,0.5252038302546862,0.6915038106754376,0.5251223274274273,0.5292856312498502,0.521594684385382,0.5214191442708223,0.6919159341301651,0.5213562019445461,IterativeImputer,0.21169181222463315,0.2155127989217253,LogisticRegression,15170.72275352478,0.6616926193237305
484,23517,class_non_simple_,MNAR_,0.01_,2/,0,0.0,0.585625393439877,0.5585418397009967,0.5580339114131289,0.6858339515076659,0.557205595790681,0.5310765086353726,0.5233077242524917,0.5228343051609401,0.6916789551347201,0.5220632540026088,0.5304592851319259,0.5245535714285714,0.5240867545649336,0.6917509542375395,0.5233425497817688,LGBMClassifier,6942.380523681641,0.25352907180786133,0.5316977816071459,0.5224252491694352,0.5221741835419756,0.6915524643414533,0.5224499925082131,0.5347892658799254,0.5242940199335548,0.5241327846461414,0.6912665238684714,0.5240847053667768,0.5344637027692558,0.523515365448505,0.5233042863039143,0.6913115978840138,0.5238113383071332,IterativeImputer,0.20577695977100388,0.20490092477012073,LogisticRegression,12983.599961996078,1.2065355777740479
485,23517,class_non_simple_,MNAR_,0.1_,2/,0,0.0,0.5439337515059306,0.5301988164451827,0.5295859666021667,0.6899033172217965,0.528217966360366,0.5266312155270265,0.5176495016611296,0.5169841297766289,0.6922809331427323,0.5153112988221118,0.5264914220625996,0.5168189368770764,0.5162526503409287,0.6921832894520754,0.5150787741070814,LGBMClassifier,7769.369559049606,0.20324492454528809,0.5309667341526759,0.5215168189368771,0.5213402597751193,0.6916126231138375,0.5212749561787479,0.5349902890542493,0.5265261627906976,0.5263527712652938,0.691227921603424,0.5262934221496178,0.5343177000948112,0.5226328903654485,0.5224121866785194,0.6912764142991367,0.5222927994067483,IterativeImputer,0.15317753841461032,0.15309512963567548,LogisticRegression,15193.654741764069,0.6513240337371826
486,23517,class_non_simple_,MNAR_,0.3_,2/,0,0.0,0.5424833072750262,0.5297446013289037,0.5292495545792679,0.6903888205485755,0.5284003231414036,0.5265177195762076,0.5178052325581395,0.5170735812084468,0.6921076818201282,0.5150156758524658,0.5214630453260257,0.5184800664451827,0.518099372887036,0.6924536321571267,0.5176272415450716,LGBMClassifier,5811.506493091583,0.12364625930786133,0.5303220361271339,0.5218023255813954,0.5216577066434124,0.6916882840008708,0.5216224968747236,0.5288222258327628,0.520296926910299,0.5201692173583985,0.6920024786285527,0.5201465696434455,0.5304257974393563,0.5236191860465116,0.5234670409095526,0.6916393682479351,0.5234268509407151,IterativeImputer,0.18656311427112238,0.18996521292855567,LogisticRegression,14659.41561293602,0.7987909317016602
487,23517,class_non_simple_,MNAR_,0.5_,2/,0,0.0,0.5337317767528909,0.5235802533222591,0.5228645322826628,0.6917037117265428,0.5209078822633668,0.5267954577558983,0.5165074750830565,0.5159551688137598,0.6919338823104889,0.5148440370243017,0.5230248772430556,0.5182724252491694,0.5177526488748653,0.692325207593369,0.5167872148451338,LGBMClassifier,14146.55599975586,0.157975435256958,0.5275599148708521,0.5186228197674418,0.5185125868218903,0.6919133867845827,0.5184991344735018,0.5296152799344721,0.5226848006644518,0.5218965419702065,0.691866524296974,0.5195054861909918,0.5281750450469563,0.518687707641196,0.5185247900122787,0.6918538950806015,0.5184738232808679,IterativeImputer,0.20724231392028322,0.21500198362922446,LogisticRegression,15179.130583763123,0.9658360481262207
488,23517,class_non_simple_,MNAR_,0.01_,3/,0,0.0,0.5426668826817247,0.5294720722591362,0.5288352795776674,0.690721498983186,0.5273435325404695,0.5332432588245378,0.5210755813953488,0.520342665603512,0.6916203951206014,0.5182934878295222,0.5336006495264873,0.5214908637873754,0.52080865819144,0.6916063319124094,0.5190584329011316,LGBMClassifier,4057.998735189438,0.17202425003051758,0.5314307427440144,0.5219580564784053,0.5217925385237745,0.6915609750321832,0.5217387658122432,0.5348963639728526,0.5249169435215947,0.5247245137369285,0.6912745069867589,0.5246435360265873,0.534824020208219,0.5259551495016611,0.5257660655978891,0.6912865124026312,0.5256893833964745,KNNImputer,0.13312709079227705,0.13261188971657378,LogisticRegression,13994.966631412506,69.15710663795471
489,23517,class_non_simple_,MNAR_,0.1_,3/,0,0.0,0.5335680955905776,0.524281042358804,0.5237547094375135,0.6914112487300669,0.5227650431151472,0.5345640257085442,0.5215427740863787,0.52037494055975,0.6914199786185776,0.5147996297960737,0.5314924394675327,0.5198297342192691,0.5193985207247045,0.691672867811849,0.5187700008382744,LGBMClassifier,5351.722451210022,0.09268903732299805,0.5303125869000443,0.522827553986711,0.5226644080959011,0.6916619731466979,0.5226131514604853,0.5341580608740601,0.5255917774086378,0.5254042713155712,0.6913391671332345,0.5253292976053451,0.5341618877309287,0.5232039036544851,0.5229978143580738,0.6912798776957532,0.5228989910916986,IterativeImputer,0.18734018682394998,0.18262270953138474,LogisticRegression,15205.623329877853,0.3895275592803955
490,23517,class_non_simple_,MNAR_,0.3_,3/,0,0.0,0.5542748390939796,0.5361036129568106,0.5357387609208641,0.6897452561949411,0.535328075176984,0.5288648872019385,0.5207122093023255,0.5201145418146312,0.6917543978332625,0.5188043323079385,0.5192102070271354,0.5126661129568106,0.5124346329727335,0.6926220398560567,0.5122941597719761,LGBMClassifier,6025.001435756683,0.16743683815002441,0.527398953266838,0.5189342815614618,0.517241426936912,0.6920115897804464,0.516557387198614,0.5323176876763912,0.5245016611295681,0.5242984066994616,0.691536352157053,0.5242037943214141,0.5308592563539622,0.5222695182724253,0.5212168706305919,0.6918900044849682,0.5194797682250973,IterativeImputer,0.24030586208124896,0.24006426171762218,LogisticRegression,15200.2559633255,2.51115345954895
491,23517,class_non_simple_,MNAR_,0.5_,3/,0,0.0,0.5567840707361931,0.5406846968438538,0.5400879824440166,0.689575911898985,0.5388343136338593,0.5237932831525678,0.5177014119601329,0.517217686624275,0.6924578026734602,0.5163956457732287,0.5199356335610561,0.5169227574750831,0.5164535010371968,0.6926872062627021,0.5156846646827304,LGBMClassifier,11009.769008636475,0.2998478412628174,0.5267761174851341,0.5184151785714286,0.5183038508689496,0.6919692900048352,0.5182898312234879,0.5093099666099732,0.5066445182724253,0.5064684445359728,0.7615218737896433,0.5064008668297473,0.5272740951413104,0.518687707641196,0.518622886906656,0.692013168102664,0.518622621462378,IterativeImputer,0.2132840086404166,0.22038388798289446,LogisticRegression,15226.439003229141,0.961911678314209
492,40701,class_non_simple_,MNAR_,0.01_,1/,0,0.0,0.9837820094626383,0.97925,0.9288918135214062,0.10829190457165501,0.9546879851507614,0.924338873339443,0.96,0.8729761639379453,0.15731059314281287,0.9091932730376666,0.9281863291473675,0.959,0.8694300646471651,0.1570908123084553,0.906605709807995,LGBMClassifier,391.13965916633606,0.022098779678344727,0.9855575403726198,0.98025,0.9309498035648504,0.10156483867489334,0.9568716967097608,0.9207184669622438,0.961,0.8854143445702161,0.15452824327433545,0.9135099652043936,0.9237980828771705,0.961,0.8854143445702161,0.15351438350723706,0.9135099652043936,KNNImputer,0.17514343681788247,0.16328036327353748,LGBMClassifier,6838.4947011470795,0.20343589782714844
493,40701,class_non_simple_,MNAR_,0.1_,1/,0,0.0,0.9995652496033224,0.986,0.9512678247662638,0.07340381127070332,0.9699809003478463,0.9119708716221236,0.955,0.8552456674840446,0.16163353525224147,0.8960717428306824,0.9022283869582807,0.943,0.8097284488808527,0.19534422114980202,0.861553371175412,LGBMClassifier,531.140389919281,0.04829525947570801,1.0,1.0,1.0,0.02904705242693468,1.0,0.9190630702036839,0.959,0.8901782544439766,0.16019748895924418,0.9108259474743081,0.8919905217183101,0.951,0.8529173787762448,0.19099194098147557,0.8883824336729695,IterativeImputer,0.1661687323835954,0.16806383495270857,LGBMClassifier,13230.536274671555,0.14164304733276367
494,40701,class_non_simple_,MNAR_,0.3_,1/,0,0.0,0.9998616001695785,0.99125,0.9941661127243466,0.1412589286430172,0.9824181896386623,0.927996433259852,0.95,0.8819755777375969,0.19404590680947348,0.893620642701525,0.8744127676087153,0.909,0.7958660490922151,0.28352078457124963,0.8057875315595261,LGBMClassifier,461.0154273509979,0.05527925491333008,0.9970694221781354,0.98325,0.9717998769321954,0.15081873208294522,0.9659544152486617,0.912532302941735,0.954,0.8902319206730571,0.2214174532546955,0.9021309912854031,0.8792344718830241,0.931,0.796815528529793,0.2584072159955019,0.8372330563150037,IterativeImputer,0.18237756397766222,0.17653485851833117,RandomForestClassifier,9156.725369691849,0.16895699501037598
495,40701,class_non_simple_,MNAR_,0.5_,1/,0,0.0,0.9813551247039067,0.94075,0.9101579301559339,0.25329109448982606,0.885313872823489,0.8960691551284274,0.931,0.8205277454404346,0.31234844635832354,0.8459652953113175,0.7742633278015836,0.875,0.7079029714578224,0.38749606310364076,0.7227883500140824,RandomForestClassifier,340.9421157836914,0.09447455406188965,0.9773677689947334,0.934,0.8958976026473984,0.2714443066487347,0.8721623305969293,0.9025173589610217,0.904,0.8552002575978996,0.3309914209147906,0.8205191483633589,0.7776814537768642,0.88,0.7285974950255534,0.37252890093221536,0.7398340141009965,IterativeImputer,0.20196239152941423,0.2032258924989145,ExtraTreesClassifier,8230.655163288116,0.10344552993774414
496,40701,class_non_simple_,MNAR_,0.01_,2/,0,0.0,1.0,1.0,1.0,3.6591390760561626e-05,1.0,0.9152568961104368,0.96,0.8700121368241152,0.31080286727066075,0.9085714285714286,0.9115663108182862,0.957,0.8593738389517747,0.3365610062639704,0.9006907764826521,HistGradientBoostingClassifier,712.4195699691772,0.01868891716003418,1.0,1.0,1.0,8.746921453427314e-06,1.0,0.9242232845383466,0.957,0.8653018931794351,0.3604710867416259,0.9020498907742387,0.9133909626070228,0.954,0.8605916495347551,0.404749692644222,0.8955722639933166,IterativeImputer,0.1518003092427578,0.17587445653385583,HistGradientBoostingClassifier,7412.389515638351,0.1199028491973877
497,40701,class_non_simple_,MNAR_,0.1_,2/,0,0.0,0.9845542702264406,0.97375,0.907243816254417,0.11381265156245311,0.9413511931052463,0.9156201751995972,0.955,0.8582096945978748,0.16129096863879716,0.896788754102647,0.8905704307334109,0.939,0.8044361330592227,0.20372948786816553,0.8529323126996564,LGBMClassifier,750.5378489494324,0.02608346939086914,0.9934643381195322,0.97625,0.9168155279464758,0.09669543682267125,0.9474592321664536,0.9075867535233944,0.957,0.8653018931794351,0.15831673544270752,0.9020498907742387,0.8885889084289006,0.943,0.8156565031085131,0.19141940882443084,0.8635812086704913,IterativeImputer,0.15913192678998478,0.16612725576523577,LGBMClassifier,10385.977090358734,0.1239159107208252
498,40701,class_non_simple_,MNAR_,0.3_,2/,0,0.0,0.9998677741397087,0.99225,0.995486313337216,0.11293974637440543,0.9844053227651727,0.9034833510844708,0.949,0.851753234422345,0.21379660029645442,0.8846130351070497,0.8436413774882553,0.898,0.7361107670968221,0.29923674157516883,0.7636065300219707,RandomForestClassifier,735.272805929184,0.08840036392211914,0.9997713058564222,0.97825,0.9238826657556631,0.08621780606916457,0.9521964298150867,0.9032934551969551,0.954,0.8576276224209249,0.2030976328744812,0.8948571428571428,0.8237229501564578,0.928,0.7683930679744714,0.29702881844953016,0.8204148417156368,IterativeImputer,0.18245039869914384,0.17929948006093877,RandomForestClassifier,9028.545590400696,0.1763150691986084
499,40701,class_non_simple_,MNAR_,0.5_,2/,0,0.0,0.9999243688659034,0.99175,0.9951951077460688,0.1172447130757648,0.9834228645164531,0.9040365260611466,0.929,0.792687357062063,0.26856483832685696,0.8325151738893515,0.7689710119799535,0.875,0.6426943749535581,0.34605416555600116,0.6742883199791545,RandomForestClassifier,679.728725194931,0.11143279075622559,0.9976343404450609,0.9915,0.9906227683670467,0.15669392350819417,0.9827854289795153,0.9128873256879597,0.946,0.8440789636638347,0.23302246340529953,0.87741091860085,0.7572717740404065,0.902,0.6880505948695085,0.3219655169716843,0.7370793269230769,IterativeImputer,0.20826282336395036,0.2338441929586988,RandomForestClassifier,9237.2685110569,0.13276124000549316
500,40701,class_non_simple_,MNAR_,0.01_,3/,0,0.0,0.9990476651073963,0.9855,0.949501040313967,0.07038560243578137,0.9688599966927169,0.9165036038936915,0.962,0.8771043354056753,0.15495341877513788,0.9137336093857833,0.9107324201818047,0.958,0.865883965356385,0.16394198671662968,0.9039999999999999,LGBMClassifier,389.9455773830414,0.029894351959228516,1.0,1.0,1.0,0.009467586926120526,1.0,0.9313402521487132,0.96,0.8700121368241152,0.16229397372313145,0.9085714285714286,0.9133661935782164,0.957,0.8593738389517747,0.1823981119902075,0.9006907764826521,IterativeImputer,0.18491131152561155,0.19016714416115907,HistGradientBoostingClassifier,9196.524196863174,0.6506428718566895
501,40701,class_non_simple_,MNAR_,0.1_,3/,0,0.0,0.9998770350949042,0.9935,0.9770318021201414,0.07056597303928196,0.986360233575754,0.916412784121401,0.957,0.8682659202932652,0.16263559135123373,0.9027129511686889,0.8914043213698924,0.945,0.831640783031564,0.19503854010241603,0.8720855863713006,LGBMClassifier,782.812831401825,0.03426241874694824,1.0,1.0,1.0,7.439261870158543e-06,1.0,0.9230261148127048,0.959,0.8694300646471651,0.34434957908769576,0.906605709807995,0.909659095600195,0.952,0.841643342497874,0.41818197238469135,0.887174569147886,IterativeImputer,0.168544367754326,0.17016118208148917,HistGradientBoostingClassifier,11129.086334705353,0.12114238739013672
502,40701,class_non_simple_,MNAR_,0.3_,3/,0,0.0,1.0,0.99975,0.9998543972044263,0.04122071126090498,0.9994858817340335,0.9230426274985758,0.955,0.8848859386223467,0.17150223355543845,0.902747071065957,0.8551094378256094,0.911,0.7644258951939829,0.26480959330065196,0.7944530024873496,LGBMClassifier,699.3400633335114,0.05623936653137207,0.9837784079800621,0.9555,0.8464451308984567,0.13999167932894388,0.8950271160292415,0.914200084214698,0.953,0.8600095773578051,0.1858234923920144,0.8936629931378692,0.8411149365500044,0.92,0.7429883007620605,0.2537979902461186,0.7957099080694586,IterativeImputer,0.18298974053009695,0.171529159597492,LGBMClassifier,8648.379803180695,0.12797808647155762
503,40701,class_non_simple_,MNAR_,0.5_,3/,0,0.0,0.990432404288028,0.9665,0.9590933319064603,0.20152114369341295,0.9346718773157356,0.9007092198581561,0.92,0.8230170328354758,0.3095285853017854,0.8308396275088599,0.7556782998538627,0.888,0.6947217199613603,0.3528584003242788,0.7269464815103761,RandomForestClassifier,759.2766306400299,0.1011803150177002,0.9892125306897765,0.965,0.9545307679801445,0.2171800349059319,0.9315602885418235,0.9204336231309704,0.929,0.8756801162493086,0.27356457915013294,0.8596258138242872,0.7665601598427992,0.895,0.7106523336553308,0.34372398248779995,0.7449667363757587,IterativeImputer,0.20240385258865198,0.20346208825462866,ExtraTreesClassifier,10453.084395647049,0.1716451644897461
504,40922,class_non_simple_,MNAR_,0.01_,1/,0,0.0,0.9999999657544059,0.999915337942712,0.999915337723646,0.003184488546228254,0.999915337723646,0.9995862474155595,0.9930014674342477,0.9930034121973809,0.021520497630123158,0.9930014666316828,0.9994738007982372,0.991646912744102,0.9916497460522158,0.025632381383938956,0.9916469123183688,HistGradientBoostingClassifier,2217.5749163627625,0.12091922760009766,1.0,1.0,1.0,0.000677945764920499,1.0,0.9995887702971719,0.992493509425443,0.9924962556550614,0.025700470772076663,0.9924935092102392,0.9990993185225318,0.9908003160627611,0.990803771606076,0.03754102407430334,0.9908003125168401,IterativeImputer,0.06588647986028495,0.06267238314619064,HistGradientBoostingClassifier,11186.077229738235,1.781888484954834
505,40922,class_non_simple_,MNAR_,0.1_,1/,0,0.0,0.9999494057185249,0.9958656695357697,0.9958692677661858,0.01778787329086951,0.9958656678688852,0.9995082292129684,0.9919291116378823,0.9919313213012693,0.02312742257843472,0.9919291114064978,0.997660549719339,0.9792301614177672,0.9792408126813281,0.05718163842570854,0.9792296014138167,HistGradientBoostingClassifier,2644.7468292713165,0.10815811157226562,0.999937800444163,0.995710455764075,0.995714030895209,0.019435902530330455,0.9957104541106223,0.9994667673101055,0.9918726718591263,0.9918747921887763,0.023995709211001852,0.9918726714448993,0.9974381921081332,0.9783835647364262,0.9783962653197367,0.06015777205104835,0.9783826540504292,IterativeImputer,0.09356554113774401,0.09362964258046222,HistGradientBoostingClassifier,14960.408323049545,0.8200867176055908
506,40922,class_non_simple_,MNAR_,0.3_,1/,0,0.0,0.9976209737080678,0.9712995625793707,0.9713221405819293,0.07559019092340459,0.9712950964041553,0.9994614794521804,0.990743876284005,0.9907475992647201,0.027514852848041952,0.9907438705049597,0.9864653772405626,0.9414155096512021,0.9414408724787191,0.1439345356557342,0.941403084983873,HistGradientBoostingClassifier,1796.5236811637878,0.11712408065795898,0.992078391197673,0.953929730492451,0.9539733496772635,0.1163515964763494,0.9538995604578095,0.9992949374111934,0.9889942431425669,0.9889991212599475,0.033488392666580234,0.9889942175850265,0.9843327076884244,0.9385370809346427,0.9385792940098063,0.15281565497513733,0.9384979360207306,IterativeImputer,0.09444578201075403,0.09027648769686648,XGBClassifier,12895.879590272903,0.35282230377197266
507,40922,class_non_simple_,MNAR_,0.5_,1/,0,0.0,0.9596693460780547,0.8842246366586708,0.8842978094154257,0.24944337451256582,0.8839993790772306,0.9990331247347709,0.9871881702223727,0.9871926870581333,0.038865383858457475,0.9871881486330922,0.9498839506312843,0.8717688226662151,0.871837894408103,0.27095946148187144,0.8715386437000703,XGBClassifier,5408.732089757919,0.6501314640045166,0.9754033074949106,0.9063778749823621,0.9064447951115411,0.20823126510191692,0.9062267561408559,0.9988897027376515,0.9858900553109832,0.9858992961224011,0.03929826041741826,0.9858897956951997,0.9473959688811474,0.8692290326221921,0.8692939059603524,0.2778833970505771,0.8690228382391323,IterativeImputer,0.0992416787304766,0.09660041615463359,XGBClassifier,14698.184542894363,0.5528147220611572
508,40922,class_non_simple_,MNAR_,0.01_,2/,0,0.0,1.0,1.0,1.0,0.0015219631529461838,1.0,0.9996010789014024,0.9930579072130037,0.9930595845387367,0.02364951439135729,0.9930579054217952,0.999482019276217,0.9919855514166385,0.991987493642625,0.027177063523654718,0.9919855504975722,HistGradientBoostingClassifier,2924.3574345111847,0.10297727584838867,1.0,1.0,1.0,6.710216802314463e-05,1.0,0.9995087261441953,0.9919855514166385,0.9919880287993307,0.034289430244884025,0.9919855514166385,0.9991714117758812,0.9909696353990293,0.9909719318590063,0.04386732328081894,0.9909696352839662,IterativeImputer,0.06537901153627759,0.06767357597958595,HistGradientBoostingClassifier,12533.236865997314,1.487633228302002
509,40922,class_non_simple_,MNAR_,0.1_,2/,0,0.0,0.9999978735875278,0.999195710455764,0.9991961396302012,0.01033956449452892,0.9991957090105388,0.999559642482192,0.9925499492041991,0.9925520712252801,0.02257410319512686,0.992549948824491,0.997911614665256,0.9810362343379614,0.9810468901120051,0.05461921431496173,0.9810357230300065,HistGradientBoostingClassifier,3772.344172477722,0.10141921043395996,0.9999457868352761,0.9960349936503458,0.9960372304592202,0.01939857930572436,0.9960349934727217,0.9994975770461605,0.9917597923016142,0.9917615555782218,0.023875497076056556,0.9917597906216933,0.9974736143853179,0.9791172818602552,0.9791300734687336,0.0576417450643999,0.9791163867176542,IterativeImputer,0.09569483301870556,0.09131113924835119,HistGradientBoostingClassifier,14034.794719219208,0.1701052188873291
510,40922,class_non_simple_,MNAR_,0.3_,2/,0,0.0,0.9967072371459355,0.9675885424015803,0.9676090453145794,0.08217008732907305,0.9675844838184042,0.9993235491822073,0.9905181171689807,0.9905204125013372,0.028156577569763853,0.9905181170481645,0.9868023093540867,0.9391579185009594,0.9391754267253564,0.14323281012555414,0.9391523168957886,HistGradientBoostingClassifier,2883.557673215866,0.10932564735412598,0.992706885056629,0.9561591646677015,0.9561932112082141,0.11260758552314944,0.956142268992427,0.9990457264010069,0.9884862851337622,0.988493213416608,0.03522830098969946,0.988486193442164,0.9842047415266377,0.9346427362004741,0.9346721849817572,0.15628517679553183,0.9346234902438002,IterativeImputer,0.09532005313971945,0.09303732347952852,LGBMClassifier,14352.821669578552,0.7442550659179688
511,40922,class_non_simple_,MNAR_,0.5_,2/,0,0.0,0.9621741580300182,0.8885847326090024,0.8886734645455874,0.24194067767515445,0.8882621288624895,0.9991215275258171,0.9889942431425669,0.9889957319341449,0.03491570660007316,0.9889942389005142,0.9419356821913291,0.8629642171802686,0.863062522166796,0.286262800715028,0.8624550589732676,XGBClassifier,3102.6195175647736,0.4819052219390869,0.9645653403132501,0.8927049527303513,0.8927702259464411,0.23993749055473113,0.8925403133898989,0.9978600867195957,0.9812619934529857,0.9812769310444851,0.06211563192662994,0.9812608234763771,0.932155572347867,0.8484591940399594,0.8485209829529017,0.31665800393626664,0.8482428364966982,IterativeImputer,0.10144484536603304,0.10156160270363111,XGBClassifier,13711.951650619507,0.4768826961517334
512,40922,class_non_simple_,MNAR_,0.01_,3/,0,0.0,0.9999907321865394,0.9996895724566107,0.9996897986299813,0.004701902318680477,0.9996895717881082,0.9995524306084917,0.9927192685404673,0.9927211234060532,0.022796004694255825,0.9927192674040397,0.999450343095972,0.9917597923016142,0.9917622691204961,0.025649155208797313,0.9917597923016142,HistGradientBoostingClassifier,3024.935960292816,0.06565737724304199,1.0,1.0,1.0,6.231845377282156e-05,1.0,0.9995467477539506,0.992380629867931,0.9923824838878013,0.030026957815670035,0.9923806286786463,0.9993292702622275,0.9911389547352975,0.9911418759676223,0.039494905928486,0.9911389540296373,IterativeImputer,0.07132229168883823,0.07120172610375315,HistGradientBoostingClassifier,10804.855064630508,1.368917465209961
513,40922,class_non_simple_,MNAR_,0.1_,3/,0,0.0,0.9999999960179542,0.999957668971356,0.9999576461641618,0.005074665696411103,0.999957668859893,0.9995097964576066,0.9920419911953945,0.9920452714540979,0.02505715980141126,0.9920419891420579,0.9981677381162242,0.97990743876284,0.9799150591631666,0.05648977282338585,0.979907223451677,HistGradientBoostingClassifier,2502.7001700401306,6.344469308853149,1.0,1.0,1.0,0.004816750476952754,1.0,0.9994682835874381,0.9917033525228581,0.9917062751647088,0.025848208469394424,0.9917033518621444,0.9978286016667455,0.9783271249576702,0.97833277917007,0.06096515893396686,0.978327035484273,IterativeImputer,0.09405896503226388,0.098535239673771,HistGradientBoostingClassifier,12840.800137996674,0.15839838981628418
514,40922,class_non_simple_,MNAR_,0.3_,3/,0,0.0,0.9964233308173387,0.9660222943417525,0.9660461297582318,0.08702305560313751,0.9660163157169146,0.9994004333622551,0.9902923580539564,0.9902939392802282,0.028030921494530205,0.990292354961636,0.9870932880709684,0.9415283892087143,0.9415541090892735,0.14084346773061154,0.9415156008968106,HistGradientBoostingClassifier,4977.998570919037,0.11491250991821289,0.9931096936808379,0.9570198955834627,0.9570537400721943,0.10965584607729585,0.9570035453534346,0.9992706960866092,0.9895586409301276,0.9895594175889573,0.032399230753135576,0.9895586289231046,0.9850287235805399,0.9369567671294728,0.936997727558984,0.1501742440998961,0.9369190929044169,IterativeImputer,0.0937133204319516,0.09523801428420685,HistGradientBoostingClassifier,14422.45254611969,0.17933154106140137
515,40922,class_non_simple_,MNAR_,0.5_,3/,0,0.0,0.9654995386178709,0.8926202906730634,0.892694597339253,0.233117068696439,0.8924047473364263,0.9991049886352465,0.9880912066824699,0.988096082544609,0.036437854549193405,0.9880911790279004,0.945642381404018,0.8651653685517553,0.8652550273353585,0.28545506918191904,0.8647507550225326,XGBClassifier,4252.749842643738,0.714942216873169,0.9762692774263102,0.9072527162410047,0.9073192300759627,0.21065798785763534,0.9071049008849306,0.9985981060421931,0.9826729879218874,0.9826849856753204,0.055204773926960396,0.9826723559792215,0.937505578530838,0.8541596116943222,0.8542407696776644,0.30749702214072144,0.8537940142068471,IterativeImputer,0.10476518580302506,0.10234242317276344,HistGradientBoostingClassifier,13249.242497682571,0.2643246650695801
516,41671,class_non_simple_,MNAR_,0.01_,1/,0,0.0,0.9989827486866183,0.9669375,0.9862532678071364,0.45474559205519155,0.9565500286154798,0.7896770102197804,0.56525,0.46122194802193706,1.0312262121749816,0.4436411706955095,0.786455015630439,0.5675,0.4603484521181992,1.0382886449452278,0.44489073860741274,RandomForestClassifier,5882.581722974777,0.4172976016998291,0.9516697175467488,0.7251875,0.8529239537766923,0.7464842481754725,0.71467795073036,0.7953068713789185,0.51625,0.4913617384822483,1.0815750317558332,0.4363768558299016,0.7931272194793471,0.5155,0.4872770138264329,1.086928274681512,0.4335029224987118,IterativeImputer,0.06027273775414117,0.04880480418010767,LGBMClassifier,11452.826890468597,1.2101447582244873
517,41671,class_non_simple_,MNAR_,0.1_,1/,0,0.0,0.9956778864266094,0.920875,0.9687572934353735,0.39034456625715763,0.9265856158432983,0.7940289952106037,0.553,0.445918507287357,1.0246181739970475,0.42841440980188306,0.7795751505774839,0.551,0.43491100300377356,1.040839234856052,0.4251737784236845,LGBMClassifier,2646.2887229919434,0.9923436641693115,0.9748399727104058,0.8589375,0.9219288593470637,0.6969170892371378,0.8463681589050005,0.7873891670289377,0.547,0.46784692812405915,1.0462306150787881,0.43647500913809323,0.7819754243196274,0.5475,0.46502900804164327,1.0546027259763524,0.4356978456007525,IterativeImputer,0.06965295144678427,0.06465165226364343,RandomForestClassifier,11698.806931972504,0.48590636253356934
518,41671,class_non_simple_,MNAR_,0.3_,1/,0,0.0,0.9838018462841394,0.8434375,0.9333669535004434,0.5818466168195295,0.8492492498713169,0.7911212446353341,0.5415,0.46117628100993996,1.048358505184878,0.4341981013612939,0.7543926200858805,0.49225,0.40638064821795483,1.1318892422172417,0.37705132549903203,LGBMClassifier,2195.7304804325104,0.9168891906738281,0.9894559394078126,0.9309375,0.9601078398004856,0.6267807646034629,0.9221518903602824,0.7841051889867611,0.565,0.4524439315780772,1.0403292210390445,0.4375662754236237,0.7634313333800039,0.549,0.41052972484796807,1.0898165181715154,0.39948548603835804,IterativeImputer,0.10266885260070423,0.10530197499425972,RandomForestClassifier,12163.517380714417,0.7777118682861328
519,41671,class_non_simple_,MNAR_,0.5_,1/,0,0.0,0.9656235071227321,0.8299375,0.9155622969505093,0.9886666072993855,0.842606119094021,0.7402475157526412,0.48825,0.3899489840484218,1.2180719978520882,0.36950322065389785,0.6951232932500097,0.4595,0.3493111609219407,1.292826747903673,0.33460334940086045,RandomForestClassifier,2107.9677526950836,0.579498291015625,0.9884989110124076,0.9278125,0.9613989641250692,0.695606836037787,0.9213774348606117,0.7689413511644327,0.5475,0.4288121503634296,1.0988086296746487,0.4066051244103167,0.7219367669036189,0.50775,0.3599073681907748,1.1635339037675259,0.34705582867072715,IterativeImputer,0.11955523761002727,0.12044059188319028,RandomForestClassifier,13295.036176919937,0.6142053604125977
520,41671,class_non_simple_,MNAR_,0.01_,2/,0,0.0,0.9824339420341659,0.836125,0.9270755494154972,0.5575365827671462,0.8277782051702254,0.7928314244880731,0.5475,0.47373501592187495,1.0483913775180635,0.4397873307125015,0.7868104327467338,0.54125,0.4643058123226034,1.0556688337040272,0.43247125388913954,LGBMClassifier,3498.1249763965607,0.564708948135376,0.9831254266530521,0.8984375,0.9440704022297688,0.6469270860048844,0.8896924228925928,0.7918222358763518,0.56625,0.46377507142183455,1.03624615661354,0.445874691162475,0.7912066546119773,0.56475,0.46295138623073484,1.039021492097413,0.4460193014634298,KNNImputer,0.08085956145287763,0.06978638134542081,RandomForestClassifier,10998.28064918518,2.865708589553833
521,41671,class_non_simple_,MNAR_,0.1_,2/,0,0.0,0.991802690489269,0.910375,0.9616938742883289,0.6272874060860928,0.8952556011449266,0.785787651721096,0.5365,0.46851756530093513,1.0683991277341427,0.43463004432206825,0.7751842005720831,0.526,0.45730625286166227,1.107881851594748,0.4252736248251604,RandomForestClassifier,6441.16183423996,0.3959825038909912,0.9982827317647326,0.9504375,0.9796187724743406,0.4722915568057806,0.9376905363208738,0.7895479885528289,0.55775,0.45111963302537533,1.0408924210218355,0.4349323383672359,0.7865749987937631,0.55675,0.44968971721944867,1.0563565388772367,0.4342069538143294,IterativeImputer,0.08114581338971175,0.0696365047745538,ExtraTreesClassifier,10857.12320137024,0.5374839305877686
522,41671,class_non_simple_,MNAR_,0.3_,2/,0,0.0,0.9621867866597296,0.74925,0.8759486642125041,0.7498698325540245,0.741746209718922,0.784913424517352,0.542,0.4598546921369371,1.0477953772557362,0.43285600310462674,0.7411174669769778,0.4725,0.4064347471922833,1.1751970391871256,0.36708606878079264,LGBMClassifier,2822.733094215393,0.7304296493530273,0.9761159690538314,0.807625,0.9127557751577118,0.6169888170087761,0.8075331668093183,0.7910447680082163,0.52175,0.4737066849971268,1.064001842482302,0.42968648457710473,0.7599211324304801,0.507,0.43185208947664633,1.1234783868467348,0.4009271137326339,IterativeImputer,0.10026247270450125,0.09241522090438527,LGBMClassifier,10700.703201055527,1.0081322193145752
523,41671,class_non_simple_,MNAR_,0.5_,2/,0,0.0,0.9814527792188207,0.8386875,0.9336549564081119,0.9299712714982079,0.8440459900245763,0.7419436472347494,0.43875,0.4108992513324029,1.2422505612668502,0.355124926640207,0.6919870301789599,0.41625,0.3566959032457618,1.3268679248475832,0.3186612846405056,RandomForestClassifier,4093.106625318527,0.5794417858123779,0.9992984471739051,0.9724375,0.9894590656435651,0.5259667541789371,0.9653388175184702,0.769677014494522,0.5335,0.42537372040292204,1.1062397358017397,0.4097436489367931,0.721879463597789,0.51025,0.3706425424982266,1.1744854247875465,0.3634003938631395,IterativeImputer,0.12311415331140474,0.11536169049193455,ExtraTreesClassifier,11083.09330368042,0.6593034267425537
524,41671,class_non_simple_,MNAR_,0.01_,3/,0,0.0,0.9846329321947911,0.8518125,0.9362000005484539,0.521722855123177,0.8514028214778688,0.7927373710225941,0.542,0.4711669193529163,1.04612888254744,0.4399456969205316,0.7861267921875591,0.54175,0.4611400955908769,1.0526908343991455,0.4337620876405971,LGBMClassifier,2905.6893742084503,0.7354207038879395,0.9862429079558177,0.8530625,0.9381591025349788,0.5142735220569948,0.8502288070943778,0.789606531295483,0.53975,0.4619618410525447,1.0453289024663404,0.43262818725681285,0.787095790555516,0.53375,0.4564682737555527,1.0542933634704605,0.42680490932692877,KNNImputer,0.07457764604446913,0.059479558964934176,LGBMClassifier,6394.152414083481,3.532731533050537
525,41671,class_non_simple_,MNAR_,0.1_,3/,0,0.0,0.987853920628727,0.866875,0.9446739781048799,0.509726744871247,0.8723408457486632,0.7896066073314156,0.54,0.46970944818652993,1.0467173748241239,0.4383965906632259,0.7700798501693975,0.52625,0.4334387566370066,1.0720936758701454,0.4098219204848612,LGBMClassifier,3204.8818080425262,0.7992887496948242,0.9767605039415441,0.8661875,0.9279779038602746,0.6982664860657672,0.8502635965627674,0.790763102730032,0.5535,0.4790872270420297,1.0556089622636495,0.45026763596888203,0.7841331944431895,0.551,0.4668326240697865,1.07638975816428,0.4386122265853431,IterativeImputer,0.09505351357787717,0.07398542456110385,RandomForestClassifier,10035.136156082153,0.5299167633056641
526,41671,class_non_simple_,MNAR_,0.3_,3/,0,0.0,0.9880395667208737,0.8505,0.9408537473711929,0.5745386192793753,0.8483817909682656,0.7840625079972833,0.56875,0.43782517096311124,1.0347458896845099,0.42416026816321556,0.7498107549335852,0.48875,0.40532487061296985,1.1382937526153418,0.37960671239928595,LGBMClassifier,4845.514328241348,0.753464937210083,0.9408806421683067,0.7345,0.8438338161754805,0.8980039664419555,0.7154019962393428,0.7819538000312922,0.512,0.4832758814485583,1.1175951616884676,0.4246888717254829,0.7579859525692306,0.47325,0.4371333831841415,1.1610407751091112,0.38715136665344835,IterativeImputer,0.10459606148180618,0.09908614711941711,RandomForestClassifier,12208.549788713455,0.5261914730072021
527,41671,class_non_simple_,MNAR_,0.5_,3/,0,0.0,0.9872549659888055,0.8455,0.9350868285047771,0.6039761631795962,0.8465105736895451,0.7655577751149627,0.562,0.38762232907831345,1.0565858237898542,0.3809892314234543,0.6956741483259171,0.4515,0.35937055488595593,1.2366417940749475,0.33733186308853547,LGBMClassifier,2545.8527693748474,1.1682751178741455,0.996790835746767,0.9369375,0.9749022192788608,0.6196646088838802,0.9277760992905705,0.7721476291103231,0.52025,0.44698463030027835,1.1230481830954109,0.41105592161631604,0.7161165417352123,0.466,0.36221307245197354,1.2209418375324557,0.34056435202997193,IterativeImputer,0.12509590663918024,0.12361697001271617,ExtraTreesClassifier,12604.722503900528,0.614654541015625
528,41146,class_non_simple_,MNAR_,0.01_,1/,0,0.0,1.0,1.0,1.0,0.01009038981800617,1.0,0.9813101547270955,0.9346341463414635,0.9346026742202729,0.1806332206739597,0.9345621452372581,0.9789230019493177,0.9287804878048781,0.9287471064814814,0.1934900556193419,0.9286925263668497,HistGradientBoostingClassifier,574.5347194671631,0.015146017074584961,1.0,1.0,1.0,0.016982128250603048,1.0,0.983655427631579,0.9326829268292683,0.9326495492202729,0.16807677753645942,0.9325997851960635,0.9798938535575048,0.926829268292683,0.92679778874269,0.19474469237810868,0.9267486700417068,KNNImputer,0.22448637542884967,0.21242687230083057,LGBMClassifier,6078.161244630814,0.19864749908447266
529,41146,class_non_simple_,MNAR_,0.1_,1/,0,0.0,0.9999999999999999,1.0,1.0,0.02975125403513378,1.0,0.9775352552387915,0.9239024390243903,0.9238719085038987,0.24943111333538182,0.9238234800902494,0.9640366106237817,0.8946341463414634,0.8946131061159843,0.29546714969225246,0.8945810668738858,BaggingClassifier,640.8740873336792,0.10374879837036133,1.0,1.0,1.0,0.029061651031831847,1.0,0.9857874939083819,0.9346341463414635,0.9345988669590644,0.18684488352835293,0.934544182557633,0.9655671296296295,0.9034146341463415,0.9034021686159843,0.2506442775109816,0.9033966122412842,KNNImputer,0.18172800820924254,0.17703701372063432,ExtraTreesClassifier,6189.80499124527,1.1395564079284668
530,41146,class_non_simple_,MNAR_,0.3_,1/,0,0.0,1.0,1.0,1.0,0.05402464085797031,1.0,0.9723021747076024,0.92,0.9199637548732944,0.22476561223718877,0.919884015312114,0.9235920748050681,0.8156097560975609,0.8155743634259259,0.37439237798479136,0.8153559776625767,LGBMClassifier,637.3419065475464,0.057845115661621094,0.991008582413789,0.9555989265674555,0.9556007094477972,0.21554552681323258,0.9555967039978668,0.9741639254385965,0.9190243902439025,0.9189738669590644,0.2317855456731655,0.9187990176661649,0.923458820662768,0.833170731707317,0.8331772356237817,0.3496829211133238,0.8331650150534605,KNNImputer,0.1854831338714272,0.18339267860471337,ExtraTreesClassifier,5898.766253709793,2.3213655948638916
531,41146,class_non_simple_,MNAR_,0.5_,1/,0,0.0,0.999403397255056,0.9887777506708954,0.9887790593864942,0.16184171885857784,0.9887774561106959,0.9598143579434697,0.9024390243902439,0.9024122807017544,0.2613763589343183,0.9023608666163706,0.8527846308479532,0.7551219512195122,0.7550865009746588,0.4585269525695349,0.7547849227159089,RandomForestClassifier,755.7911267280579,0.11461186408996582,0.8797393136449666,0.7809221761405221,0.7809163303931722,0.43622362049898883,0.780794306812768,0.9606519554093568,0.9034146341463415,0.9033488669590644,0.2723786968323693,0.9029620598149609,0.8594225907651072,0.7619512195121951,0.7619681256091617,0.46126741844428804,0.7618857203790026,KNNImputer,0.19572024746248784,0.1913560419560779,LGBMClassifier,713.8434171676636,2.23638916015625
532,41146,class_non_simple_,MNAR_,0.01_,2/,0,0.0,0.9999978573724244,0.9985362283483776,0.9985365853658537,0.03374680954035641,0.9985362261703763,0.9829586988304093,0.9317073170731708,0.9316825048732944,0.15977977520950695,0.9316598977422526,0.9823419225146199,0.9297560975609757,0.9297312835038987,0.16447491212870996,0.9297073233920312,LGBMClassifier,438.37625432014465,0.03440999984741211,1.0,1.0,1.0,0.018804423831520728,1.0,0.9831490618908382,0.9326829268292683,0.9326552601120858,0.17098410608957687,0.9326252113648813,0.9824180677387915,0.9307317073170732,0.9307078460038987,0.17596904023309576,0.9306871095643694,IterativeImputer,0.18799296422045614,0.17839818954127482,LGBMClassifier,8168.063321828842,0.46246886253356934
533,41146,class_non_simple_,MNAR_,0.1_,2/,0,0.0,1.0,1.0,1.0,0.009944719988112652,1.0,0.981306347465887,0.9307317073170732,0.9307021351120858,0.19304093709251008,0.9306641285593287,0.9695381030701754,0.9063414634146342,0.9063052052875243,0.2536907062179509,0.9062056764629627,LGBMClassifier,487.88880610466003,0.0520930290222168,0.9984506421930983,0.9748719199804831,0.9748741206299325,0.10441311139360442,0.974869981586863,0.9778912341617934,0.9278048780487805,0.9277762548732944,0.1839226092495558,0.9277387811718798,0.9611963937621832,0.9004878048780488,0.9004819992690059,0.24906488459249898,0.9004831635217252,IterativeImputer,0.18472551699961665,0.18607908476766935,LGBMClassifier,6353.300750017166,2.295099973678589
534,41146,class_non_simple_,MNAR_,0.3_,2/,0,0.0,1.0,0.9992681141741888,0.9992682926829268,0.08293751394850779,0.9992681139999489,0.9690698099415204,0.9209756097560976,0.9209231846978557,0.21753308778745234,0.9207390244670828,0.9313284295808967,0.8536585365853658,0.8536031920077973,0.325426408495508,0.8531720565652862,RandomForestClassifier,685.4618892669678,0.09663701057434082,0.9923320120463284,0.962185898999756,0.9621894082776845,0.23199179546159626,0.962178326471683,0.9663856907894737,0.9160975609756098,0.9160365649366471,0.2714183510272158,0.9157587920489296,0.925088328460039,0.8419512195121951,0.8419472618177388,0.36486045674949164,0.8419474585950886,KNNImputer,0.18516927321507506,0.18395469818236707,XGBClassifier,1649.4732074737549,2.028827667236328
535,41146,class_non_simple_,MNAR_,0.5_,2/,0,0.0,0.9424216452999082,0.8585020736765064,0.8585092073468319,0.3280576440358787,0.8583827149021542,0.9637244152046784,0.904390243902439,0.9043501766569201,0.22725121949390828,0.9042216831811559,0.8558037889863547,0.7502439024390244,0.7502246284113061,0.44652463291894656,0.7501390232568769,LGBMClassifier,432.4355983734131,0.03119373321533203,0.9940375435965194,0.9597462795803855,0.9597456224928281,0.22589662158634452,0.9597459345825237,0.964249817251462,0.8926829268292683,0.89261810124269,0.24234502778524217,0.892194396212127,0.8618306834795322,0.7609756097560976,0.7610010812621832,0.4544290542470041,0.7608217161024011,KNNImputer,0.19346397017814235,0.1844497155625056,LGBMClassifier,3390.556554079056,2.2810068130493164
536,41146,class_non_simple_,MNAR_,0.01_,3/,0,0.0,1.0,1.0,1.0,0.012256780457498376,1.0,0.9823419225146199,0.9317073170731708,0.9316710830896686,0.18319864630244412,0.9316083057542437,0.9814967105263157,0.9297560975609757,0.9297198617202729,0.18816387594307246,0.929654257347222,LGBMClassifier,472.7742462158203,0.04008221626281738,1.0,1.0,1.0,3.163233244712431e-06,1.0,0.9810702972709551,0.9424390243902439,0.9424113669590644,0.38068176233253725,0.942389673485913,0.9787478679337231,0.937560975609756,0.9375361689814814,0.43202674481762765,0.9375176207929167,IterativeImputer,0.17504304776491172,0.16558661733360472,HistGradientBoostingClassifier,8857.116892576218,0.08074641227722168
537,41146,class_non_simple_,MNAR_,0.1_,3/,0,0.0,1.0,1.0,1.0,0.06705659942692509,1.0,0.9753689236111112,0.926829268292683,0.9267958851120858,0.20165306133294383,0.9267388969522428,0.9590072185672514,0.8917073170731707,0.8916758040935673,0.25885994759755293,0.8915880316617261,BaggingClassifier,521.8706529140472,0.08871293067932129,0.9995545715340024,0.9875579409612101,0.9875599042959683,0.09560984070642488,0.9875571826231608,0.9781006335282652,0.935609756097561,0.9355811403508771,0.1808694874319447,0.9355508048289738,0.9567875852826511,0.9004878048780488,0.9004667702241715,0.26088690785831326,0.900437674269781,IterativeImputer,0.1830701136952057,0.18245458196065228,LGBMClassifier,10389.283740520477,1.9128968715667725
538,41146,class_non_simple_,MNAR_,0.3_,3/,0,0.0,1.0,1.0,1.0,0.028316540758622846,1.0,0.9657803362573099,0.9190243902439025,0.9189948068957114,0.3595843038006212,0.9189453897242856,0.9207918341861597,0.8439024390243902,0.8438794468810916,0.4460771278193049,0.8438095238095238,BaggingClassifier,792.918464422226,0.10730552673339844,0.9997464557368854,0.9931690656257623,0.993169184254068,0.10858523230270817,0.9931690652192027,0.9741715399610136,0.9141463414634147,0.9140929580896686,0.20647717704696583,0.9138800201646782,0.9248560855263157,0.833170731707317,0.8331620065789473,0.35530142966444234,0.8331548511458556,KNNImputer,0.18921040761997143,0.18542629101610458,LGBMClassifier,6617.0405876636505,1.831789493560791
539,41146,class_non_simple_,MNAR_,0.5_,3/,0,0.0,0.9643910771464963,0.889973164186387,0.8899822638050685,0.3219612874408825,0.8898216589762602,0.9505493877923976,0.9063414634146342,0.906322337962963,0.2678298761816408,0.9063021337213288,0.8823308814571149,0.784390243902439,0.7843624360380117,0.4258639746603683,0.7842053871251995,LGBMClassifier,577.475506067276,0.024066686630249023,0.9870866216714875,0.9592583556965113,0.9592607934864121,0.2835521602701674,0.9592544755863337,0.9675392909356726,0.9034146341463415,0.9033374451754386,0.2670831630395412,0.9027925061859314,0.8733324195906431,0.7775609756097561,0.7775893183479532,0.4375073743076037,0.777382775885325,KNNImputer,0.1961014383867226,0.18880438326176002,ExtraTreesClassifier,8823.17114830017,2.3014230728149414
540,42192,class_non_simple_,MNAR_,0.01_,1/,0,0.0,0.9999836853345989,0.9976314542870678,0.9965986394557823,0.06741488345920023,0.9973867326235051,1.0,1.0,1.0,0.06228317810997765,1.0,0.9999644527300303,0.9952651515151515,0.9938384732052579,0.06840310191388688,0.9947764508951759,HistGradientBoostingClassifier,282.48023414611816,0.01758742332458496,0.9999998764040501,0.9992894362861203,0.9994549418604651,0.0037724969988777745,0.9992176383091129,1.0,1.0,1.0,0.00034919732576324866,1.0,0.9999466790950455,0.9962121212121212,0.9964610717896866,0.008619017009478126,0.9958343688240376,IterativeImputer,0.25651976514584646,0.24877304489350513,LGBMClassifier,5412.200389623642,1.8007135391235352
541,42192,class_non_simple_,MNAR_,0.1_,1/,0,0.0,0.9969602812055055,0.967550923732828,0.9587886608131625,0.11329675657465828,0.9638493125316911,1.0,1.0,1.0,0.05581970315392635,1.0,0.9955802894337715,0.96875,0.9564269464105157,0.11863443584209264,0.9649181796674838,HistGradientBoostingClassifier,262.49886083602905,0.015260934829711914,0.9970543377234615,0.9677877783041212,0.9570689467647524,0.11175310996529078,0.963959621157742,1.0,1.0,1.0,0.05255082867602323,1.0,0.9958133215369059,0.9640151515151515,0.9502654196157735,0.11805726424995747,0.9595170454545454,KNNImputer,0.2514472089883135,0.23566138797342945,AdaBoostClassifier,5119.909287929535,0.8943660259246826
542,42192,class_non_simple_,MNAR_,0.3_,1/,0,0.0,0.985531363708274,0.9211274277593557,0.8881607439487422,0.32762224848995614,0.9079582647975842,1.0,1.0,1.0,0.2671029380408138,1.0,0.9399488119312437,0.8816287878787878,0.8472257330637007,0.38706351823780927,0.8628222248780208,RandomForestClassifier,278.05083203315735,0.08006167411804199,0.9656377303828507,0.9028896257697774,0.8683082680746718,0.2219247969424918,0.8867463188726213,1.0,1.0,1.0,0.005949577679413549,1.0,0.9674544994944388,0.8958333333333334,0.8619186046511628,0.22704166716623916,0.8789873945202625,IterativeImputer,0.2825925776190007,0.28818283546002477,LinearDiscriminantAnalysis,4784.090760946274,0.0751030445098877
543,42192,class_non_simple_,MNAR_,0.5_,1/,0,0.0,0.9305301771871539,0.8458076740881099,0.79156432922006,0.3013355984093398,0.812973843153642,1.0,1.0,1.0,0.01575374278019047,1.0,0.9046523476996966,0.8267045454545454,0.7741089484327603,0.32153871393957895,0.7920667114996638,HistGradientBoostingClassifier,311.91351675987244,0.017137527465820312,0.9718884719585508,0.9028896257697774,0.8822518687707641,0.2119811392147746,0.8905426391881912,0.9999999999999999,1.0,1.0,0.0007147011727016513,1.0,0.8720318029575329,0.7727272727272727,0.7415318503538928,0.4132737224958487,0.7453939040806896,KNNImputer,0.350408746098248,0.34436349217770895,RandomForestClassifier,3475.168854236603,1.686467170715332
544,42192,class_non_simple_,MNAR_,0.01_,2/,0,0.0,0.9999930786267996,0.9952629085741355,0.9931972789115646,0.07140880668878019,0.9947650600616984,1.0,1.0,1.0,0.07009288971149942,1.0,0.9976380813953489,0.9952651515151515,0.9932065217391304,0.08234669291209698,0.9947697449557261,RandomForestClassifier,287.85372161865234,0.060109853744506836,0.9999972808890998,0.9992894362861203,0.9989795918367347,0.0020661251978170074,0.9992168941636728,1.0,1.0,1.0,9.873236034395125e-06,1.0,0.9997235212335692,0.9971590909090909,0.9959239130434783,0.016376505515190373,0.9968658705371055,IterativeImputer,0.21993927262669807,0.23535761755391732,MLPClassifier,6539.182931661606,0.05322742462158203
545,42192,class_non_simple_,MNAR_,0.1_,2/,0,0.0,0.9985693768786585,0.9770251065845571,0.9671652527289986,0.09893854676802605,0.9742902872123475,1.0,1.0,1.0,0.06203542604637895,1.0,0.9863300998483316,0.959280303030303,0.9428399898887765,0.1432625793394303,0.9539591687748098,RandomForestClassifier,277.895809173584,0.06810140609741211,0.9975651597848443,0.9687351965892942,0.9587463909982598,0.2872342310595736,0.9650677641649106,1.0,1.0,1.0,0.2466438071039892,1.0,0.9961727439332658,0.9621212121212122,0.9481799797775531,0.2888771461127133,0.9573863636363636,KNNImputer,0.24139378580918697,0.2389280325928484,AdaBoostClassifier,4077.2052149772644,0.783534049987793
546,42192,class_non_simple_,MNAR_,0.3_,2/,0,0.0,0.9790218122132573,0.916153481762198,0.8944861374782471,0.17826215413402066,0.9049762915660536,1.0,1.0,1.0,0.024361315788329355,1.0,0.9538240963094036,0.8683712121212122,0.844002780586451,0.24322368585941154,0.8516000731970426,XGBClassifier,269.59002327919006,0.02808523178100586,0.9634620708748616,0.8955471340596873,0.8602992505141591,0.5456956466201849,0.878208630700563,1.0,1.0,1.0,0.4863780411722742,1.0,0.9590633689332659,0.8948863636363636,0.8548723458038423,0.5464426813283552,0.8759050443218956,KNNImputer,0.3335066185656639,0.3230747091168482,AdaBoostClassifier,3474.8761947155,1.4427509307861328
547,42192,class_non_simple_,MNAR_,0.5_,2/,0,0.0,0.965063997982914,0.898389388915206,0.8761061837525708,0.22269339705839308,0.8851596790346311,1.0,1.0,1.0,0.0004207552869643187,1.0,0.914348853008089,0.834280303030303,0.805832912032356,0.32787404833113587,0.8128961907972869,HistGradientBoostingClassifier,286.9544141292572,0.015589714050292969,0.9442922154326846,0.8657034580767409,0.8364561086062332,0.6332993549158604,0.8469178901463584,1.0,1.0,1.0,0.5774328235016468,1.0,0.8920350417087968,0.8011363636363636,0.7639661274014156,0.6340251191336621,0.7726144822919017,KNNImputer,0.35469035848209324,0.3451315115843208,AdaBoostClassifier,3053.736785888672,1.7996196746826172
548,42192,class_non_simple_,MNAR_,0.01_,3/,0,0.0,1.0,0.9990525817148271,0.998639455782313,0.07377549077890315,0.9989556928836728,1.0,1.0,1.0,0.07682211523702628,1.0,0.9999684024266936,0.9990530303030303,0.9986413043478262,0.08547849940005071,0.998956619684911,RandomForestClassifier,294.58467388153076,0.06270194053649902,0.9999824493750988,0.9976314542870678,0.9975493395032432,0.02961679165437921,0.9973917154160121,1.0,1.0,1.0,0.02457476456139329,1.0,0.9999921006066734,0.9971590909090909,0.9978197674418605,0.029891743308304533,0.9968777318614257,IterativeImputer,0.2446980255153542,0.19350954279167656,HistGradientBoostingClassifier,3734.8271231651306,0.04387712478637695
549,42192,class_non_simple_,MNAR_,0.1_,3/,0,0.0,0.99625269439171,0.9661297963050687,0.9561140444549914,0.07659942238480956,0.9621761829097362,1.0,1.0,1.0,0.0127033831309868,1.0,0.997721025025278,0.9725378787878788,0.963125631951466,0.06422910571356444,0.9693408953251472,XGBClassifier,241.18535685539246,0.017842531204223633,0.9999559998417971,0.9964471814306016,0.995373309207404,0.15519406406060526,0.9960807255429198,1.0,1.0,1.0,0.22770260734375125,1.0,0.9898591538169867,0.9649621212121212,0.9554158240647118,0.2551247498053932,0.960936398674285,IterativeImputer,0.23908246108039027,0.24279697760890082,BaggingClassifier,4790.077541351318,0.12851572036743164
550,42192,class_non_simple_,MNAR_,0.3_,3/,0,0.0,0.9770110297025788,0.9107058266224538,0.8834940080683436,0.17793330388817485,0.8975886432281015,1.0,1.0,1.0,0.0005470788136748015,1.0,0.9609059024266937,0.8806818181818182,0.8559782608695652,0.20109316045890813,0.8649912331969609,HistGradientBoostingClassifier,287.4873790740967,0.015169382095336914,0.961813053709856,0.8967314069161535,0.8673872310552128,0.23528917021018994,0.8813531573938935,1.0,1.0,1.0,0.02004959154900655,1.0,0.9627326371334682,0.8939393939393939,0.865520728008089,0.2332284257812803,0.8785409135721327,IterativeImputer,0.29213219067498797,0.2661006234140404,LinearDiscriminantAnalysis,4837.644389629364,0.07301688194274902
551,42192,class_non_simple_,MNAR_,0.5_,3/,0,0.0,0.9734805113906027,0.9085741354808148,0.8900982340610664,0.20483607169403942,0.8973155867853578,1.0,1.0,1.0,0.00569981143309401,1.0,0.8587825455005056,0.7840909090909091,0.7483569261880687,0.4359370048259433,0.7549784254660914,HistGradientBoostingClassifier,299.59885025024414,0.017170190811157227,0.9302800189843379,0.8429654192325912,0.7871657965511786,0.32388396891449517,0.8087864800599547,1.0,1.0,1.0,0.04407065968329866,1.0,0.8838374462841253,0.8200757575757576,0.7652300303336703,0.3816664359163664,0.7831012712963764,IterativeImputer,0.3329223376675607,0.33636723954422987,XGBClassifier,3750.7878201007843,0.09885716438293457
552,823,class_non_simple_,MNAR_,0.01_,1/,0,0.0,0.9999301601558277,0.9963057170542635,0.9962610494982271,0.021043587122024216,0.9962360135133734,0.9987303686678378,0.9842538759689923,0.9838556994691633,0.04716842197814383,0.9839532654405116,0.9983209104704823,0.9781976744186046,0.9776515228520486,0.054555361597819214,0.9777799415168443,RandomForestClassifier,801.4076945781708,0.1114952564239502,0.9997980893032461,0.9921269379844961,0.9918266304797014,0.025359583297728947,0.9919755462307767,0.9986776317913677,0.9857073643410853,0.985471050324852,0.04145795912958086,0.9854384247727579,0.9980409625616011,0.9803779069767442,0.9806458055049645,0.05292377396513834,0.980032408639079,KNNImputer,0.12276394182333886,0.1105329185308363,HistGradientBoostingClassifier,6332.0942578315735,0.9528512954711914
553,823,class_non_simple_,MNAR_,0.1_,1/,0,0.0,0.9998333978888485,0.9950339147286822,0.9952090345252941,0.048734316919892814,0.9949426620333832,0.9982621943563171,0.9820736434108527,0.9816006897648605,0.05898801296093029,0.981730174136072,0.9903057423402974,0.939922480620155,0.9383846730612622,0.1369127566665097,0.9387379788100084,RandomForestClassifier,995.0391130447388,0.15006422996520996,0.9999627181996221,0.9965479651162791,0.9966087837566036,0.04654378918561985,0.9964835390682891,0.9987489043046924,0.9825581395348837,0.9823631621557305,0.04616457205793095,0.9822335079998709,0.9901678611190502,0.9437984496124031,0.942333839974074,0.1481060256759709,0.9426903672738789,IterativeImputer,0.13053123833383998,0.133599603890561,ExtraTreesClassifier,11122.364044189453,0.22391295433044434
554,823,class_non_simple_,MNAR_,0.3_,1/,0,0.0,0.9927337935498033,0.9532461240310077,0.9505957695979355,0.1372574684989236,0.9521848279085561,0.998327248462439,0.9835271317829457,0.9834848671473176,0.049176011268022006,0.9832249955597967,0.9592933497722508,0.8655523255813954,0.8594849245479995,0.24026096089492932,0.8619480768726694,HistGradientBoostingClassifier,804.9996597766876,0.030393362045288086,0.9881395889802591,0.9400436046511628,0.9359326312186704,0.17634709830827008,0.9385144346464012,0.997673239443357,0.9786821705426356,0.9783467886112264,0.057001330542129434,0.9782824959059674,0.9600353731702037,0.8716085271317829,0.8646810016897326,0.22837786316989864,0.8678518827772559,IterativeImputer,0.1497379985244689,0.16173902132470674,RandomForestClassifier,8236.331976175308,0.23983168601989746
555,823,class_non_simple_,MNAR_,0.5_,1/,0,0.0,0.9233625505152326,0.8252785852713178,0.8129337456814064,0.33779993147202303,0.8178943174924471,0.9976750332146653,0.9784399224806202,0.9767222297294873,0.0628477902254349,0.9779730218200735,0.8911545549234836,0.7960271317829457,0.7823629229862227,0.36163020763954457,0.7869069027239664,XGBClassifier,1194.464285850525,0.12666845321655273,0.9485117707717592,0.8646438953488372,0.8646981203380278,0.32810253767629055,0.8627512702640252,0.9976523121114242,0.9767441860465116,0.9769098582083573,0.06830907106842896,0.9763331702544031,0.889919124830937,0.7727713178294574,0.7728485207963867,0.36731458472511247,0.7702551834130782,IterativeImputer,0.14773398269676977,0.15260171090259095,ExtraTreesClassifier,11567.212047815323,0.2698023319244385
556,823,class_non_simple_,MNAR_,0.01_,2/,0,0.0,1.0,1.0,1.0,0.0012401237650773319,1.0,0.9985686900805643,0.9844961240310077,0.9840017124536758,0.05515990242820709,0.9841969259039489,0.9979454143432347,0.9777131782945736,0.977157876987947,0.06527831799269644,0.9772861624394409,RandomForestClassifier,898.1328227519989,0.15170001983642578,0.9999166466243355,0.9949127906976745,0.9950688017388687,0.026151713514821623,0.9948191405646987,0.9991045493627927,0.9857073643410853,0.9850006039030073,0.04102069358984292,0.9854245653692553,0.9984523341150189,0.9789244186046512,0.978492801595739,0.05128142414145744,0.9785249603624618,KNNImputer,0.12025306913628793,0.11273082702558024,ExtraTreesClassifier,8727.453103780746,1.1357333660125732
557,823,class_non_simple_,MNAR_,0.1_,2/,0,0.0,0.9998597522649777,0.9939437984496124,0.993997390961609,0.06328383145305148,0.9938312848332349,0.9986003800403479,0.9835271317829457,0.9828800074620887,0.05908422606572472,0.9832046526099132,0.9936317531005336,0.9520348837209303,0.9497849268201098,0.11449315295979674,0.9509926262053319,RandomForestClassifier,979.668112039566,0.208831787109375,0.9940542554237731,0.9551235465116279,0.9517939818474106,0.23483180280419008,0.9540315118223763,0.9973891060680892,0.9755329457364341,0.9738947678082626,0.19783974883369104,0.9750102718327017,0.9911238216417313,0.940406976744186,0.9357868138675265,0.24114651634671422,0.9388143324736511,KNNImputer,0.14481377474294677,0.13673862710052154,XGBClassifier,1155.6936609745026,8.655161142349243
558,823,class_non_simple_,MNAR_,0.3_,2/,0,0.0,0.9857045148843253,0.9281128875968992,0.9289811076793617,0.17750231796253818,0.9270587560075296,0.9980235031875315,0.9791666666666666,0.9788404344753279,0.04898049957849391,0.9787760755444681,0.9537954407116728,0.8563468992248062,0.8577000025112798,0.242910306474744,0.8546884663885337,LGBMClassifier,1054.1700036525726,0.12545561790466309,0.9826363976118062,0.9285973837209303,0.9290879751977665,0.1985380426508361,0.9275005130600814,0.9981296944489952,0.9765019379844961,0.9767638452238447,0.06526618555366236,0.97609128845908,0.9509695333922488,0.8587693798449613,0.8578159997225634,0.26957153553317936,0.8565715311810775,IterativeImputer,0.14010963808887159,0.13562749383036748,ExtraTreesClassifier,8254.77101612091,0.2582077980041504
559,823,class_non_simple_,MNAR_,0.5_,2/,0,0.0,0.9549215048435471,0.8785731589147286,0.8728703687135675,0.26470214915336787,0.8753504551380318,0.9972111639542851,0.9573643410852714,0.962271727652898,0.0771571682153499,0.9569763695969378,0.8555511840684407,0.7466085271317829,0.7363122692761654,0.4573430020365644,0.7385207131121154,LGBMClassifier,614.3840985298157,0.062451839447021484,0.9660629855238836,0.8951671511627907,0.8887524605203448,0.24721404829442264,0.8921156694572882,0.9880465471696083,0.9156976744186046,0.9221032088177015,0.18343072612831393,0.9151751171273819,0.8415194678000113,0.7371608527131783,0.7277278777174141,0.48221211604726705,0.7294930912593005,KNNImputer,0.15841428431510962,0.15651142990607717,XGBClassifier,8485.128557682037,33.863242864608765
560,823,class_non_simple_,MNAR_,0.01_,3/,0,0.0,0.9999380978607197,0.9959423449612403,0.9955544592254675,0.02055492503266082,0.9958629815312877,0.9985519482150181,0.9842538759689923,0.9835868729423949,0.04238977898288558,0.9839445238781227,0.9979229324095013,0.9784399224806202,0.9776631225731769,0.054180029382369786,0.9780163480792756,LGBMClassifier,652.4014122486115,0.055400848388671875,0.9998289731042007,0.9996366279069767,0.9996633874976304,0.007698493000874829,0.9996297780370753,0.9986453439078147,0.9842538759689923,0.9836540795740869,0.04600029303521596,0.9839467216868769,0.9973907802546438,0.9774709302325582,0.9771462772668187,0.0673064198575051,0.9770500821292424,IterativeImputer,0.12283168612836504,0.1206246298552334,HistGradientBoostingClassifier,11935.339185476303,0.46183085441589355
561,823,class_non_simple_,MNAR_,0.1_,3/,0,0.0,0.9994774867480316,0.9904917635658915,0.9906229918895939,0.06434487238830622,0.9903178492600013,0.9985005267708409,0.9840116279069767,0.9837096864846507,0.05032454754695823,0.9837096864846507,0.991823870791065,0.9445251937984496,0.9425030524008433,0.11434640361789435,0.9433643181040822,RandomForestClassifier,908.536562204361,0.14761972427368164,0.9975406419085915,0.9722020348837209,0.9704568714222308,0.0879458125572696,0.9716046434342941,0.9988263952252199,0.9828003875968992,0.9823075552451668,0.04695918201246657,0.9824696548426197,0.9916625509580533,0.9442829457364341,0.9408784935191044,0.11084700406126112,0.9429455992923486,IterativeImputer,0.14590348449465737,0.14942169014388682,ExtraTreesClassifier,10622.91971898079,0.18445467948913574
562,823,class_non_simple_,MNAR_,0.3_,3/,0,0.0,0.9767432720962572,0.9076429263565892,0.9020024183540905,0.19151470017988442,0.9050804740661273,0.9983518829217426,0.9813468992248062,0.9805577911260938,0.05109257816198382,0.9809778226005533,0.9513693052245384,0.8524709302325582,0.8446107336883406,0.2540787097176698,0.847934326214923,LGBMClassifier,728.9406206607819,0.06745028495788574,0.9958944800079037,0.9631177325581395,0.9603934760676179,0.1479897535322522,0.9622587904177518,0.9985963141587152,0.9779554263565892,0.9762285838653858,0.05062774091401608,0.9774780335463673,0.9539505421374819,0.8607073643410853,0.8503816547420736,0.2379932673042482,0.855397931963801,IterativeImputer,0.14122885052920225,0.1494552167268784,ExtraTreesClassifier,12995.763937234879,0.2480463981628418
563,823,class_non_simple_,MNAR_,0.5_,3/,0,0.0,0.9342837486733682,0.8439316860465116,0.8403819704316458,0.3205237417960572,0.84078587586968,0.9976792186810518,0.9784399224806202,0.9775287093097926,0.06587588812630103,0.9780102954040577,0.8613636010317773,0.752422480620155,0.7470748971272154,0.4153580182023183,0.7474013960288978,LGBMClassifier,510.71528697013855,0.03690624237060547,0.9977877945335105,0.9811046511627907,0.9812180448517998,0.19692791157174605,0.9807650533593928,0.9965483056634143,0.9639050387596899,0.9643322925473585,0.07017290042618307,0.9633023822676867,0.8687391103133479,0.7560562015503876,0.749735538316749,0.39938362929907495,0.7505555333861599,KNNImputer,0.15634511615696994,0.1536337526869981,RandomForestClassifier,7733.002214431763,37.47917342185974
564,42477,class_non_simple_,MNAR_,0.01_,1/,0,0.0,0.9592197739084687,0.89525,0.8811653096362421,0.3279983814444546,0.8571217463761527,0.7751288446786048,0.7975,0.7040757153078879,0.47346914974923826,0.7049022536278908,0.7743917139474777,0.799,0.7034199414907522,0.47219953851341623,0.7053994947332627,RandomForestClassifier,4394.263158559799,0.4929168224334717,0.921850176960175,0.8479166666666667,0.8117350469566726,0.3973733783723723,0.7922908610824206,0.7772000997892138,0.7858333333333334,0.7057588116633401,0.4960963987944386,0.6989724183380692,0.7760693273790931,0.7846666666666666,0.7015025307725069,0.49516963042515544,0.6958740083538921,KNNImputer,0.12243499824506679,0.12013865124350652,RandomForestClassifier,10669.252878904343,7.558919191360474
565,42477,class_non_simple_,MNAR_,0.1_,1/,0,0.0,0.9588320151787174,0.8920416666666666,0.8722951806792425,0.3461233430198568,0.8516512710050035,0.775837270690821,0.7938333333333333,0.7049592723579523,0.48088230591940906,0.7032479001550331,0.7707371839477406,0.7993333333333333,0.6958099657301133,0.48010056254124023,0.7009022120815301,RandomForestClassifier,7365.46811914444,0.5259749889373779,0.9021425807517948,0.8275416666666666,0.779436662021288,0.43613300955770373,0.7633307517144101,0.7801881320178401,0.7818333333333334,0.7112846313161065,0.5108227261510171,0.699617683760144,0.7710659981154869,0.7851666666666667,0.7018235237106623,0.5106012003622429,0.6963483474169095,KNNImputer,0.12118785141005677,0.1221629764002255,ExtraTreesClassifier,9571.056395053864,46.98751902580261
566,42477,class_non_simple_,MNAR_,0.3_,1/,0,0.0,0.9593792712098987,0.8964166666666666,0.8699794263899798,0.35839564455019096,0.8554201452195886,0.7743455928822618,0.7993333333333333,0.6982380946775162,0.480584386928767,0.7024248911198052,0.760146432769436,0.7993333333333333,0.6860974499405023,0.49022838306998656,0.6945687525568874,RandomForestClassifier,5469.413792848587,0.6190598011016846,0.9549208545407285,0.8885416666666667,0.8577760587949761,0.3725089911336463,0.8442062151474652,0.7746087732264314,0.7901666666666667,0.70287511625008,0.4989377092625476,0.6998726902384605,0.7536840007153602,0.7928333333333333,0.6816547496392156,0.49841128182134875,0.6880864454740352,KNNImputer,0.1425230977327648,0.13254328372683297,ExtraTreesClassifier,12808.460849285126,87.81609845161438
567,42477,class_non_simple_,MNAR_,0.5_,1/,0,0.0,0.9723078441220284,0.9217083333333334,0.9094127130384151,0.3382963026709553,0.8912656114989597,0.7677575373673355,0.8095,0.6799440774021133,0.4623331737371373,0.6957198322386036,0.7333336451074338,0.7918333333333333,0.6607783558678815,0.5009771431577961,0.6725846531854904,RandomForestClassifier,5586.132014513016,0.7961759567260742,0.9583389864160643,0.9019166666666667,0.875533403186171,0.3607526607347632,0.862481958789687,0.7727632855679285,0.7951666666666667,0.701768371947362,0.5026181935455041,0.7021495520267058,0.7296047731109674,0.7903333333333333,0.6608945454744833,0.507668433317636,0.6719855875299594,IterativeImputer,0.1265707488263036,0.12629006110483737,ExtraTreesClassifier,14153.911056518555,0.7621421813964844
568,42477,class_non_simple_,MNAR_,0.01_,2/,0,0.0,0.9261851437056376,0.8482916666666667,0.8131895238802489,0.3922603563846648,0.7931316365369159,0.7763202517758626,0.788,0.7084987415883481,0.49374713894282407,0.7017925736035476,0.7757880856387549,0.789,0.7069823906225231,0.49304463573179313,0.701538233282369,RandomForestClassifier,7884.107067108154,0.41668200492858887,0.9447460866348991,0.8687916666666666,0.8438824400384322,0.3597379823050122,0.8213784215580098,0.775357676117561,0.7935,0.7085223665395864,0.48347824726375077,0.7051026874570462,0.7757401906864153,0.795,0.7092155532487856,0.48252619990600865,0.7064016845064112,IterativeImputer,0.12257849088577405,0.12138429902499699,RandomForestClassifier,11516.593017816544,0.6639149188995361
569,42477,class_non_simple_,MNAR_,0.1_,2/,0,0.0,0.9686238716538408,0.9140416666666666,0.9032768386508188,0.3104151982203973,0.8816839530675953,0.7748884023421115,0.8008333333333333,0.7002802419130502,0.4664980078843787,0.7045659395843527,0.7699449014533134,0.8001666666666667,0.6877116065918291,0.46747240463463247,0.6961079385401328,RandomForestClassifier,6762.898017168045,0.5128166675567627,0.9561289556492191,0.8890833333333333,0.8681032898759704,0.34806416244490085,0.8476134503169472,0.7767742862482949,0.7968333333333333,0.7095831510395543,0.48130887172679937,0.7077209503137204,0.7710047183784865,0.7955,0.6973959014499269,0.48041502114933404,0.6996901325936187,IterativeImputer,0.12425745384990217,0.12606515384098566,RandomForestClassifier,13688.153405427933,0.6504435539245605
570,42477,class_non_simple_,MNAR_,0.3_,2/,0,0.0,0.9589072692444548,0.89825,0.8787084949137473,0.34981148772840864,0.8595340811044003,0.7764532933101395,0.7975,0.703805923202621,0.47150787778753145,0.70474152307445,0.7581185572621245,0.797,0.6883765723695149,0.48697559673400975,0.6948033377523093,RandomForestClassifier,6363.550671815872,0.6125538349151611,0.9628076015605643,0.9102916666666667,0.8936543756261116,0.32962135315649643,0.8755923924574638,0.7755998923411778,0.7948333333333333,0.7029033371815934,0.4829169654234917,0.7026296980008511,0.757107602864086,0.7953333333333333,0.6792128327509876,0.48416656585673323,0.6877372802527395,IterativeImputer,0.12817608353806242,0.12633741593550937,RandomForestClassifier,14185.175287246704,0.7953853607177734
571,42477,class_non_simple_,MNAR_,0.5_,2/,0,0.0,0.9278327265425269,0.8627916666666666,0.8211502400788613,0.4607416406447669,0.808475079049529,0.7695826253239157,0.7896666666666666,0.6968884891013182,0.5081653769720821,0.6960391150932717,0.72098690693914,0.7735,0.660879467433932,0.5493282891168276,0.6642105111005112,RandomForestClassifier,5665.490801334381,0.6821780204772949,0.9518173637689027,0.8895416666666667,0.8596317983583256,0.3698753160478727,0.8457189777047118,0.7677067396906115,0.7891666666666667,0.6984560409000317,0.49907610559611293,0.6966915522123514,0.7213739368570365,0.7855,0.6548239005810448,0.5137996422569739,0.6651575340140237,IterativeImputer,0.13789498779222528,0.13978120236444258,RandomForestClassifier,14236.862927913666,0.6859176158905029
572,42477,class_non_simple_,MNAR_,0.01_,3/,0,0.0,0.9691490074742027,0.9133333333333333,0.9041032225176611,0.3055483163537684,0.8811003884663718,0.7765210235457713,0.8028333333333333,0.7037225505078075,0.466176076497813,0.7078622708485522,0.7753255848868688,0.801,0.6979591106116991,0.4663244180540986,0.7032171853654754,RandomForestClassifier,4454.26491522789,0.4943277835845947,0.9401169916283517,0.8659166666666667,0.8326640214388076,0.36622881117236095,0.8151878151913758,0.7764365220136974,0.7901666666666667,0.7031449083553469,0.4841929985369222,0.7000295324380097,0.7764042695205392,0.7903333333333333,0.7024425296855978,0.48377425383476147,0.6997181456171262,IterativeImputer,0.11706800562252659,0.12049818123332467,ExtraTreesClassifier,7221.935792922974,0.6106100082397461
573,42477,class_non_simple_,MNAR_,0.1_,3/,0,0.0,0.9383241964097759,0.8687916666666666,0.8345772584339703,0.37660882246134253,0.8184164572949426,0.7758261435806815,0.7916666666666666,0.7065360161172158,0.48604572977161153,0.7028714503042597,0.7709290862820309,0.7938333333333333,0.6998332223578798,0.4908609728705758,0.7002107370683769,RandomForestClassifier,2654.398624420166,0.4217503070831299,0.9409431487504363,0.8689166666666667,0.8405238211038683,0.3708127201438559,0.8204419462491122,0.7780909136502387,0.788,0.7082289494830812,0.4883360233158484,0.7016420943599098,0.7739933956569761,0.7873333333333333,0.6948509378460592,0.48739018208274926,0.6934853628851452,KNNImputer,0.12498728226527858,0.11997474436066913,RandomForestClassifier,11240.697488307953,48.30992603302002
574,42477,class_non_simple_,MNAR_,0.3_,3/,0,0.0,0.9957444039973227,0.9571666666666667,0.9725001337542132,0.26257118886915964,0.9417259277984812,0.773300128316544,0.7965,0.7031639373263103,0.47851807928987183,0.703767214891411,0.7507308011793447,0.7953333333333333,0.6781336643299197,0.48556627279581865,0.6869888823277015,RandomForestClassifier,5536.754853725433,0.7158284187316895,0.9540525984752735,0.88825,0.8612973897677588,0.3564609065186799,0.8449208260199879,0.7749109790873222,0.7821666666666667,0.7028652792396668,0.49846473986413137,0.6951955993427388,0.7548118704010969,0.7938333333333333,0.6831061118313272,0.4922939573754085,0.6895920619882394,KNNImputer,0.1458010068089293,0.12578410479474114,ExtraTreesClassifier,12599.235533475876,83.13684153556824
575,42477,class_non_simple_,MNAR_,0.5_,3/,0,0.0,0.9129324215264861,0.8425,0.8021214118612037,0.43608241033082457,0.7842307785394943,0.7772525100905956,0.7996666666666666,0.7092437741802988,0.4818823461940064,0.7092437741802988,0.7279644113089496,0.7758333333333334,0.6696618213208654,0.5318171175506559,0.6713541929890442,RandomForestClassifier,2164.9531095027924,0.6496055126190186,0.9556151268341143,0.8983333333333333,0.8763345579196256,0.35787771376390426,0.8590171680399123,0.768927657819109,0.7861666666666667,0.6970696674816335,0.49671245824699184,0.6941514389006711,0.7290324526198781,0.7906666666666666,0.6627272933981888,0.5033669900922915,0.6735282910089795,IterativeImputer,0.1282472781201263,0.12885873039649057,RandomForestClassifier,14963.914305448532,0.8403840065002441
576,42493,class_non_simple_,MNAR_,0.01_,1/,0,0.0,0.8158949386587604,0.7429432213209733,0.7360678415598821,0.5660833816330776,0.7375706264402204,0.6892809569900534,0.6381164256581386,0.6302935209199705,0.6330176423395945,0.6308260899322429,0.6873509066917729,0.6377456433073786,0.6299587368556919,0.6340497731184165,0.6304870686481767,RandomForestClassifier,1037.6428008079529,0.3398935794830322,0.7973309768399963,0.7247276940903824,0.7176746893712012,0.5777443212414863,0.719000991734051,0.6855429058394436,0.6338524286243975,0.6253141121566951,0.6361907946826703,0.6258055315581855,0.6836629271087329,0.6329254727474972,0.6242351394194119,0.6372165748782203,0.624711579330864,KNNImputer,0.24172169351234188,0.27278453009927794,ExtraTreesClassifier,9904.90649676323,1.6598238945007324
577,42493,class_non_simple_,MNAR_,0.1_,1/,0,0.0,0.7170236784268311,0.6632213209733487,0.6580148694749268,0.6204564319995278,0.6583700165883808,0.687128435935307,0.6353355580274379,0.6290733741796782,0.6348413391943152,0.6294640725887353,0.6755189257312084,0.6253244345569151,0.6220509759157151,0.641951250392114,0.6217411123279908,LGBMClassifier,481.54119396209717,0.10518240928649902,0.8844728251898035,0.8108922363847045,0.8081174126314501,0.5251047387116141,0.808460442348669,0.678210133400392,0.6312569521690767,0.6245840408839913,0.6399408603531914,0.6249954254588881,0.665246187293533,0.6164256581386726,0.610466640583089,0.6466961624649203,0.6107205223290091,IterativeImputer,0.26155540573603714,0.4600089500928232,ExtraTreesClassifier,9996.064711093903,0.41854000091552734
578,42493,class_non_simple_,MNAR_,0.3_,1/,0,0.0,0.6927339708974296,0.6397219003476246,0.6371388855340836,0.6354550070389317,0.6366116852659258,0.6774540527300896,0.6307007786429366,0.6224684476103275,0.6383698115251942,0.6229369851937945,0.6455638886080091,0.6045606229143493,0.60306105573953,0.6562158560507264,0.6020903756927596,LGBMClassifier,363.3251123428345,0.09904646873474121,0.6947815521530855,0.6404171494785631,0.6371315958598336,0.6354839621010506,0.6368543756688452,0.6790006382733988,0.6299592139414164,0.6216375377640457,0.6371859325118527,0.6220975030073761,0.6407371981258212,0.5988134964775677,0.5949274163947387,0.6569483206677802,0.5947519958938517,KNNImputer,0.2705856375015965,0.28556706914014146,LGBMClassifier,8486.42994093895,26.899444580078125
579,42493,class_non_simple_,MNAR_,0.5_,1/,0,0.0,0.7866016804450928,0.7158285052143685,0.7136411000475754,0.6145680418475021,0.7131261482849933,0.6623432881636795,0.6182795698924731,0.6096397642797504,0.6523448371037118,0.60997689727937,0.6137021679180618,0.5780496848350019,0.5746064270473256,0.6699560052359015,0.5743035867846542,RandomForestClassifier,899.655522108078,0.4434325695037842,0.68348709083454,0.6287369640787949,0.6274519256198328,0.6456049267900847,0.6263816910021643,0.6600724730305496,0.610678531701891,0.6070925819111733,0.6489754341322381,0.6068542047379076,0.6150963828995026,0.5756395995550612,0.574850456395384,0.6690711217110665,0.5736006224869938,KNNImputer,0.26856092164750994,0.2914465275459971,LGBMClassifier,8392.854221582413,42.753302335739136
580,42493,class_non_simple_,MNAR_,0.01_,2/,0,0.0,0.8016788480586375,0.7290382387022016,0.7244397809269016,0.5641699287494768,0.7250358169181215,0.6895647654167922,0.6408972932888395,0.6362329129037072,0.63435974732336,0.6363527202966961,0.6877767931914908,0.6390433815350389,0.6339539611408473,0.6352439280832614,0.6341631359788362,LGBMClassifier,443.92030930519104,0.11349606513977051,0.7959422439065712,0.7261181923522596,0.71982738625161,0.576547181510456,0.7209648954199208,0.6861468245794093,0.6347793845012978,0.626836774617721,0.6353332593101643,0.6273423796489881,0.6833448335669775,0.6319985168705969,0.6239225398413204,0.6364650303106519,0.6244041847062753,KNNImputer,0.24370512875896644,0.2921162473623557,ExtraTreesClassifier,7859.948577880859,1.560718297958374
581,42493,class_non_simple_,MNAR_,0.1_,2/,0,0.0,0.7120698296718275,0.6567786790266512,0.6520866255681469,0.6221814869926031,0.6522800821608029,0.6825222689819574,0.6353355580274379,0.6293557221856962,0.6375190325566567,0.6297073979415287,0.674017821861775,0.6255098257322952,0.621573001076956,0.6431952473298392,0.6214588502894955,LGBMClassifier,715.328852891922,0.09642767906188965,0.7321933601352241,0.6750405561993047,0.6684450762297363,0.6164639139878652,0.6691700336635422,0.6849333540481263,0.6294030404152763,0.624120183445533,0.6370362993826536,0.6243270224029198,0.6717589682697868,0.6199480904708936,0.6124370263108005,0.642748472661676,0.6128176588509595,KNNImputer,0.28108315013782365,0.3123788737228649,LGBMClassifier,7770.191608667374,11.735034942626953
582,42493,class_non_simple_,MNAR_,0.3_,2/,0,0.0,0.7023777535103541,0.6399073001158748,0.6415501208442815,0.6331870066848471,0.6388669422499536,0.6800486640001703,0.6301446051167965,0.6268065230456477,0.6410042687904178,0.626525273506743,0.6452932935116011,0.5951056729699666,0.5965004981425535,0.6581586050101682,0.5940428118622726,LGBMClassifier,937.5133762359619,0.13358306884765625,0.7033560869119041,0.6493626882966397,0.6473963743898798,0.6293479408506598,0.6466337094153937,0.6770260103712125,0.6292176492398962,0.6252838605846217,0.6414535527547237,0.6251776653696822,0.6468088625005546,0.603633667037449,0.6005300075427253,0.6569397179945278,0.6001427124095305,IterativeImputer,0.24542000798201563,0.28441706640165254,LGBMClassifier,10456.89121890068,5.1170876026153564
583,42493,class_non_simple_,MNAR_,0.5_,2/,0,0.0,0.6486227392837963,0.6084820393974507,0.6003525855035756,0.6571413308432844,0.6006363612969792,0.6728754251389034,0.6301446051167965,0.6193041331714538,0.6406978337705347,0.619480345477361,0.625473923909855,0.5845383759733037,0.5771979783882769,0.6644371247959494,0.5773594423724715,LGBMClassifier,482.59831404685974,0.061003923416137695,0.7411973075655535,0.6845886442641946,0.6788910316367863,0.6319810826283982,0.679502104093028,0.659660078036538,0.6201334816462737,0.6103052988653643,0.647804586514839,0.6105302213590913,0.6154479270301483,0.5802743789395625,0.5733882970785048,0.6673097349447191,0.5735365604267031,KNNImputer,0.2663590020934013,0.2839619876389245,ExtraTreesClassifier,9161.777173757553,42.80829191207886
584,42493,class_non_simple_,MNAR_,0.01_,3/,0,0.0,0.8501517608462441,0.7739513325608343,0.7685724207967547,0.5344550258703116,0.769902312731678,0.6890901982263816,0.6366332962550982,0.6289947200922874,0.6325933961500181,0.6295087155990953,0.689866307523712,0.6375602521319985,0.6298720156824149,0.6319206351135866,0.6303955997698663,RandomForestClassifier,914.6845049858093,0.36784887313842773,0.8285346382890588,0.7563847045191193,0.7511280825237376,0.5694045096912012,0.7522203376684713,0.68393296585439,0.6307007786429366,0.6239205230698488,0.6383941169186086,0.624337958394587,0.682520669473549,0.6294030404152763,0.622748778844874,0.6389384184749334,0.6231467047408534,KNNImputer,0.23816480747699964,0.2506792782355335,ExtraTreesClassifier,9460.644968509674,1.753192663192749
585,42493,class_non_simple_,MNAR_,0.1_,3/,0,0.0,0.701922046718666,0.649872537659328,0.6431391350782811,0.6282114922676592,0.6436854587218375,0.6843531497589124,0.6334816462736373,0.6263910681225068,0.6364064034559429,0.6268515856887793,0.6739580141560666,0.6303299962921765,0.6228597012758097,0.6431465096108362,0.6233168987102825,LGBMClassifier,458.3885328769684,0.0645296573638916,0.9021374185577772,0.8330475086906142,0.8306022020328045,0.5443081207728341,0.8309255858714223,0.6786242669904998,0.6308861698183167,0.6269113951621685,0.6440674824746099,0.6268206838167149,0.6656400140812374,0.6225435669262143,0.6187333868450031,0.6500590953445681,0.6185779635530295,KNNImputer,0.2513664325465148,0.2779693980728162,ExtraTreesClassifier,1040.9580914974213,13.225234985351562
586,42493,class_non_simple_,MNAR_,0.3_,3/,0,0.0,0.7132706741855883,0.6528852838933952,0.6490851967398317,0.6233341610428427,0.6490066085331292,0.6763287637928044,0.6347793845012978,0.6270787871943079,0.641037034053615,0.6275793530630922,0.6394313038260657,0.6032628846866889,0.6009212612082075,0.660864837798851,0.6002795199680866,LGBMClassifier,490.2105667591095,0.09930276870727539,0.8065620430478346,0.7424333719582851,0.7386618223702255,0.5858593557143661,0.7390126980462622,0.6731382313248006,0.6290322580645161,0.6221316467745774,0.6413402726706174,0.6225477207215275,0.6328431373230822,0.5912124582869855,0.5875399824944236,0.6626818220841778,0.5873028959342997,KNNImputer,0.2700105813548785,0.28934206497895054,ExtraTreesClassifier,8872.411352157593,27.95544672012329
587,42493,class_non_simple_,MNAR_,0.5_,3/,0,0.0,0.6720150692215643,0.6177056778679026,0.6194166137596571,0.6474044113636832,0.6167220006662446,0.6764619402537712,0.6203188728216537,0.617854074483404,0.6424948659727612,0.6172627349589674,0.627737436939381,0.5849091583240638,0.5885846701166904,0.665527926021443,0.5845572020957128,LGBMClassifier,608.4248471260071,0.09930992126464844,0.8090650137748328,0.7470683661645423,0.7442078213188432,0.5971503272419673,0.7441608572534479,0.6663640350395267,0.6201334816462737,0.6107086531596759,0.6416234935756017,0.6109891741340868,0.6059135355825945,0.5730441230997404,0.569481810738098,0.6708774105663294,0.5692081000396898,KNNImputer,0.26176788693633773,0.29059246785960324,ExtraTreesClassifier,1120.5609107017517,41.573943853378296
588,42636,class_non_simple_,MNAR_,0.01_,1/,0,0.0,1.0,1.0,1.0,0.007534200335372154,1.0,0.9990433673469388,0.9832589285714286,0.9819805194805195,0.04098034434674437,0.9805759856169798,0.9988230519480519,0.9821428571428571,0.9801948051948052,0.044105356326353054,0.9792610595145097,LGBMClassifier,332.4747145175934,0.026216745376586914,0.9896269939773745,0.9924602066461882,0.9896269939773745,0.27176169827036134,0.9911894164741428,0.9876623376623377,0.9910714285714286,0.9876623376623377,0.32181833383140335,0.9895695094409909,0.9858766233766234,0.9899553571428571,0.9858766233766234,0.36204562556032877,0.988254058423824,IterativeImputer,0.0642412595423524,0.06550411486351544,LinearSVC,11165.150230407715,0.09965705871582031
589,42636,class_non_simple_,MNAR_,0.1_,1/,0,0.0,0.9997620161843527,0.9944149678860653,0.9927603869943844,0.04209990250502888,0.9934849165174195,0.9987128942486085,0.9810267857142857,0.976461038961039,0.05260817329206884,0.9778570857470981,0.9916512059369202,0.9564732142857143,0.9459415584415585,0.10722861084738314,0.9489992950623717,XGBClassifier,398.3849642276764,0.03352928161621094,0.9914329459707705,0.9754258586986875,0.9684393493704146,0.11223511148844156,0.9712051988684127,0.9998202690166975,0.9899553571428571,0.9849025974025973,0.07306814800661719,0.988230606552855,0.9900452226345082,0.9732142857142857,0.964935064935065,0.11844530400594848,0.9685834502103787,IterativeImputer,0.07105228412057951,0.07366685585600237,LogisticRegression,10312.548241138458,0.09358406066894531
590,42636,class_non_simple_,MNAR_,0.3_,1/,0,0.0,0.9977298887325745,0.9779391231499581,0.9690421205920311,0.09902278651361428,0.9740256151126099,0.9960111317254174,0.9676339285714286,0.9599025974025974,0.08767643965433762,0.9621519660323217,0.9684543135435992,0.9196428571428571,0.8996753246753246,0.21104634682773607,0.9051734782071861,LGBMClassifier,504.944388628006,0.02419424057006836,0.9120324617191224,0.9304663501815136,0.9120324617191224,2.5062467729377746,0.917836283310197,0.9607142857142856,0.96875,0.9607142857142856,1.126364168409911,0.9634206796801642,0.8902597402597401,0.9174107142857143,0.8902597402597403,2.9768195879404793,0.9010860484544695,IterativeImputer,0.07936688530575532,0.07385602663592451,LinearSVC,12564.327470779419,0.10782146453857422
591,42636,class_non_simple_,MNAR_,0.5_,1/,0,0.0,0.9980550727249474,0.9779391231499581,0.9692868260879675,0.10804372219662317,0.9740388585243099,0.9901843692022264,0.9520089285714286,0.9417207792207791,0.12671623495637202,0.9438805013582702,0.9263044990723561,0.859375,0.813961038961039,0.3203678619778622,0.8281361319668987,XGBClassifier,447.30610394477844,0.05304360389709473,0.8683440831773419,0.898631667132086,0.8683440831773419,3.6536850545237436,0.8784887206216383,0.9428571428571428,0.9575892857142857,0.9428571428571428,1.528637085699165,0.9498491704374057,0.8550324675324675,0.8917410714285714,0.8550324675324675,3.902047297705763,0.8687508588911659,IterativeImputer,0.07961744583039848,0.07792165565076858,LinearSVC,8069.427146196365,0.11715984344482422
592,42636,class_non_simple_,MNAR_,0.01_,2/,0,0.0,1.0,1.0,1.0,0.005238028139161806,1.0,0.9989158163265306,0.9866071428571429,0.9853896103896104,0.03948176875644632,0.9844457946358822,0.9988172541743969,0.9877232142857143,0.9862012987012987,0.040606888901120616,0.9857281661649224,LGBMClassifier,421.7753825187683,0.028809070587158203,0.9906058159611204,0.9924602066461882,0.9906058159611204,0.27176169827036134,0.9912068010124361,0.9780844155844157,0.9832589285714286,0.9780844155844156,0.6034093759338811,0.9804234307063733,0.9780844155844157,0.9832589285714286,0.9780844155844156,0.6034093759338811,0.9804234307063733,IterativeImputer,0.059696892387274006,0.08108646871488605,LinearSVC,7462.853427410126,0.06305336952209473
593,42636,class_non_simple_,MNAR_,0.1_,2/,0,0.0,0.9995872524968317,0.9924602066461882,0.9908505214570569,0.04705364435760544,0.9912111204546543,0.9983186456400742,0.9787946428571429,0.9719155844155845,0.05981284569977629,0.9751535027226939,0.993123840445269,0.9631696428571429,0.9537337662337663,0.10109572194629522,0.9568455573604684,XGBClassifier,395.9571166038513,0.03505563735961914,0.9707192706577219,0.9765428651214745,0.9707192706577219,0.8454808390633458,0.9725688760100502,0.9831168831168832,0.9888392857142857,0.9831168831168831,0.4022729172892542,0.9869097709209911,0.9649350649350649,0.9732142857142857,0.964935064935065,0.9654550014942096,0.9685834502103787,IterativeImputer,0.08827362413368162,0.05919875759014791,LinearSVC,10094.305749416351,0.10140776634216309
594,42636,class_non_simple_,MNAR_,0.3_,2/,0,0.0,0.9992315484426049,0.9826864004468026,0.975917672859817,0.10046972425213059,0.979671889191644,0.9956052875695732,0.9676339285714286,0.9589285714285714,0.09176696368232547,0.9620763988925327,0.9739679962894249,0.9095982142857143,0.8758116883116883,0.19888572074978564,0.8904002017544788,LGBMClassifier,428.77384090423584,0.03674960136413574,0.96872638328547,0.9338173694498744,0.9149569376460602,0.20699227445903381,0.9216333018369562,0.9992810760667904,0.9910714285714286,0.9886363636363635,0.10765594815119835,0.9895900501327385,0.9647089517625232,0.9330357142857143,0.9084415584415584,0.21353323858584602,0.9197994987468672,IterativeImputer,0.07529949466737072,0.07480119873480176,LogisticRegression,11123.602150678635,0.09912800788879395
595,42636,class_non_simple_,MNAR_,0.5_,2/,0,0.0,0.9866532862839935,0.9452666852834404,0.9242555648246114,0.19412605907038058,0.9346212429449261,0.9901205936920222,0.9486607142857143,0.9324675324675324,0.1507263785526578,0.9392911010558069,0.931206516697588,0.8671875,0.8303571428571428,0.30496654227947434,0.8404135740660084,XGBClassifier,376.1661796569824,0.08748698234558105,0.9379912276622213,0.891371125383971,0.8603763486960667,0.2857201635645531,0.8699270597122446,0.9864042207792207,0.9386160714285714,0.9290584415584415,0.1759467946257826,0.9286408308246126,0.9337836270871984,0.8928571428571429,0.8587662337662338,0.30035081816675985,0.870830555205161,IterativeImputer,0.08343254604684971,0.08026589718617308,LogisticRegression,10027.498242616653,0.10695004463195801
596,42636,class_non_simple_,MNAR_,0.01_,3/,0,0.0,1.0,1.0,1.0,0.008972709068951411,1.0,0.9991767161410018,0.984375,0.9808441558441559,0.03789471730194689,0.9817825877322923,0.9987012987012986,0.9799107142857143,0.9756493506493507,0.0465438305609504,0.9765776127986616,LGBMClassifier,348.7020456790924,0.026172161102294922,0.9981756996360845,0.9930187098575817,0.9900328381332186,0.05583750547666189,0.9918380032596932,0.9998782467532467,0.9910714285714286,0.9857142857142858,0.04632488259232224,0.9895278167367929,0.9990027829313544,0.9877232142857143,0.9813311688311688,0.05420110990494637,0.9855862390701252,KNNImputer,0.08007381528174203,0.07033832426159954,LogisticRegression,9287.72941327095,0.14864611625671387
597,42636,class_non_simple_,MNAR_,0.1_,3/,0,0.0,1.0,1.0,1.0,0.013202642754207463,1.0,0.9976345083487941,0.9765625,0.9722402597402597,0.06200706808735795,0.9727006428754859,0.9934195269016699,0.9609375,0.9482142857142857,0.10584187540697995,0.9539510877146612,LGBMClassifier,355.785680770874,0.028258085250854492,0.9921723308025904,0.9768221167271712,0.9696986652559616,0.10628116227560153,0.9728208155227588,0.9992115027829314,0.984375,0.9798701298701299,0.06384717471374277,0.9817466415217341,0.9918193413729127,0.96875,0.9597402597402598,0.10775776912844659,0.9633473585787751,IterativeImputer,0.06597136764198341,0.06792540850603739,LogisticRegression,9214.462743759155,0.09647965431213379
598,42636,class_non_simple_,MNAR_,0.3_,3/,0,0.0,0.9978032822146519,0.9782183747556549,0.9729156251090002,0.10779137366864606,0.9745408905465562,0.9951530612244898,0.9665178571428571,0.9581168831168831,0.11177189945070519,0.9608078710858903,0.9692602040816327,0.9174107142857143,0.8922077922077922,0.21358399724874452,0.9015115505276167,RandomForestClassifier,784.8835415840149,0.06615519523620605,0.9739271471590182,0.9338173694498744,0.9171592871094886,0.19239385644197207,0.9219970910795403,0.9980809369202227,0.9821428571428571,0.9782467532467533,0.10166608532008567,0.979180100265477,0.9728722170686456,0.9363839285714286,0.9147727272727273,0.19188316627422602,0.9242182109550624,IterativeImputer,0.07219871306007068,0.07111326084744221,LogisticRegression,8808.466815710068,0.10570263862609863
599,42636,class_non_simple_,MNAR_,0.5_,3/,0,0.0,0.9934643467544094,0.9555989946942195,0.9359236751386483,0.16973697583869146,0.9469202395445375,0.9763334879406307,0.9441964285714286,0.9233766233766234,0.15905749863411173,0.9334537503564977,0.925936340445269,0.8727678571428571,0.8295454545454546,0.3083931456669659,0.8445041193986227,LGBMClassifier,351.6787269115448,0.03930187225341797,0.9361047971723889,0.8972354091036023,0.8651271233243032,0.2937187962177086,0.8763749892117241,0.9957154452690167,0.9665178571428571,0.9551948051948052,0.15834571677862044,0.9605698594127725,0.949310064935065,0.9029017857142857,0.8699675324675324,0.27092770293012636,0.8828097868981847,IterativeImputer,0.08201607737015829,0.0794410483661192,LogisticRegression,11758.7907269001,0.11288166046142578
